customer_id,customer_name,email,age,gender,city,state,signup_date,income,purchase_count,total_spent,satisfaction_score,email_valido,signup_date_year,signup_date_month,signup_date_quarter,signup_date_weekday,customer_segment
CUST001040,Maria Vitória Santos,maria.vitoria.santos@mail.com,26.0,feminino,Caruaru,PE,2021-01-25,3481.0,7,1870.0,4.9,True,2021,1,1,Monday,Medium Value
CUST000492,Marina Camargo,marina.camargo@correio.net,18.0,feminino,Campinas,SP,2021-02-10,2585.0,5,1546.0,4.7,True,2021,2,1,Wednesday,Medium Value
CUST004279,Allana Novaes,allana.novaes@webmail.com,38.0,feminino,Juazeiro do Norte,CE,2021-02-15,5098.0,8,3332.0,4.1,True,2021,2,1,Monday,High Value
CUST003069,Bernardo Da Rosa,bernardo.da.rosa@email.com,18.0,masculino,Ribeirão Preto,SP,2021-02-18,3963.0,11,2496.0,5.0,True,2021,2,1,Thursday,High Value
CUST003410,Francisco Santos,francisco.santos@webmail.com,33.0,masculino,Várzea Grande,MT,2021-02-25,2610.0,7,990.0,3.9,True,2021,2,1,Thursday,Low Value
CUST000931,Isabel Barbosa,isabel.barbosa@email.com,38.0,feminino,Rio Verde,GO,2021-02-25,900.0,5,366.0,4.2,True,2021,2,1,Thursday,Low Value
CUST001554,Ana Cecília Lima,ana.cecilia.lima@mail.com,38.0,feminino,Várzea Grande,MT,2021-02-28,2718.0,9,2282.0,4.8,True,2021,2,1,Sunday,High Value
CUST001937,Henry Pereira,henry.pereira@provedor.com.br,59.0,masculino,Juazeiro do Norte,CE,2021-02-28,5032.0,11,2971.0,2.3,True,2021,2,1,Sunday,High Value
CUST002448,Nicolas Cunha,nicolas.cunha@mail.com,18.0,masculino,Sorocaba,SP,2021-03-02,3744.0,11,2756.0,4.4,True,2021,3,1,Tuesday,High Value
CUST002216,Srta. Liz Nascimento,srta..liz.nascimento@email.com,21.0,feminino,Juazeiro do Norte,CE,2021-03-13,2179.0,8,1760.0,4.3,True,2021,3,1,Saturday,Medium Value
CUST003493,Matteo Barbosa,matteo.barbosa@provedor.com.br,18.0,masculino,Uberlândia,MG,2021-03-13,3313.0,5,1225.0,4.9,True,2021,3,1,Saturday,Low Value
CUST002882,Rodrigo Rezende,rodrigo.rezende@webmail.com,32.0,masculino,Maringá,PR,2021-03-17,2495.0,5,1250.0,3.3,True,2021,3,1,Wednesday,Low Value
CUST002879,Davi Lucas Carvalho,davi.lucas.carvalho@email.com,41.0,masculino,Rio Verde,GO,2021-03-18,2666.0,6,1000.0,4.2,True,2021,3,1,Thursday,Low Value
CUST003695,Eduarda Oliveira,eduarda.oliveira@correio.net,18.0,feminino,Duque de Caxias,RJ,2021-03-18,3571.0,9,946.0,3.4,True,2021,3,1,Thursday,Low Value
CUST004239,Sra. Heloisa Costa,sra..heloisa.costa@provedor.com.br,41.0,feminino,Sorocaba,SP,2021-03-18,2220.0,8,1923.0,4.7,True,2021,3,1,Thursday,Medium Value
CUST004859,Theodoro Dias,theodoro.dias@mail.com,34.0,masculino,Brasília,DF,2021-03-18,3430.0,5,346.0,4.0,True,2021,3,1,Thursday,Low Value
CUST003175,Felipe Da Luz,felipe.da.luz@email.com,29.0,outro,Porto Alegre,RS,2021-03-19,2114.0,8,1697.0,2.3,True,2021,3,1,Friday,Medium Value
CUST002153,Stephany Da Rosa,stephany.da.rosa@email.com,39.0,feminino,Ribeirão Preto,SP,2021-03-20,1032.0,6,1886.0,3.7,True,2021,3,1,Saturday,Medium Value
CUST003529,Fernando Peixoto,fernando.peixoto@correio.net,30.0,masculino,Uberlândia,MG,2021-03-20,3129.0,8,1641.0,5.0,True,2021,3,1,Saturday,Medium Value
CUST004630,Nina Nunes,nina.nunes@correio.net,32.0,feminino,Sobral,CE,2021-03-29,2133.0,3,801.0,4.0,True,2021,3,1,Monday,Low Value
CUST003530,Sr. André Novais,sr..andre.novais@mail.com,48.0,masculino,Maringá,PR,2021-03-30,5037.0,20,3756.0,3.8,True,2021,3,1,Tuesday,High Value
CUST004935,Enrico Duarte,enrico.duarte@mail.com,50.0,masculino,Sobral,CE,2021-03-31,8129.0,4,1301.0,3.5,True,2021,3,1,Wednesday,Medium Value
CUST003874,Ana Luiza Dias,ana.luiza.dias@provedor.com.br,37.0,feminino,Caxias do Sul,RS,2021-04-01,1920.0,2,750.0,3.8,True,2021,4,2,Thursday,Low Value
CUST002524,Vitor Gabriel Machado,vitor.gabriel.machado@webmail.com,47.0,outro,Salvador,BA,2021-04-01,4024.0,7,1941.0,5.0,True,2021,4,2,Thursday,Medium Value
CUST002614,João Pedro Novais,joao.pedro.novais@provedor.com.br,61.0,masculino,São Paulo,SP,2021-04-01,4662.0,6,1602.0,4.5,True,2021,4,2,Thursday,Medium Value
CUST003872,Sr. Miguel Vargas,sr..miguel.vargas@email.com,38.0,masculino,Olinda,PE,2021-04-04,2078.0,3,482.0,4.8,True,2021,4,2,Sunday,Low Value
CUST002705,Noah Da Mata,noah.da.mata@provedor.com.br,51.0,masculino,São Paulo,SP,2021-04-05,3313.5,6,2223.0,3.6,True,2021,4,2,Monday,High Value
CUST000965,Maria Helena Farias,maria.helena.farias@correio.net,35.0,feminino,Joinville,SC,2021-04-07,4444.0,4,1040.0,4.9,True,2021,4,2,Wednesday,Low Value
CUST004879,Sra. Emanuelly Aparecida,sra..emanuelly.aparecida@mail.com,39.0,feminino,Rio de Janeiro,RJ,2021-04-09,3862.0,7,1290.0,4.0,True,2021,4,2,Friday,Low Value
CUST001778,Maria Fernanda Pinto,maria.fernanda.pinto@email.com,42.0,feminino,Várzea Grande,MT,2021-04-15,3470.0,8,1640.0,3.4,True,2021,4,2,Thursday,Medium Value
CUST002683,Julia Aragão,julia.aragao@provedor.com.br,55.0,feminino,Juiz de Fora,MG,2021-04-17,4927.0,11,3443.0,3.3,True,2021,4,2,Saturday,High Value
CUST002336,Dr. Cauê Casa Grande,dr..caue.casa.grande@mail.com,37.0,masculino,Brasília,DF,2021-04-19,4493.0,9,2197.0,2.6,True,2021,4,2,Monday,High Value
CUST004885,Rhavi Martins,rhavi.martins@webmail.com,55.0,masculino,Florianópolis,SC,2021-04-21,3526.0,8,2124.0,3.9,True,2021,4,2,Wednesday,High Value
CUST002361,Gael Alves,gael.alves@mail.com,18.0,masculino,Vitória da Conquista,BA,2021-04-22,900.0,5,980.0,5.0,True,2021,4,2,Thursday,Low Value
CUST000207,Luiz Gustavo Da Rosa,luiz.gustavo.da.rosa@email.com,29.0,masculino,Porto Alegre,RS,2021-04-22,1704.0,6,1209.0,5.0,True,2021,4,2,Thursday,Low Value
CUST001210,Camila Aparecida,camila.aparecida@provedor.com.br,49.0,feminino,Brasília,DF,2021-04-25,2473.0,8,1984.0,3.9,True,2021,4,2,Sunday,Medium Value
CUST002238,Sra. Aurora Pacheco,sra..aurora.pacheco@correio.net,22.0,feminino,unknown,SP,2021-04-25,1931.0,9,2019.0,4.6,True,2021,4,2,Sunday,Medium Value
CUST004422,Giovanna Lopes,giovanna.lopes@correio.net,49.0,feminino,Juiz de Fora,MG,2021-04-29,3313.0,6,1631.0,3.9,True,2021,4,2,Thursday,Medium Value
CUST002251,Catarina Albuquerque,catarina.albuquerque@webmail.com,48.0,feminino,Duque de Caxias,RJ,2021-04-29,2221.0,5,1267.0,4.3,True,2021,4,2,Thursday,Low Value
CUST004095,Gustavo Ferreira,gustavo.ferreira@email.com,60.0,masculino,unknown,RS,2021-05-01,5650.0,8,2112.0,4.3,True,2021,5,2,Saturday,High Value
CUST005032,Srta. Liz Nascimento,srta..liz.nascimento@email.com,20.0,feminino,Juazeiro do Norte,CE,2021-05-01,2176.0,6,1842.0,4.4,True,2021,5,2,Saturday,Medium Value
CUST004946,Aurora Macedo,aurora.macedo@provedor.com.br,20.0,feminino,Brasília,DF,2021-05-02,3430.0,8,1918.0,4.4,True,2021,5,2,Sunday,Medium Value
CUST002383,Emanuella Farias,emanuella.farias@provedor.com.br,56.0,feminino,Rio de Janeiro,RJ,2021-05-02,4828.0,12,2961.0,3.5,True,2021,5,2,Sunday,High Value
CUST002363,Ágatha Ramos,agatha.ramos@correio.net,59.0,feminino,Maringá,PR,2021-05-03,3358.0,7,1637.0,2.5,True,2021,5,2,Monday,Medium Value
CUST001322,Anthony Gabriel Viana,anthony.gabriel.viana@provedor.com.br,29.0,masculino,unknown,SP,2021-05-03,3273.0,6,1250.0,4.2,True,2021,5,2,Monday,Low Value
CUST002386,Sra. Eloah Macedo,sra..eloah.macedo@provedor.com.br,25.0,feminino,Rio de Janeiro,RJ,2021-05-04,3357.5,9,2395.0,3.3,True,2021,5,2,Tuesday,High Value
CUST005004,Gael Alves,gael.alves@webmail.com,18.0,masculino,Vitória da Conquista,BA,2021-05-06,877.0,4,1028.0,4.9,True,2021,5,2,Thursday,Low Value
CUST001532,Dra. Laura Lima,dra..laura.lima@email.com,47.0,feminino,Rio Verde,GO,2021-05-09,3400.0,7,1749.0,4.3,True,2021,5,2,Sunday,Medium Value
CUST000400,Theodoro Da Mata,theodoro.da.mata@mail.com,35.0,masculino,Blumenau,SC,2021-05-11,1711.0,6,1861.0,4.6,True,2021,5,2,Tuesday,Medium Value
CUST001668,Sarah Carvalho,sarah.carvalho@webmail.com,25.0,feminino,Campinas,SP,2021-05-11,3812.0,11,2100.0,4.0,True,2021,5,2,Tuesday,High Value
CUST003546,Cecília Da Rosa,cecilia.da.rosa@provedor.com.br,47.0,feminino,Serra,ES,2021-05-13,5614.0,6,1971.0,3.3,True,2021,5,2,Thursday,Medium Value
CUST001811,Joana Fonseca,joana.fonseca@correio.net,38.0,feminino,Feira de Santana,BA,2021-05-19,4087.0,6,2235.0,3.0,True,2021,5,2,Wednesday,High Value
CUST004887,Liam Vieira,liam.vieira@email.com,38.0,masculino,Pelotas,RS,2021-05-19,6345.0,14,4537.0,4.9,True,2021,5,2,Wednesday,High Value
CUST000774,Dra. Ana Carolina Cavalcanti,dra..ana.carolina.cavalcanti@email.com,38.0,feminino,Curitiba,PR,2021-05-20,1478.0,8,1060.0,3.7,True,2021,5,2,Thursday,Low Value
CUST004202,Léo Rios,leo.rios@webmail.com,25.0,masculino,Juiz de Fora,MG,2021-05-21,900.0,7,828.0,4.3,True,2021,5,2,Friday,Low Value
CUST003241,Maitê Câmara,maite.camara@mail.com,18.0,feminino,Goiânia,GO,2021-05-23,3400.0,8,166818.0,3.1,True,2021,5,2,Sunday,High Value
CUST004510,Luana Viana,luana.viana@webmail.com,29.0,feminino,Serra,ES,2021-05-24,3124.0,8,1851.0,4.0,True,2021,5,2,Monday,Medium Value
CUST004779,Luiz Felipe Barros,luiz.felipe.barros@webmail.com,46.0,masculino,Niterói,RJ,2021-05-25,3126.0,9,2088.0,5.0,True,2021,5,2,Tuesday,High Value
CUST002946,Maria Cecília Alves,maria.cecilia.alves@mail.com,74.0,feminino,Sorocaba,SP,2021-05-26,3572.0,6,1802.0,3.2,True,2021,5,2,Wednesday,Medium Value
CUST001968,Raul Fogaça,raul.fogaca@provedor.com.br,29.0,masculino,Porto Alegre,RS,2021-05-28,4755.0,5,926.0,4.0,True,2021,5,2,Friday,Low Value
CUST000455,Thiago Pereira,thiago.pereira@email.com,22.0,masculino,Sorocaba,SP,2021-05-28,2940.0,12,2790.0,4.5,True,2021,5,2,Friday,High Value
CUST001530,Luiz Gustavo Novais,luiz.gustavo.novais@correio.net,34.0,masculino,Vitória da Conquista,BA,2021-05-31,2424.0,5,741.0,4.0,True,2021,5,2,Monday,Low Value
CUST001427,Ana Carolina Garcia,ana.carolina.garcia@provedor.com.br,44.0,outro,Maringá,PR,2021-06-01,3778.0,7,1507.0,4.7,True,2021,6,2,Tuesday,Medium Value
CUST001834,Amanda Vargas,amanda.vargas@provedor.com.br,31.0,feminino,Ribeirão Preto,SP,2021-06-01,5236.0,6,1367.0,5.0,True,2021,6,2,Tuesday,Medium Value
CUST004399,Davi Lucas Andrade,davi.lucas.andrade@correio.net,29.0,masculino,Caxias do Sul,RS,2021-06-05,3377.0,8,1682.0,3.3,True,2021,6,2,Saturday,Medium Value
CUST003007,Samuel Abreu,samuel.abreu@provedor.com.br,50.0,masculino,Contagem,MG,2021-06-08,2750.0,3,790.0,4.1,True,2021,6,2,Tuesday,Low Value
CUST001765,Caleb Guerra,caleb.guerra@email.com,68.0,masculino,Porto Alegre,RS,2021-06-08,6586.0,6,1661.0,4.6,True,2021,6,2,Tuesday,Medium Value
CUST002020,Enzo Gabriel Araújo,enzo.gabriel.araujo@provedor.com.br,46.0,masculino,Salvador,BA,2021-06-10,3896.0,4,1387.0,4.6,True,2021,6,2,Thursday,Medium Value
CUST003938,Valentim Sousa,valentim.sousa@correio.net,52.0,masculino,Ananindeua,PA,2021-06-14,2881.0,8,1761.0,3.6,True,2021,6,2,Monday,Medium Value
CUST000146,Olivia Câmara,olivia.camara@webmail.com,53.0,feminino,Recife,PE,2021-06-15,1885.0,6,894.0,4.1,True,2021,6,2,Tuesday,Low Value
CUST003840,Vicente Vargas,vicente.vargas@provedor.com.br,36.0,masculino,Rio de Janeiro,RJ,2021-06-15,3747.0,4,800.0,4.5,True,2021,6,2,Tuesday,Low Value
CUST002364,Theo Nascimento,theo.nascimento@webmail.com,47.0,masculino,Juazeiro do Norte,CE,2021-06-17,5156.0,5,1354.0,3.2,True,2021,6,2,Thursday,Medium Value
CUST003260,Maria Júlia Castro,maria.julia.castro@provedor.com.br,38.0,feminino,Brasília,DF,2021-06-17,2069.0,8,1378.0,2.9,True,2021,6,2,Thursday,Medium Value
CUST002035,Dr. Luiz Gustavo Pires,dr..luiz.gustavo.pires@webmail.com,42.0,masculino,Sorocaba,SP,2021-06-17,3763.0,5,1222.0,5.0,True,2021,6,2,Thursday,Low Value
CUST002155,Antony Costela,antony.costela@mail.com,47.0,masculino,Petrópolis,RJ,2021-06-19,1964.0,2,303.0,4.2,True,2021,6,2,Saturday,Low Value
CUST003217,Sarah Moraes,sarah.moraes@mail.com,52.0,feminino,Várzea Grande,MT,2021-06-20,2144.0,8,1944.0,4.8,True,2021,6,2,Sunday,Medium Value
CUST003310,Guilherme Da Cruz,guilherme.da.cruz@mail.com,38.0,masculino,Recife,PE,2021-06-20,3367.0,7,2634.0,3.5,True,2021,6,2,Sunday,High Value
CUST002258,Yuri Machado,yuri.machado@webmail.com,61.0,masculino,Pelotas,RS,2021-06-21,6839.0,8,1893.0,4.4,True,2021,6,2,Monday,Medium Value
CUST003487,Benjamim Vasconcelos,benjamim.vasconcelos@email.com,35.0,masculino,Recife,PE,2021-06-21,4706.0,9,3160.0,3.2,True,2021,6,2,Monday,High Value
CUST001833,Olívia Novaes,olivia.novaes@correio.net,38.0,feminino,Joinville,SC,2021-06-22,3527.0,7,1976.0,3.7,True,2021,6,2,Tuesday,Medium Value
CUST001214,Paulo Cavalcanti,paulo.cavalcanti@email.com,28.0,masculino,Duque de Caxias,RJ,2021-06-22,5023.0,8,2528.0,5.0,True,2021,6,2,Tuesday,High Value
CUST002457,Sra. Vitória Andrade,sra..vitoria.andrade@correio.net,53.0,feminino,Vitória da Conquista,BA,2021-06-24,2636.0,7,1798.0,3.3,True,2021,6,2,Thursday,Medium Value
CUST002401,Calebe Pinto,calebe.pinto@email.com,48.0,masculino,Juazeiro do Norte,CE,2021-06-24,4460.0,4,1061.0,4.4,True,2021,6,2,Thursday,Low Value
CUST003445,Juan Pereira,juan.pereira@provedor.com.br,57.0,masculino,Rio de Janeiro,RJ,2021-06-25,2923.0,10,2701.0,3.9,True,2021,6,2,Friday,High Value
CUST003314,Ana Luiza Câmara,ana.luiza.camara@provedor.com.br,18.0,feminino,unknown,GO,2021-06-26,3400.0,3,762.0,4.0,True,2021,6,2,Saturday,Low Value
CUST002465,Emanuella Ramos,emanuella.ramos@email.com,38.0,feminino,Sorocaba,SP,2021-06-27,1477.0,3,641.0,3.7,True,2021,6,2,Sunday,Low Value
CUST001672,Emanuel Fonseca,emanuel.fonseca@mail.com,31.0,outro,Ananindeua,PA,2021-06-29,2197.0,14,4033.0,5.0,True,2021,6,2,Tuesday,High Value
CUST001088,Maria Fernanda Rios,maria.fernanda.rios@correio.net,49.0,feminino,Rio Verde,GO,2021-06-30,2683.0,7,1294.0,3.5,True,2021,6,2,Wednesday,Low Value
CUST001463,Danilo Guerra,danilo.guerra@correio.net,18.0,masculino,Maringá,PR,2021-07-03,7113.0,3,694.0,4.3,True,2021,7,3,Saturday,Low Value
CUST002410,José Farias,jose.farias@mail.com,28.0,masculino,Recife,PE,2021-07-03,2603.0,7,1656.0,3.3,True,2021,7,3,Saturday,Medium Value
CUST000618,Esther Da Paz,esther.da.paz@correio.net,18.0,feminino,Salvador,BA,2021-07-06,5478.0,8,2373.0,2.7,True,2021,7,3,Tuesday,High Value
CUST000192,Emanuel Souza,emanuel.souza@webmail.com,51.0,masculino,Rio de Janeiro,RJ,2021-07-09,4048.0,8,1673.0,5.0,True,2021,7,3,Friday,Medium Value
CUST000016,Sra. Zoe Campos,sra..zoe.campos@correio.net,34.0,feminino,Goiânia,GO,2021-07-09,11105.0,5,1943.0,4.6,True,2021,7,3,Friday,Medium Value
CUST002726,Luísa Pacheco,luisa.pacheco@mail.com,51.0,feminino,Brasília,DF,2021-07-12,3286.0,5,1370.0,4.8,True,2021,7,3,Monday,Medium Value
CUST003072,Lara Lopes,lara.lopes@webmail.com,48.0,feminino,Vitória da Conquista,BA,2021-07-13,2453.0,11,2980.0,5.0,True,2021,7,3,Tuesday,High Value
CUST003087,Léo Correia,leo.correia@provedor.com.br,33.0,masculino,unknown,PA,2021-07-13,3509.0,3,849.0,2.6,True,2021,7,3,Tuesday,Low Value
CUST002933,Sara Siqueira,sara.siqueira@provedor.com.br,34.0,feminino,Juiz de Fora,MG,2021-07-14,2112.0,7,1729.0,4.0,True,2021,7,3,Wednesday,Medium Value
CUST001775,Bárbara Barros,barbara.barros@email.com,38.0,feminino,unknown,RS,2021-07-14,1307.0,5,1161.0,3.8,True,2021,7,3,Wednesday,Low Value
CUST004853,Lavínia Gomes,lavinia.gomes@email.com,36.0,feminino,Campinas,SP,2021-07-17,5324.0,7,1999.0,4.6,True,2021,7,3,Saturday,Medium Value
CUST001397,Ana Júlia Cassiano,ana.julia.cassiano@webmail.com,48.0,outro,Porto Alegre,RS,2021-07-18,2417.0,8,1849.0,5.0,True,2021,7,3,Sunday,Medium Value
CUST000354,Dr. Mateus Gomes,dr..mateus.gomes@webmail.com,44.0,masculino,Pelotas,RS,2021-07-21,6611.0,3,1144.0,4.0,True,2021,7,3,Wednesday,Low Value
CUST000169,Erick Pimenta,erick.pimenta@mail.com,47.0,masculino,Recife,PE,2021-07-22,4776.0,5,1271.0,3.5,True,2021,7,3,Thursday,Low Value
CUST002919,Ana Luiza Fernandes,ana.luiza.fernandes@mail.com,31.0,feminino,Contagem,MG,2021-07-25,3861.0,6,1374.0,3.7,True,2021,7,3,Sunday,Medium Value
CUST000857,Marcos Vinicius Cirino,marcos.vinicius.cirino@mail.com,55.0,masculino,Vila Velha,ES,2021-07-27,1690.0,4,619.0,1.4,True,2021,7,3,Tuesday,Low Value
CUST001123,Anthony Gabriel Da Luz,anthony.gabriel.da.luz@mail.com,36.0,masculino,Caxias do Sul,RS,2021-07-27,2503.0,6,925.0,3.9,True,2021,7,3,Tuesday,Low Value
CUST003537,Enzo Gabriel Lima,enzo.gabriel.lima@correio.net,29.0,masculino,Florianópolis,SC,2021-07-27,260164.0,7,2832.0,4.6,True,2021,7,3,Tuesday,High Value
CUST001509,Sr. Oliver Aparecida,sr..oliver.aparecida@provedor.com.br,25.0,outro,Vitória da Conquista,BA,2021-07-28,2053.0,8,1285.0,5.0,True,2021,7,3,Wednesday,Low Value
CUST000642,Rael Freitas,rael.freitas@mail.com,63.0,masculino,unknown,RJ,2021-07-28,2630.0,10,1461.0,4.8,True,2021,7,3,Wednesday,Medium Value
CUST002956,Sra. Manuella Albuquerque,sra..manuella.albuquerque@mail.com,27.0,feminino,Belém,PA,2021-07-31,5677.0,7,1740.0,3.8,True,2021,7,3,Saturday,Medium Value
CUST000847,Luiza Oliveira,luiza.oliveira@correio.net,35.0,feminino,Duque de Caxias,RJ,2021-07-31,3357.5,11,3955.0,3.8,True,2021,7,3,Saturday,High Value
CUST001893,Rafaela Porto,rafaela.porto@correio.net,18.0,feminino,Sobral,CE,2021-08-03,2551.0,9,1424.0,4.7,True,2021,8,3,Tuesday,Medium Value
CUST001114,Dr. Juan Ramos,dr..juan.ramos@provedor.com.br,53.0,masculino,unknown,MG,2021-08-06,2560.0,6,1199.0,3.3,True,2021,8,3,Friday,Low Value
CUST000657,Emanuel Silva,emanuel.silva@webmail.com,18.0,masculino,Juiz de Fora,MG,2021-08-06,2872.0,16,3122.0,2.9,True,2021,8,3,Friday,High Value
CUST000543,Ana Júlia Vieira,ana.julia.vieira@mail.com,37.0,feminino,Juiz de Fora,MG,2021-08-07,3320.0,9,230327.0,4.0,True,2021,8,3,Saturday,High Value
CUST002412,Benjamim Nascimento,benjamim.nascimento@correio.net,32.0,masculino,Sorocaba,SP,2021-08-07,2664.0,9,1609.0,3.5,True,2021,8,3,Saturday,Medium Value
CUST004028,Kamilly Dias,kamilly.dias@email.com,18.0,feminino,Porto Alegre,RS,2021-08-07,900.0,7,1661.0,4.0,True,2021,8,3,Saturday,Medium Value
CUST004763,Giovanna Almeida,giovanna.almeida@email.com,38.0,outro,São Paulo,SP,2021-08-10,2477.0,7,1267.0,3.4,True,2021,8,3,Tuesday,Low Value
CUST002639,Luan Cassiano,luan.cassiano@email.com,50.0,masculino,unknown,BA,2021-08-10,7056.0,7,2130.0,4.0,True,2021,8,3,Tuesday,High Value
CUST004713,Bryan Ferreira,bryan.ferreira@mail.com,35.0,masculino,Petrópolis,RJ,2021-08-10,4389.0,7,2062.0,3.9,True,2021,8,3,Tuesday,High Value
CUST000405,Ayla Vieira,ayla.vieira@webmail.com,38.0,feminino,Manaus,AM,2021-08-10,1811.0,8,898.0,4.2,True,2021,8,3,Tuesday,Low Value
CUST004223,Luiz Fernando Pacheco,luiz.fernando.pacheco@provedor.com.br,32.0,masculino,Juiz de Fora,MG,2021-08-10,3186.0,7,1311.0,4.0,True,2021,8,3,Tuesday,Medium Value
CUST004926,Davi Miguel Marques,davi.miguel.marques@correio.net,44.0,masculino,unknown,PE,2021-08-11,3124.0,3,735.0,5.0,True,2021,8,3,Wednesday,Low Value
CUST000970,João Vitor Sousa,joao.vitor.sousa@webmail.com,32.0,masculino,Curitiba,PR,2021-08-14,1143.0,7,1886.0,3.9,True,2021,8,3,Saturday,Medium Value
CUST002490,Dr. Luigi Rezende,dr..luigi.rezende@mail.com,50.0,outro,Feira de Santana,BA,2021-08-15,3176.0,6,1418.0,2.5,True,2021,8,3,Sunday,Medium Value
CUST001254,Pedro Henrique Vieira,pedro.henrique.vieira@webmail.com,23.0,masculino,Campinas,SP,2021-08-16,1469.0,9,1319.0,4.0,True,2021,8,3,Monday,Medium Value
CUST000531,Thiago Gomes,thiago.gomes@mail.com,28.0,masculino,Sorocaba,SP,2021-08-16,2562.0,5,1062.0,4.0,True,2021,8,3,Monday,Low Value
CUST001337,Carlos Eduardo Da Conceição,carlos.eduardo.da.conceicao@webmail.com,42.0,masculino,São Paulo,SP,2021-08-17,3254.0,10,3222.0,4.9,True,2021,8,3,Tuesday,High Value
CUST002463,Maria Isis Fonseca,maria.isis.fonseca@provedor.com.br,18.0,feminino,Maringá,PR,2021-08-18,5215.0,4,1443.0,2.7,True,2021,8,3,Wednesday,Medium Value
CUST003125,Marcos Vinicius Dias,marcos.vinicius.dias@email.com,55.0,outro,Juiz de Fora,MG,2021-08-18,2564.0,6,1248.0,3.9,True,2021,8,3,Wednesday,Low Value
CUST002753,Mariah Pereira,mariah.pereira@webmail.com,20.0,feminino,Salvador,BA,2021-08-18,2127.0,4,716.0,5.0,True,2021,8,3,Wednesday,Low Value
CUST004097,Aylla Cirino,aylla.cirino@webmail.com,41.0,feminino,Maringá,PR,2021-08-19,2149.0,12,2933.0,4.0,True,2021,8,3,Thursday,High Value
CUST002889,Milena Pacheco,milena.pacheco@webmail.com,44.0,feminino,Juiz de Fora,MG,2021-08-19,1590.0,12,3462.0,3.3,True,2021,8,3,Thursday,High Value
CUST002323,Srta. Bárbara Borges,srta..barbara.borges@webmail.com,42.0,feminino,Porto Alegre,RS,2021-08-20,2169.0,12,3657.0,4.6,True,2021,8,3,Friday,High Value
CUST001684,Antony Silveira,antony.silveira@correio.net,25.0,masculino,Goiânia,GO,2021-08-20,1735.0,4,1043.0,4.4,True,2021,8,3,Friday,Low Value
CUST004674,Paulo Vasconcelos,paulo.vasconcelos@email.com,29.0,masculino,Rio Verde,GO,2021-08-23,2469.0,9,1625.0,5.0,True,2021,8,3,Monday,Medium Value
CUST002989,Valentim Vasconcelos,valentim.vasconcelos@webmail.com,24.0,masculino,Contagem,MG,2021-08-23,1251.0,13,2591.0,4.0,True,2021,8,3,Monday,High Value
CUST000611,Sra. Pietra Pires,sra..pietra.pires@provedor.com.br,34.0,feminino,Campinas,SP,2021-08-25,6300.0,7,2184.0,2.3,True,2021,8,3,Wednesday,High Value
CUST003137,Luísa Pastor,luisa.pastor@email.com,18.0,feminino,Joinville,SC,2021-08-25,1238.0,5,361.0,4.2,True,2021,8,3,Wednesday,Low Value
CUST001885,Sr. Matheus Vargas,sr..matheus.vargas@webmail.com,42.0,masculino,Juazeiro do Norte,CE,2021-08-26,4927.0,3,691.0,4.6,True,2021,8,3,Thursday,Low Value
CUST001524,Dra. Luara Silva,dra..luara.silva@provedor.com.br,45.0,feminino,unknown,MT,2021-08-27,1856.0,6,1366.0,4.0,True,2021,8,3,Friday,Medium Value
CUST003398,Otávio Cavalcante,otavio.cavalcante@provedor.com.br,18.0,masculino,Salvador,BA,2021-08-28,1635.0,4,773.0,3.6,True,2021,8,3,Saturday,Low Value
CUST003513,Dr. Caio Vasconcelos,dr..caio.vasconcelos@webmail.com,19.0,masculino,Duque de Caxias,RJ,2021-08-29,5693.0,6,1475.0,1.0,True,2021,8,3,Sunday,Medium Value
CUST004602,André Pastor,andre.pastor@mail.com,24.0,masculino,Anápolis,GO,2021-08-31,7607.0,7,1905.0,4.0,True,2021,8,3,Tuesday,Medium Value
CUST003672,Vitória Pereira,vitoria.pereira@webmail.com,39.0,feminino,Vitória,ES,2021-08-31,3351.0,7,1935.0,5.0,True,2021,8,3,Tuesday,Medium Value
CUST002005,Maysa Aparecida,maysa.aparecida@mail.com,39.0,feminino,Parintins,AM,2021-09-01,2636.0,5,193223.0,3.5,True,2021,9,3,Wednesday,High Value
CUST000054,Vitor Hugo Vasconcelos,vitor.hugo.vasconcelos@provedor.com.br,18.0,masculino,Florianópolis,SC,2021-09-01,4884.0,7,1477.0,5.0,True,2021,9,3,Wednesday,Medium Value
CUST000306,Nathan Da Mata,nathan.da.mata@mail.com,30.0,masculino,Contagem,MG,2021-09-01,2194.0,9,2715.0,3.1,True,2021,9,3,Wednesday,High Value
CUST002007,Daniela Sá,daniela.sa@correio.net,38.0,feminino,Uberlândia,MG,2021-09-02,4133.0,5,1626.0,4.2,True,2021,9,3,Thursday,Medium Value
CUST000681,Srta. Daniela Cavalcante,srta..daniela.cavalcante@email.com,31.0,feminino,Londrina,PR,2021-09-02,3629.0,8,2050.0,4.0,True,2021,9,3,Thursday,High Value
CUST003897,Dra. Clara Duarte,dra..clara.duarte@email.com,25.0,feminino,unknown,RS,2021-09-04,5266.0,8,2294.0,5.0,True,2021,9,3,Saturday,High Value
CUST003548,Helena Pastor,helena.pastor@webmail.com,18.0,feminino,Fortaleza,CE,2021-09-05,1633.0,6,1493.0,4.2,True,2021,9,3,Sunday,Medium Value
CUST002244,Matteo Pires,matteo.pires@correio.net,48.0,masculino,Niterói,RJ,2021-09-06,7244.0,8,2686.0,3.4,True,2021,9,3,Monday,High Value
CUST004176,Raul Aragão,raul.aragao@email.com,30.0,masculino,Ribeirão Preto,SP,2021-09-07,2679.0,1,185.0,4.1,True,2021,9,3,Tuesday,Low Value
CUST001627,Eloá Abreu,eloa.abreu@mail.com,52.0,feminino,Belo Horizonte,MG,2021-09-08,3220.0,7,2239.0,5.0,True,2021,9,3,Wednesday,High Value
CUST002265,Rodrigo Santos,rodrigo.santos@mail.com,19.0,masculino,Juazeiro do Norte,CE,2021-09-09,3831.0,15,4920.0,3.9,True,2021,9,3,Thursday,High Value
CUST001270,Bianca Silveira,bianca.silveira@correio.net,41.0,feminino,Brasília,DF,2021-09-10,2250.0,9,2534.0,3.6,True,2021,9,3,Friday,High Value
CUST004074,Rael Fogaça,rael.fogaca@correio.net,38.0,masculino,Fortaleza,CE,2021-09-11,3464.0,9,2917.0,4.1,True,2021,9,3,Saturday,High Value
CUST001102,Anthony Pimenta,anthony.pimenta@webmail.com,44.0,masculino,Petrópolis,RJ,2021-09-12,2397.0,14,4417.0,3.8,True,2021,9,3,Sunday,High Value
CUST000946,Pietro Novais,pietro.novais@mail.com,35.0,masculino,Ribeirão Preto,SP,2021-09-13,2797.0,4,1077.0,2.9,True,2021,9,3,Monday,Low Value
CUST002560,Nicole Sales,nicole.sales@provedor.com.br,36.0,feminino,Anápolis,GO,2021-09-14,4486.0,7,2018.0,5.0,True,2021,9,3,Tuesday,Medium Value
CUST001392,Juan Martins,juan.martins@email.com,48.0,masculino,Serra,ES,2021-09-16,3999.0,9,2487.0,4.2,True,2021,9,3,Thursday,High Value
CUST001047,Brenda Oliveira,brenda.oliveira@correio.net,21.0,feminino,Pelotas,RS,2021-09-17,4000.0,10,1673.0,4.9,True,2021,9,3,Friday,Medium Value
CUST001979,Oliver Campos,oliver.campos@provedor.com.br,21.0,masculino,Ananindeua,PA,2021-09-17,1086.0,3,340.0,3.7,True,2021,9,3,Friday,Low Value
CUST002921,Dante Novais,dante.novais@provedor.com.br,31.0,masculino,Fortaleza,CE,2021-09-17,4111.0,9,2009.0,4.0,True,2021,9,3,Friday,Medium Value
CUST001292,Aurora Da Rocha,aurora.da.rocha@mail.com,41.0,feminino,Belo Horizonte,MG,2021-09-18,4716.0,8,1767.0,5.0,True,2021,9,3,Saturday,Medium Value
CUST002552,Isabelly Alves,isabelly.alves@mail.com,43.0,feminino,Porto Alegre,RS,2021-09-19,2643.0,7,1451.0,3.3,True,2021,9,3,Sunday,Medium Value
CUST001721,Rodrigo Da Cunha,rodrigo.da.cunha@provedor.com.br,44.0,masculino,Feira de Santana,BA,2021-09-22,1969.0,9,3326.0,2.2,True,2021,9,3,Wednesday,High Value
CUST003971,Sra. Elisa Cirino,sra..elisa.cirino@provedor.com.br,44.0,feminino,Florianópolis,SC,2021-09-22,4381.0,5,1634.0,3.2,True,2021,9,3,Wednesday,Medium Value
CUST003266,Leonardo Pastor,leonardo.pastor@mail.com,53.0,masculino,Caruaru,PE,2021-09-22,4989.0,8,2488.0,5.0,True,2021,9,3,Wednesday,High Value
CUST004284,Maria Eduarda Fogaça,maria.eduarda.fogaca@provedor.com.br,60.0,outro,Pelotas,RS,2021-09-22,6343.0,10,123187.0,3.7,True,2021,9,3,Wednesday,High Value
CUST002414,Raquel Moraes,raquel.moraes@email.com,39.0,feminino,Petrópolis,RJ,2021-09-23,2438.0,8,848.0,4.0,True,2021,9,3,Thursday,Low Value
CUST003527,Zoe Silva,zoe.silva@correio.net,38.0,feminino,Brasília,DF,2021-09-24,6557.0,10,3315.0,4.1,True,2021,9,3,Friday,High Value
CUST000791,Luna Da Cruz,luna.da.cruz@provedor.com.br,27.0,feminino,São Paulo,SP,2021-09-28,2689.0,12,2259.0,3.9,True,2021,9,3,Tuesday,High Value
CUST000217,Ana Julia Da Luz,ana.julia.da.luz@webmail.com,58.0,feminino,Campinas,SP,2021-09-30,5338.0,11,2847.0,3.9,True,2021,9,3,Thursday,High Value
CUST000961,Thales Peixoto,thales.peixoto@correio.net,37.0,masculino,Maringá,PR,2021-10-02,3718.0,9,1926.0,3.7,True,2021,10,4,Saturday,Medium Value
CUST004616,Ana Liz Dias,ana.liz.dias@provedor.com.br,33.0,feminino,Blumenau,SC,2021-10-02,3952.0,10,2150.0,3.6,True,2021,10,4,Saturday,High Value
CUST004165,Sra. Nina Fogaça,sra..nina.fogaca@provedor.com.br,18.0,feminino,Ribeirão Preto,SP,2021-10-03,2673.0,13,3689.0,2.8,True,2021,10,4,Sunday,High Value
CUST002262,Sarah Da Mata,sarah.da.mata@mail.com,46.0,feminino,Ananindeua,PA,2021-10-04,3034.0,6,2354.0,4.0,True,2021,10,4,Monday,High Value
CUST001789,Maria Helena Pacheco,maria.helena.pacheco@mail.com,56.0,feminino,São Paulo,SP,2021-10-04,4457.0,8,1959.0,4.1,True,2021,10,4,Monday,Medium Value
CUST003746,Cauã Moraes,caua.moraes@email.com,31.0,masculino,Petrópolis,RJ,2021-10-06,3667.0,4,704.0,2.8,True,2021,10,4,Wednesday,Low Value
CUST004151,Renan Fogaça,renan.fogaca@email.com,55.0,masculino,Joinville,SC,2021-10-06,4171.0,13,2858.0,3.3,True,2021,10,4,Wednesday,High Value
CUST000858,Renan Da Costa,renan.da.costa@correio.net,24.0,masculino,Campinas,SP,2021-10-07,4221.0,7,1722.0,4.0,True,2021,10,4,Thursday,Medium Value
CUST000063,Vitória Pereira,vitoria.pereira@correio.net,32.0,feminino,Olinda,PE,2021-10-09,4230.0,7,2196.0,4.1,True,2021,10,4,Saturday,High Value
CUST000934,Milena Mendonça,milena.mendonca@mail.com,26.0,feminino,São Paulo,SP,2021-10-10,6922.0,8,2643.0,4.4,True,2021,10,4,Sunday,High Value
CUST003300,Vitor Sousa,vitor.sousa@correio.net,37.0,masculino,Campinas,SP,2021-10-10,2324.0,9,2177.0,3.0,True,2021,10,4,Sunday,High Value
CUST000870,Lucas Gabriel Da Rosa,lucas.gabriel.da.rosa@correio.net,66.0,masculino,Duque de Caxias,RJ,2021-10-12,3758.0,6,1243.0,4.0,True,2021,10,4,Tuesday,Low Value
CUST002174,Gustavo Silveira,gustavo.silveira@mail.com,34.0,masculino,Contagem,MG,2021-10-14,3132.0,5,1010.0,3.0,True,2021,10,4,Thursday,Low Value
CUST003105,Maria Luísa Da Mota,maria.luisa.da.mota@correio.net,30.0,feminino,Maringá,PR,2021-10-14,2195.0,7,1062.0,4.0,True,2021,10,4,Thursday,Low Value
CUST003625,Maria Souza,maria.souza@email.com,31.0,feminino,Petrópolis,RJ,2021-10-14,3359.0,7,2212.0,5.0,True,2021,10,4,Thursday,High Value
CUST002130,Laura Lima,laura.lima@mail.com,27.0,feminino,Juazeiro do Norte,CE,2021-10-15,5209.0,12,4020.0,4.1,True,2021,10,4,Friday,High Value
CUST000637,Dra. Eduarda Alves,dra..eduarda.alves@webmail.com,29.0,feminino,Curitiba,PR,2021-10-16,2393.0,8,1572.0,3.4,True,2021,10,4,Saturday,Medium Value
CUST004805,Otto Leão,otto.leao@mail.com,44.0,masculino,Cuiabá,MT,2021-10-17,7622.0,7,239056.0,3.7,True,2021,10,4,Sunday,High Value
CUST003371,Zoe Cassiano,zoe.cassiano@provedor.com.br,59.0,feminino,Belém,PA,2021-10-20,2629.0,5,1410.0,3.7,True,2021,10,4,Wednesday,Medium Value
CUST002767,Heloisa Almeida,heloisa.almeida@email.com,43.0,feminino,Curitiba,PR,2021-10-21,2087.0,6,943.0,3.7,True,2021,10,4,Thursday,Low Value
CUST004051,Rodrigo Câmara,rodrigo.camara@mail.com,60.0,masculino,Campinas,SP,2021-10-22,4381.0,9,3407.0,4.6,True,2021,10,4,Friday,High Value
CUST004291,Davi Lucas Macedo,davi.lucas.macedo@provedor.com.br,31.0,masculino,Belém,PA,2021-10-24,4603.0,12,2550.0,3.2,True,2021,10,4,Sunday,High Value
CUST004762,Sra. Júlia Abreu,sra..julia.abreu@email.com,43.0,feminino,Ribeirão Preto,SP,2021-10-25,4610.0,6,1796.0,4.3,True,2021,10,4,Monday,Medium Value
CUST001207,Sr. José Pedro Barbosa,sr..jose.pedro.barbosa@webmail.com,66.0,masculino,Pelotas,RS,2021-10-25,5079.0,10,3385.0,4.0,True,2021,10,4,Monday,High Value
CUST002226,Calebe Macedo,calebe.macedo@email.com,43.0,masculino,Joinville,SC,2021-10-25,3291.0,9,1865.0,4.6,True,2021,10,4,Monday,Medium Value
CUST004213,Giovanna Ferreira,giovanna.ferreira@correio.net,30.0,feminino,Pelotas,RS,2021-10-26,2636.0,7,1707.0,5.0,True,2021,10,4,Tuesday,Medium Value
CUST000328,Pedro Miguel Teixeira,pedro.miguel.teixeira@webmail.com,59.0,masculino,Vila Velha,ES,2021-10-27,5692.0,4,1432.0,5.0,True,2021,10,4,Wednesday,Medium Value
CUST003680,Sra. Gabriela Nascimento,sra..gabriela.nascimento@correio.net,45.0,feminino,Manaus,AM,2021-10-28,3356.0,8,2517.0,3.6,True,2021,10,4,Thursday,High Value
CUST000360,Nicolas Rezende,nicolas.rezende@mail.com,38.0,masculino,Campinas,SP,2021-10-29,3829.0,8,1386.0,4.6,True,2021,10,4,Friday,Medium Value
CUST003536,Letícia Fonseca,leticia.fonseca@mail.com,35.0,feminino,Curitiba,PR,2021-10-29,3454.0,6,2711.0,4.4,True,2021,10,4,Friday,High Value
CUST004453,Ryan Cirino,ryan.cirino@mail.com,41.0,masculino,Vitória da Conquista,BA,2021-10-30,2812.0,7,1079.0,5.0,True,2021,10,4,Saturday,Low Value
CUST000245,Dra. Júlia Pimenta,dra..julia.pimenta@mail.com,34.0,feminino,Belo Horizonte,MG,2021-10-30,3313.0,10,1435.0,4.6,True,2021,10,4,Saturday,Medium Value
CUST001035,Rael Pinto,rael.pinto@mail.com,53.0,masculino,Pelotas,RS,2021-10-30,3065.0,4,1262.0,3.6,True,2021,10,4,Saturday,Low Value
CUST000771,João Pedro Duarte,joao.pedro.duarte@correio.net,52.0,masculino,Ribeirão Preto,SP,2021-10-31,4818.0,11,2649.0,5.0,True,2021,10,4,Sunday,High Value
CUST002787,Olivia Carvalho,olivia.carvalho@mail.com,49.0,feminino,Petrópolis,RJ,2021-11-01,3553.0,7,2334.0,4.9,True,2021,11,4,Monday,High Value
CUST002658,Marcos Vinicius Pimenta,marcos.vinicius.pimenta@correio.net,48.0,masculino,Manaus,AM,2021-11-01,5233.0,9,1813.0,3.3,True,2021,11,4,Monday,Medium Value
CUST002771,Mariane Peixoto,mariane.peixoto@mail.com,18.0,feminino,Salvador,BA,2021-11-02,1774.0,3,963.0,4.4,True,2021,11,4,Tuesday,Low Value
CUST004116,Raul Albuquerque,raul.albuquerque@webmail.com,20.0,masculino,Belém,PA,2021-11-02,3792.0,11,3791.0,3.5,True,2021,11,4,Tuesday,High Value
CUST000443,Théo Pastor,theo.pastor@provedor.com.br,38.0,masculino,Rio Verde,GO,2021-11-02,1763.0,8,115640.0,5.0,True,2021,11,4,Tuesday,High Value
CUST001399,Natália Casa Grande,natalia.casa.grande@webmail.com,38.0,feminino,Ribeirão Preto,SP,2021-11-02,3595.0,11,2847.0,4.8,True,2021,11,4,Tuesday,High Value
CUST003955,Sr. Rafael Porto,sr..rafael.porto@provedor.com.br,51.0,masculino,Vitória,ES,2021-11-02,3428.0,4,897.0,4.6,True,2021,11,4,Tuesday,Low Value
CUST000270,Dr. João Guilherme Silveira,dr..joao.guilherme.silveira@webmail.com,53.0,masculino,Maringá,PR,2021-11-03,4175.0,7,2080.0,3.3,True,2021,11,4,Wednesday,High Value
CUST000249,Joaquim Sá,joaquim.sa@mail.com,39.0,masculino,Belo Horizonte,MG,2021-11-03,2632.0,3,127361.0,4.8,True,2021,11,4,Wednesday,High Value
CUST002367,Srta. Maria Luiza Campos,srta..maria.luiza.campos@webmail.com,31.0,feminino,Maringá,PR,2021-11-03,4505.0,9,2842.0,5.0,True,2021,11,4,Wednesday,High Value
CUST005042,Ana Julia Luz,ana.julia.luz@mail.com,58.0,feminino,Campinas,SP,2021-11-04,5239.0,9,2869.0,4.1,True,2021,11,4,Thursday,High Value
CUST004781,João Vitor Sá,joao.vitor.sa@webmail.com,26.0,masculino,Curitiba,PR,2021-11-04,3427.0,5,1334.0,3.7,True,2021,11,4,Thursday,Medium Value
CUST003926,Otto Cunha,otto.cunha@correio.net,34.0,masculino,Ananindeua,PA,2021-11-04,8201.0,2,722.0,3.8,True,2021,11,4,Thursday,Low Value
CUST000011,Mariana Fernandes,mariana.fernandes@provedor.com.br,38.0,feminino,Duque de Caxias,RJ,2021-11-05,2525.0,10,1711.0,3.5,True,2021,11,4,Friday,Medium Value
CUST004664,Francisco Fogaça,francisco.fogaca@mail.com,18.0,masculino,Campinas,SP,2021-11-06,2241.0,9,1756.0,4.7,True,2021,11,4,Saturday,Medium Value
CUST000998,Juan Leão,juan.leao@mail.com,24.0,masculino,Blumenau,SC,2021-11-06,5653.0,7,2347.0,4.3,True,2021,11,4,Saturday,High Value
CUST001927,Yuri Cassiano,yuri.cassiano@email.com,23.0,masculino,Vitória da Conquista,BA,2021-11-07,3366.5,7,1805.0,4.5,True,2021,11,4,Sunday,Medium Value
CUST004282,Dr. Yan Carvalho,dr..yan.carvalho@webmail.com,34.0,masculino,Fortaleza,CE,2021-11-07,2035.0,449,220671.0,4.6,True,2021,11,4,Sunday,High Value
CUST001584,Vitor Gabriel Sampaio,vitor.gabriel.sampaio@provedor.com.br,23.0,masculino,Ribeirão Preto,SP,2021-11-09,3313.5,3,573.0,3.5,True,2021,11,4,Tuesday,Low Value
CUST001964,Liz Abreu,liz.abreu@mail.com,33.0,feminino,Cuiabá,MT,2021-11-11,2465.0,4,1163.0,4.0,True,2021,11,4,Thursday,Low Value
CUST000917,Sr. Vinícius Aparecida,sr..vinicius.aparecida@webmail.com,41.0,outro,Santos,SP,2021-11-11,3976.0,9,2283.0,2.8,True,2021,11,4,Thursday,High Value
CUST001713,Gabrielly Sales,gabrielly.sales@mail.com,25.0,outro,Ribeirão Preto,SP,2021-11-12,1216.0,8,2029.0,2.5,True,2021,11,4,Friday,High Value
CUST004966,Théo Borges,theo.borges@webmail.com,45.0,masculino,Salvador,BA,2021-11-12,6488.0,6,1727.0,4.2,True,2021,11,4,Friday,Medium Value
CUST003677,Gabriel Correia,gabriel.correia@email.com,52.0,masculino,Ananindeua,PA,2021-11-13,3509.0,4,1303.0,5.0,True,2021,11,4,Saturday,Medium Value
CUST000818,Nicole Rocha,nicole.rocha@mail.com,32.0,feminino,Contagem,MG,2021-11-14,3096.0,6,1330.0,4.7,True,2021,11,4,Sunday,Medium Value
CUST001564,Emanuel Leão,emanuel.leao@provedor.com.br,53.0,masculino,Sorocaba,SP,2021-11-15,2565.0,7,1300.0,3.0,True,2021,11,4,Monday,Low Value
CUST002305,João Pedro Machado,joao.pedro.machado@correio.net,46.0,masculino,Ribeirão Preto,SP,2021-11-15,3752.0,5,676.0,4.2,True,2021,11,4,Monday,Low Value
CUST001204,Camila Albuquerque,camila.albuquerque@webmail.com,38.0,feminino,Olinda,PE,2021-11-15,3808.0,7,2155.0,3.7,True,2021,11,4,Monday,High Value
CUST000599,Maria Vitória Cirino,maria.vitoria.cirino@email.com,33.0,feminino,Campinas,SP,2021-11-15,4235.0,7,1862.0,2.2,True,2021,11,4,Monday,Medium Value
CUST000606,Manuella Da Costa,manuella.da.costa@mail.com,18.0,feminino,Ribeirão Preto,SP,2021-11-16,1961.0,5,913.0,4.4,True,2021,11,4,Tuesday,Low Value
CUST004701,Isabela Freitas,isabela.freitas@correio.net,32.0,feminino,Maringá,PR,2021-11-16,4672.0,9,2392.0,3.1,True,2021,11,4,Tuesday,High Value
CUST005047,Letícia Fonseca,leticia.fonseca@email.com,35.0,feminino,Curitiba,PR,2021-11-18,3524.0,7,2973.0,4.5,True,2021,11,4,Thursday,High Value
CUST004766,Sra. Aylla Câmara,sra..aylla.camara@correio.net,38.0,feminino,Campinas,SP,2021-11-18,6100.0,7,1371.0,4.6,True,2021,11,4,Thursday,Medium Value
CUST001471,Arthur Rodrigues,arthur.rodrigues@correio.net,18.0,masculino,Duque de Caxias,RJ,2021-11-18,1766.0,15,1420.0,4.7,True,2021,11,4,Thursday,Medium Value
CUST003665,Lara Pereira,lara.pereira@webmail.com,42.0,feminino,Blumenau,SC,2021-11-20,6536.0,9,2601.0,4.5,True,2021,11,4,Saturday,High Value
CUST004999,Dante Mendonça,dante.mendonca@mail.com,29.0,masculino,Florianópolis,SC,2021-11-20,2445.0,2,351.0,3.9,True,2021,11,4,Saturday,Low Value
CUST002541,Oliver Cavalcanti,oliver.cavalcanti@webmail.com,60.0,masculino,Uberlândia,MG,2021-11-20,4316.0,2,489.0,2.9,True,2021,11,4,Saturday,Low Value
CUST004771,Lucas Nogueira,lucas.nogueira@email.com,65.0,masculino,Belém,PA,2021-11-21,5402.0,8,2481.0,4.2,True,2021,11,4,Sunday,High Value
CUST004728,Rafael Lopes,rafael.lopes@correio.net,47.0,masculino,Porto Alegre,RS,2021-11-22,4350.0,9,2760.0,3.7,True,2021,11,4,Monday,High Value
CUST003090,Dr. Gael Borges,dr..gael.borges@mail.com,38.0,masculino,Recife,PE,2021-11-24,7424.0,6,1631.0,4.0,True,2021,11,4,Wednesday,Medium Value
CUST000002,Sra. Isabelly Câmara,sra..isabelly.camara@mail.com,18.0,feminino,Rio de Janeiro,RJ,2021-11-26,2058.0,6,2248.0,4.3,True,2021,11,4,Friday,High Value
CUST003392,Sr. José Pedro Pereira,sr..jose.pedro.pereira@correio.net,39.0,masculino,Salvador,BA,2021-11-27,4837.0,5,1316.0,4.4,True,2021,11,4,Saturday,Medium Value
CUST003395,Ayla Ramos,ayla.ramos@email.com,53.0,feminino,Recife,PE,2021-11-28,4022.0,7,203817.0,4.0,True,2021,11,4,Sunday,High Value
CUST000610,Erick Vasconcelos,erick.vasconcelos@provedor.com.br,39.0,masculino,Sorocaba,SP,2021-11-29,1673.0,8,2223.0,3.3,True,2021,11,4,Monday,High Value
CUST001043,Lavínia Andrade,lavinia.andrade@email.com,57.0,feminino,unknown,BA,2021-11-30,6427.0,11,2360.0,4.1,True,2021,11,4,Tuesday,High Value
CUST002620,Gabriel Azevedo,gabriel.azevedo@email.com,38.0,masculino,Serra,ES,2021-11-30,3174.0,3,976.0,3.5,True,2021,11,4,Tuesday,Low Value
CUST003292,Anthony Da Cunha,anthony.da.cunha@provedor.com.br,61.0,outro,Brasília,DF,2021-11-30,3430.0,4,1246.0,2.8,True,2021,11,4,Tuesday,Low Value
CUST001574,Matheus Da Cunha,matheus.da.cunha@email.com,63.0,masculino,Santos,SP,2021-12-01,10293.0,15,157545.0,3.3,True,2021,12,4,Wednesday,High Value
CUST001241,Thales Nogueira,thales.nogueira@provedor.com.br,54.0,masculino,Porto Alegre,RS,2021-12-02,4394.0,15,2434.0,5.0,True,2021,12,4,Thursday,High Value
CUST002586,Srta. Heloísa Das Neves,srta..heloisa.das.neves@provedor.com.br,37.0,outro,Londrina,PR,2021-12-02,5516.0,9,3332.0,4.4,True,2021,12,4,Thursday,High Value
CUST003051,Nicole Novaes,nicole.novaes@email.com,38.0,feminino,Caxias do Sul,RS,2021-12-03,175186.0,14,808.0,4.2,True,2021,12,4,Friday,Low Value
CUST003851,João Lucas Oliveira,joao.lucas.oliveira@mail.com,36.0,masculino,Caxias do Sul,RS,2021-12-04,333870.0,3,880.0,4.0,True,2021,12,4,Saturday,Low Value
CUST001860,Maya Gonçalves,maya.goncalves@webmail.com,29.0,feminino,Pelotas,RS,2021-12-04,3448.0,8,2128.0,4.0,True,2021,12,4,Saturday,High Value
CUST001124,Ana Cecília Araújo,ana.cecilia.araujo@email.com,35.0,feminino,Curitiba,PR,2021-12-04,2872.0,8,1630.0,4.4,True,2021,12,4,Saturday,Medium Value
CUST004431,Sophia Sá,sophia.sa@webmail.com,32.0,feminino,Duque de Caxias,RJ,2021-12-05,4396.0,10,2417.0,3.4,True,2021,12,4,Sunday,High Value
CUST004841,Isabelly Sá,isabelly.sa@provedor.com.br,33.0,outro,Sorocaba,SP,2021-12-05,4266.0,5,1379.0,3.4,True,2021,12,4,Sunday,Medium Value
CUST002380,Dra. Maria Liz Duarte,dra..maria.liz.duarte@correio.net,51.0,feminino,Vitória,ES,2021-12-05,1449.0,9,1355.0,4.8,True,2021,12,4,Sunday,Medium Value
CUST003678,Sra. Beatriz Barbosa,sra..beatriz.barbosa@provedor.com.br,45.0,feminino,Recife,PE,2021-12-06,9358.0,12,4706.0,4.0,True,2021,12,4,Monday,High Value
CUST000591,Camila Aragão,camila.aragao@correio.net,33.0,feminino,Campinas,SP,2021-12-08,3670.0,11,2372.0,4.0,True,2021,12,4,Wednesday,High Value
CUST001990,Ana Julia Novaes,ana.julia.novaes@correio.net,29.0,feminino,Santos,SP,2021-12-08,3515.0,7,1803.0,4.3,True,2021,12,4,Wednesday,Medium Value
CUST000174,Melina Rocha,melina.rocha@email.com,38.0,feminino,Parintins,AM,2021-12-08,1585.0,6,758.0,3.8,True,2021,12,4,Wednesday,Low Value
CUST001915,Esther Nunes,esther.nunes@provedor.com.br,59.0,feminino,Parintins,AM,2021-12-09,3646.0,9,1991.0,4.7,True,2021,12,4,Thursday,Medium Value
CUST001173,Manuella Porto,manuella.porto@mail.com,36.0,outro,Rio Verde,GO,2021-12-10,2982.0,12,3246.0,3.5,True,2021,12,4,Friday,High Value
CUST003747,Cecília Abreu,cecilia.abreu@provedor.com.br,18.0,feminino,Rio Verde,GO,2021-12-12,4058.0,8,1786.0,3.8,True,2021,12,4,Sunday,Medium Value
CUST000010,André Teixeira,andre.teixeira@mail.com,35.0,masculino,São Paulo,SP,2021-12-13,3876.0,9,2350.0,5.0,True,2021,12,4,Monday,High Value
CUST003059,Marcelo Nogueira,marcelo.nogueira@mail.com,24.0,masculino,Contagem,MG,2021-12-13,2461.0,4,998.0,4.2,True,2021,12,4,Monday,Low Value
CUST000060,Dr. Bernardo Teixeira,dr..bernardo.teixeira@provedor.com.br,18.0,masculino,Curitiba,PR,2021-12-13,1800.0,9,2272.0,2.8,True,2021,12,4,Monday,High Value
CUST000740,Levi Leão,levi.leao@provedor.com.br,40.0,masculino,Juazeiro do Norte,CE,2021-12-15,1109.0,8,973.0,4.6,True,2021,12,4,Wednesday,Low Value
CUST002565,Srta. Sophie Correia,srta..sophie.correia@correio.net,39.0,feminino,unknown,MG,2021-12-16,239811.0,6,1031.0,4.4,True,2021,12,4,Thursday,Low Value
CUST004307,Sr. Davi Freitas,sr..davi.freitas@provedor.com.br,42.0,masculino,Contagem,MG,2021-12-17,4868.0,8,1972.0,3.8,True,2021,12,4,Friday,Medium Value
CUST002692,Luara Costa,luara.costa@provedor.com.br,38.0,outro,Londrina,PR,2021-12-18,1193.0,10,1920.0,4.0,True,2021,12,4,Saturday,Medium Value
CUST002293,Ana Beatriz Fernandes,ana.beatriz.fernandes@webmail.com,42.0,feminino,Campinas,SP,2021-12-18,4662.0,16,2734.0,3.4,True,2021,12,4,Saturday,High Value
CUST004888,Srta. Fernanda Mendes,srta..fernanda.mendes@correio.net,38.0,feminino,Brasília,DF,2021-12-19,2653.0,6,1333.0,4.9,True,2021,12,4,Sunday,Medium Value
CUST001665,Henry Gabriel Moreira,henry.gabriel.moreira@mail.com,23.0,masculino,Ananindeua,PA,2021-12-19,3328.0,6,2143.0,4.0,True,2021,12,4,Sunday,High Value
CUST004346,Heloísa Pires,heloisa.pires@webmail.com,61.0,feminino,Sobral,CE,2021-12-20,6602.0,11,3498.0,4.0,True,2021,12,4,Monday,High Value
CUST004169,Caio Sá,caio.sa@mail.com,42.0,masculino,Santos,SP,2021-12-20,4079.0,4,1514.0,4.6,True,2021,12,4,Monday,Medium Value
CUST005014,Raul Albuquerque,raul.albuquerque@email.com,21.0,masculino,Belém,PA,2021-12-21,3882.0,10,3742.0,3.2,True,2021,12,4,Tuesday,High Value
CUST004994,Pedro Lucas Guerra,pedro.lucas.guerra@webmail.com,48.0,masculino,Feira de Santana,BA,2021-12-21,3366.5,6,1397.0,4.9,True,2021,12,4,Tuesday,Medium Value
CUST004310,Sara Andrade,sara.andrade@webmail.com,59.0,feminino,Sorocaba,SP,2021-12-23,2873.0,6,838.0,3.4,True,2021,12,4,Thursday,Low Value
CUST001623,Ryan Machado,ryan.machado@provedor.com.br,57.0,masculino,Contagem,MG,2021-12-23,5005.0,10,3071.0,4.2,True,2021,12,4,Thursday,High Value
CUST005023,Giovanna Ferreira,giovanna.ferreira@correio.net,30.0,feminino,Pelotas,RS,2021-12-23,2684.0,7,1778.0,5.0,True,2021,12,4,Thursday,Medium Value
CUST004126,Cauê Da Mota,caue.da.mota@mail.com,52.0,masculino,Niterói,RJ,2021-12-23,3391.0,8,2340.0,3.7,True,2021,12,4,Thursday,High Value
CUST000296,Dr. João Vitor Andrade,dr..joao.vitor.andrade@mail.com,29.0,masculino,Belo Horizonte,MG,2021-12-24,4057.0,10,2474.0,4.5,True,2021,12,4,Friday,High Value
CUST004729,Ravi Da Paz,ravi.da.paz@correio.net,49.0,masculino,Ribeirão Preto,SP,2021-12-25,1629.0,11,3126.0,4.4,True,2021,12,4,Saturday,High Value
CUST004118,Valentim Vasconcelos,valentim.vasconcelos@webmail.com,38.0,masculino,Joinville,SC,2021-12-25,3351.0,7,1854.0,4.5,True,2021,12,4,Saturday,Medium Value
CUST002084,Nicole Cavalcante,nicole.cavalcante@provedor.com.br,50.0,feminino,Belo Horizonte,MG,2021-12-26,6182.0,8,2367.0,3.5,True,2021,12,4,Sunday,High Value
CUST004475,Isaac Alves,isaac.alves@webmail.com,22.0,masculino,Vitória da Conquista,BA,2021-12-28,3001.0,7,2574.0,3.5,True,2021,12,4,Tuesday,High Value
CUST000850,Hellena Jesus,hellena.jesus@mail.com,31.0,feminino,Feira de Santana,BA,2021-12-28,2184.0,7,1149.0,4.4,True,2021,12,4,Tuesday,Low Value
CUST003092,Igor Monteiro,igor.monteiro@mail.com,48.0,masculino,unknown,RS,2021-12-28,5040.0,7,2733.0,5.0,True,2021,12,4,Tuesday,High Value
CUST003623,João Felipe Caldeira,joao.felipe.caldeira@provedor.com.br,35.0,masculino,Uberlândia,MG,2021-12-29,2190.0,3,725.0,4.6,True,2021,12,4,Wednesday,Low Value
CUST001468,Oliver Pastor,oliver.pastor@correio.net,27.0,masculino,São Paulo,SP,2021-12-29,3655.0,10,2255.0,4.4,True,2021,12,4,Wednesday,High Value
CUST002699,Maya Nunes,maya.nunes@email.com,46.0,outro,Santos,SP,2021-12-29,3559.0,5,884.0,5.0,True,2021,12,4,Wednesday,Low Value
CUST002115,Ana Laura Rezende,ana.laura.rezende@correio.net,36.0,feminino,Uberlândia,MG,2021-12-30,2644.0,6,1126.0,3.6,True,2021,12,4,Thursday,Low Value
CUST000252,Raquel Cunha,raquel.cunha@email.com,41.0,feminino,Belo Horizonte,MG,2021-12-30,2007.0,5,1610.0,3.3,True,2021,12,4,Thursday,Medium Value
CUST000188,Josué Campos,josue.campos@provedor.com.br,54.0,masculino,Niterói,RJ,2021-12-30,2066.0,6,926.0,5.0,True,2021,12,4,Thursday,Low Value
CUST004251,Brayan Nunes,brayan.nunes@mail.com,52.0,masculino,Florianópolis,SC,2021-12-31,4021.0,9,2620.0,4.1,True,2021,12,4,Friday,High Value
CUST003744,Davi Almeida,davi.almeida@correio.net,36.0,masculino,unknown,RS,2021-12-31,2873.0,4,1036.0,4.0,True,2021,12,4,Friday,Low Value
CUST004788,Davi Lucca Garcia,davi.lucca.garcia@correio.net,47.0,masculino,Juiz de Fora,MG,2022-01-01,5784.0,5,1893.0,4.0,True,2022,1,1,Saturday,Medium Value
CUST003238,Marcelo Carvalho,marcelo.carvalho@webmail.com,35.0,masculino,Porto Alegre,RS,2022-01-01,3992.0,6,1884.0,3.6,True,2022,1,1,Saturday,Medium Value
CUST004411,Thomas Barros,thomas.barros@webmail.com,38.0,masculino,unknown,SP,2022-01-02,6093.0,8,2684.0,4.7,True,2022,1,1,Sunday,High Value
CUST002849,Caleb Aparecida,caleb.aparecida@correio.net,38.0,masculino,Belo Horizonte,MG,2022-01-02,3057.0,7,1927.0,4.1,True,2022,1,1,Sunday,Medium Value
CUST000962,Fernanda Marques,fernanda.marques@correio.net,56.0,feminino,Petrópolis,RJ,2022-01-02,4434.0,6,1608.0,4.4,True,2022,1,1,Sunday,Medium Value
CUST002010,Laura Albuquerque,laura.albuquerque@email.com,50.0,feminino,Belo Horizonte,MG,2022-01-02,6485.0,6,1663.0,4.0,True,2022,1,1,Sunday,Medium Value
CUST000152,Maria Liz Rocha,maria.liz.rocha@webmail.com,38.0,feminino,Curitiba,PR,2022-01-02,3980.0,9,1911.0,3.5,True,2022,1,1,Sunday,Medium Value
CUST005066,Srta. Heloísa Das Neves,srta..heloisa.das.neves@provedor.com.br,38.0,outro,Londrina,PR,2022-01-03,5472.0,11,3197.0,4.5,True,2022,1,1,Monday,High Value
CUST003014,Sofia Porto,sofia.porto@mail.com,31.0,feminino,Sobral,CE,2022-01-03,2206.0,6,1161.0,3.1,True,2022,1,1,Monday,Low Value
CUST004014,Dr. Pedro Henrique Dias,dr..pedro.henrique.dias@provedor.com.br,40.0,masculino,Santos,SP,2022-01-03,2417.0,7,1739.0,4.4,True,2022,1,1,Monday,Medium Value
CUST000799,Leonardo Sales,leonardo.sales@correio.net,44.0,masculino,Rio de Janeiro,RJ,2022-01-05,2262.0,3,832.0,4.8,True,2022,1,1,Wednesday,Low Value
CUST000119,Dra. Alexia Rios,dra..alexia.rios@email.com,66.0,feminino,Campinas,SP,2022-01-05,3584.0,8,1621.0,4.0,True,2022,1,1,Wednesday,Medium Value
CUST004395,Emilly Marques,emilly.marques@mail.com,36.0,feminino,Ribeirão Preto,SP,2022-01-05,1538.0,14,2034.0,4.8,True,2022,1,1,Wednesday,High Value
CUST002944,Davi Miguel Lima,davi.miguel.lima@email.com,20.0,masculino,Brasília,DF,2022-01-06,1398.0,8,1904.0,5.0,True,2022,1,1,Thursday,Medium Value
CUST002863,Allana Camargo,allana.camargo@mail.com,52.0,feminino,Duque de Caxias,RJ,2022-01-06,2880.0,10,1506.0,4.4,True,2022,1,1,Thursday,Medium Value
CUST001936,Jade Aragão,jade.aragao@webmail.com,38.0,feminino,Londrina,PR,2022-01-08,3371.0,6,1584.0,5.0,True,2022,1,1,Saturday,Medium Value
CUST004562,Gabriel Costa,gabriel.costa@correio.net,45.0,masculino,Rio Verde,GO,2022-01-09,3461.0,4,962.0,4.3,True,2022,1,1,Sunday,Low Value
CUST001890,Luana Duarte,luana.duarte@email.com,30.0,outro,Porto Alegre,RS,2022-01-09,4797.0,9,1749.0,5.0,True,2022,1,1,Sunday,Medium Value
CUST001826,Sra. Júlia Macedo,sra..julia.macedo@mail.com,31.0,feminino,Duque de Caxias,RJ,2022-01-09,1078.0,5,639.0,4.3,True,2022,1,1,Sunday,Low Value
CUST003761,João Gabriel Monteiro,joao.gabriel.monteiro@email.com,32.0,masculino,Duque de Caxias,RJ,2022-01-10,3357.5,7,1316.0,4.0,True,2022,1,1,Monday,Medium Value
CUST003667,Rebeca Fonseca,rebeca.fonseca@provedor.com.br,40.0,feminino,Porto Alegre,RS,2022-01-12,1921.0,8,1924.0,2.8,True,2022,1,1,Wednesday,Medium Value
CUST001636,Vitor Gabriel Costa,vitor.gabriel.costa@provedor.com.br,33.0,masculino,Sorocaba,SP,2022-01-13,2294.0,5,1309.0,3.4,True,2022,1,1,Thursday,Medium Value
CUST004255,Ágatha Farias,agatha.farias@provedor.com.br,44.0,feminino,Belo Horizonte,MG,2022-01-13,3830.0,3,658.0,3.5,True,2022,1,1,Thursday,Low Value
CUST004934,Bianca Barbosa,bianca.barbosa@webmail.com,43.0,feminino,Caruaru,PE,2022-01-15,8282.0,5,1492.0,3.9,True,2022,1,1,Saturday,Medium Value
CUST001540,Cauã Pimenta,caua.pimenta@email.com,73.0,masculino,Feira de Santana,BA,2022-01-15,9443.0,8,2552.0,2.5,True,2022,1,1,Saturday,High Value
CUST000266,Sra. Júlia Das Neves,sra..julia.das.neves@mail.com,24.0,feminino,Juiz de Fora,MG,2022-01-16,5380.0,8,2259.0,4.3,True,2022,1,1,Sunday,High Value
CUST002624,Antonella Campos,antonella.campos@correio.net,38.0,feminino,Juazeiro do Norte,CE,2022-01-17,3602.0,5,841.0,4.3,True,2022,1,1,Monday,Low Value
CUST000828,Anna Liz Rodrigues,anna.liz.rodrigues@provedor.com.br,57.0,outro,Juazeiro do Norte,CE,2022-01-17,5147.0,3,625.0,3.4,True,2022,1,1,Monday,Low Value
CUST000387,Laís Almeida,lais.almeida@correio.net,18.0,feminino,Londrina,PR,2022-01-18,3358.0,8,1470.0,4.0,True,2022,1,1,Tuesday,Medium Value
CUST001287,Gabriel Jesus,gabriel.jesus@mail.com,37.0,outro,Cuiabá,MT,2022-01-18,4562.0,6,1891.0,5.0,True,2022,1,1,Tuesday,Medium Value
CUST004433,Vitor Hugo Nascimento,vitor.hugo.nascimento@correio.net,38.0,outro,Rio de Janeiro,RJ,2022-01-19,4710.0,2,695.0,4.1,True,2022,1,1,Wednesday,Low Value
CUST001261,Ana Beatriz Cirino,ana.beatriz.cirino@provedor.com.br,22.0,feminino,Parintins,AM,2022-01-19,3564.0,5,1102.0,4.7,True,2022,1,1,Wednesday,Low Value
CUST001944,Helena Moreira,helena.moreira@correio.net,60.0,feminino,Rio de Janeiro,RJ,2022-01-20,2440.0,10,197504.0,4.4,True,2022,1,1,Thursday,High Value
CUST001282,Lucca Peixoto,lucca.peixoto@webmail.com,38.0,masculino,Olinda,PE,2022-01-20,1937.0,11,2182.0,3.3,True,2022,1,1,Thursday,High Value
CUST001788,Anthony Gabriel Rocha,anthony.gabriel.rocha@correio.net,27.0,masculino,Porto Alegre,RS,2022-01-20,5117.0,9,2463.0,4.3,True,2022,1,1,Thursday,High Value
CUST003472,Otávio Dias,otavio.dias@webmail.com,38.0,masculino,Belo Horizonte,MG,2022-01-21,2943.0,7,2268.0,4.0,True,2022,1,1,Friday,High Value
CUST001366,Raul Da Cunha,raul.da.cunha@mail.com,38.0,masculino,Ribeirão Preto,SP,2022-01-21,3173.0,6,1254.0,4.9,True,2022,1,1,Friday,Low Value
CUST000784,José Miguel Silva,jose.miguel.silva@correio.net,66.0,masculino,São Paulo,SP,2022-01-24,5995.0,8,2207.0,4.4,True,2022,1,1,Monday,High Value
CUST002057,Bianca Cardoso,bianca.cardoso@email.com,28.0,feminino,Rio Verde,GO,2022-01-24,8933.0,10,3166.0,4.2,True,2022,1,1,Monday,High Value
CUST003166,Ester Abreu,ester.abreu@provedor.com.br,35.0,feminino,Porto Alegre,RS,2022-01-24,3076.0,7,1384.0,4.9,True,2022,1,1,Monday,Medium Value
CUST001599,Dr. Caio Da Paz,dr..caio.da.paz@correio.net,18.0,masculino,Caxias do Sul,RS,2022-01-26,1731.0,5,980.0,3.6,True,2022,1,1,Wednesday,Low Value
CUST001469,Pedro Lucas Cirino,pedro.lucas.cirino@provedor.com.br,53.0,masculino,Parintins,AM,2022-01-26,2425.0,5,965.0,3.5,True,2022,1,1,Wednesday,Low Value
CUST004106,Maria Melo,maria.melo@email.com,30.0,feminino,Salvador,BA,2022-01-26,1535.0,4,1276.0,3.1,True,2022,1,1,Wednesday,Low Value
CUST003225,Cecilia Sá,cecilia.sa@mail.com,36.0,feminino,Goiânia,GO,2022-01-27,4072.0,3,1013.0,4.0,True,2022,1,1,Thursday,Low Value
CUST000395,Ana Beatriz Pacheco,ana.beatriz.pacheco@correio.net,33.0,feminino,Olinda,PE,2022-01-27,3481.0,8,2168.0,4.0,True,2022,1,1,Thursday,High Value
CUST000053,Daniela Freitas,daniela.freitas@webmail.com,38.0,feminino,Pelotas,RS,2022-01-27,3259.0,4,1597.0,3.1,True,2022,1,1,Thursday,Medium Value
CUST001345,Dra. Maria Luiza Carvalho,dra..maria.luiza.carvalho@email.com,53.0,feminino,Florianópolis,SC,2022-01-28,4909.0,5,1273.0,4.0,True,2022,1,1,Friday,Low Value
CUST000158,Bruna Gomes,bruna.gomes@provedor.com.br,44.0,feminino,Santos,SP,2022-01-28,4696.0,9,1580.0,2.7,True,2022,1,1,Friday,Medium Value
CUST002574,Bella Cunha,bella.cunha@email.com,18.0,feminino,Campinas,SP,2022-01-28,3241.0,5,1441.0,3.5,True,2022,1,1,Friday,Medium Value
CUST002400,Evelyn Campos,evelyn.campos@webmail.com,38.0,feminino,Salvador,BA,2022-01-28,2751.0,5,1667.0,5.0,True,2022,1,1,Friday,Medium Value
CUST004072,Ester Da Mata,ester.da.mata@provedor.com.br,32.0,feminino,Londrina,PR,2022-01-29,2309.0,8,3003.0,3.8,True,2022,1,1,Saturday,High Value
CUST004597,Maria Clara Martins,maria.clara.martins@email.com,55.0,feminino,Belo Horizonte,MG,2022-01-29,3313.0,4,999.0,5.0,True,2022,1,1,Saturday,Low Value
CUST003044,Liam Casa Grande,liam.casa.grande@mail.com,45.0,masculino,Campinas,SP,2022-01-29,3949.0,7,1634.0,3.2,True,2022,1,1,Saturday,Medium Value
CUST000410,Srta. Olivia Alves,srta..olivia.alves@correio.net,43.0,feminino,Brasília,DF,2022-01-30,4165.0,7,1602.0,4.4,True,2022,1,1,Sunday,Medium Value
CUST000567,Evelyn Freitas,evelyn.freitas@correio.net,39.0,feminino,Londrina,PR,2022-01-30,1540.0,4,960.0,5.0,True,2022,1,1,Sunday,Low Value
CUST004470,Bruna Cavalcanti,bruna.cavalcanti@webmail.com,54.0,feminino,Porto Alegre,RS,2022-01-31,2679.0,4,885.0,3.4,True,2022,1,1,Monday,Low Value
CUST000448,Mariane Rodrigues,mariane.rodrigues@provedor.com.br,33.0,feminino,Ananindeua,PA,2022-01-31,2088.0,5,676.0,4.5,True,2022,1,1,Monday,Low Value
CUST001096,Dr. Dante Lima,dr..dante.lima@provedor.com.br,26.0,masculino,Várzea Grande,MT,2022-02-01,3351.0,6,1666.0,2.9,True,2022,2,1,Tuesday,Medium Value
CUST003302,Sr. João Gabriel Cassiano,sr..joao.gabriel.cassiano@mail.com,48.0,masculino,São Paulo,SP,2022-02-01,2400.0,11,3432.0,5.0,True,2022,2,1,Tuesday,High Value
CUST000189,Catarina Martins,catarina.martins@webmail.com,56.0,outro,Uberlândia,MG,2022-02-01,5969.0,6,1920.0,4.0,True,2022,2,1,Tuesday,Medium Value
CUST000073,Ana Beatriz Farias,ana.beatriz.farias@provedor.com.br,44.0,feminino,São Paulo,SP,2022-02-01,3516.0,6,1888.0,3.2,True,2022,2,1,Tuesday,Medium Value
CUST004871,Murilo Pires,murilo.pires@webmail.com,33.0,masculino,Blumenau,SC,2022-02-01,1095.0,6,1057.0,4.9,True,2022,2,1,Tuesday,Low Value
CUST000126,Sra. Sofia Mendonça,sra..sofia.mendonca@provedor.com.br,27.0,feminino,Várzea Grande,MT,2022-02-02,2584.0,6,1544.0,4.6,True,2022,2,1,Wednesday,Medium Value
CUST004882,Ana Luiza Cardoso,ana.luiza.cardoso@provedor.com.br,38.0,feminino,Vila Velha,ES,2022-02-02,1907.0,6,131280.0,5.0,True,2022,2,1,Wednesday,High Value
CUST003813,Dr. Mateus Cavalcante,dr..mateus.cavalcante@mail.com,38.0,masculino,unknown,SP,2022-02-03,1305.0,4,464.0,2.4,True,2022,2,1,Thursday,Low Value
CUST001339,Lorenzo Da Mata,lorenzo.da.mata@provedor.com.br,40.0,masculino,Belo Horizonte,MG,2022-02-03,5308.0,8,2880.0,4.1,True,2022,2,1,Thursday,High Value
CUST003689,Ana Liz Vieira,ana.liz.vieira@provedor.com.br,44.0,feminino,Duque de Caxias,RJ,2022-02-04,5748.0,8,2561.0,4.3,True,2022,2,1,Friday,High Value
CUST000329,Gustavo Da Mata,gustavo.da.mata@email.com,38.0,outro,Juiz de Fora,MG,2022-02-05,972.0,10,1958.0,4.9,True,2022,2,1,Saturday,Medium Value
CUST003745,Cauã Nogueira,caua.nogueira@provedor.com.br,20.0,masculino,Salvador,BA,2022-02-06,1307.0,5,896.0,4.9,True,2022,2,1,Sunday,Low Value
CUST003792,Emanuel Alves,emanuel.alves@email.com,28.0,masculino,Sorocaba,SP,2022-02-06,3122.0,10,2824.0,4.2,True,2022,2,1,Sunday,High Value
CUST000891,Vitor Hugo Ramos,vitor.hugo.ramos@correio.net,46.0,masculino,Contagem,MG,2022-02-07,4345.0,4,1132.0,3.6,True,2022,2,1,Monday,Low Value
CUST002774,Anthony Gabriel Silva,anthony.gabriel.silva@mail.com,31.0,masculino,Sobral,CE,2022-02-07,3602.0,6,1721.0,4.1,True,2022,2,1,Monday,Medium Value
CUST000971,Dra. Rebeca Oliveira,dra..rebeca.oliveira@mail.com,43.0,feminino,Olinda,PE,2022-02-07,2845.0,8,2158.0,5.0,True,2022,2,1,Monday,High Value
CUST002089,Yago Carvalho,yago.carvalho@provedor.com.br,27.0,masculino,Santos,SP,2022-02-09,3261.0,7,2386.0,4.0,True,2022,2,1,Wednesday,High Value
CUST002652,Ryan Teixeira,ryan.teixeira@webmail.com,60.0,masculino,Caruaru,PE,2022-02-09,2892.0,2,711.0,3.2,True,2022,2,1,Wednesday,Low Value
CUST002397,Sara Pimenta,sara.pimenta@email.com,55.0,feminino,São Paulo,SP,2022-02-09,3313.5,13,3073.0,2.7,True,2022,2,1,Wednesday,High Value
CUST002993,Sofia Cardoso,sofia.cardoso@mail.com,21.0,feminino,Rio Verde,GO,2022-02-10,1520.0,7,1103.0,5.0,True,2022,2,1,Thursday,Low Value
CUST004080,Maria Eduarda Brito,maria.eduarda.brito@provedor.com.br,31.0,feminino,Feira de Santana,BA,2022-02-10,3366.5,7,1797.0,3.1,True,2022,2,1,Thursday,Medium Value
CUST003962,Bella Camargo,bella.camargo@correio.net,39.0,outro,Feira de Santana,BA,2022-02-11,3300.0,5,1197.0,3.3,True,2022,2,1,Friday,Low Value
CUST000575,Elisa Da Mata,elisa.da.mata@correio.net,26.0,feminino,Joinville,SC,2022-02-11,4135.0,6,1148.0,5.0,True,2022,2,1,Friday,Low Value
CUST001701,Srta. Ágatha Abreu,srta..agatha.abreu@webmail.com,29.0,feminino,Feira de Santana,BA,2022-02-11,2879.0,5,1658.0,4.5,True,2022,2,1,Friday,Medium Value
CUST000756,Manuella Vargas,manuella.vargas@provedor.com.br,36.0,feminino,Niterói,RJ,2022-02-11,2952.0,13,2830.0,4.3,True,2022,2,1,Friday,High Value
CUST003227,Larissa Ferreira,larissa.ferreira@provedor.com.br,35.0,feminino,Ribeirão Preto,SP,2022-02-12,3781.0,7,1586.0,3.5,True,2022,2,1,Saturday,Medium Value
CUST000023,Elisa Freitas,elisa.freitas@webmail.com,38.0,feminino,Sorocaba,SP,2022-02-12,2770.0,11,2775.0,3.5,True,2022,2,1,Saturday,High Value
CUST001466,Srta. Brenda Cardoso,srta..brenda.cardoso@provedor.com.br,18.0,feminino,unknown,RS,2022-02-14,2948.0,12,1412.0,5.0,True,2022,2,1,Monday,Medium Value
CUST003902,Sr. Rael Cardoso,sr..rael.cardoso@correio.net,38.0,masculino,Cuiabá,MT,2022-02-14,4594.0,10,2203.0,4.5,True,2022,2,1,Monday,High Value
CUST004104,Felipe Da Luz,felipe.da.luz@webmail.com,31.0,masculino,Porto Alegre,RS,2022-02-14,2856.0,8,1935.0,4.7,True,2022,2,1,Monday,Medium Value
CUST000111,Sra. Natália Dias,sra..natalia.dias@email.com,54.0,feminino,Olinda,PE,2022-02-14,7052.0,423,2012.0,3.6,True,2022,2,1,Monday,Medium Value
CUST002621,Maria Eduarda Cavalcanti,maria.eduarda.cavalcanti@correio.net,43.0,feminino,Campinas,SP,2022-02-15,2625.0,6,1373.0,2.8,True,2022,2,1,Tuesday,Medium Value
CUST000603,Mathias Melo,mathias.melo@mail.com,45.0,masculino,Rio de Janeiro,RJ,2022-02-15,313826.0,8,2554.0,4.2,True,2022,2,1,Tuesday,High Value
CUST000482,Sr. Marcos Vinicius Leão,sr..marcos.vinicius.leao@webmail.com,18.0,masculino,Campinas,SP,2022-02-15,2030.0,5,1362.0,2.6,True,2022,2,1,Tuesday,Medium Value
CUST003104,Ana Júlia Duarte,ana.julia.duarte@provedor.com.br,41.0,feminino,Parintins,AM,2022-02-15,4851.0,7,2844.0,4.6,True,2022,2,1,Tuesday,High Value
CUST000078,Maria Luísa Correia,maria.luisa.correia@email.com,20.0,feminino,Campinas,SP,2022-02-15,2408.0,5,1058.0,4.0,True,2022,2,1,Tuesday,Low Value
CUST003722,Emilly Marques,emilly.marques@mail.com,38.0,feminino,Juazeiro do Norte,CE,2022-02-15,7219.0,9,3156.0,4.0,True,2022,2,1,Tuesday,High Value
CUST001797,Lara Machado,lara.machado@provedor.com.br,25.0,feminino,Uberlândia,MG,2022-02-16,3692.0,6,1789.0,2.2,True,2022,2,1,Wednesday,Medium Value
CUST004167,Nicole Alves,nicole.alves@webmail.com,35.0,feminino,Blumenau,SC,2022-02-17,4242.0,6,1124.0,4.0,True,2022,2,1,Thursday,Low Value
CUST001840,Sr. Davi Lucca Moura,sr..davi.lucca.moura@webmail.com,43.0,masculino,Olinda,PE,2022-02-17,3481.0,11,1583.0,2.9,True,2022,2,1,Thursday,Medium Value
CUST000638,Maysa Andrade,maysa.andrade@email.com,41.0,feminino,Fortaleza,CE,2022-02-17,2332.0,3,738.0,4.5,True,2022,2,1,Thursday,Low Value
CUST002222,Manuela Nogueira,manuela.nogueira@mail.com,46.0,feminino,Ananindeua,PA,2022-02-17,1836.0,6,1422.0,4.5,True,2022,2,1,Thursday,Medium Value
CUST004182,Sr. Gustavo Moreira,sr..gustavo.moreira@mail.com,23.0,masculino,São Paulo,SP,2022-02-18,1499.0,6,657.0,3.4,True,2022,2,1,Friday,Low Value
CUST001456,Maria Cecília Rocha,maria.cecilia.rocha@email.com,56.0,feminino,Feira de Santana,BA,2022-02-19,3308.0,11,2627.0,4.7,True,2022,2,1,Saturday,High Value
CUST000884,Gael Henrique Farias,gael.henrique.farias@email.com,57.0,masculino,Serra,ES,2022-02-19,4435.0,4,1165.0,3.2,True,2022,2,1,Saturday,Low Value
CUST001726,Maria Liz Viana,maria.liz.viana@provedor.com.br,38.0,feminino,Campinas,SP,2022-02-19,4677.0,8,2808.0,5.0,True,2022,2,1,Saturday,High Value
CUST004224,Maria Luiza Azevedo,maria.luiza.azevedo@email.com,18.0,feminino,Brasília,DF,2022-02-21,4445.0,7,1382.0,4.3,True,2022,2,1,Monday,Medium Value
CUST002209,Arthur Azevedo,arthur.azevedo@provedor.com.br,47.0,masculino,Santos,SP,2022-02-21,7295.0,9,2525.0,4.1,True,2022,2,1,Monday,High Value
CUST004281,Carolina Lopes,carolina.lopes@provedor.com.br,20.0,feminino,unknown,PA,2022-02-21,3990.0,6,2364.0,4.7,True,2022,2,1,Monday,High Value
CUST001220,Pietra Araújo,pietra.araujo@email.com,51.0,feminino,Joinville,SC,2022-02-22,4147.0,7,1302.0,3.1,True,2022,2,1,Tuesday,Medium Value
CUST002160,Maria Julia Cirino,maria.julia.cirino@mail.com,59.0,feminino,Sorocaba,SP,2022-02-23,3582.0,8,2451.0,4.3,True,2022,2,1,Wednesday,High Value
CUST000562,Augusto Jesus,augusto.jesus@webmail.com,34.0,masculino,Sobral,CE,2022-02-23,2532.0,4,1111.0,2.6,True,2022,2,1,Wednesday,Low Value
CUST001960,Jade Fonseca,jade.fonseca@mail.com,54.0,feminino,Ribeirão Preto,SP,2022-02-25,4503.0,9,3139.0,4.6,True,2022,2,1,Friday,High Value
CUST002390,André Abreu,andre.abreu@provedor.com.br,18.0,masculino,Parintins,AM,2022-02-25,7034.0,8,1949.0,5.0,True,2022,2,1,Friday,Medium Value
CUST002622,Rebeca Rocha,rebeca.rocha@email.com,31.0,feminino,Porto Alegre,RS,2022-02-26,2990.0,12,3296.0,5.0,True,2022,2,1,Saturday,High Value
CUST001049,Maria Clara Nogueira,maria.clara.nogueira@email.com,64.0,feminino,Olinda,PE,2022-02-26,3621.0,3,1042.0,4.4,True,2022,2,1,Saturday,Low Value
CUST004464,Ryan Mendonça,ryan.mendonca@provedor.com.br,52.0,masculino,Joinville,SC,2022-02-27,4668.0,2,447.0,3.5,True,2022,2,1,Sunday,Low Value
CUST004571,Jade Novais,jade.novais@email.com,39.0,outro,Salvador,BA,2022-02-27,1270.0,3,527.0,3.8,True,2022,2,1,Sunday,Low Value
CUST002570,Maria Casa Grande,maria.casa.grande@webmail.com,75.0,outro,Belo Horizonte,MG,2022-02-28,4944.0,4,1047.0,4.4,True,2022,2,1,Monday,Low Value
CUST003281,Srta. Isabella Castro,srta..isabella.castro@webmail.com,27.0,feminino,Londrina,PR,2022-03-01,2897.0,6,1357.0,3.4,True,2022,3,1,Tuesday,Medium Value
CUST001994,Fernanda Mendonça,fernanda.mendonca@correio.net,51.0,feminino,Salvador,BA,2022-03-02,3548.0,7,2158.0,3.1,True,2022,3,1,Wednesday,High Value
CUST002348,Bernardo Nogueira,bernardo.nogueira@webmail.com,51.0,masculino,Campinas,SP,2022-03-02,7912.0,15,5958.0,3.1,True,2022,3,1,Wednesday,High Value
CUST002452,Dr. Apollo Marques,dr..apollo.marques@correio.net,28.0,masculino,Campinas,SP,2022-03-03,3591.0,8,2485.0,5.0,True,2022,3,1,Thursday,High Value
CUST001115,Isaque Monteiro,isaque.monteiro@mail.com,45.0,masculino,Florianópolis,SC,2022-03-03,5071.0,6,2154.0,4.0,True,2022,3,1,Thursday,High Value
CUST000301,Yago Câmara,yago.camara@correio.net,36.0,masculino,Feira de Santana,BA,2022-03-03,2794.0,5,1234.0,5.0,True,2022,3,1,Thursday,Low Value
CUST001262,Liam Pimenta,liam.pimenta@correio.net,44.0,masculino,Campinas,SP,2022-03-03,2639.0,8,2355.0,4.0,True,2022,3,1,Thursday,High Value
CUST002567,Ísis Duarte,isis.duarte@correio.net,38.0,feminino,Santos,SP,2022-03-04,3516.0,6,1148.0,5.0,True,2022,3,1,Friday,Low Value
CUST002972,Thiago Fogaça,thiago.fogaca@correio.net,43.0,masculino,Feira de Santana,BA,2022-03-04,3366.5,8,1902.0,4.2,True,2022,3,1,Friday,Medium Value
CUST003697,Rafael Montenegro,rafael.montenegro@email.com,30.0,masculino,Joinville,SC,2022-03-06,3888.0,7,2240.0,4.2,True,2022,3,1,Sunday,High Value
CUST002784,João Da Costa,joao.da.costa@correio.net,31.0,masculino,Várzea Grande,MT,2022-03-06,2646.0,5,1281.0,2.8,True,2022,3,1,Sunday,Low Value
CUST003328,Theo Caldeira,theo.caldeira@provedor.com.br,44.0,masculino,Juazeiro do Norte,CE,2022-03-06,2464.0,588,1602.0,2.7,True,2022,3,1,Sunday,Medium Value
CUST002725,Davi Vargas,davi.vargas@correio.net,34.0,masculino,Goiânia,GO,2022-03-06,3314.0,5,1266.0,3.8,True,2022,3,1,Sunday,Low Value
CUST003750,Laura Câmara,laura.camara@provedor.com.br,45.0,feminino,Rio de Janeiro,RJ,2022-03-06,3863.0,2,515.0,3.5,True,2022,3,1,Sunday,Low Value
CUST003490,Alícia Novaes,alicia.novaes@email.com,22.0,feminino,Porto Alegre,RS,2022-03-06,186729.0,4,695.0,3.3,True,2022,3,1,Sunday,Low Value
CUST001649,Cecilia Machado,cecilia.machado@webmail.com,36.0,outro,Maringá,PR,2022-03-07,2799.0,8,2337.0,3.6,True,2022,3,1,Monday,High Value
CUST004659,Maria Flor Ribeiro,maria.flor.ribeiro@email.com,38.0,feminino,Rio Verde,GO,2022-03-07,5824.0,8,132204.0,4.3,True,2022,3,1,Monday,High Value
CUST003359,Anna Liz Lima,anna.liz.lima@provedor.com.br,21.0,feminino,Porto Alegre,RS,2022-03-08,1014.0,4,854.0,2.4,True,2022,3,1,Tuesday,Low Value
CUST001706,Carlos Eduardo Lima,carlos.eduardo.lima@mail.com,35.0,masculino,Campinas,SP,2022-03-08,2654.0,7,2037.0,4.2,True,2022,3,1,Tuesday,High Value
CUST004688,Daniela Rodrigues,daniela.rodrigues@provedor.com.br,18.0,feminino,unknown,RS,2022-03-11,4108.0,5,912.0,5.0,True,2022,3,1,Friday,Low Value
CUST002868,Sra. Milena Pinto,sra..milena.pinto@provedor.com.br,26.0,outro,Brasília,DF,2022-03-11,2137.0,8,1976.0,4.4,True,2022,3,1,Friday,Medium Value
CUST000195,Raquel Pires,raquel.pires@email.com,27.0,feminino,Ribeirão Preto,SP,2022-03-11,2140.0,4,1279.0,4.8,True,2022,3,1,Friday,Low Value
CUST000027,Enrico Martins,enrico.martins@webmail.com,43.0,masculino,Contagem,MG,2022-03-12,2681.0,4,1069.0,4.7,True,2022,3,1,Saturday,Low Value
CUST000746,Vinicius Garcia,vinicius.garcia@email.com,45.0,masculino,Várzea Grande,MT,2022-03-12,3012.0,411,1949.0,4.2,True,2022,3,1,Saturday,Medium Value
CUST001558,Ana Cecília Cassiano,ana.cecilia.cassiano@webmail.com,34.0,feminino,Ribeirão Preto,SP,2022-03-13,1997.0,3,777.0,4.7,True,2022,3,1,Sunday,Low Value
CUST004862,Erick Mendes,erick.mendes@correio.net,31.0,masculino,Fortaleza,CE,2022-03-13,4968.0,7,2160.0,4.0,True,2022,3,1,Sunday,High Value
CUST002707,Sr. Nathan Da Costa,sr..nathan.da.costa@provedor.com.br,40.0,masculino,Campinas,SP,2022-03-14,3229.0,7,1032.0,5.0,True,2022,3,1,Monday,Low Value
CUST003476,Luara Casa Grande,luara.casa.grande@mail.com,40.0,feminino,Ribeirão Preto,SP,2022-03-14,2592.0,689,564.0,3.6,True,2022,3,1,Monday,Low Value
CUST003142,Rodrigo Silveira,rodrigo.silveira@webmail.com,34.0,masculino,Sorocaba,SP,2022-03-14,3669.0,9,2204.0,4.6,True,2022,3,1,Monday,High Value
CUST003428,Maitê Pereira,maite.pereira@webmail.com,36.0,feminino,Goiânia,GO,2022-03-14,5464.0,5,1740.0,5.0,True,2022,3,1,Monday,Medium Value
CUST004507,Dr. Antônio Albuquerque,dr..antonio.albuquerque@correio.net,27.0,masculino,Várzea Grande,MT,2022-03-16,1462.0,5,1193.0,5.0,True,2022,3,1,Wednesday,Low Value
CUST000059,Anna Liz Barros,anna.liz.barros@provedor.com.br,41.0,feminino,Recife,PE,2022-03-16,5202.0,7,2206.0,3.4,True,2022,3,1,Wednesday,High Value
CUST003350,Vitor Hugo Aragão,vitor.hugo.aragao@email.com,21.0,masculino,Campinas,SP,2022-03-17,3146.0,8,1665.0,3.9,True,2022,3,1,Thursday,Medium Value
CUST003004,Cecília Viana,cecilia.viana@provedor.com.br,22.0,feminino,Uberlândia,MG,2022-03-18,5750.0,7,2123.0,3.0,True,2022,3,1,Friday,High Value
CUST001439,Thomas Silveira,thomas.silveira@correio.net,39.0,masculino,Serra,ES,2022-03-18,3069.0,4,893.0,3.4,True,2022,3,1,Friday,Low Value
CUST003778,Henry Sampaio,henry.sampaio@provedor.com.br,63.0,masculino,Uberlândia,MG,2022-03-18,2314.0,7,1289.0,3.3,True,2022,3,1,Friday,Low Value
CUST004133,Camila Lopes,camila.lopes@mail.com,35.0,feminino,Anápolis,GO,2022-03-19,3400.0,8,2780.0,2.7,True,2022,3,1,Saturday,High Value
CUST003711,Sr. Luiz Henrique Câmara,sr..luiz.henrique.camara@webmail.com,34.0,masculino,Porto Alegre,RS,2022-03-19,1855.0,8,2071.0,4.0,True,2022,3,1,Saturday,High Value
CUST004143,Lorena Abreu,lorena.abreu@correio.net,34.0,feminino,Serra,ES,2022-03-20,2137.0,8,1058.0,5.0,True,2022,3,1,Sunday,Low Value
CUST001070,Caleb Guerra,caleb.guerra@provedor.com.br,32.0,masculino,Pelotas,RS,2022-03-20,3511.0,7,1758.0,3.6,True,2022,3,1,Sunday,Medium Value
CUST003363,Melissa Porto,melissa.porto@mail.com,48.0,feminino,unknown,BA,2022-03-20,2742.0,10,1395.0,3.9,True,2022,3,1,Sunday,Medium Value
CUST002886,Alícia Camargo,alicia.camargo@correio.net,28.0,outro,São Paulo,SP,2022-03-21,5370.0,5,1797.0,3.3,True,2022,3,1,Monday,Medium Value
CUST001787,Dr. Levi Sales,dr..levi.sales@provedor.com.br,37.0,masculino,Santos,SP,2022-03-21,1570.0,6,766.0,4.2,True,2022,3,1,Monday,Low Value
CUST003757,Vitória Farias,vitoria.farias@provedor.com.br,42.0,feminino,Caxias do Sul,RS,2022-03-21,3033.0,7,969.0,3.8,True,2022,3,1,Monday,Low Value
CUST002837,Murilo Borges,murilo.borges@email.com,26.0,masculino,Anápolis,GO,2022-03-22,8658.0,6,2446.0,4.4,True,2022,3,1,Tuesday,High Value
CUST002080,Asafe Novais,asafe.novais@provedor.com.br,38.0,masculino,Feira de Santana,BA,2022-03-24,3363.0,7,1788.0,4.3,True,2022,3,1,Thursday,Medium Value
CUST003229,Sr. Ravy Rezende,sr..ravy.rezende@webmail.com,41.0,masculino,Brasília,DF,2022-03-25,3430.0,10,1454.0,3.7,True,2022,3,1,Friday,Medium Value
CUST002537,Kevin Melo,kevin.melo@correio.net,38.0,masculino,Rio de Janeiro,RJ,2022-03-26,3697.0,8,1297.0,4.0,True,2022,3,1,Saturday,Low Value
CUST003760,Sra. Laura Ferreira,sra..laura.ferreira@mail.com,46.0,feminino,Duque de Caxias,RJ,2022-03-26,2835.0,9,1949.0,3.1,True,2022,3,1,Saturday,Medium Value
CUST002111,Melina Barros,melina.barros@mail.com,38.0,outro,Anápolis,GO,2022-03-26,5454.0,7,2502.0,4.0,True,2022,3,1,Saturday,High Value
CUST004172,Yago Nunes,yago.nunes@correio.net,56.0,masculino,Joinville,SC,2022-03-27,3916.0,4,843.0,2.9,True,2022,3,1,Sunday,Low Value
CUST004034,Ana Câmara,ana.camara@correio.net,44.0,feminino,unknown,MG,2022-03-28,2700.0,6,1788.0,5.0,True,2022,3,1,Monday,Medium Value
CUST003496,Lorenzo Sá,lorenzo.sa@email.com,50.0,masculino,Santos,SP,2022-03-29,4512.0,3,1028.0,4.1,True,2022,3,1,Tuesday,Low Value
CUST004839,Lucas Ramos,lucas.ramos@provedor.com.br,43.0,masculino,Maringá,PR,2022-03-31,6406.0,7,1857.0,3.1,True,2022,3,1,Thursday,Medium Value
CUST004355,Isabela Ferreira,isabela.ferreira@provedor.com.br,20.0,feminino,Uberlândia,MG,2022-03-31,1509.0,8,2184.0,4.0,True,2022,3,1,Thursday,High Value
CUST000036,Josué Souza,josue.souza@correio.net,42.0,masculino,Curitiba,PR,2022-03-31,2258.0,6,1057.0,3.6,True,2022,3,1,Thursday,Low Value
CUST001985,Matteo Machado,matteo.machado@correio.net,18.0,masculino,Brasília,DF,2022-03-31,1769.0,5,968.0,4.3,True,2022,3,1,Thursday,Low Value
CUST002037,Ana Liz Pires,ana.liz.pires@provedor.com.br,45.0,feminino,Londrina,PR,2022-04-03,3358.0,9,3508.0,3.0,True,2022,4,2,Sunday,High Value
CUST002128,Srta. Ana Laura Caldeira,srta..ana.laura.caldeira@provedor.com.br,44.0,feminino,Parintins,AM,2022-04-03,1242.0,3,571.0,3.7,True,2022,4,2,Sunday,Low Value
CUST002782,Sr. Otto Cirino,sr..otto.cirino@mail.com,56.0,masculino,Blumenau,SC,2022-04-03,2697.0,6,2118.0,4.1,True,2022,4,2,Sunday,High Value
CUST004333,Maria Laura Andrade,maria.laura.andrade@mail.com,54.0,feminino,Serra,ES,2022-04-05,3842.0,7,1181.0,5.0,True,2022,4,2,Tuesday,Low Value
CUST002978,Luiz Fernando Da Rosa,luiz.fernando.da.rosa@correio.net,40.0,masculino,Rio de Janeiro,RJ,2022-04-05,2471.0,5,928.0,4.0,True,2022,4,2,Tuesday,Low Value
CUST000447,Ana Liz Mendes,ana.liz.mendes@webmail.com,53.0,feminino,Pelotas,RS,2022-04-06,2753.0,5,1009.0,3.8,True,2022,4,2,Wednesday,Low Value
CUST002219,Eduarda Mendes,eduarda.mendes@webmail.com,49.0,feminino,unknown,PR,2022-04-06,3562.0,4,1130.0,3.9,True,2022,4,2,Wednesday,Low Value
CUST002962,Kevin Barros,kevin.barros@provedor.com.br,52.0,outro,Petrópolis,RJ,2022-04-07,5434.0,8,1502.0,3.5,True,2022,4,2,Thursday,Medium Value
CUST001829,Davi Lucas Siqueira,davi.lucas.siqueira@email.com,38.0,outro,Vitória,ES,2022-04-07,2945.0,4,605.0,3.9,True,2022,4,2,Thursday,Low Value
CUST000194,João Guilherme Vargas,joao.guilherme.vargas@provedor.com.br,32.0,masculino,Belém,PA,2022-04-07,1449.0,4,1030.0,3.2,True,2022,4,2,Thursday,Low Value
CUST000534,Srta. Luna Pereira,srta..luna.pereira@webmail.com,31.0,feminino,Sorocaba,SP,2022-04-07,3506.0,4,1225.0,4.6,True,2022,4,2,Thursday,Low Value
CUST002617,Rafael Peixoto,rafael.peixoto@email.com,49.0,masculino,Campinas,SP,2022-04-07,3313.5,9,1654.0,2.5,True,2022,4,2,Thursday,Medium Value
CUST002518,Murilo Pinto,murilo.pinto@provedor.com.br,25.0,masculino,Sorocaba,SP,2022-04-07,6378.0,10,3152.0,3.4,True,2022,4,2,Thursday,High Value
CUST002404,Sr. João Guilherme Aragão,sr..joao.guilherme.aragao@webmail.com,42.0,masculino,Belo Horizonte,MG,2022-04-07,3183.0,11,2164.0,3.3,True,2022,4,2,Thursday,High Value
CUST001402,Sr. Levi Porto,sr..levi.porto@mail.com,56.0,masculino,Porto Alegre,RS,2022-04-08,3948.0,9,2424.0,4.4,True,2022,4,2,Friday,High Value
CUST004258,Bernardo Castro,bernardo.castro@email.com,50.0,masculino,unknown,MT,2022-04-08,2664.0,7,1897.0,4.3,True,2022,4,2,Friday,Medium Value
CUST004789,Camila Brito,camila.brito@mail.com,40.0,feminino,Anápolis,GO,2022-04-08,2648.0,5,798.0,4.3,True,2022,4,2,Friday,Low Value
CUST004655,Ravi Lucca Da Luz,ravi.lucca.da.luz@webmail.com,40.0,masculino,unknown,BA,2022-04-08,1379.0,6,614.0,3.9,True,2022,4,2,Friday,Low Value
CUST003199,Thales Melo,thales.melo@email.com,41.0,masculino,Maringá,PR,2022-04-09,4829.0,11,4335.0,2.4,True,2022,4,2,Saturday,High Value
CUST001249,Diego Vasconcelos,diego.vasconcelos@mail.com,45.0,masculino,Fortaleza,CE,2022-04-09,3641.0,10,1898.0,3.6,True,2022,4,2,Saturday,Medium Value
CUST001332,Lucas Sales,lucas.sales@webmail.com,32.0,masculino,Parintins,AM,2022-04-10,2614.0,2,270.0,4.2,True,2022,4,2,Sunday,Low Value
CUST001593,Maria Julia Rocha,maria.julia.rocha@email.com,28.0,feminino,Caxias do Sul,RS,2022-04-10,1224.0,4,758.0,3.9,True,2022,4,2,Sunday,Low Value
CUST002012,Ravy Almeida,ravy.almeida@email.com,41.0,masculino,Brasília,DF,2022-04-10,2341.0,3,441.0,3.4,True,2022,4,2,Sunday,Low Value
CUST001541,Sr. Mathias Da Costa,sr..mathias.da.costa@email.com,37.0,masculino,Anápolis,GO,2022-04-11,2387.0,3,650.0,4.5,True,2022,4,2,Monday,Low Value
CUST001459,Alexia Carvalho,alexia.carvalho@mail.com,36.0,feminino,Vitória,ES,2022-04-12,2001.0,9,1518.0,3.2,True,2022,4,2,Tuesday,Medium Value
CUST002062,Luiz Henrique Barros,luiz.henrique.barros@webmail.com,51.0,masculino,Olinda,PE,2022-04-12,6068.0,6,1489.0,5.0,True,2022,4,2,Tuesday,Medium Value
CUST001032,Zoe Sales,zoe.sales@mail.com,51.0,feminino,Vitória da Conquista,BA,2022-04-12,3366.5,9,2316.0,3.3,True,2022,4,2,Tuesday,High Value
CUST001180,Marcelo Marques,marcelo.marques@correio.net,45.0,masculino,Duque de Caxias,RJ,2022-04-12,1763.0,3,776.0,3.5,True,2022,4,2,Tuesday,Low Value
CUST004702,Luigi Montenegro,luigi.montenegro@email.com,49.0,masculino,Ribeirão Preto,SP,2022-04-13,2531.0,4,860.0,4.0,True,2022,4,2,Wednesday,Low Value
CUST004938,Maria Flor Araújo,maria.flor.araujo@email.com,18.0,feminino,São Paulo,SP,2022-04-14,1816.0,9,1804.0,4.4,True,2022,4,2,Thursday,Medium Value
CUST004632,Caleb Cirino,caleb.cirino@webmail.com,19.0,masculino,Sobral,CE,2022-04-14,3488.0,9,2545.0,3.8,True,2022,4,2,Thursday,High Value
CUST001341,Hadassa Jesus,hadassa.jesus@provedor.com.br,42.0,feminino,São Paulo,SP,2022-04-14,3916.0,4,1449.0,4.2,True,2022,4,2,Thursday,Medium Value
CUST003896,Fernanda Barbosa,fernanda.barbosa@mail.com,46.0,feminino,Uberlândia,MG,2022-04-14,4059.0,501,2663.0,5.0,True,2022,4,2,Thursday,High Value
CUST004757,Benicio Freitas,benicio.freitas@correio.net,39.0,masculino,Campinas,SP,2022-04-14,2357.0,6,1446.0,3.1,True,2022,4,2,Thursday,Medium Value
CUST001520,Sr. João Guilherme Gonçalves,sr..joao.guilherme.goncalves@mail.com,55.0,masculino,Pelotas,RS,2022-04-14,3208.0,10,1552.0,4.1,True,2022,4,2,Thursday,Medium Value
CUST001330,Kamilly Guerra,kamilly.guerra@correio.net,51.0,feminino,Serra,ES,2022-04-15,2594.0,6,1092.0,5.0,True,2022,4,2,Friday,Low Value
CUST002311,Dra. Maria Júlia Martins,dra..maria.julia.martins@correio.net,46.0,feminino,Várzea Grande,MT,2022-04-15,3033.0,10,1851.0,2.7,True,2022,4,2,Friday,Medium Value
CUST000494,Dr. Augusto Câmara,dr..augusto.camara@webmail.com,18.0,masculino,Santos,SP,2022-04-16,2282.0,9,2415.0,2.5,True,2022,4,2,Saturday,High Value
CUST003983,Davi Lucas Da Mata,davi.lucas.da.mata@webmail.com,36.0,masculino,Santos,SP,2022-04-16,2643.0,4,824.0,4.0,True,2022,4,2,Saturday,Low Value
CUST000834,Dra. Ísis Lima,dra..isis.lima@provedor.com.br,51.0,feminino,Campinas,SP,2022-04-16,5363.0,8,1969.0,3.3,True,2022,4,2,Saturday,Medium Value
CUST001354,Felipe Melo,felipe.melo@email.com,44.0,masculino,Duque de Caxias,RJ,2022-04-17,3832.0,5,1278.0,3.7,True,2022,4,2,Sunday,Low Value
CUST003147,Dr. Leonardo Pacheco,dr..leonardo.pacheco@mail.com,26.0,masculino,unknown,BA,2022-04-18,5072.0,7,1803.0,3.2,True,2022,4,2,Monday,Medium Value
CUST001528,Srta. Sarah Nogueira,srta..sarah.nogueira@provedor.com.br,49.0,feminino,Ananindeua,PA,2022-04-19,4776.0,8,1345.0,4.2,True,2022,4,2,Tuesday,Medium Value
CUST001965,Hellena Cunha,hellena.cunha@mail.com,43.0,feminino,Sorocaba,SP,2022-04-20,4218.0,10,2441.0,5.0,True,2022,4,2,Wednesday,High Value
CUST000137,Asafe Fogaça,asafe.fogaca@provedor.com.br,38.0,masculino,Belém,PA,2022-04-20,4468.0,8,2331.0,5.0,True,2022,4,2,Wednesday,High Value
CUST000625,Antonella Siqueira,antonella.siqueira@correio.net,52.0,feminino,Caxias do Sul,RS,2022-04-21,3175.0,0,0.0,4.0,True,2022,4,2,Thursday,Low Value
CUST001036,Luiz Henrique Albuquerque,luiz.henrique.albuquerque@webmail.com,41.0,masculino,Contagem,MG,2022-04-21,3505.0,4,614.0,3.3,True,2022,4,2,Thursday,Low Value
CUST001543,Sr. Mateus Gomes,sr..mateus.gomes@provedor.com.br,26.0,masculino,unknown,CE,2022-04-21,3435.0,5,1235.0,4.1,True,2022,4,2,Thursday,Low Value
CUST003780,Gabrielly Almeida,gabrielly.almeida@email.com,60.0,feminino,unknown,SP,2022-04-22,3029.0,9,2589.0,4.9,True,2022,4,2,Friday,High Value
CUST003405,Alana Cavalcante,alana.cavalcante@provedor.com.br,53.0,feminino,São Paulo,SP,2022-04-23,6616.0,11,2933.0,3.2,True,2022,4,2,Saturday,High Value
CUST000021,Carlos Eduardo Garcia,carlos.eduardo.garcia@mail.com,60.0,masculino,Sorocaba,SP,2022-04-23,4503.0,10,2558.0,5.0,True,2022,4,2,Saturday,High Value
CUST000893,Benicio Teixeira,benicio.teixeira@correio.net,34.0,masculino,Sorocaba,SP,2022-04-25,2397.0,9,2789.0,4.0,True,2022,4,2,Monday,High Value
CUST003376,Davi Luiz Silva,davi.luiz.silva@mail.com,27.0,masculino,Manaus,AM,2022-04-25,2047.0,8,986.0,3.0,True,2022,4,2,Monday,Low Value
CUST000671,Emilly Vargas,emilly.vargas@webmail.com,29.0,feminino,Vitória da Conquista,BA,2022-04-26,3009.0,4,1157.0,3.2,True,2022,4,2,Tuesday,Low Value
CUST001423,Heloísa Câmara,heloisa.camara@mail.com,38.0,feminino,Sorocaba,SP,2022-04-26,2697.0,1,257.0,4.7,True,2022,4,2,Tuesday,Low Value
CUST003431,Dr. Marcos Vinicius Pimenta,dr..marcos.vinicius.pimenta@webmail.com,37.0,outro,São Paulo,SP,2022-04-27,2572.0,6,1405.0,3.5,True,2022,4,2,Wednesday,Medium Value
CUST004960,Antony Nunes,antony.nunes@correio.net,68.0,masculino,Anápolis,GO,2022-04-29,4983.0,7,1384.0,3.2,True,2022,4,2,Friday,Medium Value
CUST000727,Sophie Carvalho,sophie.carvalho@correio.net,41.0,feminino,Londrina,PR,2022-04-29,3802.0,7,1792.0,4.0,True,2022,4,2,Friday,Medium Value
CUST002306,Luara Moura,luara.moura@webmail.com,19.0,feminino,Cuiabá,MT,2022-04-29,1999.0,6,1273.0,3.6,True,2022,4,2,Friday,Low Value
CUST000507,Nathan Almeida,nathan.almeida@webmail.com,36.0,masculino,Niterói,RJ,2022-04-30,3372.0,6,1329.0,5.0,True,2022,4,2,Saturday,Medium Value
CUST004646,Luiz Gustavo Pacheco,luiz.gustavo.pacheco@correio.net,30.0,masculino,Salvador,BA,2022-04-30,2609.0,4,1085.0,4.3,True,2022,4,2,Saturday,Low Value
CUST003146,Maya Moraes,maya.moraes@email.com,37.0,feminino,Campinas,SP,2022-05-01,4670.0,14,3276.0,3.5,True,2022,5,2,Sunday,High Value
CUST004463,Srta. Letícia Da Conceição,srta..leticia.da.conceicao@correio.net,37.0,feminino,unknown,CE,2022-05-01,1960.0,8,1756.0,4.7,True,2022,5,2,Sunday,Medium Value
CUST002002,Apollo Vargas,apollo.vargas@correio.net,30.0,masculino,São Paulo,SP,2022-05-02,4909.0,13,4495.0,3.9,True,2022,5,2,Monday,High Value
CUST003903,Sra. Aylla Andrade,sra..aylla.andrade@email.com,47.0,feminino,Pelotas,RS,2022-05-03,3642.0,7,398.0,3.7,True,2022,5,2,Tuesday,Low Value
CUST001785,Matteo Rodrigues,matteo.rodrigues@correio.net,70.0,masculino,Belo Horizonte,MG,2022-05-05,2740.0,7,176066.0,4.2,True,2022,5,2,Thursday,High Value
CUST000490,Maria Vitória Da Mata,maria.vitoria.da.mata@mail.com,45.0,feminino,Duque de Caxias,RJ,2022-05-05,2997.0,7,1337.0,2.8,True,2022,5,2,Thursday,Medium Value
CUST000763,Isabella Da Cruz,isabella.da.cruz@webmail.com,38.0,feminino,Niterói,RJ,2022-05-05,7984.0,5,1870.0,5.0,True,2022,5,2,Thursday,Medium Value
CUST004669,Olívia Da Cruz,olivia.da.cruz@correio.net,30.0,feminino,Porto Alegre,RS,2022-05-06,4586.0,6,1322.0,3.7,True,2022,5,2,Friday,Medium Value
CUST000570,Otto Castro,otto.castro@email.com,38.0,masculino,Maringá,PR,2022-05-07,1722.0,5,1006.0,3.9,True,2022,5,2,Saturday,Low Value
CUST004722,Lucas Gabriel Nascimento,lucas.gabriel.nascimento@mail.com,28.0,masculino,Caxias do Sul,RS,2022-05-07,3448.0,6,2033.0,4.0,True,2022,5,2,Saturday,High Value
CUST002790,José Miguel Barbosa,jose.miguel.barbosa@correio.net,46.0,masculino,Ananindeua,PA,2022-05-08,6932.0,9,3467.0,4.5,True,2022,5,2,Sunday,High Value
CUST002807,Eloah Dias,eloah.dias@webmail.com,24.0,feminino,Feira de Santana,BA,2022-05-08,2732.0,7,1603.0,4.7,True,2022,5,2,Sunday,Medium Value
CUST004300,João Vitor Rezende,joao.vitor.rezende@email.com,54.0,masculino,Recife,PE,2022-05-09,5361.0,9,1627.0,4.2,True,2022,5,2,Monday,Medium Value
CUST000596,Isaque Silva,isaque.silva@webmail.com,24.0,masculino,Anápolis,GO,2022-05-09,4867.0,4,912.0,4.4,True,2022,5,2,Monday,Low Value
CUST000497,José Miguel Da Rocha,jose.miguel.da.rocha@email.com,67.0,masculino,Ribeirão Preto,SP,2022-05-09,8359.0,5,2031.0,4.1,True,2022,5,2,Monday,High Value
CUST003028,João Guilherme Viana,joao.guilherme.viana@webmail.com,35.0,masculino,Rio de Janeiro,RJ,2022-05-09,2526.0,2,332.0,3.3,True,2022,5,2,Monday,Low Value
CUST002778,João Pedro Souza,joao.pedro.souza@correio.net,40.0,outro,Olinda,PE,2022-05-10,2029.0,7,1758.0,4.5,True,2022,5,2,Tuesday,Medium Value
CUST003204,Mariana Garcia,mariana.garcia@webmail.com,47.0,feminino,Duque de Caxias,RJ,2022-05-10,3892.0,5,1274.0,4.0,True,2022,5,2,Tuesday,Low Value
CUST002482,Clara Monteiro,clara.monteiro@provedor.com.br,45.0,feminino,Juazeiro do Norte,CE,2022-05-11,1808.0,5,975.0,4.7,True,2022,5,2,Wednesday,Low Value
CUST001556,Jade Abreu,jade.abreu@correio.net,27.0,feminino,Maringá,PR,2022-05-11,1831.0,8,1790.0,4.0,True,2022,5,2,Wednesday,Medium Value
CUST003691,Sr. Enzo Macedo,sr..enzo.macedo@correio.net,58.0,masculino,Sorocaba,SP,2022-05-11,3153.0,5,1330.0,3.9,True,2022,5,2,Wednesday,Medium Value
CUST000201,Sr. Heitor Azevedo,sr..heitor.azevedo@mail.com,50.0,masculino,Niterói,RJ,2022-05-11,5281.0,3,729.0,3.0,True,2022,5,2,Wednesday,Low Value
CUST003293,Catarina Duarte,catarina.duarte@mail.com,53.0,feminino,São Paulo,SP,2022-05-11,3438.0,5,1596.0,4.0,True,2022,5,2,Wednesday,Medium Value
CUST003315,Eloah Silveira,eloah.silveira@provedor.com.br,46.0,feminino,Porto Alegre,RS,2022-05-12,3028.0,7,1768.0,4.5,True,2022,5,2,Thursday,Medium Value
CUST002387,Ana Cecília Carvalho,ana.cecilia.carvalho@mail.com,29.0,feminino,Ananindeua,PA,2022-05-12,1482.0,9,2056.0,3.2,True,2022,5,2,Thursday,High Value
CUST004663,Maitê Ramos,maite.ramos@provedor.com.br,48.0,feminino,Goiânia,GO,2022-05-14,3276.0,5,1214.0,3.3,True,2022,5,2,Saturday,Low Value
CUST000347,Samuel Cassiano,samuel.cassiano@correio.net,43.0,masculino,Santos,SP,2022-05-14,1585.0,4,278.0,4.0,True,2022,5,2,Saturday,Low Value
CUST004096,Dr. João Pedro Siqueira,dr..joao.pedro.siqueira@correio.net,63.0,masculino,Niterói,RJ,2022-05-14,7040.0,10,3402.0,4.0,True,2022,5,2,Saturday,High Value
CUST001514,Srta. Marina Pacheco,srta..marina.pacheco@correio.net,30.0,feminino,Recife,PE,2022-05-14,6941.0,8,3681.0,3.5,True,2022,5,2,Saturday,High Value
CUST001690,Sophia Da Luz,sophia.da.luz@correio.net,58.0,outro,Juazeiro do Norte,CE,2022-05-14,3078.0,5,1686.0,3.2,True,2022,5,2,Saturday,Medium Value
CUST001631,Dr. Rhavi Martins,dr..rhavi.martins@correio.net,43.0,masculino,Sobral,CE,2022-05-14,3602.0,2,546.0,4.4,True,2022,5,2,Saturday,Low Value
CUST001996,Valentina Da Cruz,valentina.da.cruz@provedor.com.br,38.0,feminino,Pelotas,RS,2022-05-16,196868.0,5,1246.0,4.2,True,2022,5,2,Monday,Low Value
CUST001602,Hellena Carvalho,hellena.carvalho@webmail.com,56.0,feminino,Florianópolis,SC,2022-05-17,4442.0,4,1017.0,4.0,True,2022,5,2,Tuesday,Low Value
CUST003946,Igor Brito,igor.brito@webmail.com,53.0,masculino,Anápolis,GO,2022-05-17,2989.0,11,2683.0,4.0,True,2022,5,2,Tuesday,High Value
CUST004692,Dr. Heitor Melo,dr..heitor.melo@email.com,26.0,masculino,Fortaleza,CE,2022-05-17,3701.0,9,2468.0,3.2,True,2022,5,2,Tuesday,High Value
CUST004812,Maria Eduarda Almeida,maria.eduarda.almeida@email.com,22.0,feminino,Santos,SP,2022-05-18,2162.0,5,1186.0,4.9,True,2022,5,2,Wednesday,Low Value
CUST000712,Davi Luiz Da Luz,davi.luiz.da.luz@mail.com,40.0,masculino,Sorocaba,SP,2022-05-18,1818.0,2,389.0,4.1,True,2022,5,2,Wednesday,Low Value
CUST004321,Dr. Henrique Sá,dr..henrique.sa@provedor.com.br,38.0,outro,Ribeirão Preto,SP,2022-05-18,2631.0,9,1188.0,4.4,True,2022,5,2,Wednesday,Low Value
CUST004633,Srta. Ester Dias,srta..ester.dias@email.com,38.0,feminino,Porto Alegre,RS,2022-05-19,4936.0,5,1567.0,3.5,True,2022,5,2,Thursday,Medium Value
CUST004744,Natália Sales,natalia.sales@email.com,50.0,feminino,Porto Alegre,RS,2022-05-19,4639.0,11,2749.0,4.0,True,2022,5,2,Thursday,High Value
CUST002647,Maria Flor Macedo,maria.flor.macedo@mail.com,26.0,feminino,Porto Alegre,RS,2022-05-20,3380.0,10,2473.0,4.3,True,2022,5,2,Friday,High Value
CUST002659,Dr. João Miguel Duarte,dr..joao.miguel.duarte@webmail.com,43.0,masculino,Petrópolis,RJ,2022-05-20,3285.0,10,3017.0,5.0,True,2022,5,2,Friday,High Value
CUST003974,Luiz Felipe Mendes,luiz.felipe.mendes@provedor.com.br,49.0,masculino,Santos,SP,2022-05-20,6106.0,5,1584.0,4.2,True,2022,5,2,Friday,Medium Value
CUST004340,Arthur Miguel Fogaça,arthur.miguel.fogaca@correio.net,28.0,masculino,São Paulo,SP,2022-05-22,3313.5,6,810.0,4.5,True,2022,5,2,Sunday,Low Value
CUST004948,Joana Novais,joana.novais@provedor.com.br,32.0,feminino,unknown,SP,2022-05-23,3150.0,5,746.0,4.2,True,2022,5,2,Monday,Low Value
CUST003230,Dom Gonçalves,dom.goncalves@email.com,51.0,masculino,Santos,SP,2022-05-23,3469.0,10,2490.0,3.5,True,2022,5,2,Monday,High Value
CUST003485,Sra. Ana Liz Farias,sra..ana.liz.farias@correio.net,49.0,feminino,Brasília,DF,2022-05-23,3040.0,6,1375.0,3.9,True,2022,5,2,Monday,Medium Value
CUST004157,Isis Carvalho,isis.carvalho@correio.net,52.0,feminino,Joinville,SC,2022-05-23,4636.0,8,1922.0,4.4,True,2022,5,2,Monday,Medium Value
CUST001477,Calebe Lopes,calebe.lopes@mail.com,46.0,masculino,Pelotas,RS,2022-05-23,2956.0,6,1900.0,5.0,True,2022,5,2,Monday,Medium Value
CUST003693,Maria Liz Pereira,maria.liz.pereira@email.com,38.0,feminino,Olinda,PE,2022-05-23,2293.0,8,2316.0,5.0,True,2022,5,2,Monday,High Value
CUST004144,Luiz Gustavo Ribeiro,luiz.gustavo.ribeiro@correio.net,27.0,masculino,Porto Alegre,RS,2022-05-24,3448.0,4,985.0,4.6,True,2022,5,2,Tuesday,Low Value
CUST004587,Isabella Novais,isabella.novais@email.com,53.0,feminino,Niterói,RJ,2022-05-24,2310.0,8,1416.0,3.4,True,2022,5,2,Tuesday,Medium Value
CUST001133,Dra. Ana Luiza Das Neves,dra..ana.luiza.das.neves@provedor.com.br,18.0,feminino,Goiânia,GO,2022-05-24,5754.0,8,2049.0,2.9,True,2022,5,2,Tuesday,High Value
CUST003694,Gabrielly Cirino,gabrielly.cirino@mail.com,44.0,feminino,Várzea Grande,MT,2022-05-24,3418.0,7,1287.0,2.5,True,2022,5,2,Tuesday,Low Value
CUST003121,Sr. Brayan Vasconcelos,sr..brayan.vasconcelos@webmail.com,32.0,outro,Niterói,RJ,2022-05-25,3093.0,2,377.0,3.1,True,2022,5,2,Wednesday,Low Value
CUST004442,Sr. Luiz Gustavo Barros,sr..luiz.gustavo.barros@email.com,57.0,masculino,Juiz de Fora,MG,2022-05-25,3638.0,6,1406.0,4.0,True,2022,5,2,Wednesday,Medium Value
CUST003520,Sr. Fernando Gomes,sr..fernando.gomes@provedor.com.br,46.0,masculino,Niterói,RJ,2022-05-25,4348.0,7,1835.0,3.9,True,2022,5,2,Wednesday,Medium Value
CUST004850,Leandro Melo,leandro.melo@webmail.com,20.0,masculino,Fortaleza,CE,2022-05-26,1693.0,10,1056.0,3.7,True,2022,5,2,Thursday,Low Value
CUST000827,Melissa Garcia,melissa.garcia@provedor.com.br,38.0,feminino,Santos,SP,2022-05-27,2060.0,4,699.0,3.8,True,2022,5,2,Friday,Low Value
CUST005050,Jade Abreu,jade.abreu@email.com,28.0,feminino,Maringá,PR,2022-05-29,1922.0,6,1715.0,3.9,True,2022,5,2,Sunday,Medium Value
CUST003357,Erick Pastor,erick.pastor@email.com,54.0,outro,Petrópolis,RJ,2022-05-29,6786.0,10,2761.0,4.3,True,2022,5,2,Sunday,High Value
CUST000619,Ana Julia Rezende,ana.julia.rezende@mail.com,47.0,feminino,unknown,RJ,2022-05-29,220764.0,10,2557.0,4.3,True,2022,5,2,Sunday,High Value
CUST001843,Ágatha Da Mata,agatha.da.mata@webmail.com,21.0,feminino,Caxias do Sul,RS,2022-05-29,2451.0,3,723.0,4.4,True,2022,5,2,Sunday,Low Value
CUST001182,Matteo Barbosa,matteo.barbosa@webmail.com,39.0,masculino,Juazeiro do Norte,CE,2022-05-31,3385.0,6,1845.0,5.0,True,2022,5,2,Tuesday,Medium Value
CUST003655,Maria Luísa Moura,maria.luisa.moura@provedor.com.br,23.0,feminino,Brasília,DF,2022-05-31,2233.0,9,1714.0,5.0,True,2022,5,2,Tuesday,Medium Value
CUST004150,João Vitor Câmara,joao.vitor.camara@email.com,39.0,masculino,Brasília,DF,2022-06-01,3586.0,8,2085.0,3.7,True,2022,6,2,Wednesday,High Value
CUST004550,Laís Silveira,lais.silveira@webmail.com,38.0,feminino,Curitiba,PR,2022-06-01,2608.0,5,1182.0,3.7,True,2022,6,2,Wednesday,Low Value
CUST004754,Gael Oliveira,gael.oliveira@webmail.com,39.0,masculino,Ribeirão Preto,SP,2022-06-02,5288.0,5,1651.0,4.3,True,2022,6,2,Thursday,Medium Value
CUST002286,José Cardoso,jose.cardoso@webmail.com,46.0,masculino,Londrina,PR,2022-06-03,1198.0,4,1179.0,4.0,True,2022,6,2,Friday,Low Value
CUST001246,Guilherme Cardoso,guilherme.cardoso@correio.net,27.0,masculino,Salvador,BA,2022-06-03,3932.0,7,1550.0,4.2,True,2022,6,2,Friday,Medium Value
CUST001108,Levi Vieira,levi.vieira@provedor.com.br,37.0,masculino,Fortaleza,CE,2022-06-03,4841.0,9,3040.0,4.8,True,2022,6,2,Friday,High Value
CUST001301,Melissa Aparecida,melissa.aparecida@mail.com,28.0,feminino,Brasília,DF,2022-06-04,2734.0,8,1995.0,3.3,True,2022,6,2,Saturday,Medium Value
CUST001417,Ana Clara Da Rosa,ana.clara.da.rosa@correio.net,46.0,feminino,Campinas,SP,2022-06-05,2173.0,6,1104.0,3.2,True,2022,6,2,Sunday,Low Value
CUST005013,Benicio Freitas,benicio.freitas@mail.com,40.0,masculino,Campinas,SP,2022-06-06,2289.0,7,1408.0,3.1,True,2022,6,2,Monday,Medium Value
CUST002242,Luiz Henrique Camargo,luiz.henrique.camargo@email.com,42.0,masculino,Maringá,PR,2022-06-06,3358.0,4,595.0,4.4,True,2022,6,2,Monday,Low Value
CUST001800,Isabela Novais,isabela.novais@correio.net,41.0,feminino,Caruaru,PE,2022-06-07,1882.0,6,901.0,3.7,True,2022,6,2,Tuesday,Low Value
CUST000077,Olívia Da Cruz,olivia.da.cruz@correio.net,42.0,feminino,Brasília,DF,2022-06-07,4146.0,7,1803.0,5.0,True,2022,6,2,Tuesday,Medium Value
CUST001820,Sr. Enzo Porto,sr..enzo.porto@email.com,32.0,masculino,Santos,SP,2022-06-08,1720.0,8,960.0,5.0,True,2022,6,2,Wednesday,Low Value
CUST004073,Renan Ribeiro,renan.ribeiro@email.com,34.0,masculino,unknown,SP,2022-06-08,6486.0,5,1889.0,4.0,True,2022,6,2,Wednesday,Medium Value
CUST001982,Asafe Dias,asafe.dias@email.com,61.0,masculino,Vila Velha,ES,2022-06-08,4138.0,3,728.0,4.0,True,2022,6,2,Wednesday,Low Value
CUST000511,Maria Liz Moura,maria.liz.moura@provedor.com.br,18.0,feminino,Joinville,SC,2022-06-09,2789.0,7,2020.0,2.9,True,2022,6,2,Thursday,Medium Value
CUST001195,Emanuel Rodrigues,emanuel.rodrigues@provedor.com.br,40.0,masculino,São Paulo,SP,2022-06-09,4578.0,5,1249.0,4.0,True,2022,6,2,Thursday,Low Value
CUST004782,Milena Rocha,milena.rocha@provedor.com.br,19.0,feminino,Manaus,AM,2022-06-09,1604.0,6,1533.0,4.3,True,2022,6,2,Thursday,Medium Value
CUST003240,Sr. Theo Ribeiro,sr..theo.ribeiro@correio.net,35.0,masculino,Duque de Caxias,RJ,2022-06-10,2150.0,10,2560.0,4.7,True,2022,6,2,Friday,High Value
CUST000237,Sra. Bárbara Vieira,sra..barbara.vieira@email.com,47.0,feminino,Rio Verde,GO,2022-06-11,3977.0,5,959.0,5.0,True,2022,6,2,Saturday,Low Value
CUST001293,Pietra Costa,pietra.costa@mail.com,45.0,outro,Ananindeua,PA,2022-06-11,5265.0,8,2066.0,3.9,True,2022,6,2,Saturday,High Value
CUST003826,Caleb Das Neves,caleb.das.neves@provedor.com.br,31.0,masculino,Vila Velha,ES,2022-06-15,1993.0,9,1973.0,3.9,True,2022,6,2,Wednesday,Medium Value
CUST004737,Lunna Da Rosa,lunna.da.rosa@webmail.com,38.0,feminino,Manaus,AM,2022-06-15,1838.0,7,1623.0,4.0,True,2022,6,2,Wednesday,Medium Value
CUST003351,Isadora Rodrigues,isadora.rodrigues@provedor.com.br,35.0,outro,São Paulo,SP,2022-06-15,5523.0,5,1559.0,4.0,True,2022,6,2,Wednesday,Medium Value
CUST003982,Cecilia Câmara,cecilia.camara@mail.com,34.0,feminino,Petrópolis,RJ,2022-06-15,7055.0,6,2548.0,5.0,True,2022,6,2,Wednesday,High Value
CUST000392,Srta. Isis Rocha,srta..isis.rocha@webmail.com,32.0,feminino,Uberlândia,MG,2022-06-16,3755.0,6,1627.0,3.3,True,2022,6,2,Thursday,Medium Value
CUST003715,Dra. Maria Helena Rezende,dra..maria.helena.rezende@webmail.com,26.0,feminino,Caruaru,PE,2022-06-16,2463.0,5,963.0,4.8,True,2022,6,2,Thursday,Low Value
CUST002612,Daniel Moreira,daniel.moreira@mail.com,33.0,masculino,Florianópolis,SC,2022-06-16,2259.0,4,1191.0,4.4,True,2022,6,2,Thursday,Low Value
CUST004259,Breno Nascimento,breno.nascimento@correio.net,41.0,masculino,Sobral,CE,2022-06-16,4181.0,8,1965.0,4.3,True,2022,6,2,Thursday,Medium Value
CUST000499,Pedro Cavalcanti,pedro.cavalcanti@email.com,32.0,masculino,São Paulo,SP,2022-06-16,5722.0,5,1710.0,3.1,True,2022,6,2,Thursday,Medium Value
CUST002042,Vicente Rocha,vicente.rocha@webmail.com,55.0,masculino,unknown,CE,2022-06-17,3631.0,7,1364.0,4.4,True,2022,6,2,Friday,Medium Value
CUST001596,Dra. Ana Clara Sampaio,dra..ana.clara.sampaio@email.com,30.0,feminino,Curitiba,PR,2022-06-17,2408.0,9,2214.0,3.8,True,2022,6,2,Friday,High Value
CUST001191,Levi Jesus,levi.jesus@mail.com,43.0,masculino,Caruaru,PE,2022-06-17,2655.0,3,621.0,2.8,True,2022,6,2,Friday,Low Value
CUST000748,Luigi Nogueira,luigi.nogueira@webmail.com,32.0,masculino,Caxias do Sul,RS,2022-06-17,3386.0,4,1066.0,4.5,True,2022,6,2,Friday,Low Value
CUST001235,Srta. Hellena Oliveira,srta..hellena.oliveira@webmail.com,23.0,feminino,São Paulo,SP,2022-06-17,4444.0,9,1375.0,4.5,True,2022,6,2,Friday,Medium Value
CUST001851,Luiz Otávio Jesus,luiz.otavio.jesus@provedor.com.br,54.0,outro,Sorocaba,SP,2022-06-18,3434.0,9,1469.0,2.9,True,2022,6,2,Saturday,Medium Value
CUST003263,Mathias Costela,mathias.costela@mail.com,28.0,masculino,Salvador,BA,2022-06-19,4706.0,7,1588.0,4.5,True,2022,6,2,Sunday,Medium Value
CUST001396,Vitória Da Rosa,vitoria.da.rosa@email.com,49.0,feminino,São Paulo,SP,2022-06-19,2713.0,7,2467.0,3.2,True,2022,6,2,Sunday,High Value
CUST003442,Raquel Guerra,raquel.guerra@mail.com,51.0,feminino,Joinville,SC,2022-06-19,5776.0,10,3129.0,5.0,True,2022,6,2,Sunday,High Value
CUST003953,Yago Barros,yago.barros@email.com,59.0,masculino,Campinas,SP,2022-06-20,2462.0,7,1866.0,2.7,True,2022,6,2,Monday,Medium Value
CUST001940,Sr. Luiz Miguel Novais,sr..luiz.miguel.novais@email.com,28.0,masculino,Campinas,SP,2022-06-20,4584.0,10,2567.0,3.7,True,2022,6,2,Monday,High Value
CUST004184,Daniela Da Rosa,daniela.da.rosa@mail.com,45.0,feminino,Joinville,SC,2022-06-20,4142.0,12,4049.0,3.7,True,2022,6,2,Monday,High Value
CUST004576,Matheus Farias,matheus.farias@correio.net,27.0,masculino,Campinas,SP,2022-06-20,4962.0,5,2059.0,3.9,True,2022,6,2,Monday,High Value
CUST001117,Ana Sophia Moura,ana.sophia.moura@webmail.com,38.0,outro,Joinville,SC,2022-06-20,2530.0,5,1360.0,2.8,True,2022,6,2,Monday,Medium Value
CUST001188,Guilherme Carvalho,guilherme.carvalho@correio.net,42.0,masculino,Fortaleza,CE,2022-06-20,4922.0,2,582.0,4.2,True,2022,6,2,Monday,Low Value
CUST003415,Gael Da Luz,gael.da.luz@email.com,51.0,masculino,Belém,PA,2022-06-21,6371.0,9,3537.0,5.0,True,2022,6,2,Tuesday,High Value
CUST003822,Ana Beatriz Da Costa,ana.beatriz.da.costa@email.com,18.0,feminino,Vila Velha,ES,2022-06-22,2866.0,3,496.0,4.5,True,2022,6,2,Wednesday,Low Value
CUST003296,Sr. Pedro Lucas Carvalho,sr..pedro.lucas.carvalho@provedor.com.br,55.0,masculino,Vitória da Conquista,BA,2022-06-22,4431.0,11,1975.0,3.8,True,2022,6,2,Wednesday,Medium Value
CUST003829,Luara Sá,luara.sa@provedor.com.br,18.0,feminino,Sobral,CE,2022-06-22,942.0,9,1821.0,5.0,True,2022,6,2,Wednesday,Medium Value
CUST004061,Sophie Dias,sophie.dias@provedor.com.br,37.0,feminino,Anápolis,GO,2022-06-22,3252.0,10,226560.0,3.1,True,2022,6,2,Wednesday,High Value
CUST004961,Ana Beatriz Montenegro,ana.beatriz.montenegro@mail.com,39.0,outro,Ribeirão Preto,SP,2022-06-23,1490.0,6,148465.0,4.0,True,2022,6,2,Thursday,High Value
CUST000559,Dr. Davi Lucca Peixoto,dr..davi.lucca.peixoto@email.com,40.0,masculino,Vitória,ES,2022-06-23,3533.0,5,1197.0,5.0,True,2022,6,2,Thursday,Low Value
CUST001316,Otávio Barros,otavio.barros@mail.com,43.0,masculino,Ribeirão Preto,SP,2022-06-23,2217.0,4,1252.0,4.8,True,2022,6,2,Thursday,Low Value
CUST002464,Ana Cecília Fonseca,ana.cecilia.fonseca@webmail.com,24.0,feminino,Brasília,DF,2022-06-23,1636.0,2,418.0,3.8,True,2022,6,2,Thursday,Low Value
CUST003269,Diego Machado,diego.machado@correio.net,18.0,outro,Vila Velha,ES,2022-06-24,4331.0,13,4134.0,2.1,True,2022,6,2,Friday,High Value
CUST001286,Carlos Eduardo Farias,carlos.eduardo.farias@webmail.com,44.0,masculino,Ribeirão Preto,SP,2022-06-24,2213.0,10,2640.0,4.4,True,2022,6,2,Friday,High Value
CUST002660,Arthur Pastor,arthur.pastor@mail.com,28.0,masculino,Joinville,SC,2022-06-25,3088.0,7,1643.0,3.8,True,2022,6,2,Saturday,Medium Value
CUST002236,Luiza Da Rosa,luiza.da.rosa@provedor.com.br,38.0,feminino,Vitória,ES,2022-06-25,1722.0,3,552.0,3.7,True,2022,6,2,Saturday,Low Value
CUST002941,Maria Cecília Pires,maria.cecilia.pires@webmail.com,38.0,feminino,Niterói,RJ,2022-06-25,3115.0,6,2015.0,3.7,True,2022,6,2,Saturday,Medium Value
CUST001200,José Pedro Cavalcanti,jose.pedro.cavalcanti@email.com,46.0,masculino,Cuiabá,MT,2022-06-26,2047.0,5,1285.0,5.0,True,2022,6,2,Sunday,Low Value
CUST004081,Maria Helena Siqueira,maria.helena.siqueira@provedor.com.br,51.0,feminino,unknown,SP,2022-06-26,4919.0,5,1032.0,4.0,True,2022,6,2,Sunday,Low Value
CUST004338,Melina Martins,melina.martins@mail.com,43.0,feminino,Sorocaba,SP,2022-06-27,2569.0,6,1487.0,4.2,True,2022,6,2,Monday,Medium Value
CUST001869,Rael Da Mata,rael.da.mata@mail.com,28.0,masculino,Belo Horizonte,MG,2022-06-28,1994.0,3,377.0,3.2,True,2022,6,2,Tuesday,Low Value
CUST000651,Laura Sales,laura.sales@email.com,43.0,feminino,Niterói,RJ,2022-06-28,4603.0,6,1966.0,3.7,True,2022,6,2,Tuesday,Medium Value
CUST002327,Breno Porto,breno.porto@webmail.com,22.0,masculino,Londrina,PR,2022-06-28,1407.0,10,2168.0,3.0,True,2022,6,2,Tuesday,High Value
CUST000181,Brayan Marques,brayan.marques@provedor.com.br,38.0,masculino,Santos,SP,2022-06-30,4534.0,10,2404.0,3.9,True,2022,6,2,Thursday,High Value
CUST004401,Ana Sophia Cardoso,ana.sophia.cardoso@mail.com,41.0,feminino,Pelotas,RS,2022-06-30,3397.0,5,700.0,2.9,True,2022,6,2,Thursday,Low Value
CUST002743,Mathias Albuquerque,mathias.albuquerque@mail.com,37.0,masculino,Sobral,CE,2022-06-30,3267.0,10,3313.0,4.4,True,2022,6,2,Thursday,High Value
CUST003844,Dr. Isaque Costela,dr..isaque.costela@correio.net,28.0,masculino,Santos,SP,2022-06-30,2844.0,4,1148.0,3.9,True,2022,6,2,Thursday,Low Value
CUST004152,Matheus Lima,matheus.lima@mail.com,36.0,masculino,Campinas,SP,2022-07-01,2448.0,10,3129.0,3.9,True,2022,7,3,Friday,High Value
CUST004108,Ravy Camargo,ravy.camargo@provedor.com.br,34.0,masculino,Olinda,PE,2022-07-02,2828.0,8,1188.0,4.0,True,2022,7,3,Saturday,Low Value
CUST003613,Bianca Abreu,bianca.abreu@correio.net,28.0,feminino,Belém,PA,2022-07-03,3509.0,5,720.0,3.4,True,2022,7,3,Sunday,Low Value
CUST001700,Caleb Mendes,caleb.mendes@email.com,38.0,masculino,Manaus,AM,2022-07-04,2315.0,8,2454.0,3.6,True,2022,7,3,Monday,High Value
CUST005068,Isaque Silva,isaque.silva@correio.net,23.0,masculino,Anápolis,GO,2022-07-05,5017.0,5,898.0,4.3,True,2022,7,3,Tuesday,Low Value
CUST004855,Kevin Casa Grande,kevin.casa.grande@email.com,26.0,masculino,Curitiba,PR,2022-07-06,3679.0,5,143437.0,3.0,True,2022,7,3,Wednesday,High Value
CUST003498,Natália Rezende,natalia.rezende@correio.net,36.0,feminino,Petrópolis,RJ,2022-07-06,2193.0,11,2892.0,4.1,True,2022,7,3,Wednesday,High Value
CUST003479,Diogo Souza,diogo.souza@webmail.com,38.0,masculino,Santos,SP,2022-07-06,2741.0,7,2538.0,4.0,True,2022,7,3,Wednesday,High Value
CUST000420,Eduardo Leão,eduardo.leao@mail.com,27.0,masculino,Petrópolis,RJ,2022-07-06,1703.0,8,1396.0,4.4,True,2022,7,3,Wednesday,Medium Value
CUST000871,Heitor Correia,heitor.correia@mail.com,43.0,masculino,Feira de Santana,BA,2022-07-07,2426.0,9,1918.0,3.1,True,2022,7,3,Thursday,Medium Value
CUST002520,Lunna Araújo,lunna.araujo@email.com,69.0,feminino,Niterói,RJ,2022-07-07,5749.0,7,1761.0,4.7,True,2022,7,3,Thursday,Medium Value
CUST000445,Augusto Siqueira,augusto.siqueira@correio.net,37.0,masculino,Ananindeua,PA,2022-07-07,1690.0,11,3070.0,4.6,True,2022,7,3,Thursday,High Value
CUST000429,Antônio Aragão,antonio.aragao@provedor.com.br,21.0,masculino,Sobral,CE,2022-07-07,1560.0,2,409.0,5.0,True,2022,7,3,Thursday,Low Value
CUST002008,Sr. Daniel Sousa,sr..daniel.sousa@mail.com,25.0,masculino,unknown,SP,2022-07-07,3798.0,3,1006.0,3.0,True,2022,7,3,Thursday,Low Value
CUST004267,Yan Siqueira,yan.siqueira@provedor.com.br,51.0,masculino,Curitiba,PR,2022-07-08,3460.0,4,1360.0,4.7,True,2022,7,3,Friday,Medium Value
CUST004768,Hellena Azevedo,hellena.azevedo@email.com,30.0,feminino,Fortaleza,CE,2022-07-10,5536.0,8,1974.0,4.7,True,2022,7,3,Sunday,Medium Value
CUST004450,Srta. Isabelly Carvalho,srta..isabelly.carvalho@provedor.com.br,18.0,feminino,Londrina,PR,2022-07-10,1383.0,9,1450.0,2.6,True,2022,7,3,Sunday,Medium Value
CUST002340,Ana Sophia Oliveira,ana.sophia.oliveira@mail.com,38.0,feminino,Ribeirão Preto,SP,2022-07-10,3313.5,5,1321.0,4.0,True,2022,7,3,Sunday,Medium Value
CUST000271,Valentina Peixoto,valentina.peixoto@email.com,46.0,feminino,Contagem,MG,2022-07-10,3687.0,6,1310.0,4.7,True,2022,7,3,Sunday,Medium Value
CUST003426,Maria Flor Pereira,maria.flor.pereira@email.com,28.0,feminino,Manaus,AM,2022-07-11,4158.0,4,1311.0,4.4,True,2022,7,3,Monday,Medium Value
CUST000080,Luiz Gustavo Lima,luiz.gustavo.lima@correio.net,40.0,masculino,Caxias do Sul,RS,2022-07-11,360532.0,2,393.0,3.4,True,2022,7,3,Monday,Low Value
CUST000526,Dr. João Guilherme Pastor,dr..joao.guilherme.pastor@provedor.com.br,38.0,masculino,Rio Verde,GO,2022-07-11,5593.0,4,1257.0,3.7,True,2022,7,3,Monday,Low Value
CUST000715,Evelyn Fonseca,evelyn.fonseca@correio.net,34.0,outro,Parintins,AM,2022-07-12,2778.0,3,939.0,4.3,True,2022,7,3,Tuesday,Low Value
CUST000161,Zoe Rodrigues,zoe.rodrigues@correio.net,40.0,feminino,Curitiba,PR,2022-07-13,2691.0,8,990.0,4.0,True,2022,7,3,Wednesday,Low Value
CUST000173,Luna Martins,luna.martins@email.com,21.0,feminino,Campinas,SP,2022-07-14,6277.0,8,2043.0,5.0,True,2022,7,3,Thursday,High Value
CUST000280,Ana Júlia Da Cunha,ana.julia.da.cunha@webmail.com,43.0,feminino,Belo Horizonte,MG,2022-07-16,3313.0,6,1641.0,4.0,True,2022,7,3,Saturday,Medium Value
CUST002184,Luiza Vargas,luiza.vargas@provedor.com.br,27.0,feminino,Caruaru,PE,2022-07-17,5068.0,9,3456.0,2.4,True,2022,7,3,Sunday,High Value
CUST004868,Natália Nunes,natalia.nunes@correio.net,53.0,feminino,Belém,PA,2022-07-17,2976.0,6,1691.0,3.7,True,2022,7,3,Sunday,Medium Value
CUST003799,Sra. Melina Viana,sra..melina.viana@webmail.com,26.0,feminino,Porto Alegre,RS,2022-07-17,3448.0,8,1933.0,4.8,True,2022,7,3,Sunday,Medium Value
CUST002493,Natália Da Rosa,natalia.da.rosa@webmail.com,18.0,feminino,Blumenau,SC,2022-07-18,2289.0,6,861.0,3.6,True,2022,7,3,Monday,Low Value
CUST001957,Pedro Silveira,pedro.silveira@mail.com,29.0,masculino,Ribeirão Preto,SP,2022-07-19,2387.0,5,954.0,3.8,True,2022,7,3,Tuesday,Low Value
CUST001163,Bernardo Martins,bernardo.martins@mail.com,60.0,masculino,Várzea Grande,MT,2022-07-19,5368.0,10,2611.0,3.3,True,2022,7,3,Tuesday,High Value
CUST003208,Maria Da Conceição,maria.da.conceicao@provedor.com.br,31.0,feminino,Duque de Caxias,RJ,2022-07-19,4387.0,9,2048.0,3.9,True,2022,7,3,Tuesday,High Value
CUST001193,Rael Das Neves,rael.das.neves@email.com,58.0,masculino,Rio de Janeiro,RJ,2022-07-20,2832.0,5,1693.0,5.0,True,2022,7,3,Wednesday,Medium Value
CUST000801,Hellena Câmara,hellena.camara@mail.com,48.0,feminino,Londrina,PR,2022-07-20,5883.0,7,1962.0,3.9,True,2022,7,3,Wednesday,Medium Value
CUST000221,José Barros,jose.barros@correio.net,38.0,masculino,Santos,SP,2022-07-20,3700.0,5,1676.0,4.2,True,2022,7,3,Wednesday,Medium Value
CUST002409,Larissa Costela,larissa.costela@correio.net,29.0,feminino,Ribeirão Preto,SP,2022-07-20,3245.0,8,2099.0,2.8,True,2022,7,3,Wednesday,High Value
CUST003801,Eduardo Araújo,eduardo.araujo@email.com,36.0,masculino,Petrópolis,RJ,2022-07-20,3210.0,7,2101.0,2.9,True,2022,7,3,Wednesday,High Value
CUST004257,Mathias Santos,mathias.santos@mail.com,21.0,masculino,Uberlândia,MG,2022-07-21,2861.0,4,1233.0,3.6,True,2022,7,3,Thursday,Low Value
CUST001762,Srta. Luara Jesus,srta..luara.jesus@email.com,32.0,feminino,São Paulo,SP,2022-07-21,3254.0,7,1329.0,4.6,True,2022,7,3,Thursday,Medium Value
CUST001134,Sra. Isabella Araújo,sra..isabella.araujo@correio.net,33.0,feminino,Cuiabá,MT,2022-07-21,2095.0,5,1152.0,4.0,True,2022,7,3,Thursday,Low Value
CUST004101,Lívia Marques,livia.marques@email.com,67.0,feminino,São Paulo,SP,2022-07-22,5015.0,9,1900.0,4.4,True,2022,7,3,Friday,Medium Value
CUST004004,Henrique Ribeiro,henrique.ribeiro@correio.net,32.0,masculino,Caxias do Sul,RS,2022-07-22,1481.0,6,1313.0,4.5,True,2022,7,3,Friday,Medium Value
CUST002419,Isabela Sousa,isabela.sousa@correio.net,28.0,feminino,Várzea Grande,MT,2022-07-23,900.0,5,1252.0,4.1,True,2022,7,3,Saturday,Low Value
CUST001733,Murilo Pimenta,murilo.pimenta@mail.com,36.0,masculino,Anápolis,GO,2022-07-23,7374.0,6,2331.0,2.6,True,2022,7,3,Saturday,High Value
CUST004700,Sr. Henry Pereira,sr..henry.pereira@correio.net,20.0,masculino,Olinda,PE,2022-07-25,2850.0,6,1477.0,3.9,True,2022,7,3,Monday,Medium Value
CUST002685,Ayla Silva,ayla.silva@correio.net,35.0,feminino,Porto Alegre,RS,2022-07-25,1754.0,6,996.0,3.8,True,2022,7,3,Monday,Low Value
CUST000487,Benicio Rocha,benicio.rocha@webmail.com,33.0,masculino,Sorocaba,SP,2022-07-25,1517.0,8,1874.0,4.2,True,2022,7,3,Monday,Medium Value
CUST003658,Sophia Lima,sophia.lima@provedor.com.br,42.0,feminino,Uberlândia,MG,2022-07-25,3419.0,10,2788.0,3.3,True,2022,7,3,Monday,High Value
CUST001766,Manuela Barbosa,manuela.barbosa@correio.net,28.0,outro,unknown,SP,2022-07-27,2598.0,3,714.0,2.8,True,2022,7,3,Wednesday,Low Value
CUST002887,Daniela Sousa,daniela.sousa@provedor.com.br,32.0,feminino,São Paulo,SP,2022-07-28,3908.0,10,3504.0,3.9,True,2022,7,3,Thursday,High Value
CUST004456,Dra. Hadassa Abreu,dra..hadassa.abreu@webmail.com,49.0,feminino,Campinas,SP,2022-07-28,4009.0,6,1507.0,3.1,True,2022,7,3,Thursday,Medium Value
CUST003370,Paulo Barros,paulo.barros@email.com,55.0,masculino,Duque de Caxias,RJ,2022-07-28,5071.0,15,3469.0,4.0,True,2022,7,3,Thursday,High Value
CUST001983,Dom Duarte,dom.duarte@provedor.com.br,38.0,masculino,Juiz de Fora,MG,2022-07-28,3313.0,8,2306.0,3.9,True,2022,7,3,Thursday,High Value
CUST001186,Dra. Lunna Dias,dra..lunna.dias@provedor.com.br,39.0,outro,Salvador,BA,2022-07-28,3035.0,10,2639.0,4.8,True,2022,7,3,Thursday,High Value
CUST001955,Luiz Gustavo Dias,luiz.gustavo.dias@mail.com,33.0,masculino,Duque de Caxias,RJ,2022-07-28,1841.0,7,1882.0,5.0,True,2022,7,3,Thursday,Medium Value
CUST002818,Fernando Cavalcante,fernando.cavalcante@correio.net,41.0,masculino,Sorocaba,SP,2022-07-29,2930.0,3,662.0,4.9,True,2022,7,3,Friday,Low Value
CUST001170,Ísis Teixeira,isis.teixeira@email.com,38.0,feminino,Feira de Santana,BA,2022-07-29,1674.0,8,1861.0,3.6,True,2022,7,3,Friday,Medium Value
CUST004210,Davi Miguel Martins,davi.miguel.martins@correio.net,27.0,masculino,Juazeiro do Norte,CE,2022-07-30,7309.0,9,3236.0,4.3,True,2022,7,3,Saturday,High Value
CUST003564,João Gabriel Casa Grande,joao.gabriel.casa.grande@correio.net,33.0,masculino,Porto Alegre,RS,2022-07-30,3056.0,7,1158.0,4.3,True,2022,7,3,Saturday,Low Value
CUST000396,Caroline Borges,caroline.borges@provedor.com.br,21.0,feminino,Porto Alegre,RS,2022-07-31,4270.0,10,2623.0,4.4,True,2022,7,3,Sunday,High Value
CUST004620,Dr. Valentim Albuquerque,dr..valentim.albuquerque@email.com,35.0,masculino,São Paulo,SP,2022-07-31,4628.0,8,3431.0,3.9,True,2022,7,3,Sunday,High Value
CUST004691,Ravy Novaes,ravy.novaes@correio.net,42.0,masculino,Pelotas,RS,2022-08-01,7756.0,5,1965.0,4.5,True,2022,8,3,Monday,Medium Value
CUST001155,Matheus Cassiano,matheus.cassiano@webmail.com,48.0,masculino,Juiz de Fora,MG,2022-08-01,5098.0,5,1652.0,3.2,True,2022,8,3,Monday,Medium Value
CUST005054,Dr. Davi Lucca Peixoto,dr..davi.lucca.peixoto@webmail.com,39.0,masculino,Vitória,ES,2022-08-02,3613.0,4,1111.0,4.9,True,2022,8,3,Tuesday,Low Value
CUST002648,Ana Carolina Andrade,ana.carolina.andrade@webmail.com,66.0,feminino,Recife,PE,2022-08-02,3999.0,6,837.0,4.0,True,2022,8,3,Tuesday,Low Value
CUST004962,Vitor Gabriel Mendonça,vitor.gabriel.mendonca@provedor.com.br,39.0,masculino,Joinville,SC,2022-08-03,3527.0,6,1455.0,2.1,True,2022,8,3,Wednesday,Medium Value
CUST001150,Maria Eduarda Castro,maria.eduarda.castro@provedor.com.br,31.0,feminino,Parintins,AM,2022-08-04,1687.0,12,2689.0,3.5,True,2022,8,3,Thursday,High Value
CUST000576,Sophie Casa Grande,sophie.casa.grande@provedor.com.br,52.0,feminino,Feira de Santana,BA,2022-08-04,3702.0,7,1604.0,3.4,True,2022,8,3,Thursday,Medium Value
CUST002963,Zoe Farias,zoe.farias@mail.com,46.0,feminino,Sorocaba,SP,2022-08-04,2116.0,5,1321.0,3.5,True,2022,8,3,Thursday,Medium Value
CUST002641,Vicente Vargas,vicente.vargas@provedor.com.br,25.0,masculino,Rio de Janeiro,RJ,2022-08-05,3633.0,12,2632.0,3.6,True,2022,8,3,Friday,High Value
CUST004402,Vinícius Gomes,vinicius.gomes@provedor.com.br,19.0,masculino,Uberlândia,MG,2022-08-06,6140.0,4,1062.0,3.2,True,2022,8,3,Saturday,Low Value
CUST002166,Valentina Da Rosa,valentina.da.rosa@mail.com,52.0,feminino,São Paulo,SP,2022-08-07,2899.0,8,1307.0,3.2,True,2022,8,3,Sunday,Medium Value
CUST001710,Esther Abreu,esther.abreu@provedor.com.br,44.0,feminino,Sobral,CE,2022-08-07,2581.0,2,315.0,5.0,True,2022,8,3,Sunday,Low Value
CUST001929,Lorenzo Camargo,lorenzo.camargo@mail.com,36.0,masculino,Juazeiro do Norte,CE,2022-08-08,3602.0,5,1233.0,4.2,True,2022,8,3,Monday,Low Value
CUST004153,Beatriz Da Luz,beatriz.da.luz@correio.net,27.0,feminino,Campinas,SP,2022-08-08,4160.0,7,1675.0,4.2,True,2022,8,3,Monday,Medium Value
CUST002346,Théo Santos,theo.santos@mail.com,51.0,masculino,Ribeirão Preto,SP,2022-08-08,2966.0,6,1564.0,2.3,True,2022,8,3,Monday,Medium Value
CUST001526,Lavínia Rodrigues,lavinia.rodrigues@provedor.com.br,48.0,feminino,Vitória da Conquista,BA,2022-08-08,4790.0,9,2383.0,3.1,True,2022,8,3,Monday,High Value
CUST003712,Dr. Felipe Da Cunha,dr..felipe.da.cunha@correio.net,46.0,masculino,Sorocaba,SP,2022-08-09,5157.0,8,2105.0,3.3,True,2022,8,3,Tuesday,High Value
CUST003673,Isaac Rezende,isaac.rezende@provedor.com.br,40.0,masculino,Vitória da Conquista,BA,2022-08-10,3366.5,10,1212.0,3.4,True,2022,8,3,Wednesday,Low Value
CUST001093,Breno Cardoso,breno.cardoso@correio.net,38.0,masculino,Niterói,RJ,2022-08-10,2344.0,7,1503.0,4.0,True,2022,8,3,Wednesday,Medium Value
CUST002821,Vinicius Vargas,vinicius.vargas@correio.net,19.0,outro,Caxias do Sul,RS,2022-08-10,900.0,2,388.0,4.0,True,2022,8,3,Wednesday,Low Value
CUST004423,Lara Oliveira,lara.oliveira@correio.net,43.0,feminino,Brasília,DF,2022-08-10,10729.0,10,4481.0,4.2,True,2022,8,3,Wednesday,High Value
CUST000634,Kamilly Porto,kamilly.porto@email.com,18.0,feminino,unknown,MG,2022-08-11,1438.0,4,489.0,4.0,True,2022,8,3,Thursday,Low Value
CUST004472,Luiz Felipe Sampaio,luiz.felipe.sampaio@correio.net,24.0,masculino,Parintins,AM,2022-08-11,1628.0,9,1525.0,4.9,True,2022,8,3,Thursday,Medium Value
CUST001158,Maria Vitória Silveira,maria.vitoria.silveira@correio.net,59.0,feminino,unknown,BA,2022-08-11,8306.0,11,4477.0,3.9,True,2022,8,3,Thursday,High Value
CUST003924,Melina Montenegro,melina.montenegro@correio.net,34.0,outro,Sorocaba,SP,2022-08-11,3292.0,7,2121.0,2.7,True,2022,8,3,Thursday,High Value
CUST004924,Maria Vitória Abreu,maria.vitoria.abreu@provedor.com.br,42.0,feminino,Caruaru,PE,2022-08-12,3234.0,7,2337.0,4.3,True,2022,8,3,Friday,High Value
CUST002549,Kaique Porto,kaique.porto@webmail.com,29.0,masculino,Juazeiro do Norte,CE,2022-08-12,2230.0,2,444.0,2.8,True,2022,8,3,Friday,Low Value
CUST000624,Léo Moreira,leo.moreira@provedor.com.br,32.0,masculino,Sorocaba,SP,2022-08-12,3511.0,7,1727.0,3.8,True,2022,8,3,Friday,Medium Value
CUST000117,Emanuel Macedo,emanuel.macedo@provedor.com.br,35.0,outro,Fortaleza,CE,2022-08-13,2172.0,8,1092.0,3.1,True,2022,8,3,Saturday,Low Value
CUST002828,Arthur Barros,arthur.barros@provedor.com.br,64.0,masculino,Caxias do Sul,RS,2022-08-13,6325.0,7,1488.0,3.0,True,2022,8,3,Saturday,Medium Value
CUST002247,Emanuella Melo,emanuella.melo@correio.net,59.0,feminino,Cuiabá,MT,2022-08-13,3620.0,5,982.0,4.0,True,2022,8,3,Saturday,Low Value
CUST002551,Sra. Maria Vitória Cavalcanti,sra..maria.vitoria.cavalcanti@email.com,35.0,feminino,Sorocaba,SP,2022-08-14,5150.0,8,2072.0,3.9,True,2022,8,3,Sunday,High Value
CUST000694,Dr. Luiz Felipe Guerra,dr..luiz.felipe.guerra@provedor.com.br,64.0,masculino,Olinda,PE,2022-08-14,4170.0,11,4445.0,2.9,True,2022,8,3,Sunday,High Value
CUST003408,Laura Siqueira,laura.siqueira@webmail.com,42.0,feminino,Niterói,RJ,2022-08-15,2967.0,7,2192.0,4.3,True,2022,8,3,Monday,High Value
CUST004808,Sarah Barros,sarah.barros@provedor.com.br,26.0,feminino,Porto Alegre,RS,2022-08-15,3549.0,7,1212.0,3.3,True,2022,8,3,Monday,Low Value
CUST002793,Augusto Abreu,augusto.abreu@correio.net,43.0,masculino,Curitiba,PR,2022-08-15,4725.0,5,1383.0,3.3,True,2022,8,3,Monday,Medium Value
CUST002172,Dr. Luan Casa Grande,dr..luan.casa.grande@webmail.com,27.0,masculino,Sorocaba,SP,2022-08-15,3946.0,8,1417.0,3.4,True,2022,8,3,Monday,Medium Value
CUST000444,Rael Montenegro,rael.montenegro@email.com,43.0,masculino,Cuiabá,MT,2022-08-16,2304.0,9,2920.0,3.1,True,2022,8,3,Tuesday,High Value
CUST001550,Gael Henrique Vasconcelos,gael.henrique.vasconcelos@mail.com,36.0,masculino,Sobral,CE,2022-08-16,3600.0,9,2272.0,3.8,True,2022,8,3,Tuesday,High Value
CUST000914,Renan Araújo,renan.araujo@mail.com,34.0,masculino,Manaus,AM,2022-08-17,3752.0,8,2783.0,3.9,True,2022,8,3,Wednesday,High Value
CUST002842,Dr. Davi Lucca Fogaça,dr..davi.lucca.fogaca@webmail.com,37.0,masculino,Ribeirão Preto,SP,2022-08-18,1462.0,7,1470.0,4.0,True,2022,8,3,Thursday,Medium Value
CUST000863,Isabelly Da Cunha,isabelly.da.cunha@email.com,25.0,outro,Ribeirão Preto,SP,2022-08-18,2035.0,7,1381.0,5.0,True,2022,8,3,Thursday,Medium Value
CUST002925,Dra. Bella Santos,dra..bella.santos@provedor.com.br,44.0,feminino,Manaus,AM,2022-08-18,3957.0,6,1690.0,4.3,True,2022,8,3,Thursday,Medium Value
CUST001008,Joaquim Moreira,joaquim.moreira@correio.net,38.0,masculino,unknown,RS,2022-08-18,5970.0,5,1692.0,4.2,True,2022,8,3,Thursday,Medium Value
CUST003267,Sarah Silva,sarah.silva@webmail.com,53.0,feminino,Ribeirão Preto,SP,2022-08-18,3706.0,3,793.0,5.0,True,2022,8,3,Thursday,Low Value
CUST002052,Francisco Dias,francisco.dias@provedor.com.br,22.0,masculino,Parintins,AM,2022-08-18,5510.0,11,2682.0,5.0,True,2022,8,3,Thursday,High Value
CUST004914,Evelyn Vargas,evelyn.vargas@email.com,47.0,feminino,Caxias do Sul,RS,2022-08-18,2228.0,7,1953.0,4.5,True,2022,8,3,Thursday,Medium Value
CUST005041,Matheus Farias,matheus.farias@provedor.com.br,28.0,masculino,Campinas,SP,2022-08-19,5127.0,7,2167.0,3.9,True,2022,8,3,Friday,High Value
CUST003528,Sr. Gustavo Henrique Ribeiro,sr..gustavo.henrique.ribeiro@correio.net,30.0,masculino,Rio de Janeiro,RJ,2022-08-20,4582.0,9,2053.0,3.2,True,2022,8,3,Saturday,High Value
CUST005051,Valentina Peixoto,valentina.peixoto@provedor.com.br,47.0,feminino,Contagem,MG,2022-08-20,3610.0,5,1262.0,4.6,True,2022,8,3,Saturday,Low Value
CUST003029,Isabelly Santos,isabelly.santos@provedor.com.br,49.0,feminino,Vila Velha,ES,2022-08-20,3941.0,13,3151.0,4.0,True,2022,8,3,Saturday,High Value
CUST002487,Antônio Da Rocha,antonio.da.rocha@email.com,44.0,masculino,Rio Verde,GO,2022-08-21,4869.0,5,1204.0,4.1,True,2022,8,3,Sunday,Low Value
CUST004570,Dr. Léo Pinto,dr..leo.pinto@webmail.com,47.0,masculino,Brasília,DF,2022-08-21,3002.0,6,1525.0,4.2,True,2022,8,3,Sunday,Medium Value
CUST004795,Luiza Vargas,luiza.vargas@correio.net,55.0,feminino,Belo Horizonte,MG,2022-08-22,2694.0,2,434.0,4.3,True,2022,8,3,Monday,Low Value
CUST002679,Dr. Enzo Pimenta,dr..enzo.pimenta@mail.com,65.0,masculino,Campinas,SP,2022-08-22,3614.0,8,2126.0,4.6,True,2022,8,3,Monday,High Value
CUST004466,Laís Brito,lais.brito@email.com,38.0,feminino,São Paulo,SP,2022-08-23,3741.0,8,2062.0,3.9,True,2022,8,3,Tuesday,High Value
CUST004811,Olivia Rodrigues,olivia.rodrigues@provedor.com.br,26.0,feminino,Caxias do Sul,RS,2022-08-23,1750.0,6,1105.0,4.0,True,2022,8,3,Tuesday,Low Value
CUST000977,Gustavo Henrique Macedo,gustavo.henrique.macedo@webmail.com,52.0,masculino,São Paulo,SP,2022-08-23,2920.0,9,1054.0,4.1,True,2022,8,3,Tuesday,Low Value
CUST001643,Maria Clara Gonçalves,maria.clara.goncalves@provedor.com.br,29.0,feminino,unknown,AM,2022-08-23,1679.0,9,2081.0,2.6,True,2022,8,3,Tuesday,High Value
CUST003221,Yago Costa,yago.costa@email.com,39.0,masculino,Porto Alegre,RS,2022-08-23,4366.0,3,86639.0,3.9,True,2022,8,3,Tuesday,High Value
CUST001768,Maria Cunha,maria.cunha@email.com,41.0,feminino,Niterói,RJ,2022-08-23,3357.5,7,1909.0,5.0,True,2022,8,3,Tuesday,Medium Value
CUST001877,Luigi Leão,luigi.leao@mail.com,21.0,outro,Niterói,RJ,2022-08-24,1198.0,5,1150.0,4.5,True,2022,8,3,Wednesday,Low Value
CUST001889,Renan Gomes,renan.gomes@correio.net,45.0,masculino,Brasília,DF,2022-08-24,4450.0,4,1225.0,4.0,True,2022,8,3,Wednesday,Low Value
CUST002557,Marcelo Moraes,marcelo.moraes@provedor.com.br,53.0,outro,Niterói,RJ,2022-08-25,3600.0,5,1212.0,4.6,True,2022,8,3,Thursday,Low Value
CUST004870,Srta. Maria Clara Rios,srta..maria.clara.rios@webmail.com,19.0,feminino,Sobral,CE,2022-08-25,5005.0,9,2703.0,3.1,True,2022,8,3,Thursday,High Value
CUST003265,Renan Castro,renan.castro@provedor.com.br,18.0,masculino,Petrópolis,RJ,2022-08-25,2662.0,8,2602.0,3.4,True,2022,8,3,Thursday,High Value
CUST002841,Samuel Lopes,samuel.lopes@correio.net,43.0,masculino,Brasília,DF,2022-08-26,3430.0,4,983.0,3.2,True,2022,8,3,Friday,Low Value
CUST004039,Vitor Gabriel Abreu,vitor.gabriel.abreu@provedor.com.br,54.0,masculino,Londrina,PR,2022-08-26,4657.0,5,1860.0,2.5,True,2022,8,3,Friday,Medium Value
CUST003858,Murilo Jesus,murilo.jesus@webmail.com,30.0,masculino,Parintins,AM,2022-08-26,5566.0,9,2037.0,3.0,True,2022,8,3,Friday,High Value
CUST004690,Emanuel Ferreira,emanuel.ferreira@correio.net,42.0,masculino,Londrina,PR,2022-08-27,4279.0,7,2580.0,4.4,True,2022,8,3,Saturday,High Value
CUST000243,Natália Santos,natalia.santos@correio.net,18.0,feminino,Anápolis,GO,2022-08-28,5630.0,6,1323.0,3.7,True,2022,8,3,Sunday,Medium Value
CUST000404,Miguel Novais,miguel.novais@webmail.com,36.0,outro,Porto Alegre,RS,2022-08-28,2672.0,10,2072.0,2.7,True,2022,8,3,Sunday,High Value
CUST002819,Dra. Júlia Nunes,dra..julia.nunes@correio.net,25.0,feminino,Ribeirão Preto,SP,2022-08-28,1618.0,6,1897.0,4.3,True,2022,8,3,Sunday,Medium Value
CUST003286,Maria Luísa Machado,maria.luisa.machado@provedor.com.br,26.0,feminino,Maringá,PR,2022-08-29,3468.0,8,2499.0,4.4,True,2022,8,3,Monday,High Value
CUST000377,Diego Da Conceição,diego.da.conceicao@provedor.com.br,18.0,masculino,Anápolis,GO,2022-08-29,8023.0,8,2863.0,4.0,True,2022,8,3,Monday,High Value
CUST002079,Stella Nascimento,stella.nascimento@mail.com,42.0,feminino,Santos,SP,2022-08-29,5811.0,5,132408.0,3.3,True,2022,8,3,Monday,High Value
CUST004147,Daniela Borges,daniela.borges@mail.com,45.0,feminino,Várzea Grande,MT,2022-08-30,3588.0,7,1081.0,5.0,True,2022,8,3,Tuesday,Low Value
CUST002974,Sr. Pietro Da Rosa,sr..pietro.da.rosa@correio.net,49.0,masculino,Várzea Grande,MT,2022-08-31,2530.0,10,2303.0,2.4,True,2022,8,3,Wednesday,High Value
CUST003387,Maria Eduarda Sampaio,maria.eduarda.sampaio@webmail.com,38.0,feminino,Vitória,ES,2022-08-31,900.0,9,843.0,4.4,True,2022,8,3,Wednesday,Low Value
CUST001764,João Da Cruz,joao.da.cruz@correio.net,49.0,masculino,Santos,SP,2022-09-01,3296.0,13,2085.0,4.0,True,2022,9,3,Thursday,High Value
CUST001830,José Souza,jose.souza@provedor.com.br,59.0,masculino,Contagem,MG,2022-09-01,4206.0,4,1078.0,4.4,True,2022,9,3,Thursday,Low Value
CUST004348,Srta. Isabel Camargo,srta..isabel.camargo@correio.net,39.0,feminino,Serra,ES,2022-09-01,4480.0,6,1516.0,3.3,True,2022,9,3,Thursday,Medium Value
CUST003968,Maria Sophia Barbosa,maria.sophia.barbosa@email.com,50.0,feminino,Santos,SP,2022-09-01,2273.0,6,1178.0,4.1,True,2022,9,3,Thursday,Low Value
CUST001492,Noah Andrade,noah.andrade@email.com,42.0,masculino,Vila Velha,ES,2022-09-01,3938.0,7,1829.0,4.0,True,2022,9,3,Thursday,Medium Value
CUST002961,Nathan Vasconcelos,nathan.vasconcelos@provedor.com.br,32.0,masculino,Salvador,BA,2022-09-01,2662.0,6,1003.0,4.2,True,2022,9,3,Thursday,Low Value
CUST001921,Maria Clara Marques,maria.clara.marques@webmail.com,38.0,feminino,Niterói,RJ,2022-09-01,3844.0,9,1729.0,2.7,True,2022,9,3,Thursday,Medium Value
CUST001856,Dr. Rhavi Da Rosa,dr..rhavi.da.rosa@provedor.com.br,38.0,masculino,Ananindeua,PA,2022-09-01,3509.0,10,1026.0,5.0,True,2022,9,3,Thursday,Low Value
CUST003768,Diogo Borges,diogo.borges@mail.com,49.0,masculino,Brasília,DF,2022-09-02,2975.0,9,2531.0,4.0,True,2022,9,3,Friday,High Value
CUST003414,Bento Souza,bento.souza@mail.com,18.0,masculino,São Paulo,SP,2022-09-02,3313.5,8,1711.0,3.2,True,2022,9,3,Friday,Medium Value
CUST003647,Srta. Mariane Costa,srta..mariane.costa@provedor.com.br,38.0,outro,unknown,RJ,2022-09-02,5067.0,6,2530.0,3.9,True,2022,9,3,Friday,High Value
CUST002122,Lorenzo Freitas,lorenzo.freitas@mail.com,46.0,masculino,Porto Alegre,RS,2022-09-03,4028.0,4,1504.0,4.7,True,2022,9,3,Saturday,Medium Value
CUST002266,Brenda Pacheco,brenda.pacheco@email.com,54.0,feminino,São Paulo,SP,2022-09-03,2751.0,7,992.0,3.0,True,2022,9,3,Saturday,Low Value
CUST000935,Luiz Henrique Novaes,luiz.henrique.novaes@webmail.com,24.0,masculino,Goiânia,GO,2022-09-04,9553.0,10,3750.0,3.4,True,2022,9,3,Sunday,High Value
CUST000600,Sr. Vinicius Fonseca,sr..vinicius.fonseca@webmail.com,38.0,masculino,Contagem,MG,2022-09-04,8395.0,10,2560.0,4.0,True,2022,9,3,Sunday,High Value
CUST000241,Dr. Anthony Gabriel Leão,dr..anthony.gabriel.leao@provedor.com.br,38.0,masculino,unknown,SP,2022-09-06,4205.0,8,918.0,4.0,True,2022,9,3,Tuesday,Low Value
CUST003022,Srta. Luana Novais,srta..luana.novais@email.com,33.0,feminino,Sorocaba,SP,2022-09-06,1274.0,9,926.0,3.0,True,2022,9,3,Tuesday,Low Value
CUST002544,Mateus Da Rocha,mateus.da.rocha@mail.com,41.0,masculino,unknown,DF,2022-09-07,4398.0,6,1754.0,2.2,True,2022,9,3,Wednesday,Medium Value
CUST003132,Isabel Peixoto,isabel.peixoto@correio.net,37.0,feminino,unknown,SP,2022-09-07,3407.0,5,1008.0,4.0,True,2022,9,3,Wednesday,Low Value
CUST000131,Dr. Yuri Santos,dr..yuri.santos@correio.net,64.0,masculino,Caruaru,PE,2022-09-08,2688.0,9,2003.0,4.8,True,2022,9,3,Thursday,Medium Value
CUST002415,Ana Sophia Da Costa,ana.sophia.da.costa@webmail.com,51.0,feminino,Joinville,SC,2022-09-08,2867.0,3,786.0,4.3,True,2022,9,3,Thursday,Low Value
CUST000022,Mirella Porto,mirella.porto@correio.net,34.0,feminino,Salvador,BA,2022-09-09,1779.0,6,1439.0,4.7,True,2022,9,3,Friday,Medium Value
CUST000045,Alexia Rodrigues,alexia.rodrigues@mail.com,40.0,feminino,Ananindeua,PA,2022-09-10,3480.0,5,1070.0,4.5,True,2022,9,3,Saturday,Low Value
CUST001400,Emilly Vasconcelos,emilly.vasconcelos@correio.net,44.0,feminino,Ananindeua,PA,2022-09-10,2962.0,7,187.0,5.0,True,2022,9,3,Saturday,Low Value
CUST005024,Dra. Bella Santos,dra..bella.santos@mail.com,44.0,feminino,Manaus,AM,2022-09-11,4074.0,7,1705.0,4.6,True,2022,9,3,Sunday,Medium Value
CUST000426,Dr. Bento Gonçalves,dr..bento.goncalves@webmail.com,27.0,masculino,Várzea Grande,MT,2022-09-12,2358.0,8,1979.0,4.7,True,2022,9,3,Monday,Medium Value
CUST004049,Isabella Oliveira,isabella.oliveira@webmail.com,44.0,feminino,Campinas,SP,2022-09-12,5171.0,8,2797.0,4.5,True,2022,9,3,Monday,High Value
CUST003262,Pietra Souza,pietra.souza@provedor.com.br,26.0,feminino,São Paulo,SP,2022-09-12,1598.0,5,1151.0,3.0,True,2022,9,3,Monday,Low Value
CUST003421,Isabela Mendes,isabela.mendes@mail.com,25.0,feminino,Caxias do Sul,RS,2022-09-13,3069.0,6,1668.0,2.4,True,2022,9,3,Tuesday,Medium Value
CUST003811,Breno Sales,breno.sales@provedor.com.br,52.0,masculino,unknown,BA,2022-09-13,3281.0,7,1380.0,3.9,True,2022,9,3,Tuesday,Medium Value
CUST001805,Vitor Silveira,vitor.silveira@correio.net,47.0,masculino,Rio de Janeiro,RJ,2022-09-14,3219.0,7,1443.0,5.0,True,2022,9,3,Wednesday,Medium Value
CUST004516,Maria Luísa Novais,maria.luisa.novais@mail.com,43.0,feminino,Ananindeua,PA,2022-09-14,10021.0,5,2386.0,3.6,True,2022,9,3,Wednesday,High Value
CUST003664,Dr. Heitor Da Paz,dr..heitor.da.paz@correio.net,22.0,masculino,unknown,SC,2022-09-14,3006.0,5,1703.0,4.0,True,2022,9,3,Wednesday,Medium Value
CUST002875,Sra. Natália Sales,sra..natalia.sales@mail.com,54.0,feminino,São Paulo,SP,2022-09-15,3524.0,4,1133.0,4.9,True,2022,9,3,Thursday,Low Value
CUST001511,Raul Ribeiro,raul.ribeiro@correio.net,38.0,masculino,Belém,PA,2022-09-15,2469.0,4,561.0,4.4,True,2022,9,3,Thursday,Low Value
CUST004816,Gabriela Duarte,gabriela.duarte@mail.com,50.0,feminino,Salvador,BA,2022-09-15,3386.0,6,1366.0,3.9,True,2022,9,3,Thursday,Medium Value
CUST004211,Sra. Kamilly Albuquerque,sra..kamilly.albuquerque@mail.com,18.0,feminino,Vila Velha,ES,2022-09-15,3314.0,9,1367.0,4.9,True,2022,9,3,Thursday,Medium Value
CUST001143,Juliana Siqueira,juliana.siqueira@email.com,47.0,feminino,Feira de Santana,BA,2022-09-15,4685.0,5,1073.0,4.0,True,2022,9,3,Thursday,Low Value
CUST000148,Ian Câmara,ian.camara@webmail.com,22.0,masculino,Juazeiro do Norte,CE,2022-09-16,4582.0,12,2549.0,5.0,True,2022,9,3,Friday,High Value
CUST000695,Maria Eduarda Moraes,maria.eduarda.moraes@email.com,49.0,feminino,Feira de Santana,BA,2022-09-16,4685.0,11,2082.0,2.6,True,2022,9,3,Friday,High Value
CUST004919,Sra. Heloísa Da Luz,sra..heloisa.da.luz@email.com,28.0,feminino,Juazeiro do Norte,CE,2022-09-17,4417.0,2,587.0,4.9,True,2022,9,3,Saturday,Low Value
CUST004915,Enzo Gabriel Castro,enzo.gabriel.castro@mail.com,42.0,masculino,unknown,SP,2022-09-17,3220.0,4,1195.0,5.0,True,2022,9,3,Saturday,Low Value
CUST000811,Clarice Cavalcante,clarice.cavalcante@email.com,41.0,feminino,São Paulo,SP,2022-09-17,6177.0,4,1270.0,4.0,True,2022,9,3,Saturday,Low Value
CUST004618,Antony Farias,antony.farias@email.com,26.0,masculino,Caruaru,PE,2022-09-17,2895.0,9,2232.0,4.4,True,2022,9,3,Saturday,High Value
CUST000183,Dr. Thales Guerra,dr..thales.guerra@email.com,24.0,masculino,Brasília,DF,2022-09-17,1571.0,11,3515.0,4.3,True,2022,9,3,Saturday,High Value
CUST004872,Lucas Montenegro,lucas.montenegro@webmail.com,20.0,outro,Brasília,DF,2022-09-19,5597.0,5,1008.0,4.7,True,2022,9,3,Monday,Low Value
CUST005058,Noah Andrade,noah.andrade@email.com,41.0,masculino,Vila Velha,ES,2022-09-19,3902.0,9,1669.0,4.0,True,2022,9,3,Monday,Medium Value
CUST002967,Stephany Fernandes,stephany.fernandes@provedor.com.br,33.0,feminino,Ribeirão Preto,SP,2022-09-20,4047.0,7,1817.0,4.5,True,2022,9,3,Tuesday,Medium Value
CUST001997,Brayan Da Mata,brayan.da.mata@mail.com,38.0,masculino,Juazeiro do Norte,CE,2022-09-20,2665.0,5,1064.0,4.0,True,2022,9,3,Tuesday,Low Value
CUST003386,Dr. Thomas Santos,dr..thomas.santos@correio.net,46.0,masculino,Caruaru,PE,2022-09-20,5148.0,8,3262.0,3.8,True,2022,9,3,Tuesday,High Value
CUST003749,Maria Isis Casa Grande,maria.isis.casa.grande@email.com,41.0,feminino,unknown,SP,2022-09-21,2846.0,7,1925.0,4.0,True,2022,9,3,Wednesday,Medium Value
CUST001739,Srta. Eloá Rocha,srta..eloa.rocha@provedor.com.br,50.0,feminino,Curitiba,PR,2022-09-21,4511.0,8,1619.0,3.1,True,2022,9,3,Wednesday,Medium Value
CUST002483,Gustavo Moreira,gustavo.moreira@email.com,46.0,masculino,Petrópolis,RJ,2022-09-22,3475.0,9,1678.0,4.7,True,2022,9,3,Thursday,Medium Value
CUST000216,Dr. Davi Luiz Martins,dr..davi.luiz.martins@provedor.com.br,63.0,masculino,Parintins,AM,2022-09-22,3925.0,8,2525.0,4.4,True,2022,9,3,Thursday,High Value
CUST002653,Samuel Ribeiro,samuel.ribeiro@email.com,85.0,masculino,Vitória da Conquista,BA,2022-09-22,2822.0,7,1393.0,4.7,True,2022,9,3,Thursday,Medium Value
CUST000717,Thiago Machado,thiago.machado@email.com,29.0,masculino,unknown,SC,2022-09-22,2274.0,6,1306.0,4.0,True,2022,9,3,Thursday,Medium Value
CUST004608,Sr. Arthur Silva,sr..arthur.silva@webmail.com,43.0,masculino,Salvador,BA,2022-09-22,2407.0,8,2062.0,2.6,True,2022,9,3,Thursday,High Value
CUST002909,Enrico Pinto,enrico.pinto@email.com,29.0,masculino,Juiz de Fora,MG,2022-09-23,2567.0,5,1142.0,2.5,True,2022,9,3,Friday,Low Value
CUST003133,Alexia Marques,alexia.marques@webmail.com,38.0,outro,Manaus,AM,2022-09-23,6282.0,14,4253.0,4.1,True,2022,9,3,Friday,High Value
CUST003052,Ana Luiza Mendes,ana.luiza.mendes@mail.com,40.0,feminino,Petrópolis,RJ,2022-09-23,2466.0,11,3131.0,3.7,True,2022,9,3,Friday,High Value
CUST004858,Luiz Felipe Ramos,luiz.felipe.ramos@webmail.com,31.0,outro,Maringá,PR,2022-09-24,2321.0,8,1503.0,3.5,True,2022,9,3,Saturday,Medium Value
CUST003345,Davi Luiz Da Mota,davi.luiz.da.mota@mail.com,28.0,masculino,Florianópolis,SC,2022-09-24,2962.0,9,1804.0,5.0,True,2022,9,3,Saturday,Medium Value
CUST004360,Ana Sophia Ramos,ana.sophia.ramos@email.com,22.0,feminino,Santos,SP,2022-09-25,2443.0,6,1533.0,3.4,True,2022,9,3,Sunday,Medium Value
CUST002319,Larissa Da Cunha,larissa.da.cunha@correio.net,75.0,feminino,Salvador,BA,2022-09-25,3337.0,7,1143.0,4.5,True,2022,9,3,Sunday,Low Value
CUST001956,Luan Freitas,luan.freitas@provedor.com.br,37.0,masculino,Parintins,AM,2022-09-25,3067.0,5,1588.0,4.8,True,2022,9,3,Sunday,Medium Value
CUST002358,Cauê Pires,caue.pires@webmail.com,18.0,masculino,Campinas,SP,2022-09-26,2020.0,3,717.0,4.0,True,2022,9,3,Monday,Low Value
CUST001142,Sra. Eloah Freitas,sra..eloah.freitas@correio.net,23.0,feminino,Santos,SP,2022-09-26,5282.0,5,1507.0,4.2,True,2022,9,3,Monday,Medium Value
CUST003772,Dr. Lucas Gabriel Carvalho,dr..lucas.gabriel.carvalho@correio.net,27.0,masculino,Duque de Caxias,RJ,2022-09-27,3359.0,7,1408.0,4.8,True,2022,9,3,Tuesday,Medium Value
CUST000835,Mateus Da Conceição,mateus.da.conceicao@provedor.com.br,45.0,masculino,Belo Horizonte,MG,2022-09-27,151106.0,8,1606.0,3.2,True,2022,9,3,Tuesday,Medium Value
CUST001229,Hellena Alves,hellena.alves@provedor.com.br,25.0,feminino,Belo Horizonte,MG,2022-09-27,4080.0,9,3088.0,3.4,True,2022,9,3,Tuesday,High Value
CUST000020,Sr. João Vitor Barros,sr..joao.vitor.barros@provedor.com.br,69.0,masculino,Ribeirão Preto,SP,2022-09-28,8327.0,9,2702.0,5.0,True,2022,9,3,Wednesday,High Value
CUST001886,Isadora Sousa,isadora.sousa@correio.net,45.0,feminino,Contagem,MG,2022-09-28,2277.0,3,525.0,3.8,True,2022,9,3,Wednesday,Low Value
CUST003039,Aurora Cassiano,aurora.cassiano@webmail.com,37.0,feminino,Juiz de Fora,MG,2022-09-29,5224.0,5,1674.0,3.3,True,2022,9,3,Thursday,Medium Value
CUST004010,Ana Luiza Gomes,ana.luiza.gomes@mail.com,50.0,outro,Niterói,RJ,2022-09-29,1650.0,5,1260.0,3.7,True,2022,9,3,Thursday,Low Value
CUST002836,Jade Cavalcanti,jade.cavalcanti@correio.net,18.0,feminino,Caxias do Sul,RS,2022-09-29,3816.0,7,1981.0,2.9,True,2022,9,3,Thursday,Medium Value
CUST003713,Vitor Gabriel Ribeiro,vitor.gabriel.ribeiro@webmail.com,45.0,masculino,Porto Alegre,RS,2022-09-30,3350.0,7,1422.0,4.0,True,2022,9,3,Friday,Medium Value
CUST001891,Ana Cecília Souza,ana.cecilia.souza@correio.net,18.0,feminino,Uberlândia,MG,2022-09-30,5422.0,14,4831.0,4.3,True,2022,9,3,Friday,High Value
CUST002145,Bruna Rodrigues,bruna.rodrigues@mail.com,29.0,feminino,Salvador,BA,2022-09-30,1572.0,5,1119.0,3.5,True,2022,9,3,Friday,Low Value
CUST002372,Joaquim Sampaio,joaquim.sampaio@provedor.com.br,24.0,masculino,Pelotas,RS,2022-10-01,368922.0,6,1573.0,4.2,True,2022,10,4,Saturday,Medium Value
CUST004139,Laura Azevedo,laura.azevedo@correio.net,38.0,feminino,Maringá,PR,2022-10-03,3204.0,10,2549.0,4.8,True,2022,10,4,Monday,High Value
CUST002345,Sra. Maria Júlia Oliveira,sra..maria.julia.oliveira@webmail.com,28.0,feminino,Caxias do Sul,RS,2022-10-03,1738.0,4,687.0,4.1,True,2022,10,4,Monday,Low Value
CUST004274,Thiago Câmara,thiago.camara@email.com,39.0,masculino,Manaus,AM,2022-10-03,2766.0,4,978.0,4.5,True,2022,10,4,Monday,Low Value
CUST003448,Theo Vieira,theo.vieira@webmail.com,23.0,masculino,Caruaru,PE,2022-10-04,4834.0,7,2475.0,3.6,True,2022,10,4,Tuesday,High Value
CUST003605,João Vitor Da Rosa,joao.vitor.da.rosa@webmail.com,26.0,masculino,Recife,PE,2022-10-04,2441.0,4,693.0,5.0,True,2022,10,4,Tuesday,Low Value
CUST001083,Eduarda Macedo,eduarda.macedo@provedor.com.br,18.0,feminino,Campinas,SP,2022-10-05,1779.0,8,2125.0,3.8,True,2022,10,4,Wednesday,High Value
CUST002598,Lara Pacheco,lara.pacheco@email.com,40.0,feminino,Caxias do Sul,RS,2022-10-05,3826.0,5,1586.0,4.8,True,2022,10,4,Wednesday,Medium Value
CUST005017,Dr. Thomas Santos,dr..thomas.santos@provedor.com.br,46.0,masculino,Caruaru,PE,2022-10-06,5289.0,8,3340.0,3.9,True,2022,10,4,Thursday,High Value
CUST004829,Yasmin Silva,yasmin.silva@email.com,28.0,feminino,Belo Horizonte,MG,2022-10-06,3718.0,6,1292.0,2.9,True,2022,10,4,Thursday,Low Value
CUST003234,Ravi Fernandes,ravi.fernandes@mail.com,28.0,masculino,unknown,PE,2022-10-06,2149.0,3,133514.0,3.3,True,2022,10,4,Thursday,High Value
CUST003194,Ana Luiza Cavalcante,ana.luiza.cavalcante@email.com,53.0,outro,Salvador,BA,2022-10-06,4529.0,6,2292.0,3.7,True,2022,10,4,Thursday,High Value
CUST004843,Dr. Lucas Viana,dr..lucas.viana@email.com,46.0,masculino,Porto Alegre,RS,2022-10-06,4362.0,6,2035.0,5.0,True,2022,10,4,Thursday,High Value
CUST004588,Marcos Vinicius Vasconcelos,marcos.vinicius.vasconcelos@email.com,27.0,masculino,unknown,PA,2022-10-06,1631.0,9,1528.0,5.0,True,2022,10,4,Thursday,Medium Value
CUST001897,Enzo Vieira,enzo.vieira@mail.com,49.0,masculino,Anápolis,GO,2022-10-06,3400.0,10,3145.0,3.9,True,2022,10,4,Thursday,High Value
CUST002903,Gael Melo,gael.melo@correio.net,24.0,masculino,Salvador,BA,2022-10-07,2058.0,6,1164.0,4.0,True,2022,10,4,Friday,Low Value
CUST002261,Sara Siqueira,sara.siqueira@correio.net,51.0,feminino,Campinas,SP,2022-10-07,6501.0,8,2605.0,4.0,True,2022,10,4,Friday,High Value
CUST002466,Bernardo Novais,bernardo.novais@webmail.com,38.0,masculino,Vitória da Conquista,BA,2022-10-07,4203.0,11,4352.0,4.2,True,2022,10,4,Friday,High Value
CUST001303,Henry Gabriel Da Mata,henry.gabriel.da.mata@provedor.com.br,44.0,masculino,Brasília,DF,2022-10-07,6065.0,9,2880.0,2.6,True,2022,10,4,Friday,High Value
CUST000419,Dra. Ágatha Leão,dra..agatha.leao@webmail.com,36.0,feminino,Vila Velha,ES,2022-10-07,2205.0,10,2000.0,4.7,True,2022,10,4,Friday,Medium Value
CUST000055,Agatha Peixoto,agatha.peixoto@correio.net,36.0,feminino,São Paulo,SP,2022-10-08,240025.0,3,755.0,3.9,True,2022,10,4,Saturday,Low Value
CUST004220,Emilly Oliveira,emilly.oliveira@webmail.com,26.0,feminino,Vitória da Conquista,BA,2022-10-08,2418.0,7,2181.0,3.1,True,2022,10,4,Saturday,High Value
CUST004730,Camila Mendonça,camila.mendonca@mail.com,29.0,feminino,Vitória,ES,2022-10-09,3595.0,3,893.0,4.4,True,2022,10,4,Sunday,Low Value
CUST004894,Sra. Evelyn Pastor,sra..evelyn.pastor@mail.com,37.0,outro,Rio de Janeiro,RJ,2022-10-09,3054.0,4,640.0,4.5,True,2022,10,4,Sunday,Low Value
CUST002927,Cauê Viana,caue.viana@mail.com,22.0,masculino,Manaus,AM,2022-10-09,4942.0,7,2259.0,4.3,True,2022,10,4,Sunday,High Value
CUST003561,Davi Nascimento,davi.nascimento@email.com,51.0,masculino,Rio de Janeiro,RJ,2022-10-10,4449.0,5,1184.0,3.9,True,2022,10,4,Monday,Low Value
CUST000794,Luísa Da Rosa,luisa.da.rosa@correio.net,33.0,feminino,Sorocaba,SP,2022-10-10,5715.0,9,2546.0,4.6,True,2022,10,4,Monday,High Value
CUST001618,Sr. José Brito,sr..jose.brito@mail.com,76.0,masculino,Duque de Caxias,RJ,2022-10-10,3049.0,8,1631.0,3.6,True,2022,10,4,Monday,Medium Value
CUST000997,Apollo Mendes,apollo.mendes@mail.com,33.0,masculino,Porto Alegre,RS,2022-10-11,4679.0,6,925.0,4.0,True,2022,10,4,Tuesday,Low Value
CUST003788,Sr. Marcos Vinicius Siqueira,sr..marcos.vinicius.siqueira@mail.com,25.0,masculino,Ananindeua,PA,2022-10-11,7521.0,12,4649.0,5.0,True,2022,10,4,Tuesday,High Value
CUST003429,Maitê Freitas,maite.freitas@provedor.com.br,39.0,feminino,Blumenau,SC,2022-10-11,5564.0,3,872.0,4.8,True,2022,10,4,Tuesday,Low Value
CUST001553,Sophie Campos,sophie.campos@webmail.com,18.0,feminino,Vila Velha,ES,2022-10-11,3952.0,10,1305.0,2.5,True,2022,10,4,Tuesday,Medium Value
CUST003457,Renan Rios,renan.rios@mail.com,32.0,masculino,Rio de Janeiro,RJ,2022-10-12,3790.0,4,927.0,5.0,True,2022,10,4,Wednesday,Low Value
CUST000781,Thiago Martins,thiago.martins@correio.net,63.0,masculino,Vitória da Conquista,BA,2022-10-13,3408.0,8,991.0,3.8,True,2022,10,4,Thursday,Low Value
CUST003103,Rafael Abreu,rafael.abreu@mail.com,24.0,masculino,Duque de Caxias,RJ,2022-10-13,2816.0,3,565.0,4.8,True,2022,10,4,Thursday,Low Value
CUST004250,Paulo Pires,paulo.pires@correio.net,53.0,masculino,unknown,SP,2022-10-13,3882.0,6,2088.0,4.1,True,2022,10,4,Thursday,High Value
CUST003353,Emilly Macedo,emilly.macedo@email.com,18.0,feminino,Niterói,RJ,2022-10-14,2696.0,9,644.0,3.8,True,2022,10,4,Friday,Low Value
CUST001629,Pedro Henrique Da Mota,pedro.henrique.da.mota@correio.net,48.0,masculino,Petrópolis,RJ,2022-10-14,2239.0,6,2015.0,2.6,True,2022,10,4,Friday,Medium Value
CUST003116,Dra. Aylla Alves,dra..aylla.alves@provedor.com.br,40.0,feminino,Pelotas,RS,2022-10-14,4640.0,4,743.0,3.9,True,2022,10,4,Friday,Low Value
CUST003538,Srta. Isadora Da Rosa,srta..isadora.da.rosa@provedor.com.br,18.0,feminino,Brasília,DF,2022-10-14,3703.0,7,2443.0,3.6,True,2022,10,4,Friday,High Value
CUST004708,Otávio Cassiano,otavio.cassiano@provedor.com.br,40.0,masculino,Porto Alegre,RS,2022-10-15,2853.0,6,1229.0,3.1,True,2022,10,4,Saturday,Low Value
CUST002055,Melina Souza,melina.souza@mail.com,33.0,feminino,Salvador,BA,2022-10-15,1896.0,4,1134.0,3.5,True,2022,10,4,Saturday,Low Value
CUST003798,Ravy Jesus,ravy.jesus@provedor.com.br,41.0,masculino,Pelotas,RS,2022-10-15,3050.0,9,1890.0,3.6,True,2022,10,4,Saturday,Medium Value
CUST002539,Marcos Vinicius Borges,marcos.vinicius.borges@provedor.com.br,27.0,masculino,Campinas,SP,2022-10-16,4426.0,7,1596.0,4.0,True,2022,10,4,Sunday,Medium Value
CUST001391,Maria Fernanda Da Luz,maria.fernanda.da.luz@mail.com,49.0,feminino,Santos,SP,2022-10-16,2505.0,7,845.0,3.1,True,2022,10,4,Sunday,Low Value
CUST000001,Brenda Alves,brenda.alves@webmail.com,46.0,outro,Belo Horizonte,MG,2022-10-16,3313.0,6,1679.0,3.6,True,2022,10,4,Sunday,Medium Value
CUST001141,Vicente Moreira,vicente.moreira@mail.com,59.0,masculino,São Paulo,SP,2022-10-17,8604.0,12,3724.0,4.7,True,2022,10,4,Monday,High Value
CUST004889,Pedro Miguel Barros,pedro.miguel.barros@webmail.com,46.0,masculino,Curitiba,PR,2022-10-17,3476.0,5,1567.0,3.3,True,2022,10,4,Monday,Medium Value
CUST002360,Sra. Esther Carvalho,sra..esther.carvalho@provedor.com.br,55.0,feminino,Rio de Janeiro,RJ,2022-10-17,3430.0,4,713.0,4.1,True,2022,10,4,Monday,Low Value
CUST002755,Sr. Benjamim Ramos,sr..benjamim.ramos@correio.net,34.0,masculino,Duque de Caxias,RJ,2022-10-18,3563.0,6,1477.0,3.2,True,2022,10,4,Tuesday,Medium Value
CUST003037,Ágatha Cavalcante,agatha.cavalcante@correio.net,34.0,feminino,Olinda,PE,2022-10-18,2035.0,5,1492.0,4.5,True,2022,10,4,Tuesday,Medium Value
CUST001485,Henry Gabriel Novaes,henry.gabriel.novaes@email.com,38.0,masculino,Ribeirão Preto,SP,2022-10-18,3277.0,11,2362.0,3.7,True,2022,10,4,Tuesday,High Value
CUST002271,Joaquim Melo,joaquim.melo@correio.net,31.0,masculino,Campinas,SP,2022-10-19,3851.0,8,2102.0,4.0,True,2022,10,4,Wednesday,High Value
CUST000138,Josué Rios,josue.rios@mail.com,18.0,masculino,Duque de Caxias,RJ,2022-10-20,2383.0,7,1973.0,4.2,True,2022,10,4,Thursday,Medium Value
CUST001855,Vitor Albuquerque,vitor.albuquerque@email.com,61.0,masculino,Brasília,DF,2022-10-20,7744.0,12,4602.0,2.8,True,2022,10,4,Thursday,High Value
CUST001285,Pedro Henrique Castro,pedro.henrique.castro@email.com,38.0,masculino,Manaus,AM,2022-10-20,2837.0,5,1460.0,5.0,True,2022,10,4,Thursday,Medium Value
CUST003553,Antonella Da Cunha,antonella.da.cunha@provedor.com.br,18.0,feminino,Maringá,PR,2022-10-21,1978.0,9,1920.0,3.4,True,2022,10,4,Friday,Medium Value
CUST003070,Miguel Sampaio,miguel.sampaio@email.com,18.0,masculino,Uberlândia,MG,2022-10-21,1667.0,6,800.0,3.3,True,2022,10,4,Friday,Low Value
CUST000903,Theodoro Sampaio,theodoro.sampaio@provedor.com.br,28.0,outro,Londrina,PR,2022-10-22,988.0,5,925.0,3.1,True,2022,10,4,Saturday,Low Value
CUST004236,Maria Flor Carvalho,maria.flor.carvalho@mail.com,23.0,feminino,Caxias do Sul,RS,2022-10-22,900.0,5,1104.0,4.8,True,2022,10,4,Saturday,Low Value
CUST001164,Leonardo Duarte,leonardo.duarte@email.com,51.0,masculino,Fortaleza,CE,2022-10-22,5747.0,5,1630.0,4.5,True,2022,10,4,Saturday,Medium Value
CUST001523,Théo Da Rosa,theo.da.rosa@mail.com,64.0,masculino,Caruaru,PE,2022-10-22,2892.0,10,2100.0,4.3,True,2022,10,4,Saturday,High Value
CUST001063,Sr. Davi Luiz Sá,sr..davi.luiz.sa@provedor.com.br,35.0,masculino,Londrina,PR,2022-10-22,3358.0,5,976.0,2.2,True,2022,10,4,Saturday,Low Value
CUST000948,Amanda Borges,amanda.borges@provedor.com.br,22.0,feminino,Campinas,SP,2022-10-22,2032.0,8,1434.0,4.0,True,2022,10,4,Saturday,Medium Value
CUST002252,Allana Casa Grande,allana.casa.grande@email.com,24.0,feminino,São Paulo,SP,2022-10-22,2454.0,3,854.0,4.0,True,2022,10,4,Saturday,Low Value
CUST001333,Benicio Souza,benicio.souza@mail.com,43.0,masculino,Uberlândia,MG,2022-10-23,3434.0,6,1445.0,5.0,True,2022,10,4,Sunday,Medium Value
CUST003534,Jade Sá,jade.sa@webmail.com,54.0,feminino,Ribeirão Preto,SP,2022-10-24,3656.0,10,3167.0,4.3,True,2022,10,4,Monday,High Value
CUST004068,Otávio Cavalcante,otavio.cavalcante@correio.net,30.0,masculino,Londrina,PR,2022-10-24,4044.0,6,1329.0,4.8,True,2022,10,4,Monday,Medium Value
CUST003161,Thales Câmara,thales.camara@webmail.com,49.0,masculino,Duque de Caxias,RJ,2022-10-24,2885.0,12,3835.0,4.5,True,2022,10,4,Monday,High Value
CUST000655,Dr. Luiz Felipe Santos,dr..luiz.felipe.santos@webmail.com,38.0,masculino,Cuiabá,MT,2022-10-24,1808.0,9,2748.0,2.4,True,2022,10,4,Monday,High Value
CUST001147,Ana Vitória Monteiro,ana.vitoria.monteiro@mail.com,35.0,feminino,Brasília,DF,2022-10-24,3450.0,8,2346.0,5.0,True,2022,10,4,Monday,High Value
CUST004158,Yuri Costa,yuri.costa@email.com,18.0,masculino,São Paulo,SP,2022-10-25,2643.0,4,1202.0,3.3,True,2022,10,4,Tuesday,Low Value
CUST003151,Stella Pastor,stella.pastor@mail.com,41.0,feminino,Porto Alegre,RS,2022-10-27,3448.0,7,2185.0,4.3,True,2022,10,4,Thursday,High Value
CUST002804,Maria Cecília Lopes,maria.cecilia.lopes@mail.com,45.0,feminino,Caruaru,PE,2022-10-27,5953.0,7,2061.0,3.6,True,2022,10,4,Thursday,High Value
CUST003825,Ana Clara Aragão,ana.clara.aragao@email.com,40.0,feminino,Cuiabá,MT,2022-10-27,4892.0,15,4421.0,4.6,True,2022,10,4,Thursday,High Value
CUST000759,Jade Souza,jade.souza@provedor.com.br,24.0,feminino,Pelotas,RS,2022-10-27,2699.0,12,3513.0,3.8,True,2022,10,4,Thursday,High Value
CUST003340,Marcelo Monteiro,marcelo.monteiro@correio.net,31.0,masculino,Uberlândia,MG,2022-10-28,3103.0,6,1755.0,3.5,True,2022,10,4,Friday,Medium Value
CUST004828,Dante Silva,dante.silva@correio.net,25.0,masculino,Santos,SP,2022-10-28,3926.0,2,616.0,4.2,True,2022,10,4,Friday,Low Value
CUST000175,Thomas Melo,thomas.melo@mail.com,43.0,outro,Brasília,DF,2022-10-28,4018.0,11,2971.0,4.0,True,2022,10,4,Friday,High Value
CUST004746,Raul Aparecida,raul.aparecida@mail.com,44.0,masculino,Ribeirão Preto,SP,2022-10-28,4085.0,4,970.0,4.0,True,2022,10,4,Friday,Low Value
CUST001203,Cauã Vieira,caua.vieira@mail.com,38.0,masculino,Niterói,RJ,2022-10-28,1792.0,9,2108.0,5.0,True,2022,10,4,Friday,High Value
CUST004530,Vicente Silveira,vicente.silveira@provedor.com.br,38.0,masculino,Goiânia,GO,2022-10-29,2405.0,6,1284.0,4.8,True,2022,10,4,Saturday,Low Value
CUST005053,Isabella Oliveira,isabella.oliveira@mail.com,45.0,feminino,Campinas,SP,2022-10-30,4964.0,6,3010.0,4.6,True,2022,10,4,Sunday,High Value
CUST004181,Sophia Sousa,sophia.sousa@webmail.com,27.0,feminino,Niterói,RJ,2022-10-30,1110.0,5,1492.0,4.6,True,2022,10,4,Sunday,Medium Value
CUST002902,Dr. Antônio Castro,dr..antonio.castro@provedor.com.br,50.0,masculino,Brasília,DF,2022-10-31,2712.0,7,2322.0,4.0,True,2022,10,4,Monday,High Value
CUST004627,Maria Luísa Cavalcanti,maria.luisa.cavalcanti@provedor.com.br,43.0,feminino,Londrina,PR,2022-10-31,2264.0,7,1060.0,5.0,True,2022,10,4,Monday,Low Value
CUST001107,Maria Isis Ferreira,maria.isis.ferreira@webmail.com,28.0,feminino,Duque de Caxias,RJ,2022-11-01,2634.0,7,2136.0,4.2,True,2022,11,4,Tuesday,High Value
CUST000370,Sra. Ana Aparecida,sra..ana.aparecida@provedor.com.br,29.0,feminino,Brasília,DF,2022-11-01,3430.0,10,1840.0,5.0,True,2022,11,4,Tuesday,Medium Value
CUST002714,João Lucas Ribeiro,joao.lucas.ribeiro@email.com,53.0,outro,Niterói,RJ,2022-11-01,3888.0,6,1333.0,4.3,True,2022,11,4,Tuesday,Medium Value
CUST001822,Nathan Barbosa,nathan.barbosa@webmail.com,20.0,masculino,Belém,PA,2022-11-01,2907.0,10,3125.0,4.0,True,2022,11,4,Tuesday,High Value
CUST003566,Marcos Vinicius Câmara,marcos.vinicius.camara@email.com,28.0,masculino,Curitiba,PR,2022-11-02,900.0,4,670.0,4.0,True,2022,11,4,Wednesday,Low Value
CUST002101,Sr. Enrico Casa Grande,sr..enrico.casa.grande@email.com,29.0,masculino,Várzea Grande,MT,2022-11-02,4425.0,4,1479.0,3.0,True,2022,11,4,Wednesday,Medium Value
CUST001717,Luiz Otávio Pimenta,luiz.otavio.pimenta@email.com,38.0,masculino,São Paulo,SP,2022-11-03,5950.0,5,1297.0,5.0,True,2022,11,4,Thursday,Low Value
CUST004128,Erick Da Luz,erick.da.luz@webmail.com,53.0,masculino,Santos,SP,2022-11-03,2051.0,3,818.0,3.3,True,2022,11,4,Thursday,Low Value
CUST003117,Pedro Alves,pedro.alves@webmail.com,25.0,masculino,Petrópolis,RJ,2022-11-04,5081.0,9,2532.0,4.7,True,2022,11,4,Friday,High Value
CUST002013,Gustavo Henrique Sousa,gustavo.henrique.sousa@provedor.com.br,36.0,masculino,Pelotas,RS,2022-11-04,3605.0,7,2047.0,3.5,True,2022,11,4,Friday,High Value
CUST003552,Elisa Guerra,elisa.guerra@email.com,32.0,feminino,Feira de Santana,BA,2022-11-05,3726.0,3,825.0,3.6,True,2022,11,4,Saturday,Low Value
CUST001984,Henry Cassiano,henry.cassiano@correio.net,48.0,masculino,Recife,PE,2022-11-05,2640.0,2,553.0,3.1,True,2022,11,4,Saturday,Low Value
CUST001654,Julia Freitas,julia.freitas@email.com,45.0,feminino,Porto Alegre,RS,2022-11-05,3898.0,7,1766.0,4.5,True,2022,11,4,Saturday,Medium Value
CUST003279,Fernando Sampaio,fernando.sampaio@email.com,23.0,masculino,Niterói,RJ,2022-11-06,2132.0,10,3548.0,5.0,True,2022,11,4,Sunday,High Value
CUST005048,Dr. Davi Luiz Martins,dr..davi.luiz.martins@mail.com,62.0,masculino,Parintins,AM,2022-11-06,3931.0,10,2727.0,4.6,True,2022,11,4,Sunday,High Value
CUST004656,Bruna Moreira,bruna.moreira@email.com,26.0,feminino,Santos,SP,2022-11-07,2012.0,7,1199.0,4.5,True,2022,11,4,Monday,Low Value
CUST000654,Pedro Miguel Borges,pedro.miguel.borges@provedor.com.br,39.0,masculino,Serra,ES,2022-11-07,5188.0,8,1904.0,3.6,True,2022,11,4,Monday,Medium Value
CUST002290,Sr. Pietro Freitas,sr..pietro.freitas@provedor.com.br,18.0,masculino,Brasília,DF,2022-11-07,2089.0,7,1530.0,4.3,True,2022,11,4,Monday,Medium Value
CUST002513,Dr. Juan Melo,dr..juan.melo@correio.net,27.0,masculino,Campinas,SP,2022-11-07,1965.0,3,844.0,4.2,True,2022,11,4,Monday,Low Value
CUST003338,Mariane Sá,mariane.sa@email.com,50.0,feminino,unknown,SC,2022-11-08,2526.0,5,1313.0,2.8,True,2022,11,4,Tuesday,Medium Value
CUST004473,Davi Lucas Vasconcelos,davi.lucas.vasconcelos@email.com,48.0,masculino,Goiânia,GO,2022-11-10,3751.0,7,716.0,3.1,True,2022,11,4,Thursday,Low Value
CUST003323,Anthony Gabriel Gomes,anthony.gabriel.gomes@email.com,33.0,masculino,Ribeirão Preto,SP,2022-11-10,4228.0,8,1981.0,4.1,True,2022,11,4,Thursday,Medium Value
CUST001901,Eduardo Freitas,eduardo.freitas@mail.com,53.0,masculino,unknown,PE,2022-11-10,4809.0,8,1807.0,3.8,True,2022,11,4,Thursday,Medium Value
CUST000840,Ana Lívia Brito,ana.livia.brito@email.com,32.0,feminino,Contagem,MG,2022-11-10,4605.0,6,2159.0,2.1,True,2022,11,4,Thursday,High Value
CUST000316,Maya Porto,maya.porto@provedor.com.br,23.0,feminino,Porto Alegre,RS,2022-11-10,3476.0,12,3169.0,2.3,True,2022,11,4,Thursday,High Value
CUST003466,Manuela Sousa,manuela.sousa@webmail.com,42.0,feminino,Niterói,RJ,2022-11-10,3856.0,11,2544.0,4.0,True,2022,11,4,Thursday,High Value
CUST002742,Yasmin Da Costa,yasmin.da.costa@correio.net,38.0,feminino,Brasília,DF,2022-11-10,3645.0,9,1938.0,4.6,True,2022,11,4,Thursday,Medium Value
CUST004494,Sr. João Vitor Castro,sr..joao.vitor.castro@webmail.com,34.0,masculino,Santos,SP,2022-11-10,3526.0,11,3187.0,4.5,True,2022,11,4,Thursday,High Value
CUST002168,Gabriela Borges,gabriela.borges@email.com,28.0,feminino,Belém,PA,2022-11-11,2165.0,6,843.0,3.3,True,2022,11,4,Friday,Low Value
CUST001904,Lucca Teixeira,lucca.teixeira@mail.com,52.0,masculino,Duque de Caxias,RJ,2022-11-11,4538.0,11,3115.0,3.8,True,2022,11,4,Friday,High Value
CUST003865,Anthony Cassiano,anthony.cassiano@email.com,75.0,masculino,Brasília,DF,2022-11-11,4872.0,6,2308.0,4.4,True,2022,11,4,Friday,High Value
CUST002095,Rael Porto,rael.porto@webmail.com,28.0,outro,Uberlândia,MG,2022-11-11,7104.0,12,3627.0,4.3,True,2022,11,4,Friday,High Value
CUST004665,Elisa Martins,elisa.martins@webmail.com,18.0,feminino,Ribeirão Preto,SP,2022-11-12,2664.0,3,419.0,4.1,True,2022,11,4,Saturday,Low Value
CUST000284,Liz Barros,liz.barros@correio.net,37.0,feminino,Uberlândia,MG,2022-11-12,3344.0,9,1913.0,3.4,True,2022,11,4,Saturday,Medium Value
CUST001127,Antonella Porto,antonella.porto@email.com,33.0,feminino,Pelotas,RS,2022-11-12,5324.0,4,1214.0,5.0,True,2022,11,4,Saturday,Low Value
CUST002783,Diogo Alves,diogo.alves@webmail.com,43.0,masculino,Brasília,DF,2022-11-12,2822.0,5,1604.0,5.0,True,2022,11,4,Saturday,Medium Value
CUST002016,Yan Mendes,yan.mendes@correio.net,38.0,masculino,Uberlândia,MG,2022-11-13,4344.0,7,2258.0,3.8,True,2022,11,4,Sunday,High Value
CUST000439,Allana Cavalcanti,allana.cavalcanti@email.com,46.0,feminino,Sorocaba,SP,2022-11-13,1463.0,10,1865.0,5.0,True,2022,11,4,Sunday,Medium Value
CUST004767,Antony Santos,antony.santos@email.com,32.0,masculino,Pelotas,RS,2022-11-13,3525.0,9,855.0,2.4,True,2022,11,4,Sunday,Low Value
CUST003753,Larissa Fogaça,larissa.fogaca@correio.net,47.0,feminino,Salvador,BA,2022-11-13,2143.0,5,1336.0,3.5,True,2022,11,4,Sunday,Medium Value
CUST002686,Calebe Pastor,calebe.pastor@mail.com,51.0,masculino,Pelotas,RS,2022-11-13,2994.0,5,1546.0,2.8,True,2022,11,4,Sunday,Medium Value
CUST004195,Pedro Lucas Ribeiro,pedro.lucas.ribeiro@correio.net,34.0,masculino,Belo Horizonte,MG,2022-11-13,5385.0,4,1429.0,4.9,True,2022,11,4,Sunday,Medium Value
CUST000608,Lucas Gabriel Carvalho,lucas.gabriel.carvalho@correio.net,38.0,masculino,unknown,CE,2022-11-13,3602.0,5,711.0,4.8,True,2022,11,4,Sunday,Low Value
CUST000580,Maria Fernanda Da Costa,maria.fernanda.da.costa@mail.com,29.0,feminino,Ananindeua,PA,2022-11-14,5652.0,8,2254.0,3.7,True,2022,11,4,Monday,High Value
CUST001614,Emilly Rios,emilly.rios@correio.net,32.0,feminino,Uberlândia,MG,2022-11-16,3772.0,8,1612.0,4.9,True,2022,11,4,Wednesday,Medium Value
CUST000590,João Pedro Da Costa,joao.pedro.da.costa@email.com,32.0,outro,Londrina,PR,2022-11-17,1245.0,10,2557.0,3.7,True,2022,11,4,Thursday,High Value
CUST003795,Oliver Cassiano,oliver.cassiano@provedor.com.br,38.0,masculino,Ribeirão Preto,SP,2022-11-17,4414.0,8,1458.0,5.0,True,2022,11,4,Thursday,Medium Value
CUST001342,Dr. Valentim Freitas,dr..valentim.freitas@correio.net,40.0,masculino,Pelotas,RS,2022-11-17,3522.0,5,1685.0,4.0,True,2022,11,4,Thursday,Medium Value
CUST000153,Lucas Alves,lucas.alves@correio.net,38.0,masculino,Belo Horizonte,MG,2022-11-17,4115.0,9,3419.0,4.9,True,2022,11,4,Thursday,High Value
CUST005029,Sr. João Vitor Barros,sr..joao.vitor.barros@webmail.com,69.0,masculino,Ribeirão Preto,SP,2022-11-18,8464.0,9,2911.0,4.8,True,2022,11,4,Friday,High Value
CUST000089,Dra. Alice Borges,dra..alice.borges@email.com,49.0,feminino,Rio de Janeiro,RJ,2022-11-18,4125.0,5,1645.0,3.2,True,2022,11,4,Friday,Medium Value
CUST000678,Yuri Da Mota,yuri.da.mota@mail.com,44.0,masculino,Fortaleza,CE,2022-11-19,5826.0,8,2746.0,4.5,True,2022,11,4,Saturday,High Value
CUST002202,Caroline Borges,caroline.borges@mail.com,28.0,feminino,Fortaleza,CE,2022-11-20,3423.0,8,1406.0,5.0,True,2022,11,4,Sunday,Medium Value
CUST001980,Anthony Porto,anthony.porto@webmail.com,18.0,masculino,Vitória da Conquista,BA,2022-11-20,2290.0,8,2015.0,3.4,True,2022,11,4,Sunday,Medium Value
CUST004819,Raul Da Cruz,raul.da.cruz@webmail.com,55.0,masculino,Parintins,AM,2022-11-21,2358.0,2,618.0,4.4,True,2022,11,4,Monday,Low Value
CUST002225,Nicole Duarte,nicole.duarte@mail.com,53.0,feminino,Rio de Janeiro,RJ,2022-11-21,2980.0,4,780.0,3.6,True,2022,11,4,Monday,Low Value
CUST004398,Ravy Souza,ravy.souza@provedor.com.br,48.0,masculino,Duque de Caxias,RJ,2022-11-21,6584.0,3,823.0,5.0,True,2022,11,4,Monday,Low Value
CUST001317,Dr. Guilherme Pires,dr..guilherme.pires@mail.com,40.0,masculino,Manaus,AM,2022-11-21,7549.0,9,2999.0,4.0,True,2022,11,4,Monday,High Value
CUST004928,Giovanna Ribeiro,giovanna.ribeiro@provedor.com.br,42.0,feminino,Rio de Janeiro,RJ,2022-11-22,2789.0,5,835.0,4.0,True,2022,11,4,Tuesday,Low Value
CUST003470,Srta. Luana Araújo,srta..luana.araujo@email.com,61.0,feminino,Santos,SP,2022-11-22,4280.0,8,1555.0,5.0,True,2022,11,4,Tuesday,Medium Value
CUST002597,Dr. Arthur Borges,dr..arthur.borges@correio.net,50.0,masculino,Olinda,PE,2022-11-22,2271.0,4,937.0,5.0,True,2022,11,4,Tuesday,Low Value
CUST000824,Ravy Andrade,ravy.andrade@mail.com,24.0,masculino,Belo Horizonte,MG,2022-11-23,2331.0,4,798.0,2.4,True,2022,11,4,Wednesday,Low Value
CUST000895,Sr. Bernardo Santos,sr..bernardo.santos@provedor.com.br,31.0,masculino,Campinas,SP,2022-11-23,2281.0,8,1950.0,3.5,True,2022,11,4,Wednesday,Medium Value
CUST000730,Dr. Kaique Melo,dr..kaique.melo@provedor.com.br,31.0,outro,Brasília,DF,2022-11-25,5478.0,4,1106.0,4.3,True,2022,11,4,Friday,Low Value
CUST003598,Sr. Pietro Cavalcante,sr..pietro.cavalcante@email.com,42.0,masculino,Ribeirão Preto,SP,2022-11-25,2197.0,6,1338.0,5.0,True,2022,11,4,Friday,Medium Value
CUST001609,Antonella Das Neves,antonella.das.neves@webmail.com,34.0,feminino,Pelotas,RS,2022-11-25,1894.0,4,1070.0,3.8,True,2022,11,4,Friday,Low Value
CUST003187,Augusto Teixeira,augusto.teixeira@provedor.com.br,36.0,outro,Porto Alegre,RS,2022-11-25,3684.0,7,1781.0,5.0,True,2022,11,4,Friday,Medium Value
CUST000180,Joaquim Melo,joaquim.melo@correio.net,45.0,masculino,Curitiba,PR,2022-11-26,10954.0,12,5428.0,3.7,True,2022,11,4,Saturday,High Value
CUST000757,Lavínia Aparecida,lavinia.aparecida@provedor.com.br,29.0,feminino,Juiz de Fora,MG,2022-11-26,2933.0,10,2499.0,4.9,True,2022,11,4,Saturday,High Value
CUST004392,Bárbara Barros,barbara.barros@correio.net,52.0,feminino,Uberlândia,MG,2022-11-26,3306.0,9,1363.0,4.3,True,2022,11,4,Saturday,Medium Value
CUST001129,Lara Barros,lara.barros@webmail.com,49.0,feminino,Blumenau,SC,2022-11-28,4497.0,9,2727.0,4.6,True,2022,11,4,Monday,High Value
CUST002056,Dr. Dom Vasconcelos,dr..dom.vasconcelos@email.com,65.0,masculino,Juiz de Fora,MG,2022-11-28,6020.0,7,2084.0,4.0,True,2022,11,4,Monday,High Value
CUST004683,Alexandre Ribeiro,alexandre.ribeiro@provedor.com.br,18.0,masculino,Várzea Grande,MT,2022-11-28,1773.0,4,675.0,5.0,True,2022,11,4,Monday,Low Value
CUST002038,Mathias Alves,mathias.alves@mail.com,42.0,outro,Vitória da Conquista,BA,2022-11-28,7385.0,6,1996.0,2.9,True,2022,11,4,Monday,Medium Value
CUST004891,Henrique Peixoto,henrique.peixoto@email.com,55.0,masculino,Porto Alegre,RS,2022-11-28,2718.0,6,1694.0,3.9,True,2022,11,4,Monday,Medium Value
CUST000165,Thiago Das Neves,thiago.das.neves@webmail.com,24.0,outro,Florianópolis,SC,2022-11-29,4955.0,6,1155.0,2.2,True,2022,11,4,Tuesday,Low Value
CUST002930,Dante Costela,dante.costela@email.com,40.0,masculino,Niterói,RJ,2022-11-29,2797.0,6,469.0,5.0,True,2022,11,4,Tuesday,Low Value
CUST003249,Cauê Farias,caue.farias@webmail.com,31.0,masculino,Olinda,PE,2022-11-29,1659.0,4,1042.0,5.0,True,2022,11,4,Tuesday,Low Value
CUST000488,João Gabriel Macedo,joao.gabriel.macedo@provedor.com.br,38.0,masculino,Campinas,SP,2022-11-29,4593.0,2,628.0,4.2,True,2022,11,4,Tuesday,Low Value
CUST002263,Ísis Oliveira,isis.oliveira@correio.net,21.0,feminino,Juiz de Fora,MG,2022-11-29,2573.0,8,592.0,4.0,True,2022,11,4,Tuesday,Low Value
CUST004040,Srta. Joana Viana,srta..joana.viana@mail.com,48.0,feminino,Rio de Janeiro,RJ,2022-11-30,6359.0,12,4199.0,4.0,True,2022,11,4,Wednesday,High Value
CUST000390,Sra. Laura Vasconcelos,sra..laura.vasconcelos@mail.com,29.0,feminino,Ribeirão Preto,SP,2022-11-30,4867.0,7,2207.0,3.6,True,2022,11,4,Wednesday,High Value
CUST002428,Davi Lucas Andrade,davi.lucas.andrade@email.com,23.0,masculino,Maringá,PR,2022-11-30,5419.0,10,1830.0,4.4,True,2022,11,4,Wednesday,Medium Value
CUST000281,Danilo Azevedo,danilo.azevedo@email.com,30.0,masculino,Recife,PE,2022-12-01,1743.0,7,2384.0,5.0,True,2022,12,4,Thursday,High Value
CUST003526,Rebeca Azevedo,rebeca.azevedo@provedor.com.br,52.0,feminino,Sorocaba,SP,2022-12-01,2575.0,2,381.0,3.6,True,2022,12,4,Thursday,Low Value
CUST002355,Guilherme Cavalcanti,guilherme.cavalcanti@correio.net,62.0,outro,Sorocaba,SP,2022-12-02,8161.0,7,3111.0,4.6,True,2022,12,4,Friday,High Value
CUST003970,Dr. Marcos Vinicius Dias,dr..marcos.vinicius.dias@mail.com,20.0,masculino,Vitória da Conquista,BA,2022-12-02,2009.0,10,1572.0,3.1,True,2022,12,4,Friday,Medium Value
CUST000589,Vitória Lima,vitoria.lima@correio.net,26.0,feminino,Uberlândia,MG,2022-12-03,4175.0,11,2380.0,5.0,True,2022,12,4,Saturday,High Value
CUST004323,Pedro Henrique Lima,pedro.henrique.lima@mail.com,35.0,masculino,Salvador,BA,2022-12-03,5490.0,10,3180.0,5.0,True,2022,12,4,Saturday,High Value
CUST000877,Luiz Miguel Moraes,luiz.miguel.moraes@webmail.com,18.0,masculino,Sorocaba,SP,2022-12-03,4975.0,9,2252.0,4.0,True,2022,12,4,Saturday,High Value
CUST000985,Dr. Yago Andrade,dr..yago.andrade@email.com,42.0,masculino,Santos,SP,2022-12-03,8088.0,8,2544.0,3.9,True,2022,12,4,Saturday,High Value
CUST001416,Leandro Cavalcante,leandro.cavalcante@webmail.com,41.0,masculino,Recife,PE,2022-12-03,3883.0,7,2697.0,2.5,True,2022,12,4,Saturday,High Value
CUST000367,Dr. Ian Souza,dr..ian.souza@webmail.com,43.0,masculino,Anápolis,GO,2022-12-04,6066.0,7,1964.0,4.4,True,2022,12,4,Sunday,Medium Value
CUST003547,Davi Luiz Pereira,davi.luiz.pereira@email.com,28.0,masculino,Ribeirão Preto,SP,2022-12-04,3313.5,8,2641.0,2.9,True,2022,12,4,Sunday,High Value
CUST004679,Caroline Ribeiro,caroline.ribeiro@webmail.com,41.0,feminino,Porto Alegre,RS,2022-12-04,3122.0,8,2551.0,4.9,True,2022,12,4,Sunday,High Value
CUST004949,João Vitor Sales,joao.vitor.sales@email.com,36.0,masculino,Contagem,MG,2022-12-04,4877.0,4,923.0,4.0,True,2022,12,4,Sunday,Low Value
CUST003491,Lucca Lima,lucca.lima@webmail.com,43.0,masculino,Florianópolis,SC,2022-12-05,4062.0,9,2239.0,3.7,True,2022,12,4,Monday,High Value
CUST000864,Lucas Ramos,lucas.ramos@webmail.com,30.0,masculino,Blumenau,SC,2022-12-05,2320.0,6,1172.0,4.4,True,2022,12,4,Monday,Low Value
CUST002750,Lucas Gabriel Silva,lucas.gabriel.silva@mail.com,28.0,masculino,Feira de Santana,BA,2022-12-05,3123.0,14,3127.0,2.7,True,2022,12,4,Monday,High Value
CUST000721,Luiz Otávio Sá,luiz.otavio.sa@correio.net,38.0,masculino,Ribeirão Preto,SP,2022-12-05,1915.0,7,1696.0,3.4,True,2022,12,4,Monday,Medium Value
CUST000865,Rael Freitas,rael.freitas@email.com,27.0,masculino,Juiz de Fora,MG,2022-12-06,4024.0,8,2642.0,4.7,True,2022,12,4,Tuesday,High Value
CUST004240,Srta. Maya Moura,srta..maya.moura@mail.com,45.0,feminino,Feira de Santana,BA,2022-12-07,2293.0,4,1044.0,2.6,True,2022,12,4,Wednesday,Low Value
CUST002874,Anthony Gabriel Cavalcante,anthony.gabriel.cavalcante@correio.net,28.0,masculino,Belo Horizonte,MG,2022-12-07,2246.0,7,1481.0,4.6,True,2022,12,4,Wednesday,Medium Value
CUST000813,Gabrielly Silva,gabrielly.silva@email.com,44.0,feminino,Florianópolis,SC,2022-12-07,3527.0,6,1897.0,4.0,True,2022,12,4,Wednesday,Medium Value
CUST002671,Otávio Nunes,otavio.nunes@email.com,35.0,masculino,Caxias do Sul,RS,2022-12-07,1682.0,6,1006.0,3.5,True,2022,12,4,Wednesday,Low Value
CUST001686,Ravy Mendes,ravy.mendes@webmail.com,45.0,masculino,Ribeirão Preto,SP,2022-12-08,7557.0,9,2062.0,3.3,True,2022,12,4,Thursday,High Value
CUST002792,Sr. Ravy Fogaça,sr..ravy.fogaca@webmail.com,43.0,outro,Belo Horizonte,MG,2022-12-08,3909.0,11,3843.0,4.7,True,2022,12,4,Thursday,High Value
CUST002309,Sra. Lívia Da Mata,sra..livia.da.mata@webmail.com,43.0,feminino,Londrina,PR,2022-12-08,6192.0,11,3461.0,4.5,True,2022,12,4,Thursday,High Value
CUST004183,Thales Carvalho,thales.carvalho@provedor.com.br,40.0,masculino,Vitória da Conquista,BA,2022-12-09,2639.0,7,1661.0,4.2,True,2022,12,4,Friday,Medium Value
CUST001551,Srta. Laís Machado,srta..lais.machado@mail.com,34.0,feminino,São Paulo,SP,2022-12-09,7014.0,10,2904.0,3.5,True,2022,12,4,Friday,High Value
CUST004565,Nina Peixoto,nina.peixoto@mail.com,54.0,feminino,Porto Alegre,RS,2022-12-09,3090.0,6,1469.0,4.0,True,2022,12,4,Friday,Medium Value
CUST003877,Mirella Andrade,mirella.andrade@correio.net,40.0,feminino,Campinas,SP,2022-12-10,6323.0,6,1614.0,4.4,True,2022,12,4,Saturday,Medium Value
CUST001052,Dra. Isadora Da Rosa,dra..isadora.da.rosa@correio.net,30.0,feminino,São Paulo,SP,2022-12-10,3958.0,10,3432.0,4.1,True,2022,12,4,Saturday,High Value
CUST002043,Heloísa Leão,heloisa.leao@mail.com,25.0,feminino,Joinville,SC,2022-12-10,3728.0,7,1524.0,4.4,True,2022,12,4,Saturday,Medium Value
CUST001371,Rafaela Azevedo,rafaela.azevedo@email.com,43.0,feminino,Fortaleza,CE,2022-12-10,5065.0,3,862.0,3.3,True,2022,12,4,Saturday,Low Value
CUST002696,Dra. Ester Oliveira,dra..ester.oliveira@webmail.com,39.0,feminino,Ribeirão Preto,SP,2022-12-11,6951.0,6,1502.0,4.5,True,2022,12,4,Sunday,Medium Value
CUST000968,Guilherme Mendes,guilherme.mendes@mail.com,52.0,masculino,Duque de Caxias,RJ,2022-12-11,2613.0,8,2424.0,3.1,True,2022,12,4,Sunday,High Value
CUST003599,Sr. Erick Barbosa,sr..erick.barbosa@email.com,38.0,masculino,Santos,SP,2022-12-11,5585.0,7,2553.0,4.2,True,2022,12,4,Sunday,High Value
CUST002046,Davi Lucca Costela,davi.lucca.costela@provedor.com.br,22.0,masculino,Sobral,CE,2022-12-12,5094.0,8,3324.0,5.0,True,2022,12,4,Monday,High Value
CUST004351,Asafe Novaes,asafe.novaes@email.com,49.0,masculino,Rio de Janeiro,RJ,2022-12-13,4103.0,11,2583.0,4.3,True,2022,12,4,Tuesday,High Value
CUST000788,Dr. Paulo Moraes,dr..paulo.moraes@mail.com,41.0,masculino,Campinas,SP,2022-12-14,2066.0,4,1036.0,3.9,True,2022,12,4,Wednesday,Low Value
CUST001281,Ana Vitória Novaes,ana.vitoria.novaes@mail.com,49.0,feminino,Londrina,PR,2022-12-14,2887.0,3,884.0,3.0,True,2022,12,4,Wednesday,Low Value
CUST002556,Dra. Olívia Sales,dra..olivia.sales@email.com,28.0,feminino,Londrina,PR,2022-12-14,3508.0,9,1451.0,3.3,True,2022,12,4,Wednesday,Medium Value
CUST001502,Stephany Freitas,stephany.freitas@email.com,37.0,feminino,São Paulo,SP,2022-12-14,3819.0,6,1890.0,4.2,True,2022,12,4,Wednesday,Medium Value
CUST003989,Gael Henrique Rodrigues,gael.henrique.rodrigues@correio.net,37.0,masculino,Brasília,DF,2022-12-14,2811.0,8,1094.0,3.3,True,2022,12,4,Wednesday,Low Value
CUST001823,Enrico Fernandes,enrico.fernandes@webmail.com,30.0,masculino,Santos,SP,2022-12-15,2598.0,5,1128.0,4.2,True,2022,12,4,Thursday,Low Value
CUST003847,Diego Vargas,diego.vargas@email.com,43.0,masculino,Contagem,MG,2022-12-15,2295.0,6,838.0,3.8,True,2022,12,4,Thursday,Low Value
CUST000960,Maria Cecília Da Cunha,maria.cecilia.da.cunha@correio.net,60.0,feminino,Contagem,MG,2022-12-15,2585.0,16,3908.0,4.1,True,2022,12,4,Thursday,High Value
CUST001302,Pedro Lucas Martins,pedro.lucas.martins@mail.com,28.0,outro,Brasília,DF,2022-12-16,1017.0,7,2040.0,4.0,True,2022,12,4,Friday,High Value
CUST001356,José Pedro Souza,jose.pedro.souza@email.com,18.0,masculino,Maringá,PR,2022-12-16,2772.0,5,1527.0,4.0,True,2022,12,4,Friday,Medium Value
CUST001902,Isadora Castro,isadora.castro@webmail.com,43.0,feminino,Florianópolis,SC,2022-12-16,4001.0,8,1426.0,3.2,True,2022,12,4,Friday,Medium Value
CUST000256,Isabella Silveira,isabella.silveira@correio.net,32.0,feminino,Duque de Caxias,RJ,2022-12-16,4778.0,10,3578.0,4.6,True,2022,12,4,Friday,High Value
CUST000503,Sr. Pedro Henrique Almeida,sr..pedro.henrique.almeida@mail.com,36.0,masculino,Campinas,SP,2022-12-17,2633.0,11,2998.0,3.2,True,2022,12,4,Saturday,High Value
CUST002081,Stella Teixeira,stella.teixeira@provedor.com.br,39.0,feminino,Pelotas,RS,2022-12-17,2249.0,7,1829.0,3.6,True,2022,12,4,Saturday,Medium Value
CUST003389,Sr. Joaquim Mendes,sr..joaquim.mendes@correio.net,37.0,masculino,Olinda,PE,2022-12-17,2834.0,3,595.0,4.8,True,2022,12,4,Saturday,Low Value
CUST003082,Ana Vitória Nascimento,ana.vitoria.nascimento@provedor.com.br,55.0,feminino,Salvador,BA,2022-12-17,6720.0,6,1713.0,5.0,True,2022,12,4,Saturday,Medium Value
CUST002603,Gael Da Paz,gael.da.paz@mail.com,50.0,masculino,Brasília,DF,2022-12-18,5319.0,7,2864.0,5.0,True,2022,12,4,Sunday,High Value
CUST003358,Gustavo Da Costa,gustavo.da.costa@mail.com,42.0,masculino,Olinda,PE,2022-12-18,2156.0,7,1251.0,4.1,True,2022,12,4,Sunday,Low Value
CUST001166,Gabriela Da Rocha,gabriela.da.rocha@mail.com,52.0,feminino,São Paulo,SP,2022-12-18,2069.0,10,2082.0,4.6,True,2022,12,4,Sunday,High Value
CUST003610,Raquel Araújo,raquel.araujo@correio.net,41.0,outro,unknown,SP,2022-12-18,5832.0,13,5935.0,4.1,True,2022,12,4,Sunday,High Value
CUST001365,Dr. Otávio Garcia,dr..otavio.garcia@mail.com,20.0,masculino,Juazeiro do Norte,CE,2022-12-18,7436.0,4,1113.0,3.6,True,2022,12,4,Sunday,Low Value
CUST004751,Dr. Otávio Guerra,dr..otavio.guerra@mail.com,38.0,masculino,Caxias do Sul,RS,2022-12-18,10757.0,8,2449.0,3.5,True,2022,12,4,Sunday,High Value
CUST001622,Bernardo Correia,bernardo.correia@email.com,35.0,masculino,Pelotas,RS,2022-12-19,3626.0,4,1063.0,4.0,True,2022,12,4,Monday,Low Value
CUST001218,Joaquim Ramos,joaquim.ramos@email.com,29.0,masculino,Manaus,AM,2022-12-19,1166.0,6,796.0,4.2,True,2022,12,4,Monday,Low Value
CUST004269,Ana Carolina Ferreira,ana.carolina.ferreira@webmail.com,24.0,feminino,Ribeirão Preto,SP,2022-12-19,5525.0,10,2510.0,3.5,True,2022,12,4,Monday,High Value
CUST000616,Théo Gonçalves,theo.goncalves@mail.com,23.0,masculino,Sorocaba,SP,2022-12-20,4536.0,6,2192.0,4.0,True,2022,12,4,Tuesday,High Value
CUST003622,Paulo Cirino,paulo.cirino@webmail.com,25.0,masculino,Pelotas,RS,2022-12-20,3448.0,4,1419.0,4.2,True,2022,12,4,Tuesday,Medium Value
CUST004295,Maria Laura Mendes,maria.laura.mendes@provedor.com.br,31.0,feminino,unknown,BA,2022-12-20,5979.0,12,3725.0,3.9,True,2022,12,4,Tuesday,High Value
CUST004243,Davi Miguel Abreu,davi.miguel.abreu@mail.com,38.0,masculino,Campinas,SP,2022-12-20,2383.0,8,1309.0,2.7,True,2022,12,4,Tuesday,Medium Value
CUST001074,Sr. Raul Porto,sr..raul.porto@webmail.com,48.0,masculino,Belo Horizonte,MG,2022-12-20,3313.0,10,1808.0,4.3,True,2022,12,4,Tuesday,Medium Value
CUST002299,Sra. Bruna Aragão,sra..bruna.aragao@correio.net,81.0,feminino,Joinville,SC,2022-12-20,3527.0,8,2479.0,3.3,True,2022,12,4,Tuesday,High Value
CUST002257,Mirella Moraes,mirella.moraes@email.com,27.0,feminino,Vila Velha,ES,2022-12-20,5844.0,12,4126.0,2.7,True,2022,12,4,Tuesday,High Value
CUST002373,Srta. Alice Cavalcanti,srta..alice.cavalcanti@webmail.com,56.0,feminino,unknown,PA,2022-12-20,3547.0,5,1572.0,4.2,True,2022,12,4,Tuesday,Medium Value
CUST002916,Allana Fogaça,allana.fogaca@provedor.com.br,46.0,feminino,Londrina,PR,2022-12-20,5329.0,7,2147.0,4.3,True,2022,12,4,Tuesday,High Value
CUST001489,Melissa Dias,melissa.dias@correio.net,29.0,feminino,Sorocaba,SP,2022-12-20,1170.0,8,1415.0,4.0,True,2022,12,4,Tuesday,Medium Value
CUST004857,Dr. Rhavi Pinto,dr..rhavi.pinto@correio.net,18.0,outro,Olinda,PE,2022-12-20,900.0,8,1009.0,3.1,True,2022,12,4,Tuesday,Low Value
CUST004083,Nathan Cavalcanti,nathan.cavalcanti@mail.com,29.0,masculino,Blumenau,SC,2022-12-21,3560.0,9,2040.0,4.6,True,2022,12,4,Wednesday,High Value
CUST000408,João Pacheco,joao.pacheco@correio.net,46.0,masculino,Sorocaba,SP,2022-12-21,3313.5,8,1873.0,3.9,True,2022,12,4,Wednesday,Medium Value
CUST002162,Luara Santos,luara.santos@correio.net,39.0,feminino,Brasília,DF,2022-12-21,1645.0,4,639.0,4.4,True,2022,12,4,Wednesday,Low Value
CUST004007,Anthony Silva,anthony.silva@mail.com,23.0,masculino,Pelotas,RS,2022-12-21,4895.0,5,1294.0,3.6,True,2022,12,4,Wednesday,Low Value
CUST003043,Sr. Kaique Gomes,sr..kaique.gomes@mail.com,22.0,masculino,Pelotas,RS,2022-12-21,2580.0,9,1484.0,4.4,True,2022,12,4,Wednesday,Medium Value
CUST000009,Melissa Pastor,melissa.pastor@webmail.com,55.0,feminino,Ribeirão Preto,SP,2022-12-21,3990.0,7,703.0,4.3,True,2022,12,4,Wednesday,Low Value
CUST002503,Danilo Aparecida,danilo.aparecida@mail.com,32.0,masculino,Duque de Caxias,RJ,2022-12-22,5306.0,10,3412.0,5.0,True,2022,12,4,Thursday,High Value
CUST002817,Ayla Costela,ayla.costela@webmail.com,50.0,feminino,Petrópolis,RJ,2022-12-22,8072.0,12,3187.0,3.9,True,2022,12,4,Thursday,High Value
CUST004306,Isabel Das Neves,isabel.das.neves@provedor.com.br,18.0,feminino,Parintins,AM,2022-12-22,3464.0,9,2710.0,4.7,True,2022,12,4,Thursday,High Value
CUST003585,Srta. Lorena Jesus,srta..lorena.jesus@provedor.com.br,31.0,feminino,Juazeiro do Norte,CE,2022-12-22,2563.0,7,1916.0,4.0,True,2022,12,4,Thursday,Medium Value
CUST002985,Ana Liz Lima,ana.liz.lima@mail.com,25.0,feminino,Goiânia,GO,2022-12-23,2465.0,12,3233.0,3.9,True,2022,12,4,Friday,High Value
CUST002353,Sr. Luiz Otávio Nascimento,sr..luiz.otavio.nascimento@webmail.com,32.0,masculino,Pelotas,RS,2022-12-23,2838.0,4,793.0,4.8,True,2022,12,4,Friday,Low Value
CUST001972,Murilo Nunes,murilo.nunes@email.com,40.0,masculino,Rio de Janeiro,RJ,2022-12-24,9535.0,4,1086.0,3.8,True,2022,12,4,Saturday,Low Value
CUST001306,Vitor Hugo Jesus,vitor.hugo.jesus@email.com,18.0,masculino,Sobral,CE,2022-12-25,1626.0,5,1115.0,4.0,True,2022,12,4,Sunday,Low Value
CUST003304,Arthur Gabriel Rocha,arthur.gabriel.rocha@provedor.com.br,60.0,masculino,Maringá,PR,2022-12-25,3358.0,7,1496.0,3.4,True,2022,12,4,Sunday,Medium Value
CUST003192,Rebeca Costela,rebeca.costela@provedor.com.br,40.0,feminino,unknown,MG,2022-12-25,4553.0,8,2017.0,4.4,True,2022,12,4,Sunday,Medium Value
CUST004967,Ravi Lucca Pimenta,ravi.lucca.pimenta@webmail.com,63.0,masculino,Maringá,PR,2022-12-26,4541.0,3,740.0,3.7,True,2022,12,4,Monday,Low Value
CUST003434,Sra. Cecilia Alves,sra..cecilia.alves@mail.com,26.0,feminino,Salvador,BA,2022-12-26,2032.0,4,923.0,4.5,True,2022,12,4,Monday,Low Value
CUST003973,Dra. Ana Beatriz Campos,dra..ana.beatriz.campos@mail.com,36.0,feminino,unknown,SC,2022-12-26,3397.0,9,1920.0,4.4,True,2022,12,4,Monday,Medium Value
CUST002848,Pedro Henrique Pires,pedro.henrique.pires@email.com,38.0,masculino,Pelotas,RS,2022-12-26,348628.0,3,761.0,4.0,True,2022,12,4,Monday,Low Value
CUST002540,Maria Luísa Porto,maria.luisa.porto@provedor.com.br,40.0,feminino,Pelotas,RS,2022-12-26,1396.0,5,1015.0,3.6,True,2022,12,4,Monday,Low Value
CUST003164,Isabella Mendes,isabella.mendes@webmail.com,25.0,feminino,Serra,ES,2022-12-26,3910.0,12,2822.0,3.9,True,2022,12,4,Monday,High Value
CUST002912,Gabriela Castro,gabriela.castro@provedor.com.br,50.0,feminino,Ananindeua,PA,2022-12-27,4170.0,5,1177.0,3.8,True,2022,12,4,Tuesday,Low Value
CUST003818,Larissa Castro,larissa.castro@webmail.com,55.0,feminino,Uberlândia,MG,2022-12-27,307568.0,6,1333.0,4.8,True,2022,12,4,Tuesday,Medium Value
CUST003854,Joana Melo,joana.melo@provedor.com.br,44.0,outro,Feira de Santana,BA,2022-12-28,2336.0,6,894.0,4.1,True,2022,12,4,Wednesday,Low Value
CUST001926,Valentina Rodrigues,valentina.rodrigues@mail.com,39.0,feminino,Caxias do Sul,RS,2022-12-28,3632.0,4,676.0,3.5,True,2022,12,4,Wednesday,Low Value
CUST000134,Maria Eduarda Pacheco,maria.eduarda.pacheco@correio.net,38.0,feminino,Recife,PE,2022-12-29,3013.0,7,1801.0,3.8,True,2022,12,4,Thursday,Medium Value
CUST002339,Dr. Cauã Andrade,dr..caua.andrade@mail.com,18.0,masculino,Contagem,MG,2022-12-29,1843.0,10,2169.0,4.7,True,2022,12,4,Thursday,High Value
CUST003256,João Vitor Ribeiro,joao.vitor.ribeiro@email.com,20.0,masculino,unknown,DF,2022-12-30,4391.0,14,4296.0,4.3,True,2022,12,4,Friday,High Value
CUST001682,Ana Laura Cavalcante,ana.laura.cavalcante@mail.com,22.0,feminino,Ribeirão Preto,SP,2022-12-30,4203.0,7,1579.0,5.0,True,2022,12,4,Friday,Medium Value
CUST000469,Dr. Benjamim Da Paz,dr..benjamim.da.paz@webmail.com,34.0,masculino,Feira de Santana,BA,2022-12-30,2380.0,6,1308.0,4.2,True,2022,12,4,Friday,Medium Value
CUST002867,Luara Pastor,luara.pastor@email.com,23.0,feminino,Duque de Caxias,RJ,2022-12-30,315536.0,5,1276.0,4.9,True,2022,12,4,Friday,Low Value
CUST000564,Larissa Sá,larissa.sa@correio.net,30.0,feminino,Vitória da Conquista,BA,2022-12-30,3143.0,6,1437.0,4.2,True,2022,12,4,Friday,Medium Value
CUST004547,Dr. Davi Miguel Souza,dr..davi.miguel.souza@provedor.com.br,38.0,masculino,Ribeirão Preto,SP,2022-12-30,3354.0,5,859.0,4.3,True,2022,12,4,Friday,Low Value
CUST004389,Zoe Da Cruz,zoe.da.cruz@email.com,49.0,feminino,Rio Verde,GO,2022-12-31,3164.0,7,1844.0,4.0,True,2022,12,4,Saturday,Medium Value
CUST000530,Dr. Breno Ramos,dr..breno.ramos@mail.com,29.0,outro,Salvador,BA,2022-12-31,1085.0,5,538.0,4.0,True,2022,12,4,Saturday,Low Value
CUST002913,Rebeca Brito,rebeca.brito@correio.net,41.0,feminino,Uberlândia,MG,2023-01-01,2023.0,2,336.0,4.5,True,2023,1,1,Sunday,Low Value
CUST000640,Dr. Luiz Miguel Gomes,dr..luiz.miguel.gomes@correio.net,48.0,masculino,Porto Alegre,RS,2023-01-01,3460.0,10,2266.0,5.0,True,2023,1,1,Sunday,High Value
CUST001818,Dr. Bruno Garcia,dr..bruno.garcia@correio.net,65.0,masculino,Sobral,CE,2023-01-01,3391.0,10,2114.0,3.1,True,2023,1,1,Sunday,High Value
CUST001872,Antônio Cirino,antonio.cirino@mail.com,38.0,masculino,Blumenau,SC,2023-01-01,4430.0,9,1741.0,3.4,True,2023,1,1,Sunday,Medium Value
CUST001839,João Miguel Macedo,joao.miguel.macedo@webmail.com,36.0,masculino,São Paulo,SP,2023-01-01,2513.0,5,695.0,4.0,True,2023,1,1,Sunday,Low Value
CUST000214,Vitor Alves,vitor.alves@webmail.com,55.0,masculino,Recife,PE,2023-01-01,4799.0,10,2269.0,4.0,True,2023,1,1,Sunday,High Value
CUST004916,Emanuel Duarte,emanuel.duarte@email.com,78.0,masculino,Vitória,ES,2023-01-02,6823.0,3,981.0,3.5,True,2023,1,1,Monday,Low Value
CUST004365,Ana Castro,ana.castro@correio.net,18.0,feminino,Duque de Caxias,RJ,2023-01-02,1974.0,5,1017.0,3.9,True,2023,1,1,Monday,Low Value
CUST003460,Dr. Henry Gabriel Oliveira,dr..henry.gabriel.oliveira@webmail.com,22.0,masculino,Sorocaba,SP,2023-01-02,2538.0,11,2595.0,4.0,True,2023,1,1,Monday,High Value
CUST002546,Kevin Monteiro,kevin.monteiro@provedor.com.br,49.0,outro,unknown,PR,2023-01-03,4100.0,7,2828.0,3.1,True,2023,1,1,Tuesday,High Value
CUST004798,Maria Júlia Câmara,maria.julia.camara@webmail.com,50.0,feminino,Olinda,PE,2023-01-03,8760.0,11,3265.0,5.0,True,2023,1,1,Tuesday,High Value
CUST000749,Dr. Rodrigo Correia,dr..rodrigo.correia@correio.net,27.0,outro,Santos,SP,2023-01-04,6954.0,8,2715.0,4.3,True,2023,1,1,Wednesday,High Value
CUST001606,Cecília Campos,cecilia.campos@webmail.com,26.0,outro,Petrópolis,RJ,2023-01-04,3902.0,6,1755.0,4.4,True,2023,1,1,Wednesday,Medium Value
CUST004772,Olívia Novais,olivia.novais@provedor.com.br,43.0,feminino,Ribeirão Preto,SP,2023-01-05,3415.0,669,1346.0,4.4,True,2023,1,1,Thursday,Medium Value
CUST004309,Dr. Rafael Camargo,dr..rafael.camargo@mail.com,54.0,masculino,Sorocaba,SP,2023-01-05,4400.0,2,636.0,4.3,True,2023,1,1,Thursday,Low Value
CUST000966,Lucas Gabriel Lopes,lucas.gabriel.lopes@correio.net,57.0,masculino,Contagem,MG,2023-01-05,5730.0,8,2438.0,4.4,True,2023,1,1,Thursday,High Value
CUST004064,Henry Fonseca,henry.fonseca@provedor.com.br,50.0,masculino,Várzea Grande,MT,2023-01-05,3351.0,6,1881.0,3.2,True,2023,1,1,Thursday,Medium Value
CUST002890,Gabriela Da Rocha,gabriela.da.rocha@correio.net,40.0,feminino,Campinas,SP,2023-01-06,4399.0,10,1886.0,4.2,True,2023,1,1,Friday,Medium Value
CUST002272,Ana Vitória Rodrigues,ana.vitoria.rodrigues@provedor.com.br,34.0,outro,Sobral,CE,2023-01-06,3602.0,7,1075.0,3.0,True,2023,1,1,Friday,Low Value
CUST001384,Enzo Gabriel Ribeiro,enzo.gabriel.ribeiro@email.com,38.0,masculino,Ribeirão Preto,SP,2023-01-07,2372.0,13,2854.0,4.1,True,2023,1,1,Saturday,High Value
CUST002027,Sophia Santos,sophia.santos@webmail.com,29.0,feminino,Caxias do Sul,RS,2023-01-07,3925.0,7,1737.0,3.8,True,2023,1,1,Saturday,Medium Value
CUST004206,Raul Campos,raul.campos@provedor.com.br,22.0,masculino,Campinas,SP,2023-01-07,4213.0,7,1997.0,3.4,True,2023,1,1,Saturday,Medium Value
CUST002561,Maria Alice Castro,maria.alice.castro@correio.net,18.0,feminino,Contagem,MG,2023-01-07,3517.0,9,2621.0,4.6,True,2023,1,1,Saturday,High Value
CUST000768,André Novaes,andre.novaes@provedor.com.br,55.0,masculino,Maringá,PR,2023-01-07,3358.0,5,693.0,4.8,True,2023,1,1,Saturday,Low Value
CUST000800,Juan Freitas,juan.freitas@webmail.com,43.0,masculino,Caxias do Sul,RS,2023-01-08,3745.0,7,1691.0,2.7,True,2023,1,1,Sunday,Medium Value
CUST001118,Maria Cecília Dias,maria.cecilia.dias@email.com,32.0,feminino,Feira de Santana,BA,2023-01-09,4088.0,7,2409.0,3.0,True,2023,1,1,Monday,High Value
CUST001763,Stella Nascimento,stella.nascimento@email.com,25.0,feminino,Pelotas,RS,2023-01-09,1816.0,6,1633.0,4.4,True,2023,1,1,Monday,Medium Value
CUST003223,Isis Da Rosa,isis.da.rosa@mail.com,41.0,feminino,Sobral,CE,2023-01-09,2611.0,7,2067.0,3.9,True,2023,1,1,Monday,High Value
CUST003928,Danilo Costa,danilo.costa@webmail.com,20.0,masculino,Sorocaba,SP,2023-01-09,2152.0,6,1520.0,2.9,True,2023,1,1,Monday,Medium Value
CUST002114,Sr. Benicio Cirino,sr..benicio.cirino@mail.com,25.0,masculino,Fortaleza,CE,2023-01-09,2148.0,8,1531.0,4.7,True,2023,1,1,Monday,Medium Value
CUST001358,Ana Julia Castro,ana.julia.castro@correio.net,46.0,feminino,Vitória da Conquista,BA,2023-01-09,8085.0,7,2176.0,3.2,True,2023,1,1,Monday,High Value
CUST000264,Vinícius Ferreira,vinicius.ferreira@provedor.com.br,71.0,masculino,São Paulo,SP,2023-01-09,3293.0,3,950.0,5.0,True,2023,1,1,Monday,Low Value
CUST004518,Dra. Sofia Da Cruz,dra..sofia.da.cruz@correio.net,31.0,feminino,Petrópolis,RJ,2023-01-09,2352.0,0,0.0,2.7,True,2023,1,1,Monday,Low Value
CUST003060,Joaquim Nascimento,joaquim.nascimento@email.com,41.0,masculino,Curitiba,PR,2023-01-10,2664.0,11,2309.0,4.0,True,2023,1,1,Tuesday,High Value
CUST004555,Sra. Stella Pereira,sra..stella.pereira@email.com,29.0,outro,Santos,SP,2023-01-10,5545.0,5,1559.0,4.0,True,2023,1,1,Tuesday,Medium Value
CUST003508,Clarice Pires,clarice.pires@email.com,18.0,feminino,Belém,PA,2023-01-10,3509.0,2,654.0,4.4,True,2023,1,1,Tuesday,Low Value
CUST003815,Gael Da Mata,gael.da.mata@email.com,52.0,masculino,Contagem,MG,2023-01-10,2759.0,3,697.0,4.7,True,2023,1,1,Tuesday,Low Value
CUST001431,Srta. Maria Vitória Macedo,srta..maria.vitoria.macedo@mail.com,33.0,feminino,Niterói,RJ,2023-01-10,1712.0,5,1269.0,5.0,True,2023,1,1,Tuesday,Low Value
CUST000836,Natália Ferreira,natalia.ferreira@webmail.com,43.0,feminino,Londrina,PR,2023-01-10,3358.0,7,796.0,3.4,True,2023,1,1,Tuesday,Low Value
CUST002369,Sr. Igor Barbosa,sr..igor.barbosa@correio.net,18.0,masculino,Belo Horizonte,MG,2023-01-10,2473.0,3,809.0,3.5,True,2023,1,1,Tuesday,Low Value
CUST002453,Cecilia Santos,cecilia.santos@provedor.com.br,38.0,feminino,Caruaru,PE,2023-01-10,4064.0,8,1844.0,4.0,True,2023,1,1,Tuesday,Medium Value
CUST004606,Sra. Pietra Gonçalves,sra..pietra.goncalves@correio.net,62.0,feminino,Sorocaba,SP,2023-01-10,3313.5,9,2872.0,4.2,True,2023,1,1,Tuesday,High Value
CUST001842,Sra. Lunna Melo,sra..lunna.melo@mail.com,49.0,feminino,Pelotas,RS,2023-01-10,2805.0,1,277.0,4.2,True,2023,1,1,Tuesday,Low Value
CUST002805,Julia Pimenta,julia.pimenta@webmail.com,33.0,feminino,Joinville,SC,2023-01-11,2998.0,8,1941.0,4.4,True,2023,1,1,Wednesday,Medium Value
CUST001411,Vitória Correia,vitoria.correia@provedor.com.br,42.0,feminino,Anápolis,GO,2023-01-11,4462.0,3,786.0,3.3,True,2023,1,1,Wednesday,Low Value
CUST001806,Raquel Da Rosa,raquel.da.rosa@webmail.com,39.0,feminino,Porto Alegre,RS,2023-01-11,6154.0,6,1748.0,4.0,True,2023,1,1,Wednesday,Medium Value
CUST000086,Fernando Da Mota,fernando.da.mota@provedor.com.br,38.0,masculino,Brasília,DF,2023-01-12,3162.0,8,1923.0,4.4,True,2023,1,1,Thursday,Medium Value
CUST000649,Julia Vasconcelos,julia.vasconcelos@webmail.com,35.0,feminino,Santos,SP,2023-01-12,8119.0,307,3334.0,4.0,True,2023,1,1,Thursday,High Value
CUST004186,Guilherme Camargo,guilherme.camargo@correio.net,38.0,masculino,Sorocaba,SP,2023-01-12,1857.0,4,850.0,2.9,True,2023,1,1,Thursday,Low Value
CUST001792,João Da Costa,joao.da.costa@email.com,34.0,masculino,Caruaru,PE,2023-01-13,2304.0,327,1804.0,3.8,True,2023,1,1,Friday,Medium Value
CUST001012,Ester Porto,ester.porto@mail.com,33.0,feminino,Rio de Janeiro,RJ,2023-01-13,1870.0,8,1984.0,4.8,True,2023,1,1,Friday,Medium Value
CUST004756,Vitor Hugo Vieira,vitor.hugo.vieira@mail.com,47.0,masculino,Olinda,PE,2023-01-13,3934.0,12,3555.0,4.2,True,2023,1,1,Friday,High Value
CUST003056,Davi Lucas Da Rosa,davi.lucas.da.rosa@provedor.com.br,20.0,masculino,Porto Alegre,RS,2023-01-13,2274.0,5,614.0,2.5,True,2023,1,1,Friday,Low Value
CUST001148,Sophia Fonseca,sophia.fonseca@email.com,61.0,feminino,Ribeirão Preto,SP,2023-01-14,2727.0,9,1648.0,4.4,True,2023,1,1,Saturday,Medium Value
CUST002738,Dra. Ana Beatriz Sousa,dra..ana.beatriz.sousa@webmail.com,48.0,feminino,Várzea Grande,MT,2023-01-14,2596.0,7,1220.0,3.8,True,2023,1,1,Saturday,Low Value
CUST000849,Diego Ribeiro,diego.ribeiro@mail.com,29.0,masculino,Campinas,SP,2023-01-14,7158.0,4,1764.0,4.3,True,2023,1,1,Saturday,Medium Value
CUST002633,João Lucas Casa Grande,joao.lucas.casa.grande@correio.net,28.0,masculino,Maringá,PR,2023-01-15,2247.0,7,1432.0,4.1,True,2023,1,1,Sunday,Medium Value
CUST003306,Srta. Stephany Ramos,srta..stephany.ramos@email.com,53.0,feminino,Goiânia,GO,2023-01-15,5274.0,7,1723.0,3.4,True,2023,1,1,Sunday,Medium Value
CUST004162,Calebe Carvalho,calebe.carvalho@mail.com,56.0,masculino,Campinas,SP,2023-01-16,2532.0,7,962.0,5.0,True,2023,1,1,Monday,Low Value
CUST004485,Zoe Costela,zoe.costela@email.com,26.0,feminino,São Paulo,SP,2023-01-16,2477.0,8,1453.0,3.7,True,2023,1,1,Monday,Medium Value
CUST004820,Dr. Isaque Vieira,dr..isaque.vieira@correio.net,52.0,masculino,Niterói,RJ,2023-01-16,8520.0,10,4756.0,3.7,True,2023,1,1,Monday,High Value
CUST003752,Brenda Câmara,brenda.camara@mail.com,38.0,feminino,Goiânia,GO,2023-01-16,3178.0,6,940.0,3.2,True,2023,1,1,Monday,Low Value
CUST000900,Maria Sophia Albuquerque,maria.sophia.albuquerque@provedor.com.br,27.0,feminino,Sorocaba,SP,2023-01-17,3814.0,5,1124.0,3.6,True,2023,1,1,Tuesday,Low Value
CUST002078,Rafael Aparecida,rafael.aparecida@email.com,33.0,masculino,Salvador,BA,2023-01-17,2597.0,9,2264.0,5.0,True,2023,1,1,Tuesday,High Value
CUST000287,Maria Helena Machado,maria.helena.machado@mail.com,46.0,feminino,Cuiabá,MT,2023-01-17,2997.0,4,1452.0,4.0,True,2023,1,1,Tuesday,Medium Value
CUST002587,Giovanna Cardoso,giovanna.cardoso@email.com,31.0,feminino,Salvador,BA,2023-01-17,4458.0,13,2354.0,3.3,True,2023,1,1,Tuesday,High Value
CUST003080,Sr. Noah Novais,sr..noah.novais@email.com,35.0,masculino,unknown,PR,2023-01-17,5220.0,10,2780.0,3.3,True,2023,1,1,Tuesday,High Value
CUST003224,Dr. Gabriel Santos,dr..gabriel.santos@email.com,53.0,masculino,Juazeiro do Norte,CE,2023-01-17,3632.0,8,1932.0,4.9,True,2023,1,1,Tuesday,Medium Value
CUST002776,Sabrina Campos,sabrina.campos@mail.com,48.0,feminino,Rio de Janeiro,RJ,2023-01-18,2678.0,3,763.0,3.3,True,2023,1,1,Wednesday,Low Value
CUST004637,Sr. Leandro Rodrigues,sr..leandro.rodrigues@webmail.com,47.0,masculino,Brasília,DF,2023-01-18,2715.0,4,1072.0,4.3,True,2023,1,1,Wednesday,Low Value
CUST001755,Isis Sales,isis.sales@email.com,29.0,feminino,Maringá,PR,2023-01-18,6604.0,4,1374.0,3.4,True,2023,1,1,Wednesday,Medium Value
CUST000982,Brayan Machado,brayan.machado@correio.net,49.0,masculino,Joinville,SC,2023-01-19,3337.0,7,2045.0,3.4,True,2023,1,1,Thursday,High Value
CUST004361,Larissa Casa Grande,larissa.casa.grande@email.com,54.0,feminino,Vitória da Conquista,BA,2023-01-19,11426.0,7,3313.0,4.4,True,2023,1,1,Thursday,High Value
CUST004548,Mariah Guerra,mariah.guerra@email.com,50.0,outro,Ribeirão Preto,SP,2023-01-19,2893.0,8,2271.0,3.7,True,2023,1,1,Thursday,High Value
CUST002473,Maria Fernanda Ferreira,maria.fernanda.ferreira@mail.com,38.0,feminino,Salvador,BA,2023-01-19,3330.0,10,1267.0,4.7,True,2023,1,1,Thursday,Low Value
CUST001458,Aylla Teixeira,aylla.teixeira@email.com,33.0,feminino,Sorocaba,SP,2023-01-20,3638.0,5,1319.0,3.9,True,2023,1,1,Friday,Medium Value
CUST004848,Maria Cecília Silva,maria.cecilia.silva@email.com,60.0,feminino,Blumenau,SC,2023-01-20,10114.0,9,2846.0,3.9,True,2023,1,1,Friday,High Value
CUST002143,Leandro Da Rosa,leandro.da.rosa@mail.com,35.0,masculino,Brasília,DF,2023-01-20,3650.0,5,1536.0,4.8,True,2023,1,1,Friday,Medium Value
CUST003624,Pedro Lucas Castro,pedro.lucas.castro@provedor.com.br,28.0,masculino,Goiânia,GO,2023-01-20,2026.0,5,1282.0,3.9,True,2023,1,1,Friday,Low Value
CUST004629,Luiz Fernando Campos,luiz.fernando.campos@provedor.com.br,36.0,masculino,Contagem,MG,2023-01-21,4440.0,7,2256.0,3.4,True,2023,1,1,Saturday,High Value
CUST004378,Stephany Macedo,stephany.macedo@email.com,23.0,feminino,Caruaru,PE,2023-01-21,2705.0,10,2379.0,4.9,True,2023,1,1,Saturday,High Value
CUST002033,Rebeca Gonçalves,rebeca.goncalves@webmail.com,24.0,feminino,Santos,SP,2023-01-21,900.0,5,1292.0,3.3,True,2023,1,1,Saturday,Low Value
CUST000558,Vinicius Andrade,vinicius.andrade@mail.com,25.0,masculino,Belo Horizonte,MG,2023-01-22,1171.0,7,1893.0,4.2,True,2023,1,1,Sunday,Medium Value
CUST002501,Laura Cirino,laura.cirino@mail.com,18.0,feminino,Sorocaba,SP,2023-01-22,8125.0,8,2498.0,3.6,True,2023,1,1,Sunday,High Value
CUST002477,Maria Eduarda Rocha,maria.eduarda.rocha@provedor.com.br,40.0,feminino,Brasília,DF,2023-01-22,3167.0,3,851.0,3.9,True,2023,1,1,Sunday,Low Value
CUST002806,Valentim Dias,valentim.dias@mail.com,26.0,masculino,Cuiabá,MT,2023-01-22,6863.0,10,3356.0,5.0,True,2023,1,1,Sunday,High Value
CUST001578,Juan Rezende,juan.rezende@correio.net,35.0,masculino,Goiânia,GO,2023-01-22,2023.0,8,1358.0,3.9,True,2023,1,1,Sunday,Medium Value
CUST000399,Vitor Hugo Fonseca,vitor.hugo.fonseca@webmail.com,26.0,masculino,Contagem,MG,2023-01-23,900.0,2,481.0,5.0,True,2023,1,1,Monday,Low Value
CUST000094,Rafael Da Paz,rafael.da.paz@email.com,22.0,masculino,Salvador,BA,2023-01-24,1253.0,8,2005.0,4.2,True,2023,1,1,Tuesday,Medium Value
CUST002609,Otávio Cunha,otavio.cunha@webmail.com,41.0,masculino,Vitória,ES,2023-01-24,3353.0,6,1103.0,4.4,True,2023,1,1,Tuesday,Low Value
CUST001010,Paulo Martins,paulo.martins@provedor.com.br,44.0,masculino,Campinas,SP,2023-01-24,1738.0,7,837.0,4.0,True,2023,1,1,Tuesday,Low Value
CUST004030,Luara Monteiro,luara.monteiro@email.com,37.0,feminino,Santos,SP,2023-01-25,5550.0,10,850.0,3.4,True,2023,1,1,Wednesday,Low Value
CUST003885,Sr. Bryan Casa Grande,sr..bryan.casa.grande@webmail.com,57.0,masculino,unknown,PE,2023-01-25,4409.0,8,2390.0,4.3,True,2023,1,1,Wednesday,High Value
CUST005064,Gabrielly Silva,gabrielly.silva@webmail.com,44.0,feminino,Florianópolis,SC,2023-01-25,3496.0,7,1848.0,3.9,True,2023,1,1,Wednesday,Medium Value
CUST000783,Elisa Siqueira,elisa.siqueira@webmail.com,30.0,feminino,Petrópolis,RJ,2023-01-26,4762.0,5,1160.0,4.0,True,2023,1,1,Thursday,Low Value
CUST001731,Hellena Freitas,hellena.freitas@mail.com,18.0,feminino,Caruaru,PE,2023-01-26,1411.0,6,875.0,4.8,True,2023,1,1,Thursday,Low Value
CUST000352,Matheus Da Conceição,matheus.da.conceicao@provedor.com.br,42.0,masculino,Rio de Janeiro,RJ,2023-01-26,2353.0,6,1721.0,4.4,True,2023,1,1,Thursday,Medium Value
CUST002051,Yasmin Silveira,yasmin.silveira@correio.net,46.0,feminino,Caxias do Sul,RS,2023-01-26,4227.0,7,2135.0,4.0,True,2023,1,1,Thursday,High Value
CUST003213,João Gabriel Garcia,joao.gabriel.garcia@email.com,24.0,masculino,Rio de Janeiro,RJ,2023-01-27,5317.0,10,2323.0,4.3,True,2023,1,1,Friday,High Value
CUST004287,Alexia Da Conceição,alexia.da.conceicao@email.com,44.0,feminino,Campinas,SP,2023-01-27,4628.0,3,866.0,3.5,True,2023,1,1,Friday,Low Value
CUST002146,Manuela Gonçalves,manuela.goncalves@provedor.com.br,53.0,feminino,Brasília,DF,2023-01-27,270567.0,5,1707.0,3.4,True,2023,1,1,Friday,Medium Value
CUST001892,Stephany Campos,stephany.campos@email.com,28.0,feminino,Caruaru,PE,2023-01-28,1354.0,3,572.0,3.6,True,2023,1,1,Saturday,Low Value
CUST003995,Maria Isis Lima,maria.isis.lima@email.com,35.0,feminino,Santos,SP,2023-01-28,3301.0,3,698.0,5.0,True,2023,1,1,Saturday,Low Value
CUST000116,Joaquim Freitas,joaquim.freitas@correio.net,54.0,masculino,Goiânia,GO,2023-01-29,3726.0,10,2395.0,4.0,True,2023,1,1,Sunday,High Value
CUST000123,Daniela Da Mata,daniela.da.mata@email.com,42.0,feminino,Sobral,CE,2023-01-29,2110.0,5,818.0,3.3,True,2023,1,1,Sunday,Low Value
CUST004854,Ian Alves,ian.alves@email.com,66.0,masculino,Parintins,AM,2023-01-29,4992.0,11,2626.0,4.4,True,2023,1,1,Sunday,High Value
CUST000951,Lavínia Jesus,lavinia.jesus@provedor.com.br,25.0,feminino,Cuiabá,MT,2023-01-30,1847.0,14,4732.0,4.0,True,2023,1,1,Monday,High Value
CUST000085,Pietro Carvalho,pietro.carvalho@provedor.com.br,57.0,masculino,Belém,PA,2023-01-30,6606.0,7,2174.0,4.0,True,2023,1,1,Monday,High Value
CUST002285,Ana Vitória Viana,ana.vitoria.viana@mail.com,19.0,feminino,Olinda,PE,2023-01-30,1499.0,6,1230.0,4.4,True,2023,1,1,Monday,Low Value
CUST004159,Lorena Barros,lorena.barros@provedor.com.br,20.0,feminino,Parintins,AM,2023-01-30,1671.0,5,1198.0,4.0,True,2023,1,1,Monday,Low Value
CUST003124,Bryan Araújo,bryan.araujo@correio.net,44.0,masculino,Sorocaba,SP,2023-01-30,1221.0,11,2207.0,3.6,True,2023,1,1,Monday,High Value
CUST001135,Caio Lopes,caio.lopes@webmail.com,26.0,masculino,Santos,SP,2023-01-31,3426.0,4,1001.0,3.5,True,2023,1,1,Tuesday,Low Value
CUST003893,Renan Nascimento,renan.nascimento@mail.com,52.0,masculino,Vitória da Conquista,BA,2023-01-31,2524.0,4,767.0,3.4,True,2023,1,1,Tuesday,Low Value
CUST003252,Yuri Cavalcanti,yuri.cavalcanti@mail.com,39.0,masculino,Contagem,MG,2023-01-31,4015.0,5,1226.0,3.8,True,2023,1,1,Tuesday,Low Value
CUST001508,Esther Silva,esther.silva@correio.net,55.0,feminino,Santos,SP,2023-02-01,2835.0,2,632.0,4.6,True,2023,2,1,Wednesday,Low Value
CUST002496,Ian Mendes,ian.mendes@correio.net,18.0,masculino,Sorocaba,SP,2023-02-01,5265.0,5,1520.0,3.4,True,2023,2,1,Wednesday,Medium Value
CUST004138,Elisa Da Rosa,elisa.da.rosa@correio.net,41.0,feminino,unknown,PR,2023-02-01,3566.0,8,2558.0,3.3,True,2023,2,1,Wednesday,High Value
CUST000584,Davi Miguel Andrade,davi.miguel.andrade@correio.net,37.0,masculino,Juiz de Fora,MG,2023-02-01,2126.0,10,2299.0,3.7,True,2023,2,1,Wednesday,High Value
CUST001662,Marcos Vinicius Rezende,marcos.vinicius.rezende@mail.com,25.0,masculino,Sobral,CE,2023-02-02,3981.0,9,2476.0,4.3,True,2023,2,1,Thursday,High Value
CUST003737,Cauê Nogueira,caue.nogueira@provedor.com.br,47.0,masculino,Rio de Janeiro,RJ,2023-02-02,5900.0,3,808.0,3.8,True,2023,2,1,Thursday,Low Value
CUST003638,Luiz Felipe Montenegro,luiz.felipe.montenegro@webmail.com,39.0,masculino,Petrópolis,RJ,2023-02-02,5233.0,7,1366.0,3.7,True,2023,2,1,Thursday,Medium Value
CUST004997,Thiago Pacheco,thiago.pacheco@webmail.com,38.0,masculino,Salvador,BA,2023-02-02,3366.5,4,744.0,3.8,True,2023,2,1,Thursday,Low Value
CUST003517,Camila Mendonça,camila.mendonca@correio.net,38.0,feminino,Sorocaba,SP,2023-02-03,1630.0,3,862.0,4.4,True,2023,2,1,Friday,Low Value
CUST002534,Enrico Siqueira,enrico.siqueira@webmail.com,39.0,masculino,Vitória da Conquista,BA,2023-02-03,3366.5,6,977.0,4.9,True,2023,2,1,Friday,Low Value
CUST000178,Leonardo Câmara,leonardo.camara@mail.com,28.0,masculino,Caruaru,PE,2023-02-04,1378.0,9,2512.0,3.5,True,2023,2,1,Saturday,High Value
CUST005011,Marcos Vinicius Rezende,marcos.vinicius.rezende@provedor.com.br,26.0,masculino,Sobral,CE,2023-02-04,4002.0,9,2450.0,4.0,True,2023,2,1,Saturday,High Value
CUST000442,Srta. Olívia Machado,srta..olivia.machado@webmail.com,34.0,feminino,Londrina,PR,2023-02-04,4358.0,6,1334.0,3.5,True,2023,2,1,Saturday,Medium Value
CUST000552,Sr. Otávio Moraes,sr..otavio.moraes@provedor.com.br,51.0,masculino,Belo Horizonte,MG,2023-02-05,16449.0,6,2606.0,4.4,True,2023,2,1,Sunday,High Value
CUST003631,Sr. Rhavi Rios,sr..rhavi.rios@provedor.com.br,49.0,masculino,Caxias do Sul,RS,2023-02-05,6937.0,6,2301.0,3.8,True,2023,2,1,Sunday,High Value
CUST004838,Gustavo Henrique Da Luz,gustavo.henrique.da.luz@provedor.com.br,57.0,masculino,Curitiba,PR,2023-02-05,6713.0,12,4166.0,4.0,True,2023,2,1,Sunday,High Value
CUST001688,Cecília Vieira,cecilia.vieira@mail.com,35.0,feminino,Santos,SP,2023-02-06,3322.0,7,2190.0,4.0,True,2023,2,1,Monday,High Value
CUST002542,Nicole Santos,nicole.santos@email.com,38.0,feminino,Duque de Caxias,RJ,2023-02-06,3714.0,4,1248.0,3.6,True,2023,2,1,Monday,Low Value
CUST004385,Luiz Miguel Barros,luiz.miguel.barros@webmail.com,18.0,masculino,Vitória da Conquista,BA,2023-02-06,2437.0,6,1166.0,4.5,True,2023,2,1,Monday,Low Value
CUST002277,Sra. Mariah Fogaça,sra..mariah.fogaca@mail.com,18.0,feminino,Curitiba,PR,2023-02-06,5255.0,6,1812.0,2.8,True,2023,2,1,Monday,Medium Value
CUST003484,Thales Da Rocha,thales.da.rocha@correio.net,33.0,masculino,Uberlândia,MG,2023-02-07,1971.0,4,1208.0,4.1,True,2023,2,1,Tuesday,Low Value
CUST000776,Sabrina Cirino,sabrina.cirino@webmail.com,22.0,feminino,Campinas,SP,2023-02-07,1449.0,6,1586.0,4.3,True,2023,2,1,Tuesday,Medium Value
CUST004976,Henry Gabriel Duarte,henry.gabriel.duarte@email.com,28.0,masculino,Ribeirão Preto,SP,2023-02-07,3173.0,7,2049.0,3.3,True,2023,2,1,Tuesday,High Value
CUST001670,Théo Ramos,theo.ramos@correio.net,28.0,outro,Fortaleza,CE,2023-02-07,923.0,4,774.0,3.5,True,2023,2,1,Tuesday,Low Value
CUST001319,Srta. Aurora Gomes,srta..aurora.gomes@mail.com,32.0,feminino,Parintins,AM,2023-02-08,4752.0,8,1728.0,4.2,True,2023,2,1,Wednesday,Medium Value
CUST003980,Henrique Fonseca,henrique.fonseca@webmail.com,18.0,masculino,São Paulo,SP,2023-02-09,900.0,4,584.0,3.3,True,2023,2,1,Thursday,Low Value
CUST003461,Benício Ramos,benicio.ramos@provedor.com.br,50.0,masculino,Juiz de Fora,MG,2023-02-09,8428.0,9,2591.0,5.0,True,2023,2,1,Thursday,High Value
CUST001059,Marcela Nascimento,marcela.nascimento@correio.net,25.0,feminino,Londrina,PR,2023-02-09,2092.0,7,934.0,3.7,True,2023,2,1,Thursday,Low Value
CUST001027,Lorena Camargo,lorena.camargo@webmail.com,38.0,feminino,São Paulo,SP,2023-02-10,3014.0,4,1347.0,3.1,True,2023,2,1,Friday,Medium Value
CUST004420,Luna Gomes,luna.gomes@correio.net,45.0,feminino,Pelotas,RS,2023-02-11,5903.0,9,3177.0,3.9,True,2023,2,1,Saturday,High Value
CUST003984,Rafaela Costa,rafaela.costa@mail.com,24.0,feminino,Brasília,DF,2023-02-11,2464.0,4,1148.0,4.5,True,2023,2,1,Saturday,Low Value
CUST004845,Ana Carolina Teixeira,ana.carolina.teixeira@webmail.com,47.0,feminino,Curitiba,PR,2023-02-12,6925.0,7,1965.0,4.6,True,2023,2,1,Sunday,Medium Value
CUST002915,Giovanna Novais,giovanna.novais@provedor.com.br,38.0,feminino,Londrina,PR,2023-02-12,4014.0,9,2891.0,4.3,True,2023,2,1,Sunday,High Value
CUST001590,Joana Jesus,joana.jesus@provedor.com.br,35.0,feminino,Vila Velha,ES,2023-02-12,2586.0,5,886.0,4.0,True,2023,2,1,Sunday,Low Value
CUST002287,João Lucas Da Mota,joao.lucas.da.mota@correio.net,38.0,masculino,Ribeirão Preto,SP,2023-02-12,4891.0,5,1836.0,4.4,True,2023,2,1,Sunday,Medium Value
CUST000457,Srta. Helena Lopes,srta..helena.lopes@provedor.com.br,43.0,feminino,Santos,SP,2023-02-13,3053.0,3,645.0,5.0,True,2023,2,1,Monday,Low Value
CUST002275,Olivia Marques,olivia.marques@correio.net,28.0,feminino,Sorocaba,SP,2023-02-13,1975.0,8,2536.0,3.4,True,2023,2,1,Monday,High Value
CUST000493,Ryan Moura,ryan.moura@mail.com,27.0,masculino,Belém,PA,2023-02-13,3509.0,3,788.0,4.0,True,2023,2,1,Monday,Low Value
CUST000996,Dra. Sarah Cassiano,dra..sarah.cassiano@webmail.com,28.0,feminino,Santos,SP,2023-02-13,1870.0,4,880.0,4.2,True,2023,2,1,Monday,Low Value
CUST004331,João Guilherme Barros,joao.guilherme.barros@provedor.com.br,21.0,masculino,Ananindeua,PA,2023-02-13,1022.0,7,1294.0,2.7,True,2023,2,1,Monday,Low Value
CUST001878,Sara Freitas,sara.freitas@email.com,37.0,feminino,Maringá,PR,2023-02-14,2189.0,5,1102.0,3.8,True,2023,2,1,Tuesday,Low Value
CUST000144,Josué Da Mata,josue.da.mata@provedor.com.br,41.0,masculino,Uberlândia,MG,2023-02-14,4217.0,5,1177.0,4.0,True,2023,2,1,Tuesday,Low Value
CUST003950,Gustavo Borges,gustavo.borges@email.com,48.0,masculino,Curitiba,PR,2023-02-14,4140.0,9,3215.0,4.4,True,2023,2,1,Tuesday,High Value
CUST003570,Luiz Fernando Sampaio,luiz.fernando.sampaio@email.com,33.0,masculino,Niterói,RJ,2023-02-15,3357.5,5,1272.0,3.6,True,2023,2,1,Wednesday,Low Value
CUST003495,Srta. Maria Júlia Brito,srta..maria.julia.brito@mail.com,19.0,feminino,Duque de Caxias,RJ,2023-02-15,6260.0,5,1264.0,3.6,True,2023,2,1,Wednesday,Low Value
CUST003936,Arthur Gabriel Albuquerque,arthur.gabriel.albuquerque@provedor.com.br,25.0,masculino,Santos,SP,2023-02-15,8238.0,5,2583.0,3.7,True,2023,2,1,Wednesday,High Value
CUST001655,Asafe Rios,asafe.rios@webmail.com,48.0,masculino,Belém,PA,2023-02-15,6473.0,5,1539.0,4.1,True,2023,2,1,Wednesday,Medium Value
CUST001888,Srta. Stephany Rios,srta..stephany.rios@provedor.com.br,52.0,feminino,Petrópolis,RJ,2023-02-16,3627.0,7,1612.0,3.5,True,2023,2,1,Thursday,Medium Value
CUST000369,Sr. Pedro Miguel Cavalcante,sr..pedro.miguel.cavalcante@provedor.com.br,59.0,masculino,Porto Alegre,RS,2023-02-16,3055.0,7,1559.0,5.0,True,2023,2,1,Thursday,Medium Value
CUST002158,Ana Fernandes,ana.fernandes@correio.net,36.0,feminino,Belo Horizonte,MG,2023-02-17,3051.0,7,809.0,4.9,True,2023,2,1,Friday,Low Value
CUST001562,Dr. Vinicius Câmara,dr..vinicius.camara@email.com,36.0,masculino,Parintins,AM,2023-02-17,1335.0,9,1270.0,4.6,True,2023,2,1,Friday,Low Value
CUST002663,Dr. Mateus Brito,dr..mateus.brito@provedor.com.br,45.0,masculino,Belém,PA,2023-02-17,5075.0,5,1296.0,3.5,True,2023,2,1,Friday,Low Value
CUST002091,Amanda Cavalcanti,amanda.cavalcanti@webmail.com,45.0,feminino,Santos,SP,2023-02-17,4752.0,7,2028.0,4.9,True,2023,2,1,Friday,High Value
CUST000522,Pietro Rodrigues,pietro.rodrigues@provedor.com.br,44.0,masculino,Campinas,SP,2023-02-17,3461.0,7,1948.0,4.4,True,2023,2,1,Friday,Medium Value
CUST003174,Felipe Costa,felipe.costa@mail.com,34.0,masculino,São Paulo,SP,2023-02-18,4229.0,13,1924.0,4.3,True,2023,2,1,Saturday,Medium Value
CUST002119,Felipe Castro,felipe.castro@correio.net,38.0,masculino,Ribeirão Preto,SP,2023-02-18,6835.0,7,2664.0,4.2,True,2023,2,1,Saturday,High Value
CUST000348,Zoe Mendes,zoe.mendes@correio.net,43.0,feminino,Recife,PE,2023-02-18,5549.0,2,509.0,3.7,True,2023,2,1,Saturday,Low Value
CUST000631,Mariane Cavalcante,mariane.cavalcante@mail.com,35.0,feminino,Vitória,ES,2023-02-18,4130.0,2,481.0,4.0,True,2023,2,1,Saturday,Low Value
CUST004308,Srta. Ana Carolina Da Costa,srta..ana.carolina.da.costa@provedor.com.br,28.0,feminino,Porto Alegre,RS,2023-02-19,3143.0,5,721.0,4.0,True,2023,2,1,Sunday,Low Value
CUST003140,Davi Lucas Porto,davi.lucas.porto@correio.net,25.0,masculino,Salvador,BA,2023-02-19,1997.0,5,1472.0,3.2,True,2023,2,1,Sunday,Medium Value
CUST004247,Gustavo Henrique Oliveira,gustavo.henrique.oliveira@email.com,38.0,masculino,Anápolis,GO,2023-02-20,3652.0,5,1463.0,3.9,True,2023,2,1,Monday,Medium Value
CUST004654,Giovanna Da Luz,giovanna.da.luz@email.com,52.0,feminino,Santos,SP,2023-02-21,190253.0,7,1230.0,3.8,True,2023,2,1,Tuesday,Low Value
CUST001426,Maria Clara Silva,maria.clara.silva@mail.com,50.0,feminino,Contagem,MG,2023-02-21,3077.0,7,1523.0,3.4,True,2023,2,1,Tuesday,Medium Value
CUST003396,Dr. Miguel Santos,dr..miguel.santos@email.com,31.0,masculino,Duque de Caxias,RJ,2023-02-21,3357.5,10,1913.0,3.8,True,2023,2,1,Tuesday,Medium Value
CUST001752,Brayan Montenegro,brayan.montenegro@mail.com,30.0,masculino,Goiânia,GO,2023-02-21,4862.0,7,2068.0,3.6,True,2023,2,1,Tuesday,High Value
CUST002376,Ana Luiza Caldeira,ana.luiza.caldeira@webmail.com,50.0,feminino,Juazeiro do Norte,CE,2023-02-22,6503.0,6,1813.0,3.2,True,2023,2,1,Wednesday,Medium Value
CUST003459,Dr. Caleb Vieira,dr..caleb.vieira@mail.com,58.0,masculino,Porto Alegre,RS,2023-02-22,3575.0,7,1070.0,4.5,True,2023,2,1,Wednesday,Low Value
CUST004437,Stephany Cardoso,stephany.cardoso@webmail.com,33.0,outro,Fortaleza,CE,2023-02-22,1765.0,4,797.0,4.8,True,2023,2,1,Wednesday,Low Value
CUST000867,Ana Júlia Da Mata,ana.julia.da.mata@provedor.com.br,38.0,feminino,Florianópolis,SC,2023-02-22,2354.0,13,1908.0,4.0,True,2023,2,1,Wednesday,Medium Value
CUST003732,Beatriz Garcia,beatriz.garcia@mail.com,34.0,feminino,Juiz de Fora,MG,2023-02-22,288510.0,7,2656.0,3.0,True,2023,2,1,Wednesday,High Value
CUST002623,Maria Laura Macedo,maria.laura.macedo@mail.com,35.0,feminino,Uberlândia,MG,2023-02-23,1275.0,8,1818.0,3.5,True,2023,2,1,Thursday,Medium Value
CUST004685,Lorena Barros,lorena.barros@email.com,38.0,feminino,Fortaleza,CE,2023-02-23,5179.0,10,2908.0,5.0,True,2023,2,1,Thursday,High Value
CUST003996,Maria Freitas,maria.freitas@correio.net,34.0,feminino,Manaus,AM,2023-02-23,1262.0,8,1498.0,4.2,True,2023,2,1,Thursday,Medium Value
CUST003838,Isabel Cunha,isabel.cunha@provedor.com.br,39.0,feminino,Campinas,SP,2023-02-23,3313.5,7,1428.0,3.7,True,2023,2,1,Thursday,Medium Value
CUST003802,Sr. Erick Montenegro,sr..erick.montenegro@mail.com,38.0,masculino,Recife,PE,2023-02-23,3481.0,8,1814.0,4.1,True,2023,2,1,Thursday,Medium Value
CUST003465,Caio Camargo,caio.camargo@email.com,57.0,masculino,unknown,RS,2023-02-23,3152.0,10,2766.0,4.8,True,2023,2,1,Thursday,High Value
CUST004965,Brenda Nascimento,brenda.nascimento@email.com,29.0,feminino,Maringá,PR,2023-02-23,2520.0,5,1561.0,4.5,True,2023,2,1,Thursday,Medium Value
CUST004493,Vitor Gabriel Gonçalves,vitor.gabriel.goncalves@email.com,46.0,masculino,Duque de Caxias,RJ,2023-02-24,2916.0,14,1824.0,4.0,True,2023,2,1,Friday,Medium Value
CUST001587,Sra. Ana Carolina Borges,sra..ana.carolina.borges@mail.com,49.0,feminino,Uberlândia,MG,2023-02-24,5220.0,12,3206.0,4.8,True,2023,2,1,Friday,High Value
CUST003400,Sarah Nascimento,sarah.nascimento@webmail.com,51.0,feminino,Rio de Janeiro,RJ,2023-02-24,1895.0,8,2230.0,3.7,True,2023,2,1,Friday,High Value
CUST003786,Benjamin Souza,benjamin.souza@webmail.com,53.0,masculino,Juazeiro do Norte,CE,2023-02-25,5750.0,2,464.0,4.5,True,2023,2,1,Saturday,Low Value
CUST004791,Lavínia Cavalcanti,lavinia.cavalcanti@provedor.com.br,63.0,feminino,Sorocaba,SP,2023-02-25,5365.0,3,792.0,3.8,True,2023,2,1,Saturday,Low Value
CUST002476,Dra. Yasmin Da Rocha,dra..yasmin.da.rocha@provedor.com.br,38.0,outro,Belo Horizonte,MG,2023-02-26,4294.0,9,1737.0,4.6,True,2023,2,1,Sunday,Medium Value
CUST002636,Catarina Alves,catarina.alves@provedor.com.br,26.0,feminino,São Paulo,SP,2023-02-26,3123.0,3,905.0,5.0,True,2023,2,1,Sunday,Low Value
CUST004541,Sr. Cauã Lima,sr..caua.lima@provedor.com.br,48.0,masculino,Vitória da Conquista,BA,2023-02-26,6557.0,6,1620.0,4.4,True,2023,2,1,Sunday,Medium Value
CUST005001,Davi Lucas Da Rosa,davi.lucas.da.rosa@correio.net,21.0,masculino,Porto Alegre,RS,2023-02-26,2288.0,7,613.0,2.7,True,2023,2,1,Sunday,Low Value
CUST002997,Maria Eduarda Campos,maria.eduarda.campos@correio.net,19.0,feminino,Parintins,AM,2023-02-26,4010.0,10,1927.0,3.6,True,2023,2,1,Sunday,Medium Value
CUST001546,Guilherme Pinto,guilherme.pinto@email.com,27.0,masculino,Petrópolis,RJ,2023-02-26,3357.5,14,3695.0,3.2,True,2023,2,1,Sunday,High Value
CUST000112,Anthony Marques,anthony.marques@correio.net,20.0,masculino,Campinas,SP,2023-02-26,1678.0,5,1423.0,4.0,True,2023,2,1,Sunday,Medium Value
CUST000992,José Pedro Câmara,jose.pedro.camara@email.com,49.0,masculino,Ribeirão Preto,SP,2023-02-27,3143.0,6,925.0,3.9,True,2023,2,1,Monday,Low Value
CUST003764,Sr. Liam Casa Grande,sr..liam.casa.grande@provedor.com.br,35.0,masculino,Juiz de Fora,MG,2023-02-27,2952.0,5,1003.0,4.3,True,2023,2,1,Monday,Low Value
CUST003388,Matheus Lima,matheus.lima@webmail.com,31.0,masculino,Londrina,PR,2023-02-27,1754.0,3,851.0,3.5,True,2023,2,1,Monday,Low Value
CUST000950,Luan Gomes,luan.gomes@correio.net,56.0,masculino,Serra,ES,2023-02-28,3353.0,6,1942.0,4.7,True,2023,2,1,Tuesday,Medium Value
CUST001953,Lucca Ribeiro,lucca.ribeiro@provedor.com.br,24.0,masculino,unknown,SC,2023-02-28,3448.0,5,1374.0,4.0,True,2023,2,1,Tuesday,Medium Value
CUST002018,Dra. Allana Garcia,dra..allana.garcia@provedor.com.br,44.0,feminino,Santos,SP,2023-02-28,4986.0,4,1294.0,3.1,True,2023,2,1,Tuesday,Low Value
CUST001527,Caroline Santos,caroline.santos@correio.net,36.0,feminino,Serra,ES,2023-02-28,3038.0,13,3643.0,4.1,True,2023,2,1,Tuesday,High Value
CUST004263,Srta. Olivia Da Luz,srta..olivia.da.luz@webmail.com,18.0,outro,Porto Alegre,RS,2023-02-28,4303.0,10,1731.0,4.0,True,2023,2,1,Tuesday,Medium Value
CUST002943,Mariah Viana,mariah.viana@mail.com,38.0,feminino,Duque de Caxias,RJ,2023-03-01,1327.0,7,1744.0,4.7,True,2023,3,1,Wednesday,Medium Value
CUST000463,Sra. Ana Lívia Borges,sra..ana.livia.borges@provedor.com.br,21.0,feminino,Parintins,AM,2023-03-02,1996.0,6,2333.0,2.1,True,2023,3,1,Thursday,High Value
CUST000470,Leonardo Fogaça,leonardo.fogaca@email.com,29.0,masculino,Niterói,RJ,2023-03-02,3393.0,7,726.0,5.0,True,2023,3,1,Thursday,Low Value
CUST003524,Antônio Gonçalves,antonio.goncalves@provedor.com.br,33.0,masculino,unknown,SP,2023-03-02,1665.0,8,1733.0,4.7,True,2023,3,1,Thursday,Medium Value
CUST004499,Raquel Aparecida,raquel.aparecida@correio.net,40.0,feminino,Ribeirão Preto,SP,2023-03-02,1632.0,6,866.0,4.1,True,2023,3,1,Thursday,Low Value
CUST000540,Emanuel Fonseca,emanuel.fonseca@webmail.com,56.0,masculino,Caruaru,PE,2023-03-03,4547.0,11,1982.0,3.4,True,2023,3,1,Friday,Medium Value
CUST004785,Marina Leão,marina.leao@correio.net,52.0,feminino,Recife,PE,2023-03-03,4560.0,9,2695.0,5.0,True,2023,3,1,Friday,High Value
CUST003502,Anthony Fonseca,anthony.fonseca@mail.com,18.0,masculino,Goiânia,GO,2023-03-03,1246.0,4,1165.0,4.1,True,2023,3,1,Friday,Low Value
CUST004724,Mariana Nascimento,mariana.nascimento@webmail.com,35.0,feminino,Belo Horizonte,MG,2023-03-03,1538.0,7,1455.0,4.0,True,2023,3,1,Friday,Medium Value
CUST004596,Marcela Cavalcanti,marcela.cavalcanti@mail.com,27.0,feminino,Feira de Santana,BA,2023-03-03,3736.0,4,675.0,3.1,True,2023,3,1,Friday,Low Value
CUST003144,Cecilia Aparecida,cecilia.aparecida@webmail.com,43.0,feminino,Brasília,DF,2023-03-03,5311.0,9,1875.0,1.7,True,2023,3,1,Friday,Medium Value
CUST002378,Henry Azevedo,henry.azevedo@webmail.com,18.0,masculino,unknown,BA,2023-03-03,1549.0,5,1078.0,3.8,True,2023,3,1,Friday,Low Value
CUST001236,Luiz Gustavo Cavalcanti,luiz.gustavo.cavalcanti@webmail.com,26.0,masculino,unknown,BA,2023-03-04,2684.0,5,311.0,3.8,True,2023,3,1,Saturday,Low Value
CUST004050,Samuel Da Mota,samuel.da.mota@correio.net,55.0,masculino,Florianópolis,SC,2023-03-04,4373.0,6,1462.0,3.6,True,2023,3,1,Saturday,Medium Value
CUST001568,Laís Cunha,lais.cunha@email.com,18.0,feminino,Pelotas,RS,2023-03-04,2478.0,6,1950.0,3.6,True,2023,3,1,Saturday,Medium Value
CUST002489,Vicente Ramos,vicente.ramos@provedor.com.br,21.0,masculino,unknown,SP,2023-03-05,3313.5,9,1539.0,4.0,True,2023,3,1,Sunday,Medium Value
CUST000851,Kamilly Araújo,kamilly.araujo@webmail.com,56.0,feminino,Ribeirão Preto,SP,2023-03-05,4129.0,8,2040.0,4.2,True,2023,3,1,Sunday,High Value
CUST004447,Beatriz Santos,beatriz.santos@correio.net,53.0,feminino,Curitiba,PR,2023-03-05,2740.0,11,2538.0,2.9,True,2023,3,1,Sunday,High Value
CUST004492,Zoe Costa,zoe.costa@webmail.com,32.0,feminino,Belém,PA,2023-03-05,2823.0,0,0.0,2.6,True,2023,3,1,Sunday,Low Value
CUST003034,Oliver Alves,oliver.alves@email.com,56.0,masculino,Brasília,DF,2023-03-06,5227.0,6,1344.0,3.7,True,2023,3,1,Monday,Medium Value
CUST004955,José Pedro Da Cunha,jose.pedro.da.cunha@correio.net,73.0,masculino,Vitória,ES,2023-03-06,4051.0,8,2370.0,3.4,True,2023,3,1,Monday,High Value
CUST000414,Bruna Carvalho,bruna.carvalho@mail.com,21.0,feminino,Fortaleza,CE,2023-03-06,1006.0,2,455.0,4.2,True,2023,3,1,Monday,Low Value
CUST004969,Pedro Da Mota,pedro.da.mota@webmail.com,32.0,masculino,Vitória da Conquista,BA,2023-03-06,5661.0,9,2649.0,3.0,True,2023,3,1,Monday,High Value
CUST004062,Rafael Rezende,rafael.rezende@email.com,30.0,masculino,Santos,SP,2023-03-06,4221.0,10,3289.0,4.8,True,2023,3,1,Monday,High Value
CUST002296,Matheus Da Costa,matheus.da.costa@email.com,30.0,masculino,Niterói,RJ,2023-03-06,7663.0,7,2669.0,5.0,True,2023,3,1,Monday,High Value
CUST004544,Sr. Enzo Costa,sr..enzo.costa@correio.net,51.0,masculino,Santos,SP,2023-03-07,2031.0,5,1104.0,4.1,True,2023,3,1,Tuesday,Low Value
CUST004419,Thomas Lima,thomas.lima@webmail.com,18.0,masculino,Curitiba,PR,2023-03-07,2623.0,5,563.0,4.8,True,2023,3,1,Tuesday,Low Value
CUST001044,Henry Gabriel Nascimento,henry.gabriel.nascimento@provedor.com.br,30.0,masculino,Porto Alegre,RS,2023-03-07,1912.0,8,1970.0,5.0,True,2023,3,1,Tuesday,Medium Value
CUST002334,Rebeca Costa,rebeca.costa@webmail.com,46.0,feminino,Fortaleza,CE,2023-03-07,7209.0,8,2922.0,3.4,True,2023,3,1,Tuesday,High Value
CUST002314,Fernando Dias,fernando.dias@correio.net,46.0,masculino,Cuiabá,MT,2023-03-07,11487.0,9,3639.0,3.9,True,2023,3,1,Tuesday,High Value
CUST000918,Heitor Sales,heitor.sales@provedor.com.br,29.0,masculino,Feira de Santana,BA,2023-03-07,5447.0,12,3213.0,3.8,True,2023,3,1,Tuesday,High Value
CUST001452,Sr. José Miguel Ramos,sr..jose.miguel.ramos@webmail.com,51.0,masculino,Juiz de Fora,MG,2023-03-07,4190.0,2,443.0,4.4,True,2023,3,1,Tuesday,Low Value
CUST000004,Dra. Aurora Pastor,dra..aurora.pastor@mail.com,20.0,feminino,Petrópolis,RJ,2023-03-07,3150.0,8,1460.0,2.7,True,2023,3,1,Tuesday,Medium Value
CUST002853,Nina Lopes,nina.lopes@provedor.com.br,53.0,feminino,Curitiba,PR,2023-03-07,4812.0,5,1264.0,4.2,True,2023,3,1,Tuesday,Low Value
CUST003209,Asafe Martins,asafe.martins@correio.net,18.0,masculino,Maringá,PR,2023-03-08,1826.0,4,947.0,4.0,True,2023,3,1,Wednesday,Low Value
CUST002399,André Novais,andre.novais@correio.net,36.0,masculino,Caxias do Sul,RS,2023-03-08,3659.0,3,1041.0,3.6,True,2023,3,1,Wednesday,Low Value
CUST000963,Catarina Da Rosa,catarina.da.rosa@mail.com,41.0,feminino,Ananindeua,PA,2023-03-09,7805.0,4,1151.0,5.0,True,2023,3,1,Thursday,Low Value
CUST004362,Luan Pereira,luan.pereira@mail.com,39.0,masculino,Salvador,BA,2023-03-09,4029.0,8,2615.0,5.0,True,2023,3,1,Thursday,High Value
CUST002521,Evelyn Pacheco,evelyn.pacheco@webmail.com,58.0,feminino,Sorocaba,SP,2023-03-10,5524.0,13,3631.0,4.8,True,2023,3,1,Friday,High Value
CUST001408,Pietra Gomes,pietra.gomes@email.com,30.0,feminino,Londrina,PR,2023-03-10,3997.0,10,2020.0,3.9,True,2023,3,1,Friday,Medium Value
CUST000075,Ryan Cunha,ryan.cunha@mail.com,19.0,masculino,Caruaru,PE,2023-03-10,900.0,4,1061.0,5.0,True,2023,3,1,Friday,Low Value
CUST004755,Liz Pimenta,liz.pimenta@correio.net,50.0,feminino,Blumenau,SC,2023-03-10,2392.0,8,1226.0,4.0,True,2023,3,1,Friday,Low Value
CUST003738,Dr. Bryan Costa,dr..bryan.costa@provedor.com.br,60.0,masculino,Duque de Caxias,RJ,2023-03-11,4151.0,8,1562.0,3.4,True,2023,3,1,Saturday,Medium Value
CUST001758,Raul Rodrigues,raul.rodrigues@mail.com,34.0,masculino,Recife,PE,2023-03-11,3542.0,6,1560.0,3.0,True,2023,3,1,Saturday,Medium Value
CUST003913,Mariane Moreira,mariane.moreira@provedor.com.br,18.0,feminino,São Paulo,SP,2023-03-11,3313.5,6,1758.0,3.7,True,2023,3,1,Saturday,Medium Value
CUST000821,Brayan Aparecida,brayan.aparecida@email.com,43.0,masculino,Contagem,MG,2023-03-12,8184.0,14,4895.0,4.0,True,2023,3,1,Sunday,High Value
CUST001404,Gustavo Henrique Teixeira,gustavo.henrique.teixeira@mail.com,43.0,masculino,Salvador,BA,2023-03-12,3822.0,8,2275.0,5.0,True,2023,3,1,Sunday,High Value
CUST001594,Vitor Abreu,vitor.abreu@webmail.com,38.0,masculino,Juazeiro do Norte,CE,2023-03-13,4608.0,7,2808.0,4.3,True,2023,3,1,Monday,High Value
CUST004345,Joana Monteiro,joana.monteiro@webmail.com,30.0,feminino,Caruaru,PE,2023-03-13,3481.0,6,1292.0,4.5,True,2023,3,1,Monday,Low Value
CUST002611,Luara Campos,luara.campos@correio.net,31.0,feminino,Ribeirão Preto,SP,2023-03-13,1475.0,4,323.0,5.0,True,2023,3,1,Monday,Low Value
CUST001656,Valentim Vieira,valentim.vieira@webmail.com,50.0,masculino,Ribeirão Preto,SP,2023-03-13,3238.0,11,3051.0,2.8,True,2023,3,1,Monday,High Value
CUST003602,Maria Helena Cavalcante,maria.helena.cavalcante@provedor.com.br,39.0,feminino,Porto Alegre,RS,2023-03-13,4189.0,5,851.0,4.4,True,2023,3,1,Monday,Low Value
CUST002198,Emanuelly Santos,emanuelly.santos@email.com,22.0,feminino,Campinas,SP,2023-03-13,4285.0,8,1822.0,2.6,True,2023,3,1,Monday,Medium Value
CUST002706,Elisa Da Cunha,elisa.da.cunha@mail.com,66.0,feminino,Vila Velha,ES,2023-03-14,3737.0,8,1842.0,4.9,True,2023,3,1,Tuesday,Medium Value
CUST000162,Sr. Luiz Otávio Lopes,sr..luiz.otavio.lopes@mail.com,27.0,masculino,Curitiba,PR,2023-03-14,5181.0,0,0.0,4.0,True,2023,3,1,Tuesday,Low Value
CUST002076,Matteo Pimenta,matteo.pimenta@email.com,27.0,masculino,Petrópolis,RJ,2023-03-14,3313.0,8,2095.0,4.3,True,2023,3,1,Tuesday,High Value
CUST004776,Eloá Rocha,eloa.rocha@email.com,38.0,feminino,Sorocaba,SP,2023-03-14,3126.0,7,2459.0,4.7,True,2023,3,1,Tuesday,High Value
CUST004415,Emanuelly Moraes,emanuelly.moraes@webmail.com,47.0,feminino,Ribeirão Preto,SP,2023-03-14,3290.0,6,2125.0,4.1,True,2023,3,1,Tuesday,High Value
CUST001616,Nicole Ramos,nicole.ramos@correio.net,18.0,feminino,Santos,SP,2023-03-15,3371.0,5,991.0,4.8,True,2023,3,1,Wednesday,Low Value
CUST004262,Ana Laura Nogueira,ana.laura.nogueira@webmail.com,53.0,feminino,Duque de Caxias,RJ,2023-03-15,1316.0,7,1917.0,3.3,True,2023,3,1,Wednesday,Medium Value
CUST004585,Olivia Duarte,olivia.duarte@mail.com,44.0,feminino,Várzea Grande,MT,2023-03-15,4255.0,5,1506.0,3.3,True,2023,3,1,Wednesday,Medium Value
CUST002885,Diogo Melo,diogo.melo@provedor.com.br,38.0,masculino,Duque de Caxias,RJ,2023-03-16,3952.0,4,1068.0,4.9,True,2023,3,1,Thursday,Low Value
CUST002906,Dr. Ravi Lucca Cardoso,dr..ravi.lucca.cardoso@mail.com,53.0,masculino,Rio de Janeiro,RJ,2023-03-16,3718.0,3,638.0,5.0,True,2023,3,1,Thursday,Low Value
CUST001844,Pedro Miguel Carvalho,pedro.miguel.carvalho@mail.com,24.0,masculino,Londrina,PR,2023-03-16,955.0,7,2172.0,2.8,True,2023,3,1,Thursday,High Value
CUST005031,Valentim Dias,valentim.dias@correio.net,25.0,masculino,Cuiabá,MT,2023-03-16,6529.0,8,3406.0,5.0,True,2023,3,1,Thursday,High Value
CUST000030,Heloísa Andrade,heloisa.andrade@webmail.com,38.0,feminino,Campinas,SP,2023-03-16,4122.0,7,2757.0,3.4,True,2023,3,1,Thursday,High Value
CUST003860,Théo Pinto,theo.pinto@email.com,41.0,masculino,Contagem,MG,2023-03-17,3250.0,8,1808.0,4.4,True,2023,3,1,Friday,Medium Value
CUST000466,Bento Pastor,bento.pastor@correio.net,61.0,masculino,unknown,SP,2023-03-17,4888.0,6,1724.0,5.0,True,2023,3,1,Friday,Medium Value
CUST004319,Sra. Ana Beatriz Nogueira,sra..ana.beatriz.nogueira@email.com,67.0,feminino,Belo Horizonte,MG,2023-03-17,4934.0,8,3335.0,4.0,True,2023,3,1,Friday,High Value
CUST003620,Sra. Heloisa Melo,sra..heloisa.melo@correio.net,40.0,feminino,Niterói,RJ,2023-03-18,3306.0,7,1629.0,2.6,True,2023,3,1,Saturday,Medium Value
CUST004553,Srta. Cecília Da Rocha,srta..cecilia.da.rocha@webmail.com,49.0,feminino,Florianópolis,SC,2023-03-18,3146.0,7,1284.0,4.6,True,2023,3,1,Saturday,Low Value
CUST001089,Srta. Ana Júlia Gonçalves,srta..ana.julia.goncalves@provedor.com.br,29.0,feminino,Fortaleza,CE,2023-03-19,4506.0,9,2061.0,2.8,True,2023,3,1,Sunday,High Value
CUST003184,Gael Nascimento,gael.nascimento@email.com,40.0,masculino,Londrina,PR,2023-03-19,5133.0,8,1925.0,3.4,True,2023,3,1,Sunday,Medium Value
CUST003046,Bárbara Aragão,barbara.aragao@correio.net,63.0,feminino,Porto Alegre,RS,2023-03-19,8909.0,8,3780.0,4.7,True,2023,3,1,Sunday,High Value
CUST003839,Sr. Enrico Montenegro,sr..enrico.montenegro@provedor.com.br,35.0,masculino,Pelotas,RS,2023-03-19,2674.0,5,893.0,4.3,True,2023,3,1,Sunday,Low Value
CUST001866,Dr. Noah Correia,dr..noah.correia@provedor.com.br,20.0,masculino,Brasília,DF,2023-03-19,2283.0,7,1734.0,4.6,True,2023,3,1,Sunday,Medium Value
CUST000585,Olivia Sampaio,olivia.sampaio@provedor.com.br,38.0,feminino,Duque de Caxias,RJ,2023-03-20,1956.0,7,1516.0,3.9,True,2023,3,1,Monday,Medium Value
CUST003810,Hellena Gonçalves,hellena.goncalves@correio.net,36.0,feminino,Manaus,AM,2023-03-20,1718.0,16,1566.0,3.7,True,2023,3,1,Monday,Medium Value
CUST003383,Camila Gomes,camila.gomes@provedor.com.br,43.0,feminino,Maringá,PR,2023-03-20,4617.0,8,1762.0,5.0,True,2023,3,1,Monday,Medium Value
CUST003857,Asafe Fonseca,asafe.fonseca@email.com,40.0,masculino,Caxias do Sul,RS,2023-03-20,4041.0,6,2212.0,3.2,True,2023,3,1,Monday,High Value
CUST001644,João Vitor Carvalho,joao.vitor.carvalho@correio.net,34.0,masculino,Rio Verde,GO,2023-03-20,2309.0,8,586.0,3.3,True,2023,3,1,Monday,Low Value
CUST001581,Vitor Abreu,vitor.abreu@webmail.com,18.0,masculino,Pelotas,RS,2023-03-20,2473.0,1,290.0,4.6,True,2023,3,1,Monday,Low Value
CUST001373,Kamilly Da Luz,kamilly.da.luz@correio.net,22.0,feminino,Ananindeua,PA,2023-03-21,2621.0,5,1150.0,4.7,True,2023,3,1,Tuesday,Low Value
CUST004171,Théo Freitas,theo.freitas@provedor.com.br,29.0,masculino,Curitiba,PR,2023-03-21,5192.0,5,1446.0,4.1,True,2023,3,1,Tuesday,Medium Value
CUST001635,Anna Liz Da Mota,anna.liz.da.mota@webmail.com,32.0,feminino,Juiz de Fora,MG,2023-03-21,2745.0,6,1593.0,4.3,True,2023,3,1,Tuesday,Medium Value
CUST004860,Maria Fernanda Garcia,maria.fernanda.garcia@provedor.com.br,29.0,feminino,Maringá,PR,2023-03-21,5108.0,5,2022.0,3.2,True,2023,3,1,Tuesday,Medium Value
CUST000331,Raquel Campos,raquel.campos@provedor.com.br,30.0,feminino,Blumenau,SC,2023-03-22,2445.0,10,2456.0,3.6,True,2023,3,1,Wednesday,High Value
CUST000709,Sabrina Peixoto,sabrina.peixoto@webmail.com,24.0,feminino,Sobral,CE,2023-03-22,4011.0,5,1174.0,3.4,True,2023,3,1,Wednesday,Low Value
CUST000886,Theo Novaes,theo.novaes@mail.com,53.0,masculino,Ribeirão Preto,SP,2023-03-22,7579.0,7,3006.0,3.8,True,2023,3,1,Wednesday,High Value
CUST003492,Sra. Marcela Sá,sra..marcela.sa@provedor.com.br,42.0,feminino,Porto Alegre,RS,2023-03-22,2734.0,3,598.0,3.5,True,2023,3,1,Wednesday,Low Value
CUST001224,Allana Garcia,allana.garcia@correio.net,43.0,feminino,Juazeiro do Norte,CE,2023-03-22,3129.0,6,2050.0,3.9,True,2023,3,1,Wednesday,High Value
CUST003837,Anna Liz Pires,anna.liz.pires@correio.net,45.0,feminino,Porto Alegre,RS,2023-03-22,1434.0,7,1045.0,5.0,True,2023,3,1,Wednesday,Low Value
CUST001995,Fernanda Novais,fernanda.novais@mail.com,40.0,feminino,Caruaru,PE,2023-03-23,3517.0,6,804.0,3.6,True,2023,3,1,Thursday,Low Value
CUST002241,Sr. Alexandre Santos,sr..alexandre.santos@email.com,49.0,outro,unknown,RS,2023-03-23,9873.0,7,2739.0,4.3,True,2023,3,1,Thursday,High Value
CUST000814,Rebeca Borges,rebeca.borges@correio.net,18.0,feminino,Contagem,MG,2023-03-23,1634.0,11,1988.0,3.3,True,2023,3,1,Thursday,Medium Value
CUST001275,Pietra Viana,pietra.viana@provedor.com.br,31.0,feminino,Campinas,SP,2023-03-24,1343.0,4,838.0,4.5,True,2023,3,1,Friday,Low Value
CUST003362,Josué Da Rosa,josue.da.rosa@email.com,32.0,masculino,Florianópolis,SC,2023-03-24,3527.0,5,741.0,4.1,True,2023,3,1,Friday,Low Value
CUST002434,Dra. Eloá Oliveira,dra..eloa.oliveira@mail.com,27.0,feminino,Joinville,SC,2023-03-24,1880.0,7,770.0,4.2,True,2023,3,1,Friday,Low Value
CUST000703,Sara Moraes,sara.moraes@email.com,26.0,feminino,Niterói,RJ,2023-03-24,2951.0,13,3314.0,3.5,True,2023,3,1,Friday,High Value
CUST001646,Miguel Fonseca,miguel.fonseca@correio.net,38.0,masculino,Ribeirão Preto,SP,2023-03-24,3313.5,10,1082.0,3.6,True,2023,3,1,Friday,Low Value
CUST002969,José Pedro Da Costa,jose.pedro.da.costa@email.com,49.0,masculino,Duque de Caxias,RJ,2023-03-24,9575.0,7,2880.0,3.0,True,2023,3,1,Friday,High Value
CUST000285,Dante Novais,dante.novais@webmail.com,65.0,masculino,Rio de Janeiro,RJ,2023-03-24,6673.0,4,896.0,4.1,True,2023,3,1,Friday,Low Value
CUST002188,Sophie Caldeira,sophie.caldeira@correio.net,35.0,feminino,Santos,SP,2023-03-25,1819.0,8,1886.0,4.0,True,2023,3,1,Saturday,Medium Value
CUST002687,João Gabriel Azevedo,joao.gabriel.azevedo@email.com,33.0,masculino,São Paulo,SP,2023-03-25,5484.0,6,91177.0,4.0,True,2023,3,1,Saturday,High Value
CUST003369,Rodrigo Almeida,rodrigo.almeida@webmail.com,56.0,masculino,São Paulo,SP,2023-03-25,2450.0,5,813.0,3.7,True,2023,3,1,Saturday,Low Value
CUST002096,Antonella Moura,antonella.moura@provedor.com.br,43.0,feminino,Santos,SP,2023-03-25,3313.5,5,1574.0,2.7,True,2023,3,1,Saturday,Medium Value
CUST000550,Maria Flor Ramos,maria.flor.ramos@provedor.com.br,50.0,feminino,Petrópolis,RJ,2023-03-25,3339.0,11,2317.0,3.0,True,2023,3,1,Saturday,High Value
CUST001757,Joaquim Sá,joaquim.sa@email.com,70.0,masculino,Ribeirão Preto,SP,2023-03-26,5114.0,8,2563.0,4.0,True,2023,3,1,Sunday,High Value
CUST000975,Fernando Rodrigues,fernando.rodrigues@provedor.com.br,39.0,masculino,Maringá,PR,2023-03-26,3358.0,8,2562.0,3.8,True,2023,3,1,Sunday,High Value
CUST000320,Noah Sales,noah.sales@mail.com,37.0,masculino,Petrópolis,RJ,2023-03-27,2545.0,6,1961.0,4.6,True,2023,3,1,Monday,Medium Value
CUST002582,Vicente Teixeira,vicente.teixeira@mail.com,46.0,masculino,Belo Horizonte,MG,2023-03-27,1537.0,3,693.0,2.9,True,2023,3,1,Monday,Low Value
CUST003535,Bryan Campos,bryan.campos@provedor.com.br,44.0,masculino,Duque de Caxias,RJ,2023-03-27,4695.0,10,1880.0,5.0,True,2023,3,1,Monday,Medium Value
CUST003850,Juan Castro,juan.castro@email.com,36.0,masculino,Vitória da Conquista,BA,2023-03-27,2728.0,6,949.0,4.1,True,2023,3,1,Monday,Low Value
CUST000041,Daniel Cassiano,daniel.cassiano@webmail.com,38.0,masculino,Porto Alegre,RS,2023-03-27,3489.0,3,681.0,3.7,True,2023,3,1,Monday,Low Value
CUST002366,Benjamin Fernandes,benjamin.fernandes@correio.net,34.0,masculino,São Paulo,SP,2023-03-27,4411.0,5,1366.0,3.4,True,2023,3,1,Monday,Medium Value
CUST000356,Davi Lucas Montenegro,davi.lucas.montenegro@provedor.com.br,49.0,masculino,Santos,SP,2023-03-28,4251.0,10,3033.0,4.4,True,2023,3,1,Tuesday,High Value
CUST001744,Valentim Albuquerque,valentim.albuquerque@mail.com,18.0,masculino,Ananindeua,PA,2023-03-28,3313.0,11,2445.0,3.8,True,2023,3,1,Tuesday,High Value
CUST003385,José Miguel Vargas,jose.miguel.vargas@email.com,52.0,masculino,Maringá,PR,2023-03-28,2633.0,11,3320.0,2.4,True,2023,3,1,Tuesday,High Value
CUST003559,Pedro Henrique Garcia,pedro.henrique.garcia@correio.net,35.0,masculino,Santos,SP,2023-03-28,3313.5,5,922.0,4.8,True,2023,3,1,Tuesday,Low Value
CUST001515,Thomas Vasconcelos,thomas.vasconcelos@correio.net,65.0,masculino,Caxias do Sul,RS,2023-03-29,8158.0,14,5836.0,4.9,True,2023,3,1,Wednesday,High Value
CUST001633,Ryan Novaes,ryan.novaes@mail.com,58.0,masculino,Porto Alegre,RS,2023-03-29,5158.0,6,1181.0,3.8,True,2023,3,1,Wednesday,Low Value
CUST001211,Ana Julia Cavalcante,ana.julia.cavalcante@mail.com,37.0,outro,Várzea Grande,MT,2023-03-29,3519.0,5,1015.0,4.1,True,2023,3,1,Wednesday,Low Value
CUST001295,Lavínia Barros,lavinia.barros@correio.net,29.0,feminino,Sorocaba,SP,2023-03-30,3313.5,10,3219.0,4.0,True,2023,3,1,Thursday,High Value
CUST000609,Luiz Gustavo Nogueira,luiz.gustavo.nogueira@mail.com,38.0,masculino,Belém,PA,2023-03-30,3098.0,7,1142.0,4.3,True,2023,3,1,Thursday,Low Value
CUST002924,Juliana Cassiano,juliana.cassiano@correio.net,53.0,feminino,São Paulo,SP,2023-03-30,2300.0,5,1199.0,4.0,True,2023,3,1,Thursday,Low Value
CUST000536,Rael Caldeira,rael.caldeira@email.com,44.0,outro,Duque de Caxias,RJ,2023-03-31,2551.0,0,0.0,4.0,True,2023,3,1,Friday,Low Value
CUST004601,Maria Cecília Moura,maria.cecilia.moura@correio.net,35.0,feminino,Sorocaba,SP,2023-03-31,3370.0,7,2187.0,3.0,True,2023,3,1,Friday,High Value
CUST002313,Dra. Evelyn Moreira,dra..evelyn.moreira@webmail.com,44.0,feminino,Joinville,SC,2023-03-31,6889.0,9,3203.0,3.9,True,2023,3,1,Friday,High Value
CUST004840,Srta. Natália Santos,srta..natalia.santos@email.com,38.0,feminino,Salvador,BA,2023-03-31,2055.0,426,1253.0,4.7,True,2023,3,1,Friday,Low Value
CUST004837,Dr. Diego Da Cruz,dr..diego.da.cruz@correio.net,38.0,masculino,Sobral,CE,2023-03-31,10827.0,9,4015.0,3.8,True,2023,3,1,Friday,High Value
CUST002161,Danilo Viana,danilo.viana@provedor.com.br,49.0,masculino,Porto Alegre,RS,2023-04-01,7164.0,8,2263.0,4.0,True,2023,4,2,Saturday,High Value
CUST000978,Ana Lívia Vieira,ana.livia.vieira@mail.com,51.0,feminino,unknown,BA,2023-04-01,3910.0,9,1797.0,4.1,True,2023,4,2,Saturday,Medium Value
CUST004666,Ester Sá,ester.sa@correio.net,41.0,feminino,Santos,SP,2023-04-02,288165.0,8,1583.0,4.8,True,2023,4,2,Sunday,Medium Value
CUST002575,Theodoro Câmara,theodoro.camara@webmail.com,38.0,masculino,Caxias do Sul,RS,2023-04-02,1507.0,11,2437.0,4.0,True,2023,4,2,Sunday,High Value
CUST002545,Rebeca Aparecida,rebeca.aparecida@webmail.com,46.0,feminino,Sobral,CE,2023-04-02,3370.0,9,1974.0,3.2,True,2023,4,2,Sunday,Medium Value
CUST002980,Stephany Sousa,stephany.sousa@correio.net,39.0,feminino,Florianópolis,SC,2023-04-02,2453.0,5,1374.0,4.6,True,2023,4,2,Sunday,Medium Value
CUST004357,Daniel Moraes,daniel.moraes@webmail.com,50.0,masculino,unknown,CE,2023-04-02,3740.0,4,1085.0,4.3,True,2023,4,2,Sunday,Low Value
CUST004045,Bárbara Cardoso,barbara.cardoso@provedor.com.br,53.0,outro,Contagem,MG,2023-04-02,3638.0,5,561.0,4.0,True,2023,4,2,Sunday,Low Value
CUST004254,Sara Da Conceição,sara.da.conceicao@correio.net,23.0,feminino,Ribeirão Preto,SP,2023-04-03,5532.0,7,1692.0,4.0,True,2023,4,2,Monday,Medium Value
CUST002077,Sr. Vicente Caldeira,sr..vicente.caldeira@webmail.com,19.0,masculino,Curitiba,PR,2023-04-03,2088.0,10,2334.0,3.9,True,2023,4,2,Monday,High Value
CUST000930,Sra. Ana Júlia Brito,sra..ana.julia.brito@webmail.com,18.0,feminino,Sobral,CE,2023-04-03,1915.0,7,1571.0,3.4,True,2023,4,2,Monday,Medium Value
CUST004099,Isaque Cavalcante,isaque.cavalcante@mail.com,36.0,masculino,Santos,SP,2023-04-03,5202.0,6,1499.0,2.5,True,2023,4,2,Monday,Medium Value
CUST004318,Vitor Aragão,vitor.aragao@correio.net,32.0,masculino,Sorocaba,SP,2023-04-04,2435.0,6,1328.0,5.0,True,2023,4,2,Tuesday,Medium Value
CUST004248,Sarah Fogaça,sarah.fogaca@webmail.com,34.0,feminino,Várzea Grande,MT,2023-04-04,3351.0,5,835.0,4.8,True,2023,4,2,Tuesday,Low Value
CUST000668,Carolina Dias,carolina.dias@email.com,42.0,feminino,São Paulo,SP,2023-04-04,4336.0,9,2150.0,3.1,True,2023,4,2,Tuesday,High Value
CUST001798,Davi Lucca Oliveira,davi.lucca.oliveira@mail.com,40.0,outro,Curitiba,PR,2023-04-04,1786.0,9,1840.0,3.2,True,2023,4,2,Tuesday,Medium Value
CUST004836,Maria Clara Jesus,maria.clara.jesus@correio.net,20.0,feminino,unknown,MG,2023-04-04,3425.0,7,1623.0,3.5,True,2023,4,2,Tuesday,Medium Value
CUST002148,Lucas Fernandes,lucas.fernandes@correio.net,19.0,masculino,Belo Horizonte,MG,2023-04-05,251886.0,7,1294.0,4.3,True,2023,4,2,Wednesday,Low Value
CUST004501,Heloísa Pires,heloisa.pires@email.com,50.0,feminino,Salvador,BA,2023-04-05,3366.5,8,1464.0,4.9,True,2023,4,2,Wednesday,Medium Value
CUST001799,Srta. Beatriz Silveira,srta..beatriz.silveira@mail.com,61.0,feminino,Goiânia,GO,2023-04-05,3683.0,5,1086.0,3.1,True,2023,4,2,Wednesday,Low Value
CUST004191,Melina Gonçalves,melina.goncalves@provedor.com.br,42.0,feminino,São Paulo,SP,2023-04-05,3048.0,6,843.0,3.7,True,2023,4,2,Wednesday,Low Value
CUST001879,Arthur Gabriel Farias,arthur.gabriel.farias@webmail.com,59.0,masculino,Londrina,PR,2023-04-05,5103.0,10,2998.0,3.4,True,2023,4,2,Wednesday,High Value
CUST000772,Ana Liz Vargas,ana.liz.vargas@mail.com,24.0,feminino,Juiz de Fora,MG,2023-04-06,3313.0,9,2994.0,4.6,True,2023,4,2,Thursday,High Value
CUST003606,Laís Da Luz,lais.da.luz@mail.com,38.0,feminino,Niterói,RJ,2023-04-06,3357.5,12,1105.0,4.0,True,2023,4,2,Thursday,Low Value
CUST001579,Luna Moraes,luna.moraes@correio.net,28.0,feminino,Belo Horizonte,MG,2023-04-07,2127.0,8,2107.0,5.0,True,2023,4,2,Friday,High Value
CUST004305,Gabrielly Carvalho,gabrielly.carvalho@mail.com,46.0,feminino,Olinda,PE,2023-04-07,3675.0,6,1563.0,4.6,True,2023,4,2,Friday,Medium Value
CUST004424,Luara Brito,luara.brito@email.com,45.0,outro,Campinas,SP,2023-04-08,5096.0,8,1636.0,4.0,True,2023,4,2,Saturday,Medium Value
CUST001313,Clara Campos,clara.campos@mail.com,42.0,feminino,unknown,MT,2023-04-08,9332.0,14,5429.0,3.8,True,2023,4,2,Saturday,High Value
CUST001827,Stephany Machado,stephany.machado@mail.com,36.0,feminino,Vila Velha,ES,2023-04-08,2014.0,8,1620.0,4.3,True,2023,4,2,Saturday,Medium Value
CUST002392,Dr. Oliver Sales,dr..oliver.sales@mail.com,40.0,masculino,São Paulo,SP,2023-04-09,11186.0,10,4157.0,4.6,True,2023,4,2,Sunday,High Value
CUST000658,Dra. Emanuella Vieira,dra..emanuella.vieira@webmail.com,43.0,feminino,Porto Alegre,RS,2023-04-09,3456.0,10,2180.0,5.0,True,2023,4,2,Sunday,High Value
CUST000157,Sra. Maya Pereira,sra..maya.pereira@provedor.com.br,37.0,feminino,Curitiba,PR,2023-04-09,2741.0,7,2044.0,4.4,True,2023,4,2,Sunday,High Value
CUST003670,Caroline Farias,caroline.farias@provedor.com.br,40.0,feminino,Campinas,SP,2023-04-09,7215.0,5,1841.0,3.2,True,2023,4,2,Sunday,Medium Value
CUST003361,Sr. Joaquim Lima,sr..joaquim.lima@provedor.com.br,19.0,masculino,Anápolis,GO,2023-04-09,3163.0,5,1091.0,2.8,True,2023,4,2,Sunday,Low Value
CUST002751,Beatriz Castro,beatriz.castro@provedor.com.br,38.0,feminino,Porto Alegre,RS,2023-04-10,2751.0,7,1456.0,3.7,True,2023,4,2,Monday,Medium Value
CUST001969,Cecilia Da Luz,cecilia.da.luz@email.com,38.0,feminino,Niterói,RJ,2023-04-10,2538.0,8,1437.0,4.0,True,2023,4,2,Monday,Medium Value
CUST000159,Gabriel Da Cunha,gabriel.da.cunha@correio.net,18.0,masculino,Juiz de Fora,MG,2023-04-10,3126.0,4,931.0,3.4,True,2023,4,2,Monday,Low Value
CUST004265,José Pedro Costa,jose.pedro.costa@webmail.com,30.0,masculino,Petrópolis,RJ,2023-04-10,3357.5,5,1532.0,5.0,True,2023,4,2,Monday,Medium Value
CUST004670,Marcelo Peixoto,marcelo.peixoto@mail.com,19.0,masculino,Ribeirão Preto,SP,2023-04-11,2991.0,8,2369.0,4.0,True,2023,4,2,Tuesday,High Value
CUST001619,Raquel Farias,raquel.farias@email.com,43.0,feminino,Goiânia,GO,2023-04-11,3400.0,10,3688.0,3.6,True,2023,4,2,Tuesday,High Value
CUST001715,Eduardo Lima,eduardo.lima@correio.net,26.0,masculino,Campinas,SP,2023-04-11,3600.0,11,3336.0,3.8,True,2023,4,2,Tuesday,High Value
CUST000066,Maria Fernanda Macedo,maria.fernanda.macedo@email.com,53.0,outro,Anápolis,GO,2023-04-12,2797.0,10,167182.0,3.3,True,2023,4,2,Wednesday,High Value
CUST004987,Giovanna Costa,giovanna.costa@mail.com,30.0,feminino,Rio de Janeiro,RJ,2023-04-12,3357.5,8,797.0,3.7,True,2023,4,2,Wednesday,Low Value
CUST000238,Asafe Ferreira,asafe.ferreira@email.com,39.0,masculino,Várzea Grande,MT,2023-04-12,2452.0,4,978.0,3.0,True,2023,4,2,Wednesday,Low Value
CUST003134,Ravi Vieira,ravi.vieira@mail.com,58.0,masculino,Belém,PA,2023-04-13,3550.0,6,873.0,2.7,True,2023,4,2,Thursday,Low Value
CUST000330,Davi Lucca Da Paz,davi.lucca.da.paz@provedor.com.br,34.0,masculino,Pelotas,RS,2023-04-14,3703.0,8,1890.0,3.8,True,2023,4,2,Friday,Medium Value
CUST000747,Emanuella Marques,emanuella.marques@mail.com,18.0,feminino,Ribeirão Preto,SP,2023-04-14,1599.0,9,1749.0,3.6,True,2023,4,2,Friday,Medium Value
CUST000523,Lorenzo Pires,lorenzo.pires@mail.com,31.0,masculino,Fortaleza,CE,2023-04-15,1904.0,4,499.0,5.0,True,2023,4,2,Saturday,Low Value
CUST003542,Vicente Fogaça,vicente.fogaca@email.com,27.0,masculino,Fortaleza,CE,2023-04-15,3537.0,4,1073.0,4.0,True,2023,4,2,Saturday,Low Value
CUST003399,José Sales,jose.sales@correio.net,34.0,masculino,Juiz de Fora,MG,2023-04-15,1305.0,7,1891.0,5.0,True,2023,4,2,Saturday,Medium Value
CUST002910,João Miguel Sales,joao.miguel.sales@mail.com,54.0,masculino,Santos,SP,2023-04-15,4196.0,9,2548.0,4.3,True,2023,4,2,Saturday,High Value
CUST004600,Sr. Anthony Costa,sr..anthony.costa@email.com,18.0,outro,Joinville,SC,2023-04-15,2046.0,4,872.0,2.8,True,2023,4,2,Saturday,Low Value
CUST000121,Catarina Da Luz,catarina.da.luz@provedor.com.br,38.0,feminino,Várzea Grande,MT,2023-04-15,7238.0,9,2999.0,4.0,True,2023,4,2,Saturday,High Value
CUST004302,Vitor Hugo Montenegro,vitor.hugo.montenegro@webmail.com,42.0,masculino,Joinville,SC,2023-04-15,3654.0,4,916.0,4.5,True,2023,4,2,Saturday,Low Value
CUST005015,Luara Brito,luara.brito@correio.net,46.0,outro,Campinas,SP,2023-04-16,5187.0,7,1583.0,3.9,True,2023,4,2,Sunday,Medium Value
CUST004710,Dr. Arthur Gabriel Da Luz,dr..arthur.gabriel.da.luz@provedor.com.br,59.0,masculino,Campinas,SP,2023-04-16,6500.0,11,2817.0,4.4,True,2023,4,2,Sunday,High Value
CUST003287,José Costela,jose.costela@correio.net,41.0,masculino,Sobral,CE,2023-04-16,3476.0,4,840.0,4.6,True,2023,4,2,Sunday,Low Value
CUST003506,Benjamim Campos,benjamim.campos@provedor.com.br,35.0,outro,São Paulo,SP,2023-04-17,4135.0,14,4328.0,5.0,True,2023,4,2,Monday,High Value
CUST000385,Bianca Da Costa,bianca.da.costa@correio.net,49.0,feminino,Niterói,RJ,2023-04-17,2207.0,2,454.0,5.0,True,2023,4,2,Monday,Low Value
CUST005062,José Pedro Costa,jose.pedro.costa@webmail.com,30.0,masculino,Petrópolis,RJ,2023-04-17,6907.0,7,1658.0,4.9,True,2023,4,2,Monday,Medium Value
CUST000938,Juan Da Cruz,juan.da.cruz@webmail.com,45.0,masculino,Porto Alegre,RS,2023-04-18,4240.0,6,965.0,2.3,True,2023,4,2,Tuesday,Low Value
CUST002655,Olívia Novais,olivia.novais@email.com,29.0,feminino,Petrópolis,RJ,2023-04-18,1538.0,8,1659.0,4.0,True,2023,4,2,Tuesday,Medium Value
CUST003474,Henry Caldeira,henry.caldeira@email.com,54.0,masculino,Juiz de Fora,MG,2023-04-19,2244.0,4,1045.0,4.0,True,2023,4,2,Wednesday,Low Value
CUST004672,Letícia Aparecida,leticia.aparecida@email.com,46.0,feminino,Ribeirão Preto,SP,2023-04-19,1603.0,5,717.0,3.7,True,2023,4,2,Wednesday,Low Value
CUST000458,Heloísa Jesus,heloisa.jesus@provedor.com.br,33.0,feminino,Ribeirão Preto,SP,2023-04-19,991.0,4,1045.0,3.8,True,2023,4,2,Wednesday,Low Value
CUST003676,Dante Aparecida,dante.aparecida@email.com,18.0,masculino,Belo Horizonte,MG,2023-04-20,2305.0,7,1930.0,3.1,True,2023,4,2,Thursday,Medium Value
CUST001867,Fernando Carvalho,fernando.carvalho@mail.com,42.0,masculino,Petrópolis,RJ,2023-04-20,192791.0,7,1131.0,3.4,True,2023,4,2,Thursday,Low Value
CUST001014,Sr. Rael Pastor,sr..rael.pastor@email.com,38.0,masculino,Ribeirão Preto,SP,2023-04-20,3273.0,10,1580.0,5.0,True,2023,4,2,Thursday,Medium Value
CUST001809,José Miguel Melo,jose.miguel.melo@mail.com,34.0,masculino,Joinville,SC,2023-04-21,3918.0,10,1260.0,4.0,True,2023,4,2,Friday,Low Value
CUST000315,Dr. João Lucas Cirino,dr..joao.lucas.cirino@correio.net,36.0,masculino,Ribeirão Preto,SP,2023-04-21,2908.0,9,1815.0,4.3,True,2023,4,2,Friday,Medium Value
CUST001368,Dr. Cauã Abreu,dr..caua.abreu@provedor.com.br,44.0,masculino,Salvador,BA,2023-04-21,4101.0,4,1068.0,3.7,True,2023,4,2,Friday,Low Value
CUST005020,Dr. Diego Da Cruz,dr..diego.da.cruz@provedor.com.br,37.0,masculino,Sobral,CE,2023-04-21,10696.0,11,4242.0,4.0,True,2023,4,2,Friday,High Value
CUST002254,Davi Miguel Ramos,davi.miguel.ramos@webmail.com,49.0,masculino,Manaus,AM,2023-04-21,2917.0,12,2271.0,3.1,True,2023,4,2,Friday,High Value
CUST003531,Luara Campos,luara.campos@mail.com,41.0,feminino,Anápolis,GO,2023-04-22,3544.0,7,1284.0,3.8,True,2023,4,2,Saturday,Low Value
CUST003179,Mirella Da Costa,mirella.da.costa@mail.com,38.0,feminino,Serra,ES,2023-04-22,3218.0,7,2330.0,5.0,True,2023,4,2,Saturday,High Value
CUST003473,Sr. Vicente Ribeiro,sr..vicente.ribeiro@mail.com,40.0,outro,Uberlândia,MG,2023-04-23,1752.0,4,887.0,4.1,True,2023,4,2,Sunday,Low Value
CUST003397,Anna Liz Moreira,anna.liz.moreira@provedor.com.br,30.0,feminino,Rio de Janeiro,RJ,2023-04-23,3590.0,5,1764.0,3.5,True,2023,4,2,Sunday,Medium Value
CUST003180,Marcelo Ribeiro,marcelo.ribeiro@email.com,44.0,masculino,Campinas,SP,2023-04-24,2785.0,4,927.0,3.8,True,2023,4,2,Monday,Low Value
CUST001852,Eduardo Da Rosa,eduardo.da.rosa@mail.com,38.0,masculino,Ribeirão Preto,SP,2023-04-24,3535.0,9,2051.0,4.6,True,2023,4,2,Monday,High Value
CUST000820,Alexandre Souza,alexandre.souza@correio.net,51.0,outro,Santos,SP,2023-04-24,4270.0,8,1842.0,3.4,True,2023,4,2,Monday,Medium Value
CUST002075,Mateus Silveira,mateus.silveira@correio.net,56.0,outro,Maringá,PR,2023-04-24,10479.0,5,1992.0,4.0,True,2023,4,2,Monday,Medium Value
CUST002591,Cauê Andrade,caue.andrade@webmail.com,43.0,masculino,Sorocaba,SP,2023-04-24,4785.0,9,2650.0,4.3,True,2023,4,2,Monday,High Value
CUST001585,Dr. Brayan Souza,dr..brayan.souza@email.com,37.0,masculino,Blumenau,SC,2023-04-24,4527.0,11,2536.0,3.4,True,2023,4,2,Monday,High Value
CUST002716,Raquel Viana,raquel.viana@webmail.com,34.0,feminino,Petrópolis,RJ,2023-04-24,6450.0,9,3018.0,4.4,True,2023,4,2,Monday,High Value
CUST003888,Mariah Moura,mariah.moura@correio.net,49.0,feminino,Sorocaba,SP,2023-04-24,1922.0,8,1642.0,4.0,True,2023,4,2,Monday,Medium Value
CUST004441,Davi Miguel Da Mota,davi.miguel.da.mota@mail.com,30.0,masculino,Porto Alegre,RS,2023-04-25,5066.0,6,1929.0,3.7,True,2023,4,2,Tuesday,Medium Value
CUST004005,Marcelo Casa Grande,marcelo.casa.grande@correio.net,39.0,masculino,Caruaru,PE,2023-04-25,1269.0,2,103551.0,3.9,True,2023,4,2,Tuesday,High Value
CUST003931,Dra. Maria Laura Abreu,dra..maria.laura.abreu@correio.net,56.0,feminino,Joinville,SC,2023-04-25,4706.0,9,2536.0,3.3,True,2023,4,2,Tuesday,High Value
CUST002797,Emanuelly Da Luz,emanuelly.da.luz@email.com,31.0,feminino,unknown,BA,2023-04-26,5283.0,7,1424.0,5.0,True,2023,4,2,Wednesday,Medium Value
CUST001898,Dante Gonçalves,dante.goncalves@correio.net,30.0,masculino,Campinas,SP,2023-04-26,5564.0,8,1523.0,4.1,True,2023,4,2,Wednesday,Medium Value
CUST000976,Amanda Siqueira,amanda.siqueira@email.com,18.0,feminino,Recife,PE,2023-04-26,6767.0,7,2191.0,5.0,True,2023,4,2,Wednesday,High Value
CUST000738,Srta. Ana Beatriz Oliveira,srta..ana.beatriz.oliveira@webmail.com,73.0,feminino,Campinas,SP,2023-04-26,3817.0,5,1002.0,4.5,True,2023,4,2,Wednesday,Low Value
CUST002436,Stephany Mendonça,stephany.mendonca@correio.net,32.0,feminino,Manaus,AM,2023-04-26,1803.0,7,1699.0,3.8,True,2023,4,2,Wednesday,Medium Value
CUST001326,Carlos Eduardo Viana,carlos.eduardo.viana@mail.com,43.0,masculino,unknown,RJ,2023-04-27,2955.0,7,1374.0,5.0,True,2023,4,2,Thursday,Medium Value
CUST004009,Luna Da Conceição,luna.da.conceicao@email.com,59.0,feminino,Londrina,PR,2023-04-27,3602.0,5,1356.0,4.0,True,2023,4,2,Thursday,Medium Value
CUST003723,Felipe Correia,felipe.correia@email.com,18.0,masculino,Goiânia,GO,2023-04-27,5363.0,7,1790.0,5.0,True,2023,4,2,Thursday,Medium Value
CUST000915,Sr. Enzo Gabriel Barros,sr..enzo.gabriel.barros@provedor.com.br,32.0,masculino,Londrina,PR,2023-04-28,4627.0,7,2713.0,4.7,True,2023,4,2,Friday,High Value
CUST003688,Caroline Da Rocha,caroline.da.rocha@provedor.com.br,39.0,feminino,Sorocaba,SP,2023-04-29,6480.0,5,1782.0,2.9,True,2023,4,2,Saturday,Medium Value
CUST001795,Mariana Costela,mariana.costela@provedor.com.br,44.0,feminino,Pelotas,RS,2023-04-29,3819.0,7,1802.0,5.0,True,2023,4,2,Saturday,Medium Value
CUST001777,Vitor Hugo Aparecida,vitor.hugo.aparecida@email.com,18.0,masculino,Parintins,AM,2023-04-29,5044.0,4,839.0,4.0,True,2023,4,2,Saturday,Low Value
CUST003102,Vitor Pimenta,vitor.pimenta@correio.net,53.0,masculino,São Paulo,SP,2023-04-29,3591.0,8,2769.0,3.7,True,2023,4,2,Saturday,High Value
CUST000535,Theodoro Cassiano,theodoro.cassiano@provedor.com.br,44.0,masculino,Pelotas,RS,2023-04-30,2793.0,7,1345.0,2.6,True,2023,4,2,Sunday,Medium Value
CUST001486,Sra. Maria Luiza Da Costa,sra..maria.luiza.da.costa@correio.net,39.0,feminino,Sorocaba,SP,2023-04-30,4546.0,5,1298.0,3.9,True,2023,4,2,Sunday,Low Value
CUST002815,Dr. Raul Monteiro,dr..raul.monteiro@mail.com,38.0,outro,Anápolis,GO,2023-04-30,4977.0,9,1466.0,3.8,True,2023,4,2,Sunday,Medium Value
CUST002124,Ana Luiza Da Rocha,ana.luiza.da.rocha@email.com,51.0,feminino,Rio Verde,GO,2023-05-01,2261.0,6,1613.0,4.3,True,2023,5,2,Monday,Medium Value
CUST000647,Ester Monteiro,ester.monteiro@email.com,52.0,feminino,Campinas,SP,2023-05-01,3313.5,6,655.0,3.5,True,2023,5,2,Monday,Low Value
CUST001327,Zoe Ferreira,zoe.ferreira@provedor.com.br,35.0,feminino,Santos,SP,2023-05-01,2773.0,3,777.0,3.9,True,2023,5,2,Monday,Low Value
CUST002762,Milena Mendes,milena.mendes@mail.com,19.0,feminino,Sobral,CE,2023-05-01,7604.0,12,3787.0,4.0,True,2023,5,2,Monday,High Value
CUST002754,Dra. Lunna Marques,dra..lunna.marques@mail.com,42.0,feminino,Juiz de Fora,MG,2023-05-02,3406.0,8,1645.0,3.8,True,2023,5,2,Tuesday,Medium Value
CUST003181,Valentina Pinto,valentina.pinto@provedor.com.br,44.0,feminino,Contagem,MG,2023-05-02,3017.0,9,2964.0,4.0,True,2023,5,2,Tuesday,High Value
CUST000149,Gael Guerra,gael.guerra@correio.net,33.0,masculino,Uberlândia,MG,2023-05-02,4554.0,4,1048.0,3.4,True,2023,5,2,Tuesday,Low Value
CUST001504,Cecilia Silva,cecilia.silva@mail.com,45.0,feminino,São Paulo,SP,2023-05-02,3441.0,8,1635.0,3.6,True,2023,5,2,Tuesday,Medium Value
CUST000737,Maria Helena Casa Grande,maria.helena.casa.grande@email.com,55.0,outro,Parintins,AM,2023-05-03,1975.0,6,933.0,4.7,True,2023,5,2,Wednesday,Low Value
CUST001707,Jade Mendes,jade.mendes@provedor.com.br,50.0,feminino,unknown,RS,2023-05-03,2337.0,7,1686.0,4.5,True,2023,5,2,Wednesday,Medium Value
CUST003866,João Vitor Garcia,joao.vitor.garcia@provedor.com.br,30.0,masculino,Blumenau,SC,2023-05-04,5228.0,5,2163.0,4.0,True,2023,5,2,Thursday,High Value
CUST002444,Arthur Gabriel Lima,arthur.gabriel.lima@webmail.com,40.0,masculino,Ribeirão Preto,SP,2023-05-04,4345.0,6,1404.0,4.4,True,2023,5,2,Thursday,Medium Value
CUST002881,Gabriel Alves,gabriel.alves@webmail.com,29.0,outro,Rio de Janeiro,RJ,2023-05-04,2263.0,10,1226.0,3.9,True,2023,5,2,Thursday,Low Value
CUST000686,Sr. Theo Pires,sr..theo.pires@webmail.com,49.0,masculino,Juazeiro do Norte,CE,2023-05-04,2822.0,5,1060.0,3.8,True,2023,5,2,Thursday,Low Value
CUST001077,Hadassa Monteiro,hadassa.monteiro@provedor.com.br,38.0,feminino,Maringá,PR,2023-05-04,1586.0,11,1958.0,5.0,True,2023,5,2,Thursday,Medium Value
CUST000213,Dr. Enzo Martins,dr..enzo.martins@email.com,36.0,masculino,unknown,MT,2023-05-04,2576.0,2,503.0,5.0,True,2023,5,2,Thursday,Low Value
CUST002274,Manuela Nascimento,manuela.nascimento@correio.net,22.0,feminino,Rio de Janeiro,RJ,2023-05-05,1134.0,2,489.0,4.0,True,2023,5,2,Friday,Low Value
CUST000988,Maria Cavalcante,maria.cavalcante@email.com,41.0,feminino,Contagem,MG,2023-05-05,4398.0,5,1725.0,3.9,True,2023,5,2,Friday,Medium Value
CUST004120,Stella Siqueira,stella.siqueira@email.com,38.0,feminino,Campinas,SP,2023-05-06,2748.0,4,1154.0,2.0,True,2023,5,2,Saturday,Low Value
CUST001779,Thales Oliveira,thales.oliveira@mail.com,40.0,masculino,Vila Velha,ES,2023-05-06,3374.0,4,831.0,2.6,True,2023,5,2,Saturday,Low Value
CUST004877,Emilly Sales,emilly.sales@correio.net,41.0,feminino,Petrópolis,RJ,2023-05-07,4351.0,6,1677.0,3.6,True,2023,5,2,Sunday,Medium Value
CUST000403,Breno Casa Grande,breno.casa.grande@webmail.com,27.0,masculino,Joinville,SC,2023-05-07,3527.0,11,2474.0,4.0,True,2023,5,2,Sunday,High Value
CUST002746,Enrico Macedo,enrico.macedo@mail.com,55.0,masculino,Campinas,SP,2023-05-07,2228.0,8,1853.0,3.2,True,2023,5,2,Sunday,Medium Value
CUST004626,Fernanda Sales,fernanda.sales@correio.net,18.0,feminino,Belém,PA,2023-05-07,3509.0,6,1626.0,4.9,True,2023,5,2,Sunday,Medium Value
CUST001238,Maria Alice Pastor,maria.alice.pastor@email.com,39.0,feminino,Serra,ES,2023-05-08,3747.0,6,2311.0,4.3,True,2023,5,2,Monday,High Value
CUST000166,Dr. Luan Guerra,dr..luan.guerra@webmail.com,54.0,masculino,Contagem,MG,2023-05-08,3313.0,9,2894.0,4.6,True,2023,5,2,Monday,High Value
CUST001675,Srta. Rafaela Rocha,srta..rafaela.rocha@provedor.com.br,25.0,feminino,Caruaru,PE,2023-05-08,3689.0,8,1543.0,4.1,True,2023,5,2,Monday,Medium Value
CUST000339,Oliver Mendes,oliver.mendes@correio.net,41.0,masculino,Manaus,AM,2023-05-08,1417.0,4,456.0,3.0,True,2023,5,2,Monday,Low Value
CUST001462,Marcelo Fernandes,marcelo.fernandes@correio.net,38.0,outro,Cuiabá,MT,2023-05-09,3231.0,7,1186.0,3.5,True,2023,5,2,Tuesday,Low Value
CUST004256,Heloisa Da Rocha,heloisa.da.rocha@webmail.com,38.0,feminino,Vitória da Conquista,BA,2023-05-09,3166.0,13,2956.0,4.5,True,2023,5,2,Tuesday,High Value
CUST003477,Hellena Monteiro,hellena.monteiro@mail.com,44.0,feminino,Rio de Janeiro,RJ,2023-05-10,3576.0,11,2738.0,4.1,True,2023,5,2,Wednesday,High Value
CUST001962,Arthur Gabriel Da Paz,arthur.gabriel.da.paz@provedor.com.br,29.0,masculino,Porto Alegre,RS,2023-05-10,4968.0,6,1340.0,4.5,True,2023,5,2,Wednesday,Medium Value
CUST004803,Ravi Rezende,ravi.rezende@correio.net,31.0,masculino,Feira de Santana,BA,2023-05-11,5146.0,4,1236.0,3.3,True,2023,5,2,Thursday,Low Value
CUST003093,Arthur Miguel Da Mota,arthur.miguel.da.mota@correio.net,52.0,masculino,Olinda,PE,2023-05-11,3481.0,7,2320.0,4.9,True,2023,5,2,Thursday,High Value
CUST002682,Zoe Cunha,zoe.cunha@webmail.com,26.0,feminino,Caxias do Sul,RS,2023-05-11,2185.0,6,1388.0,2.5,True,2023,5,2,Thursday,Medium Value
CUST002120,Sra. Emanuelly Marques,sra..emanuelly.marques@correio.net,23.0,feminino,São Paulo,SP,2023-05-11,2422.0,8,1386.0,5.0,True,2023,5,2,Thursday,Medium Value
CUST004436,Mariane Siqueira,mariane.siqueira@mail.com,24.0,feminino,Porto Alegre,RS,2023-05-12,3917.0,14,4237.0,3.6,True,2023,5,2,Friday,High Value
CUST004149,Pedro Pacheco,pedro.pacheco@correio.net,37.0,masculino,Maringá,PR,2023-05-12,5776.0,10,3402.0,4.3,True,2023,5,2,Friday,High Value
CUST001116,Daniel Da Costa,daniel.da.costa@provedor.com.br,30.0,masculino,Pelotas,RS,2023-05-12,2634.0,8,2894.0,3.2,True,2023,5,2,Friday,High Value
CUST004540,Sra. Sophie Novais,sra..sophie.novais@provedor.com.br,55.0,feminino,unknown,SP,2023-05-12,3849.0,8,1964.0,3.6,True,2023,5,2,Friday,Medium Value
CUST002677,Gustavo Fernandes,gustavo.fernandes@correio.net,38.0,masculino,Fortaleza,CE,2023-05-12,3602.0,9,1995.0,5.0,True,2023,5,2,Friday,Medium Value
CUST004320,Amanda Pereira,amanda.pereira@correio.net,30.0,feminino,Ribeirão Preto,SP,2023-05-13,2995.0,5,851.0,4.2,True,2023,5,2,Saturday,Low Value
CUST003934,Leandro Vieira,leandro.vieira@correio.net,18.0,masculino,Caruaru,PE,2023-05-13,3002.0,9,2635.0,4.1,True,2023,5,2,Saturday,High Value
CUST003195,Mathias Sá,mathias.sa@webmail.com,32.0,masculino,Pelotas,RS,2023-05-13,8321.0,4,1286.0,2.6,True,2023,5,2,Saturday,Low Value
CUST003883,Hadassa Almeida,hadassa.almeida@provedor.com.br,30.0,feminino,Duque de Caxias,RJ,2023-05-13,3426.0,9,2290.0,3.8,True,2023,5,2,Saturday,High Value
CUST003843,Pedro Aparecida,pedro.aparecida@email.com,29.0,masculino,São Paulo,SP,2023-05-14,4732.0,8,1866.0,2.9,True,2023,5,2,Sunday,Medium Value
CUST001954,Yasmin Peixoto,yasmin.peixoto@provedor.com.br,39.0,feminino,Brasília,DF,2023-05-14,4334.0,7,1292.0,4.0,True,2023,5,2,Sunday,Low Value
CUST002880,Esther Camargo,esther.camargo@webmail.com,28.0,feminino,Ribeirão Preto,SP,2023-05-14,3426.0,11,2960.0,3.3,True,2023,5,2,Sunday,High Value
CUST004484,Hellena Oliveira,hellena.oliveira@webmail.com,42.0,feminino,Uberlândia,MG,2023-05-14,2288.0,12,3082.0,4.0,True,2023,5,2,Sunday,High Value
CUST001437,João Gabriel Pinto,joao.gabriel.pinto@provedor.com.br,50.0,masculino,Londrina,PR,2023-05-15,3005.0,7,1611.0,3.7,True,2023,5,2,Monday,Medium Value
CUST001455,Erick Aparecida,erick.aparecida@email.com,30.0,masculino,unknown,SP,2023-05-15,2977.0,4,1242.0,3.6,True,2023,5,2,Monday,Low Value
CUST000480,Murilo Azevedo,murilo.azevedo@correio.net,24.0,masculino,unknown,ES,2023-05-15,3887.0,6,1431.0,2.7,True,2023,5,2,Monday,Medium Value
CUST004851,Sra. Laís Cassiano,sra..lais.cassiano@webmail.com,37.0,feminino,Brasília,DF,2023-05-15,3397.0,6,1851.0,4.6,True,2023,5,2,Monday,Medium Value
CUST002074,Maria Luiza Vasconcelos,maria.luiza.vasconcelos@provedor.com.br,36.0,feminino,unknown,GO,2023-05-15,3010.0,4,811.0,3.6,True,2023,5,2,Monday,Low Value
CUST001247,Felipe Duarte,felipe.duarte@provedor.com.br,47.0,masculino,Florianópolis,SC,2023-05-15,3857.0,4,995.0,3.3,True,2023,5,2,Monday,Low Value
CUST001807,Ana Julia Gonçalves,ana.julia.goncalves@mail.com,22.0,feminino,Recife,PE,2023-05-16,1445.0,7,1369.0,3.7,True,2023,5,2,Tuesday,Medium Value
CUST004381,Isabelly Vargas,isabelly.vargas@webmail.com,52.0,feminino,São Paulo,SP,2023-05-17,6358.0,9,3445.0,3.2,True,2023,5,2,Wednesday,High Value
CUST004003,Maria Alice Da Cruz,maria.alice.da.cruz@provedor.com.br,37.0,feminino,Sorocaba,SP,2023-05-17,4285.0,13,3721.0,3.5,True,2023,5,2,Wednesday,High Value
CUST003966,Maria Cecília Costela,maria.cecilia.costela@webmail.com,40.0,feminino,Fortaleza,CE,2023-05-17,2563.0,9,1250.0,5.0,True,2023,5,2,Wednesday,Low Value
CUST003632,Dante Leão,dante.leao@email.com,19.0,masculino,Santos,SP,2023-05-17,916.0,12,2252.0,4.5,True,2023,5,2,Wednesday,High Value
CUST002601,Ana Lívia Brito,ana.livia.brito@correio.net,56.0,feminino,Ananindeua,PA,2023-05-17,5489.0,9,2582.0,3.8,True,2023,5,2,Wednesday,High Value
CUST004794,Otto Peixoto,otto.peixoto@provedor.com.br,18.0,masculino,Juiz de Fora,MG,2023-05-17,3313.0,12,3418.0,4.0,True,2023,5,2,Wednesday,High Value
CUST002246,Maya Nogueira,maya.nogueira@email.com,41.0,feminino,Campinas,SP,2023-05-18,2972.0,11,2708.0,2.0,True,2023,5,2,Thursday,High Value
CUST003482,Srta. Kamilly Santos,srta..kamilly.santos@provedor.com.br,33.0,feminino,Duque de Caxias,RJ,2023-05-18,6209.0,6,1558.0,3.8,True,2023,5,2,Thursday,Medium Value
CUST003203,Miguel Cunha,miguel.cunha@correio.net,46.0,masculino,Niterói,RJ,2023-05-18,2147.0,3,413.0,3.6,True,2023,5,2,Thursday,Low Value
CUST003905,Dra. Eloah Peixoto,dra..eloah.peixoto@correio.net,70.0,outro,Curitiba,PR,2023-05-18,3869.0,6,1579.0,3.6,True,2023,5,2,Thursday,Medium Value
CUST001272,Mariah Cavalcante,mariah.cavalcante@webmail.com,50.0,feminino,Campinas,SP,2023-05-19,2135.0,4,1192.0,4.1,True,2023,5,2,Friday,Low Value
CUST002613,Thales Teixeira,thales.teixeira@mail.com,38.0,masculino,Rio de Janeiro,RJ,2023-05-19,4259.0,2,498.0,2.7,True,2023,5,2,Friday,Low Value
CUST004759,João Guilherme Souza,joao.guilherme.souza@email.com,30.0,masculino,Brasília,DF,2023-05-19,1611.0,5,1162.0,4.1,True,2023,5,2,Friday,Low Value
CUST002667,Dr. Bryan Sales,dr..bryan.sales@webmail.com,65.0,masculino,Brasília,DF,2023-05-20,4375.0,6,1977.0,4.2,True,2023,5,2,Saturday,Medium Value
CUST004490,Ana Luiza Rezende,ana.luiza.rezende@webmail.com,25.0,feminino,São Paulo,SP,2023-05-20,6750.0,9,2570.0,3.0,True,2023,5,2,Saturday,High Value
CUST002394,Júlia Moreira,julia.moreira@webmail.com,34.0,feminino,Sorocaba,SP,2023-05-20,2394.0,15,875.0,5.0,True,2023,5,2,Saturday,Low Value
CUST003651,Murilo Andrade,murilo.andrade@mail.com,39.0,masculino,Rio de Janeiro,RJ,2023-05-21,3357.5,3,559.0,5.0,True,2023,5,2,Sunday,Low Value
CUST000629,Luan Ribeiro,luan.ribeiro@webmail.com,19.0,outro,Rio Verde,GO,2023-05-21,5441.0,7,1935.0,5.0,True,2023,5,2,Sunday,Medium Value
CUST003763,Agatha Cassiano,agatha.cassiano@correio.net,42.0,feminino,Rio Verde,GO,2023-05-21,3865.0,4,1045.0,3.3,True,2023,5,2,Sunday,Low Value
CUST002255,Mirella Viana,mirella.viana@provedor.com.br,44.0,feminino,unknown,SP,2023-05-22,3320.0,5,1279.0,5.0,True,2023,5,2,Monday,Low Value
CUST004208,Kevin Andrade,kevin.andrade@mail.com,50.0,masculino,Feira de Santana,BA,2023-05-22,7230.0,7,2214.0,5.0,True,2023,5,2,Monday,High Value
CUST004458,Gustavo Henrique Santos,gustavo.henrique.santos@mail.com,28.0,masculino,unknown,DF,2023-05-22,4120.0,3,726.0,4.2,True,2023,5,2,Monday,Low Value
CUST003927,Mirella Novaes,mirella.novaes@webmail.com,35.0,feminino,Porto Alegre,RS,2023-05-23,8656.0,14,5516.0,3.9,True,2023,5,2,Tuesday,High Value
CUST001899,Alexia Aparecida,alexia.aparecida@provedor.com.br,42.0,feminino,unknown,BA,2023-05-23,3627.0,4,783.0,2.9,True,2023,5,2,Tuesday,Low Value
CUST000039,Cecilia Moraes,cecilia.moraes@webmail.com,36.0,feminino,Pelotas,RS,2023-05-24,2093.0,4,633.0,3.5,True,2023,5,2,Wednesday,Low Value
CUST004897,Sabrina Pires,sabrina.pires@mail.com,36.0,feminino,Olinda,PE,2023-05-24,4317.0,6,1869.0,2.7,True,2023,5,2,Wednesday,Medium Value
CUST001415,Maria Isis Montenegro,maria.isis.montenegro@correio.net,27.0,feminino,São Paulo,SP,2023-05-24,1543.0,3,1037.0,4.1,True,2023,5,2,Wednesday,Low Value
CUST004393,Otto Montenegro,otto.montenegro@webmail.com,40.0,masculino,Rio de Janeiro,RJ,2023-05-24,2583.0,10,2268.0,4.0,True,2023,5,2,Wednesday,High Value
CUST000557,Carlos Eduardo Montenegro,carlos.eduardo.montenegro@correio.net,54.0,masculino,Brasília,DF,2023-05-26,5475.0,6,2101.0,2.9,True,2023,5,2,Friday,High Value
CUST004141,Henrique Da Paz,henrique.da.paz@email.com,34.0,masculino,São Paulo,SP,2023-05-26,3820.0,7,2161.0,5.0,True,2023,5,2,Friday,High Value
CUST003686,Theodoro Vieira,theodoro.vieira@mail.com,41.0,masculino,Belo Horizonte,MG,2023-05-26,2670.0,5,1191.0,3.7,True,2023,5,2,Friday,Low Value
CUST000035,Cecília Da Luz,cecilia.da.luz@provedor.com.br,40.0,feminino,Feira de Santana,BA,2023-05-26,1290.0,9,1849.0,4.3,True,2023,5,2,Friday,Medium Value
CUST003604,Srta. Ágatha Vargas,srta..agatha.vargas@provedor.com.br,26.0,feminino,São Paulo,SP,2023-05-26,3313.5,5,2070.0,4.9,True,2023,5,2,Friday,High Value
CUST002026,Matheus Da Conceição,matheus.da.conceicao@provedor.com.br,41.0,outro,Brasília,DF,2023-05-26,289997.0,8,2267.0,3.5,True,2023,5,2,Friday,High Value
CUST004953,Ravi Lucca Da Conceição,ravi.lucca.da.conceicao@webmail.com,42.0,masculino,Juazeiro do Norte,CE,2023-05-26,1426.0,9,1800.0,5.0,True,2023,5,2,Friday,Medium Value
CUST004511,Mariana Moraes,mariana.moraes@correio.net,45.0,feminino,Ribeirão Preto,SP,2023-05-26,2596.0,11,1914.0,3.3,True,2023,5,2,Friday,Medium Value
CUST003030,Pedro Miguel Barros,pedro.miguel.barros@mail.com,31.0,masculino,Brasília,DF,2023-05-27,4581.0,7,1578.0,3.9,True,2023,5,2,Saturday,Medium Value
CUST002092,Gabriela Marques,gabriela.marques@webmail.com,41.0,feminino,Brasília,DF,2023-05-27,2413.0,8,1664.0,4.8,True,2023,5,2,Saturday,Medium Value
CUST001598,Lavínia Viana,lavinia.viana@correio.net,31.0,feminino,Blumenau,SC,2023-05-27,2697.0,9,1482.0,3.1,True,2023,5,2,Saturday,Medium Value
CUST000582,Ana Dias,ana.dias@correio.net,47.0,feminino,Salvador,BA,2023-05-27,3459.0,7,1608.0,3.9,True,2023,5,2,Saturday,Medium Value
CUST002637,Ana Júlia Azevedo,ana.julia.azevedo@webmail.com,29.0,feminino,Ribeirão Preto,SP,2023-05-27,2608.0,7,1903.0,3.8,True,2023,5,2,Saturday,Medium Value
CUST002335,Maria Júlia Cavalcanti,maria.julia.cavalcanti@email.com,45.0,outro,São Paulo,SP,2023-05-27,2145.0,14,2463.0,4.7,True,2023,5,2,Saturday,High Value
CUST001209,Sra. Carolina Borges,sra..carolina.borges@email.com,36.0,feminino,unknown,PA,2023-05-27,2540.0,15,5893.0,3.9,True,2023,5,2,Saturday,High Value
CUST004327,Mariana Oliveira,mariana.oliveira@provedor.com.br,63.0,feminino,Caxias do Sul,RS,2023-05-28,2982.0,6,1375.0,5.0,True,2023,5,2,Sunday,Medium Value
CUST002814,Ana Cecília Macedo,ana.cecilia.macedo@webmail.com,38.0,feminino,Várzea Grande,MT,2023-05-28,1888.0,7,1840.0,3.6,True,2023,5,2,Sunday,Medium Value
CUST002791,Bento Aragão,bento.aragao@provedor.com.br,46.0,masculino,Campinas,SP,2023-05-28,2166.0,6,1336.0,4.0,True,2023,5,2,Sunday,Medium Value
CUST001674,Maria Vitória Farias,maria.vitoria.farias@webmail.com,51.0,feminino,Joinville,SC,2023-05-29,1682.0,6,1975.0,4.6,True,2023,5,2,Monday,Medium Value
CUST002798,Theodoro Monteiro,theodoro.monteiro@provedor.com.br,29.0,masculino,Duque de Caxias,RJ,2023-05-29,4264.0,6,1907.0,4.0,True,2023,5,2,Monday,Medium Value
CUST003257,Ana Lívia Marques,ana.livia.marques@provedor.com.br,29.0,feminino,Porto Alegre,RS,2023-05-30,3448.0,4,1218.0,4.4,True,2023,5,2,Tuesday,Low Value
CUST001174,Sr. Lucas Gabriel Abreu,sr..lucas.gabriel.abreu@mail.com,42.0,masculino,unknown,RS,2023-05-30,2747.0,5,1052.0,2.8,True,2023,5,2,Tuesday,Low Value
CUST002022,Dra. Júlia Aragão,dra..julia.aragao@correio.net,63.0,feminino,Curitiba,PR,2023-05-30,6617.0,6,1476.0,3.6,True,2023,5,2,Tuesday,Medium Value
CUST003131,Aylla Pinto,aylla.pinto@email.com,37.0,feminino,Feira de Santana,BA,2023-05-31,6660.0,12,2356.0,3.1,True,2023,5,2,Wednesday,High Value
CUST002727,Sra. Isabela Lima,sra..isabela.lima@correio.net,38.0,outro,Parintins,AM,2023-05-31,4737.0,9,2320.0,3.9,True,2023,5,2,Wednesday,High Value
CUST004264,Srta. Ana Beatriz Fernandes,srta..ana.beatriz.fernandes@provedor.com.br,43.0,feminino,São Paulo,SP,2023-05-31,7281.0,6,2398.0,4.5,True,2023,5,2,Wednesday,High Value
CUST001801,Mateus Costa,mateus.costa@provedor.com.br,45.0,masculino,Caxias do Sul,RS,2023-05-31,2061.0,8,1495.0,3.3,True,2023,5,2,Wednesday,Medium Value
CUST004312,Kaique Barros,kaique.barros@provedor.com.br,67.0,masculino,Porto Alegre,RS,2023-06-02,3355.0,8,2439.0,5.0,True,2023,6,2,Friday,High Value
CUST001519,Otto Pereira,otto.pereira@correio.net,31.0,masculino,Florianópolis,SC,2023-06-02,2250.0,4,532.0,4.0,True,2023,6,2,Friday,Low Value
CUST000251,Thales Duarte,thales.duarte@provedor.com.br,36.0,masculino,Ribeirão Preto,SP,2023-06-02,2151.0,5,243.0,3.7,True,2023,6,2,Friday,Low Value
CUST000381,Pedro Miguel Ferreira,pedro.miguel.ferreira@provedor.com.br,18.0,outro,Caxias do Sul,RS,2023-06-02,4185.0,10,2597.0,4.0,True,2023,6,2,Friday,High Value
CUST002061,Igor Rodrigues,igor.rodrigues@email.com,39.0,masculino,Uberlândia,MG,2023-06-02,3636.0,8,2325.0,4.0,True,2023,6,2,Friday,High Value
CUST004369,Sophia Viana,sophia.viana@provedor.com.br,27.0,feminino,Parintins,AM,2023-06-03,1851.0,8,1818.0,3.7,True,2023,6,2,Saturday,Medium Value
CUST003329,Dra. Eloá Da Cunha,dra..eloa.da.cunha@provedor.com.br,18.0,feminino,Juiz de Fora,MG,2023-06-03,900.0,7,1423.0,4.7,True,2023,6,2,Saturday,Medium Value
CUST004720,Danilo Pereira,danilo.pereira@correio.net,47.0,outro,Parintins,AM,2023-06-03,5201.0,1,272.0,4.5,True,2023,6,2,Saturday,Low Value
CUST002284,Antonella Cardoso,antonella.cardoso@mail.com,32.0,feminino,Juiz de Fora,MG,2023-06-04,1585.0,6,1023.0,3.6,True,2023,6,2,Sunday,Low Value
CUST002243,Ana Da Costa,ana.da.costa@correio.net,50.0,feminino,Pelotas,RS,2023-06-04,4529.0,8,2091.0,4.2,True,2023,6,2,Sunday,High Value
CUST000050,Dr. Theodoro Teixeira,dr..theodoro.teixeira@provedor.com.br,62.0,masculino,Juazeiro do Norte,CE,2023-06-04,6636.0,12,3329.0,3.9,True,2023,6,2,Sunday,High Value
CUST003917,Vitor Hugo Lopes,vitor.hugo.lopes@mail.com,49.0,outro,Londrina,PR,2023-06-04,6528.0,5,1874.0,3.8,True,2023,6,2,Sunday,Medium Value
CUST001219,Theo Jesus,theo.jesus@provedor.com.br,38.0,masculino,Duque de Caxias,RJ,2023-06-05,4687.0,7,1765.0,3.8,True,2023,6,2,Monday,Medium Value
CUST004285,Luigi Lopes,luigi.lopes@provedor.com.br,22.0,masculino,São Paulo,SP,2023-06-05,4558.0,10,4066.0,5.0,True,2023,6,2,Monday,High Value
CUST002999,Maria Eduarda Oliveira,maria.eduarda.oliveira@correio.net,56.0,feminino,unknown,RJ,2023-06-06,5941.0,4,986.0,4.0,True,2023,6,2,Tuesday,Low Value
CUST000796,Dr. Isaac Araújo,dr..isaac.araujo@email.com,44.0,masculino,Feira de Santana,BA,2023-06-06,4553.0,3,706.0,4.1,True,2023,6,2,Tuesday,Low Value
CUST000604,Maria Julia Freitas,maria.julia.freitas@correio.net,38.0,feminino,unknown,PE,2023-06-06,3481.0,6,1205.0,3.6,True,2023,6,2,Tuesday,Low Value
CUST004733,Maitê Rocha,maite.rocha@webmail.com,37.0,feminino,Vitória da Conquista,BA,2023-06-06,2443.0,6,1936.0,3.2,True,2023,6,2,Tuesday,Medium Value
CUST003253,Rebeca Alves,rebeca.alves@provedor.com.br,58.0,feminino,Ananindeua,PA,2023-06-06,1866.0,3,662.0,4.0,True,2023,6,2,Tuesday,Low Value
CUST004532,Isis Jesus,isis.jesus@email.com,36.0,feminino,Santos,SP,2023-06-07,3364.0,6,725.0,3.0,True,2023,6,2,Wednesday,Low Value
CUST002384,Bárbara Da Mota,barbara.da.mota@email.com,32.0,feminino,Caruaru,PE,2023-06-07,2795.0,6,1615.0,5.0,True,2023,6,2,Wednesday,Medium Value
CUST003899,Diogo Monteiro,diogo.monteiro@mail.com,45.0,masculino,Pelotas,RS,2023-06-07,1695.0,10,3441.0,4.8,True,2023,6,2,Wednesday,High Value
CUST002014,Hadassa Costela,hadassa.costela@provedor.com.br,37.0,feminino,Sobral,CE,2023-06-07,4246.0,10,3152.0,3.4,True,2023,6,2,Wednesday,High Value
CUST002134,Dra. Sara Monteiro,dra..sara.monteiro@mail.com,26.0,outro,Maringá,PR,2023-06-07,2405.0,9,2053.0,4.5,True,2023,6,2,Wednesday,High Value
CUST000418,Rafael Freitas,rafael.freitas@correio.net,38.0,masculino,Sorocaba,SP,2023-06-07,2982.0,8,2979.0,4.3,True,2023,6,2,Wednesday,High Value
CUST002488,Benício Almeida,benicio.almeida@email.com,34.0,masculino,Niterói,RJ,2023-06-08,3733.0,7,2230.0,5.0,True,2023,6,2,Thursday,High Value
CUST001959,Heitor Garcia,heitor.garcia@mail.com,38.0,masculino,Várzea Grande,MT,2023-06-08,4328.0,11,2772.0,3.3,True,2023,6,2,Thursday,High Value
CUST004869,Sr. Vinicius Da Conceição,sr..vinicius.da.conceicao@webmail.com,36.0,masculino,Florianópolis,SC,2023-06-08,4995.0,5,1313.0,4.7,True,2023,6,2,Thursday,Medium Value
CUST000554,Hadassa Fernandes,hadassa.fernandes@webmail.com,33.0,feminino,Campinas,SP,2023-06-08,3313.5,6,1779.0,3.4,True,2023,6,2,Thursday,Medium Value
CUST000383,José Marques,jose.marques@mail.com,36.0,masculino,Juiz de Fora,MG,2023-06-08,3853.0,6,2056.0,3.7,True,2023,6,2,Thursday,High Value
CUST003663,Agatha Aragão,agatha.aragao@correio.net,18.0,feminino,Salvador,BA,2023-06-09,1403.0,3,874.0,4.8,True,2023,6,2,Friday,Low Value
CUST001505,Dr. Cauê Da Cunha,dr..caue.da.cunha@provedor.com.br,28.0,masculino,Pelotas,RS,2023-06-09,3151.0,6,1218.0,4.3,True,2023,6,2,Friday,Low Value
CUST001634,Erick Ramos,erick.ramos@webmail.com,18.0,masculino,Recife,PE,2023-06-09,5603.0,3,1100.0,4.4,True,2023,6,2,Friday,Low Value
CUST004123,Ana Da Cruz,ana.da.cruz@provedor.com.br,43.0,feminino,Niterói,RJ,2023-06-09,2339.0,11,2095.0,3.8,True,2023,6,2,Friday,High Value
CUST003130,Laís Garcia,lais.garcia@mail.com,51.0,feminino,Ribeirão Preto,SP,2023-06-09,1984.0,7,1570.0,3.6,True,2023,6,2,Friday,Medium Value
CUST002779,Maria Helena Cardoso,maria.helena.cardoso@email.com,38.0,feminino,Anápolis,GO,2023-06-10,1752.0,4,689.0,3.7,True,2023,6,2,Saturday,Low Value
CUST000064,Heitor Nogueira,heitor.nogueira@email.com,37.0,masculino,Sobral,CE,2023-06-10,4452.0,7,1977.0,3.6,True,2023,6,2,Saturday,Medium Value
CUST000258,Renan Ramos,renan.ramos@provedor.com.br,40.0,masculino,Sorocaba,SP,2023-06-11,3461.0,5,1305.0,3.4,True,2023,6,2,Sunday,Medium Value
CUST000723,Maria Liz Montenegro,maria.liz.montenegro@webmail.com,36.0,feminino,Florianópolis,SC,2023-06-11,3725.0,6,1650.0,4.6,True,2023,6,2,Sunday,Medium Value
CUST002432,Hellena Da Rocha,hellena.da.rocha@provedor.com.br,49.0,feminino,Recife,PE,2023-06-11,4151.0,9,1096.0,3.8,True,2023,6,2,Sunday,Low Value
CUST001595,Dra. Ana Luiza Sá,dra..ana.luiza.sa@mail.com,25.0,feminino,Rio Verde,GO,2023-06-11,7210.0,6,1845.0,5.0,True,2023,6,2,Sunday,Medium Value
CUST003797,Vitória Sampaio,vitoria.sampaio@provedor.com.br,31.0,feminino,Caxias do Sul,RS,2023-06-12,3448.0,6,1281.0,2.3,True,2023,6,2,Monday,Low Value
CUST001454,Ravi Aragão,ravi.aragao@provedor.com.br,45.0,masculino,Recife,PE,2023-06-12,1825.0,5,794.0,5.0,True,2023,6,2,Monday,Low Value
CUST004337,Luna Da Luz,luna.da.luz@provedor.com.br,40.0,feminino,Parintins,AM,2023-06-12,2944.0,8,1534.0,4.4,True,2023,6,2,Monday,Medium Value
CUST001034,Cecilia Cirino,cecilia.cirino@webmail.com,38.0,feminino,Santos,SP,2023-06-13,3313.5,3,519.0,4.6,True,2023,6,2,Tuesday,Low Value
CUST000353,Ana Clara Dias,ana.clara.dias@webmail.com,33.0,feminino,Belo Horizonte,MG,2023-06-13,4001.0,6,1484.0,4.9,True,2023,6,2,Tuesday,Medium Value
CUST002741,Dra. Maria Cecília Rodrigues,dra..maria.cecilia.rodrigues@provedor.com.br,33.0,feminino,São Paulo,SP,2023-06-13,2553.0,4,876.0,3.0,True,2023,6,2,Tuesday,Low Value
CUST002860,Maria Sophia Brito,maria.sophia.brito@email.com,44.0,feminino,Feira de Santana,BA,2023-06-13,3063.0,5,1277.0,4.4,True,2023,6,2,Tuesday,Low Value
CUST002108,Sara Nogueira,sara.nogueira@email.com,50.0,feminino,Recife,PE,2023-06-14,6462.0,9,3067.0,3.9,True,2023,6,2,Wednesday,High Value
CUST005028,Hadassa Monteiro,hadassa.monteiro@mail.com,44.0,feminino,Maringá,PR,2023-06-14,1508.0,10,1937.0,5.0,True,2023,6,2,Wednesday,Medium Value
CUST002870,Francisco Barros,francisco.barros@provedor.com.br,33.0,masculino,Curitiba,PR,2023-06-15,2752.0,5,234928.0,3.6,True,2023,6,2,Thursday,High Value
CUST000485,Bryan Aragão,bryan.aragao@webmail.com,47.0,masculino,Feira de Santana,BA,2023-06-15,5003.0,8,3060.0,3.4,True,2023,6,2,Thursday,High Value
CUST004549,Juan Campos,juan.campos@mail.com,32.0,masculino,Uberlândia,MG,2023-06-16,1974.0,8,1573.0,4.0,True,2023,6,2,Friday,Medium Value
CUST001336,Luana Da Mota,luana.da.mota@webmail.com,38.0,feminino,Goiânia,GO,2023-06-16,3185.0,10,2741.0,3.5,True,2023,6,2,Friday,High Value
CUST003054,Antony Da Mata,antony.da.mata@provedor.com.br,23.0,masculino,Duque de Caxias,RJ,2023-06-16,1912.0,10,2521.0,3.2,True,2023,6,2,Friday,High Value
CUST000790,Sr. Francisco Carvalho,sr..francisco.carvalho@email.com,47.0,masculino,Vitória,ES,2023-06-16,5162.0,5,1489.0,3.2,True,2023,6,2,Friday,Medium Value
CUST000773,Igor Nascimento,igor.nascimento@webmail.com,18.0,masculino,São Paulo,SP,2023-06-16,1160.0,7,1474.0,4.5,True,2023,6,2,Friday,Medium Value
CUST003325,João Lucas Rezende,joao.lucas.rezende@provedor.com.br,51.0,masculino,Porto Alegre,RS,2023-06-17,3675.0,6,2427.0,4.1,True,2023,6,2,Saturday,High Value
CUST001620,Davi Lucas Rios,davi.lucas.rios@email.com,40.0,masculino,Rio de Janeiro,RJ,2023-06-17,3289.0,5,1099.0,3.3,True,2023,6,2,Saturday,Low Value
CUST005009,Antony Da Mata,antony.da.mata@email.com,23.0,masculino,Duque de Caxias,RJ,2023-06-17,1987.0,10,2590.0,3.3,True,2023,6,2,Saturday,High Value
CUST000923,Allana Costela,allana.costela@mail.com,45.0,feminino,São Paulo,SP,2023-06-17,2605.0,5,999.0,4.4,True,2023,6,2,Saturday,Low Value
CUST001592,Pedro Dias,pedro.dias@correio.net,43.0,masculino,Duque de Caxias,RJ,2023-06-18,2721.0,15,1953.0,4.5,True,2023,6,2,Sunday,Medium Value
CUST003580,Mariah Santos,mariah.santos@email.com,37.0,feminino,Santos,SP,2023-06-18,2000.0,2,380.0,4.6,True,2023,6,2,Sunday,Low Value
CUST001571,Dr. Pietro Da Costa,dr..pietro.da.costa@mail.com,38.0,masculino,Brasília,DF,2023-06-19,3430.0,6,1508.0,4.0,True,2023,6,2,Monday,Medium Value
CUST000406,Anthony Gabriel Da Luz,anthony.gabriel.da.luz@webmail.com,50.0,masculino,Sobral,CE,2023-06-19,9678.0,10,3436.0,4.0,True,2023,6,2,Monday,High Value
CUST000701,Isadora Castro,isadora.castro@correio.net,38.0,feminino,Feira de Santana,BA,2023-06-19,4815.0,10,2544.0,5.0,True,2023,6,2,Monday,High Value
CUST004421,Emanuelly Casa Grande,emanuelly.casa.grande@webmail.com,43.0,feminino,Juiz de Fora,MG,2023-06-19,3313.0,10,2665.0,3.1,True,2023,6,2,Monday,High Value
CUST003609,Sophie Andrade,sophie.andrade@email.com,60.0,outro,Caxias do Sul,RS,2023-06-19,3448.0,5,1353.0,4.6,True,2023,6,2,Monday,Medium Value
CUST003048,Isaac Monteiro,isaac.monteiro@correio.net,42.0,masculino,Brasília,DF,2023-06-20,3872.0,9,1551.0,4.3,True,2023,6,2,Tuesday,Medium Value
CUST001476,Sr. Lucca Moreira,sr..lucca.moreira@provedor.com.br,28.0,masculino,Blumenau,SC,2023-06-20,3380.0,8,1959.0,3.9,True,2023,6,2,Tuesday,Medium Value
CUST002330,Brayan Da Mota,brayan.da.mota@webmail.com,29.0,masculino,Petrópolis,RJ,2023-06-20,2103.0,4,786.0,4.8,True,2023,6,2,Tuesday,Low Value
CUST002831,Milena Duarte,milena.duarte@provedor.com.br,52.0,feminino,Contagem,MG,2023-06-20,4508.0,9,2872.0,3.5,True,2023,6,2,Tuesday,High Value
CUST001718,Maria Laura Sá,maria.laura.sa@email.com,52.0,feminino,Joinville,SC,2023-06-20,2035.0,10,2002.0,5.0,True,2023,6,2,Tuesday,Medium Value
CUST000044,Ravi Lucca Moura,ravi.lucca.moura@provedor.com.br,26.0,masculino,Porto Alegre,RS,2023-06-21,2471.0,7,568.0,3.4,True,2023,6,2,Wednesday,Low Value
CUST002239,Thomas Guerra,thomas.guerra@correio.net,19.0,masculino,Brasília,DF,2023-06-21,2832.0,10,1512.0,2.4,True,2023,6,2,Wednesday,Medium Value
CUST000627,Emilly Nogueira,emilly.nogueira@correio.net,21.0,feminino,Olinda,PE,2023-06-22,4668.0,7,1625.0,3.6,True,2023,6,2,Thursday,Medium Value
CUST004959,Bento Moraes,bento.moraes@provedor.com.br,38.0,masculino,unknown,MG,2023-06-22,2772.0,6,993.0,3.1,True,2023,6,2,Thursday,Low Value
CUST004349,Srta. Ester Rodrigues,srta..ester.rodrigues@provedor.com.br,42.0,feminino,Brasília,DF,2023-06-22,5350.0,15,2306.0,4.7,True,2023,6,2,Thursday,High Value
CUST005034,Ana Luiza Rezende,ana.luiza.rezende@provedor.com.br,24.0,feminino,São Paulo,SP,2023-06-24,6484.0,8,2319.0,3.2,True,2023,6,2,Saturday,High Value
CUST000882,Allana Da Luz,allana.da.luz@provedor.com.br,35.0,feminino,Cuiabá,MT,2023-06-24,3785.0,4,886.0,4.7,True,2023,6,2,Saturday,Low Value
CUST003645,Ester Da Cruz,ester.da.cruz@provedor.com.br,31.0,outro,Caxias do Sul,RS,2023-06-26,3448.0,9,2321.0,2.1,True,2023,6,2,Monday,High Value
CUST004582,Olívia Abreu,olivia.abreu@correio.net,51.0,feminino,São Paulo,SP,2023-06-26,4158.0,8,2114.0,3.2,True,2023,6,2,Monday,High Value
CUST003177,Mateus Rezende,mateus.rezende@mail.com,55.0,masculino,Salvador,BA,2023-06-26,4696.0,8,2001.0,4.0,True,2023,6,2,Monday,Medium Value
CUST000807,Vitória Santos,vitoria.santos@email.com,38.0,feminino,unknown,MG,2023-06-26,2014.0,5,845.0,3.8,True,2023,6,2,Monday,Low Value
CUST002450,Ayla Almeida,ayla.almeida@mail.com,33.0,feminino,Manaus,AM,2023-06-26,1540.0,4,992.0,4.8,True,2023,6,2,Monday,Low Value
CUST000928,Cecilia Vieira,cecilia.vieira@mail.com,69.0,feminino,Salvador,BA,2023-06-27,4663.0,4,1266.0,3.9,True,2023,6,2,Tuesday,Low Value
CUST004719,Kevin Lima,kevin.lima@email.com,33.0,outro,Contagem,MG,2023-06-28,3090.0,6,1459.0,4.3,True,2023,6,2,Wednesday,Medium Value
CUST001632,Maria Alice Vasconcelos,maria.alice.vasconcelos@email.com,35.0,feminino,Santos,SP,2023-06-28,3498.0,10,2496.0,4.9,True,2023,6,2,Wednesday,High Value
CUST001418,Rafael Siqueira,rafael.siqueira@email.com,60.0,outro,Vitória da Conquista,BA,2023-06-29,4000.0,10,2439.0,2.0,True,2023,6,2,Thursday,High Value
CUST003107,Maria Cecília Moreira,maria.cecilia.moreira@webmail.com,51.0,feminino,Sorocaba,SP,2023-06-29,3466.0,7,1353.0,3.3,True,2023,6,2,Thursday,Medium Value
CUST004435,Maria Eduarda Costela,maria.eduarda.costela@webmail.com,21.0,feminino,Feira de Santana,BA,2023-06-29,2159.0,2,398.0,4.4,True,2023,6,2,Thursday,Low Value
CUST001080,Ryan Viana,ryan.viana@email.com,47.0,masculino,Caxias do Sul,RS,2023-06-29,4390.0,6,1720.0,4.8,True,2023,6,2,Thursday,Medium Value
CUST002456,Srta. Ana Sophia Gomes,srta..ana.sophia.gomes@provedor.com.br,45.0,feminino,Duque de Caxias,RJ,2023-06-29,5697.0,5,1627.0,4.3,True,2023,6,2,Thursday,Medium Value
CUST003307,Sr. Mathias Sales,sr..mathias.sales@provedor.com.br,26.0,masculino,Contagem,MG,2023-06-29,3173.0,5,1230.0,3.6,True,2023,6,2,Thursday,Low Value
CUST003182,Benício Campos,benicio.campos@webmail.com,41.0,masculino,Cuiabá,MT,2023-06-29,4423.0,8,2199.0,3.5,True,2023,6,2,Thursday,High Value
CUST004244,Maria Luísa Nunes,maria.luisa.nunes@mail.com,30.0,feminino,Belo Horizonte,MG,2023-06-29,3539.0,6,1418.0,3.7,True,2023,6,2,Thursday,Medium Value
CUST004364,Maria Fernanda Melo,maria.fernanda.melo@mail.com,30.0,outro,Goiânia,GO,2023-06-30,1455.0,6,413.0,3.7,True,2023,6,2,Friday,Low Value
CUST001939,Sra. Anna Liz Martins,sra..anna.liz.martins@webmail.com,24.0,feminino,Rio de Janeiro,RJ,2023-06-30,2191.0,7,1325.0,4.5,True,2023,6,2,Friday,Medium Value
CUST001853,Alexandre Moreira,alexandre.moreira@provedor.com.br,38.0,outro,Contagem,MG,2023-06-30,3021.0,5,958.0,3.5,True,2023,6,2,Friday,Low Value
CUST004301,Vinicius Da Mata,vinicius.da.mata@webmail.com,22.0,masculino,Duque de Caxias,RJ,2023-06-30,2865.0,10,1565.0,4.0,True,2023,6,2,Friday,Medium Value
CUST000413,Kevin Rezende,kevin.rezende@mail.com,48.0,masculino,Londrina,PR,2023-07-01,5356.0,6,1309.0,4.2,True,2023,7,3,Saturday,Medium Value
CUST002604,Zoe Abreu,zoe.abreu@provedor.com.br,33.0,feminino,Campinas,SP,2023-07-01,2146.0,6,946.0,3.2,True,2023,7,3,Saturday,Low Value
CUST003578,Juliana Aragão,juliana.aragao@webmail.com,28.0,outro,Recife,PE,2023-07-02,1658.0,5,928.0,4.3,True,2023,7,3,Sunday,Low Value
CUST003649,Sr. Gabriel Pastor,sr..gabriel.pastor@webmail.com,18.0,masculino,Salvador,BA,2023-07-02,5729.0,13,3032.0,3.7,True,2023,7,3,Sunday,High Value
CUST000401,José Miguel Mendes,jose.miguel.mendes@email.com,48.0,masculino,Pelotas,RS,2023-07-02,3742.0,8,3132.0,3.0,True,2023,7,3,Sunday,High Value
CUST004198,Isabella Cavalcante,isabella.cavalcante@correio.net,36.0,feminino,Santos,SP,2023-07-02,1891.0,13,2937.0,3.9,True,2023,7,3,Sunday,High Value
CUST001561,Maria Alice Barbosa,maria.alice.barbosa@email.com,27.0,feminino,Duque de Caxias,RJ,2023-07-02,4653.0,6,1811.0,4.0,True,2023,7,3,Sunday,Medium Value
CUST003497,Ana Júlia Santos,ana.julia.santos@webmail.com,27.0,outro,unknown,MG,2023-07-03,4105.0,7,2061.0,2.9,True,2023,7,3,Monday,High Value
CUST003005,Mariah Aragão,mariah.aragao@mail.com,44.0,feminino,unknown,GO,2023-07-03,2479.0,6,1330.0,4.4,True,2023,7,3,Monday,Medium Value
CUST000276,Yuri Da Rocha,yuri.da.rocha@webmail.com,65.0,masculino,São Paulo,SP,2023-07-03,4984.0,5,907.0,4.1,True,2023,7,3,Monday,Low Value
CUST002562,Júlia Fonseca,julia.fonseca@provedor.com.br,28.0,feminino,Duque de Caxias,RJ,2023-07-04,2199.0,10,2306.0,3.4,True,2023,7,3,Tuesday,High Value
CUST001126,Dr. Otávio Sampaio,dr..otavio.sampaio@webmail.com,40.0,masculino,Uberlândia,MG,2023-07-04,6795.0,6,1886.0,3.8,True,2023,7,3,Tuesday,Medium Value
CUST002398,Liz Ferreira,liz.ferreira@webmail.com,27.0,feminino,Parintins,AM,2023-07-05,1822.0,5,1182.0,5.0,True,2023,7,3,Wednesday,Low Value
CUST000932,Miguel Vasconcelos,miguel.vasconcelos@webmail.com,25.0,masculino,Duque de Caxias,RJ,2023-07-05,2571.0,12,1945.0,3.5,True,2023,7,3,Wednesday,Medium Value
CUST002907,Maria Julia Leão,maria.julia.leao@webmail.com,52.0,feminino,Manaus,AM,2023-07-05,5031.0,9,1553.0,5.0,True,2023,7,3,Wednesday,Medium Value
CUST001090,Sra. Isabel Lima,sra..isabel.lima@correio.net,50.0,feminino,Duque de Caxias,RJ,2023-07-05,376636.0,10,3937.0,3.5,True,2023,7,3,Wednesday,High Value
CUST001664,Srta. Stella Da Cunha,srta..stella.da.cunha@mail.com,46.0,feminino,Sorocaba,SP,2023-07-05,2491.0,3,831.0,3.9,True,2023,7,3,Wednesday,Low Value
CUST003406,Agatha Brito,agatha.brito@email.com,35.0,feminino,Goiânia,GO,2023-07-06,2787.0,7,2087.0,3.5,True,2023,7,3,Thursday,High Value
CUST001357,Sr. João Miguel Alves,sr..joao.miguel.alves@email.com,34.0,masculino,Joinville,SC,2023-07-06,3185.0,6,1077.0,4.5,True,2023,7,3,Thursday,Low Value
CUST001612,Ester Câmara,ester.camara@webmail.com,39.0,feminino,São Paulo,SP,2023-07-06,5053.0,7,2133.0,5.0,True,2023,7,3,Thursday,High Value
CUST003000,Asafe Moreira,asafe.moreira@provedor.com.br,48.0,masculino,Caruaru,PE,2023-07-06,1943.0,9,1896.0,4.0,True,2023,7,3,Thursday,Medium Value
CUST001084,Agatha Lima,agatha.lima@correio.net,28.0,feminino,Duque de Caxias,RJ,2023-07-06,1226.0,8,1367.0,3.0,True,2023,7,3,Thursday,Medium Value
CUST001407,Mariane Guerra,mariane.guerra@mail.com,41.0,feminino,Sobral,CE,2023-07-07,4492.0,10,2994.0,3.7,True,2023,7,3,Friday,High Value
CUST004275,Sra. Marina Mendes,sra..marina.mendes@correio.net,54.0,feminino,Sobral,CE,2023-07-07,3548.0,4,1170.0,4.3,True,2023,7,3,Friday,Low Value
CUST000880,Levi Jesus,levi.jesus@webmail.com,36.0,masculino,Petrópolis,RJ,2023-07-07,3953.0,2,367.0,4.3,True,2023,7,3,Friday,Low Value
CUST000698,Milena Da Cruz,milena.da.cruz@correio.net,18.0,feminino,Juiz de Fora,MG,2023-07-08,7984.0,11,3957.0,4.4,True,2023,7,3,Saturday,High Value
CUST001162,Valentim Aparecida,valentim.aparecida@email.com,33.0,masculino,Pelotas,RS,2023-07-08,4193.0,10,688.0,5.0,True,2023,7,3,Saturday,Low Value
CUST002740,Matheus Das Neves,matheus.das.neves@mail.com,47.0,masculino,Juazeiro do Norte,CE,2023-07-08,4547.0,9,2194.0,2.4,True,2023,7,3,Saturday,High Value
CUST003809,Maria Liz Pinto,maria.liz.pinto@webmail.com,40.0,feminino,Belém,PA,2023-07-09,1198.0,6,1044.0,4.0,True,2023,7,3,Sunday,Low Value
CUST002113,Lara Pinto,lara.pinto@email.com,34.0,outro,Santos,SP,2023-07-09,3361.0,6,1613.0,4.0,True,2023,7,3,Sunday,Medium Value
CUST000714,Maria Liz Aragão,maria.liz.aragao@mail.com,28.0,feminino,Santos,SP,2023-07-10,3903.0,6,1891.0,3.8,True,2023,7,3,Monday,Medium Value
CUST004617,Yago Da Mota,yago.da.mota@correio.net,38.0,masculino,Goiânia,GO,2023-07-10,4300.0,11,3055.0,4.0,True,2023,7,3,Monday,High Value
CUST004146,Marcela Da Paz,marcela.da.paz@webmail.com,53.0,feminino,Sorocaba,SP,2023-07-10,3313.5,12,2043.0,4.1,True,2023,7,3,Monday,High Value
CUST005039,Cecilia Moraes,cecilia.moraes@webmail.com,37.0,feminino,Pelotas,RS,2023-07-10,2126.0,4,667.0,3.6,True,2023,7,3,Monday,Low Value
CUST004561,Ana Lívia Abreu,ana.livia.abreu@mail.com,21.0,feminino,Vitória da Conquista,BA,2023-07-11,1597.0,6,1773.0,4.8,True,2023,7,3,Tuesday,Medium Value
CUST005065,Ana Lívia Marques,ana.livia.marques@mail.com,29.0,feminino,Porto Alegre,RS,2023-07-11,4856.0,4,1097.0,4.5,True,2023,7,3,Tuesday,Low Value
CUST003367,Maysa Lima,maysa.lima@webmail.com,32.0,feminino,Niterói,RJ,2023-07-11,2747.0,8,1437.0,4.5,True,2023,7,3,Tuesday,Medium Value
CUST000571,Davi Miguel Da Cunha,davi.miguel.da.cunha@correio.net,21.0,masculino,Anápolis,GO,2023-07-11,4468.0,8,2786.0,3.2,True,2023,7,3,Tuesday,High Value
CUST003704,Júlia Vieira,julia.vieira@correio.net,53.0,feminino,Juiz de Fora,MG,2023-07-11,2336.0,7,1802.0,3.5,True,2023,7,3,Tuesday,Medium Value
CUST002411,Rafael Aparecida,rafael.aparecida@email.com,56.0,masculino,Salvador,BA,2023-07-11,2465.0,7,1701.0,3.5,True,2023,7,3,Tuesday,Medium Value
CUST002808,Sra. Clarice Novais,sra..clarice.novais@provedor.com.br,18.0,feminino,Curitiba,PR,2023-07-12,1830.0,8,1570.0,3.1,True,2023,7,3,Wednesday,Medium Value
CUST001533,Vicente Caldeira,vicente.caldeira@correio.net,45.0,masculino,unknown,SP,2023-07-13,2611.0,9,2219.0,4.8,True,2023,7,3,Thursday,High Value
CUST001245,Pietra Abreu,pietra.abreu@webmail.com,47.0,outro,Ribeirão Preto,SP,2023-07-14,5166.0,8,2153.0,3.8,True,2023,7,3,Friday,High Value
CUST002149,Sra. Olívia Andrade,sra..olivia.andrade@correio.net,51.0,feminino,Olinda,PE,2023-07-14,2820.0,9,2139.0,4.0,True,2023,7,3,Friday,High Value
CUST001420,Catarina Fernandes,catarina.fernandes@provedor.com.br,43.0,feminino,Blumenau,SC,2023-07-14,3860.0,8,2545.0,2.3,True,2023,7,3,Friday,High Value
CUST002795,Liz Gonçalves,liz.goncalves@webmail.com,46.0,feminino,Santos,SP,2023-07-14,3978.0,6,2105.0,3.4,True,2023,7,3,Friday,High Value
CUST001868,Brenda Porto,brenda.porto@webmail.com,32.0,feminino,Brasília,DF,2023-07-15,7720.0,5,1604.0,3.7,True,2023,7,3,Saturday,Medium Value
CUST004552,Maria Fernanda Nunes,maria.fernanda.nunes@mail.com,45.0,feminino,Contagem,MG,2023-07-15,3531.0,5,1189.0,4.5,True,2023,7,3,Saturday,Low Value
CUST003341,Gabriela Cassiano,gabriela.cassiano@provedor.com.br,19.0,feminino,Belo Horizonte,MG,2023-07-15,4632.0,10,3520.0,3.3,True,2023,7,3,Saturday,High Value
CUST002472,João Guilherme Aragão,joao.guilherme.aragao@webmail.com,18.0,masculino,unknown,MT,2023-07-15,1688.0,3,568.0,4.6,True,2023,7,3,Saturday,Low Value
CUST002803,Carolina Monteiro,carolina.monteiro@provedor.com.br,26.0,feminino,Serra,ES,2023-07-15,3353.0,5,1330.0,2.9,True,2023,7,3,Saturday,Medium Value
CUST000076,Davi Lucca Silveira,davi.lucca.silveira@webmail.com,46.0,masculino,Manaus,AM,2023-07-16,3351.0,8,2012.0,3.8,True,2023,7,3,Sunday,Medium Value
CUST002525,Dra. Aurora Moraes,dra..aurora.moraes@mail.com,27.0,feminino,Caxias do Sul,RS,2023-07-16,2178.0,7,1949.0,3.8,True,2023,7,3,Sunday,Medium Value
CUST001000,Marcela Das Neves,marcela.das.neves@provedor.com.br,18.0,feminino,Blumenau,SC,2023-07-16,2022.0,7,1373.0,4.7,True,2023,7,3,Sunday,Medium Value
CUST001626,Maria Clara Dias,maria.clara.dias@correio.net,24.0,feminino,Campinas,SP,2023-07-16,1094.0,7,1395.0,2.8,True,2023,7,3,Sunday,Medium Value
CUST001226,Manuella Nunes,manuella.nunes@mail.com,39.0,feminino,Pelotas,RS,2023-07-16,3086.0,4,1140.0,3.7,True,2023,7,3,Sunday,Low Value
CUST001692,Bernardo Da Conceição,bernardo.da.conceicao@provedor.com.br,28.0,masculino,Londrina,PR,2023-07-17,2800.0,5,1721.0,3.8,True,2023,7,3,Monday,Medium Value
CUST004477,Maria Luísa Araújo,maria.luisa.araujo@provedor.com.br,50.0,feminino,Parintins,AM,2023-07-17,2972.0,3,559.0,3.2,True,2023,7,3,Monday,Low Value
CUST002559,Benjamin Casa Grande,benjamin.casa.grande@email.com,36.0,outro,Várzea Grande,MT,2023-07-17,4740.0,3,393.0,3.5,True,2023,7,3,Monday,Low Value
CUST003731,Cecilia Siqueira,cecilia.siqueira@webmail.com,29.0,outro,Duque de Caxias,RJ,2023-07-18,2136.0,9,2199.0,3.9,True,2023,7,3,Tuesday,High Value
CUST003507,Maitê Pastor,maite.pastor@email.com,18.0,feminino,Feira de Santana,BA,2023-07-19,1184.0,9,2254.0,3.4,True,2023,7,3,Wednesday,High Value
CUST004417,Thales Fernandes,thales.fernandes@provedor.com.br,48.0,masculino,Goiânia,GO,2023-07-19,4698.0,6,1375.0,3.4,True,2023,7,3,Wednesday,Medium Value
CUST001388,Caio Câmara,caio.camara@mail.com,46.0,masculino,Santos,SP,2023-07-19,5910.0,6,1991.0,4.3,True,2023,7,3,Wednesday,Medium Value
CUST002459,Vitor Hugo Oliveira,vitor.hugo.oliveira@mail.com,55.0,masculino,Curitiba,PR,2023-07-19,2665.0,4,860.0,4.0,True,2023,7,3,Wednesday,Low Value
CUST001786,Natália Campos,natalia.campos@email.com,32.0,feminino,Pelotas,RS,2023-07-20,2731.0,4,1065.0,3.9,True,2023,7,3,Thursday,Low Value
CUST002935,Lucas Gabriel Carvalho,lucas.gabriel.carvalho@provedor.com.br,23.0,masculino,Sobral,CE,2023-07-20,1721.0,10,2032.0,4.0,True,2023,7,3,Thursday,High Value
CUST004400,Apollo Sales,apollo.sales@mail.com,42.0,masculino,Ribeirão Preto,SP,2023-07-20,4078.0,7,1985.0,3.5,True,2023,7,3,Thursday,Medium Value
CUST004486,Srta. Luísa Cardoso,srta..luisa.cardoso@mail.com,39.0,feminino,Salvador,BA,2023-07-21,1227.0,6,1259.0,3.0,True,2023,7,3,Friday,Low Value
CUST004709,Leonardo Gomes,leonardo.gomes@email.com,40.0,masculino,Londrina,PR,2023-07-21,5632.0,12,3216.0,4.2,True,2023,7,3,Friday,High Value
CUST001987,Pedro Da Rocha,pedro.da.rocha@correio.net,49.0,masculino,Juiz de Fora,MG,2023-07-22,2839.0,7,2428.0,5.0,True,2023,7,3,Saturday,High Value
CUST000215,Amanda Barros,amanda.barros@email.com,35.0,feminino,Londrina,PR,2023-07-22,4165.0,9,3012.0,4.9,True,2023,7,3,Saturday,High Value
CUST003948,Dra. Maria Júlia Teixeira,dra..maria.julia.teixeira@webmail.com,44.0,feminino,unknown,PA,2023-07-23,3282.0,10,3191.0,4.2,True,2023,7,3,Sunday,High Value
CUST004579,Alexandre Viana,alexandre.viana@mail.com,41.0,outro,Campinas,SP,2023-07-23,4798.0,11,3278.0,3.5,True,2023,7,3,Sunday,High Value
CUST003128,Pedro Azevedo,pedro.azevedo@mail.com,63.0,masculino,Caxias do Sul,RS,2023-07-23,2599.0,9,2237.0,3.3,True,2023,7,3,Sunday,High Value
CUST004491,Valentim Costela,valentim.costela@correio.net,46.0,masculino,Caxias do Sul,RS,2023-07-23,4748.0,10,2613.0,4.5,True,2023,7,3,Sunday,High Value
CUST000225,Srta. Ana Da Cruz,srta..ana.da.cruz@email.com,40.0,feminino,Belo Horizonte,MG,2023-07-24,2061.0,5,775.0,4.2,True,2023,7,3,Monday,Low Value
CUST002618,Sra. Melina Câmara,sra..melina.camara@email.com,18.0,outro,Brasília,DF,2023-07-24,2617.0,7,1830.0,5.0,True,2023,7,3,Monday,Medium Value
CUST003244,Alícia Nunes,alicia.nunes@webmail.com,18.0,feminino,Ribeirão Preto,SP,2023-07-24,947.0,7,887.0,5.0,True,2023,7,3,Monday,Low Value
CUST001377,Liam Rodrigues,liam.rodrigues@webmail.com,38.0,masculino,Londrina,PR,2023-07-24,937.0,7,1741.0,4.6,True,2023,7,3,Monday,Medium Value
CUST000852,Erick Pires,erick.pires@email.com,52.0,masculino,unknown,MG,2023-07-24,3919.0,7,1121.0,3.8,True,2023,7,3,Monday,Low Value
CUST000297,João Pedro Santos,joao.pedro.santos@correio.net,28.0,masculino,Sorocaba,SP,2023-07-24,3915.0,5,638.0,4.1,True,2023,7,3,Monday,Low Value
CUST002104,João Pedro Pires,joao.pedro.pires@webmail.com,18.0,masculino,Maringá,PR,2023-07-25,2973.0,8,1965.0,4.0,True,2023,7,3,Tuesday,Medium Value
CUST001276,Henry Gabriel Castro,henry.gabriel.castro@mail.com,46.0,masculino,Contagem,MG,2023-07-25,3313.0,9,2219.0,4.0,True,2023,7,3,Tuesday,High Value
CUST004980,Luiz Gustavo Silva,luiz.gustavo.silva@provedor.com.br,34.0,masculino,unknown,RS,2023-07-25,3901.0,4,1157.0,3.7,True,2023,7,3,Tuesday,Low Value
CUST004177,Ana Laura Da Mata,ana.laura.da.mata@provedor.com.br,35.0,feminino,Salvador,BA,2023-07-25,2469.0,6,977.0,2.3,True,2023,7,3,Tuesday,Low Value
CUST000592,Otto Porto,otto.porto@webmail.com,48.0,masculino,Brasília,DF,2023-07-26,2296.0,3,799.0,2.6,True,2023,7,3,Wednesday,Low Value
CUST003540,Yasmin Macedo,yasmin.macedo@webmail.com,18.0,feminino,Campinas,SP,2023-07-26,3076.0,9,2251.0,1.6,True,2023,7,3,Wednesday,High Value
CUST002533,Sra. Maria Vitória Macedo,sra..maria.vitoria.macedo@mail.com,32.0,outro,Anápolis,GO,2023-07-26,6512.0,9,2664.0,5.0,True,2023,7,3,Wednesday,High Value
CUST004742,Diogo Porto,diogo.porto@webmail.com,40.0,masculino,unknown,SC,2023-07-26,1783.0,12,2822.0,3.4,True,2023,7,3,Wednesday,High Value
CUST000109,Dr. Isaque Da Luz,dr..isaque.da.luz@email.com,25.0,masculino,Ribeirão Preto,SP,2023-07-26,2924.0,6,1369.0,5.0,True,2023,7,3,Wednesday,Medium Value
CUST000302,Sr. João Felipe Casa Grande,sr..joao.felipe.casa.grande@correio.net,35.0,masculino,Manaus,AM,2023-07-27,3563.0,8,1533.0,3.2,True,2023,7,3,Thursday,Medium Value
CUST000875,Mateus Martins,mateus.martins@correio.net,39.0,masculino,Brasília,DF,2023-07-27,4632.0,7,1933.0,5.0,True,2023,7,3,Thursday,Medium Value
CUST004276,Ian Almeida,ian.almeida@mail.com,38.0,masculino,Uberlândia,MG,2023-07-27,2046.0,9,1465.0,4.0,True,2023,7,3,Thursday,Medium Value
CUST003295,Antonella Novaes,antonella.novaes@webmail.com,55.0,feminino,Blumenau,SC,2023-07-28,3762.0,5,1223.0,4.4,True,2023,7,3,Friday,Low Value
CUST001711,Sr. Vicente Campos,sr..vicente.campos@webmail.com,47.0,masculino,unknown,SP,2023-07-28,3585.0,6,1901.0,3.7,True,2023,7,3,Friday,Medium Value
CUST003909,Antony Da Rosa,antony.da.rosa@email.com,56.0,masculino,Rio de Janeiro,RJ,2023-07-28,2784.0,4,726.0,5.0,True,2023,7,3,Friday,Low Value
CUST004890,Gael Henrique Brito,gael.henrique.brito@correio.net,43.0,masculino,Ribeirão Preto,SP,2023-07-28,4346.0,3,1101.0,4.6,True,2023,7,3,Friday,Low Value
CUST005070,Isis Jesus,isis.jesus@mail.com,37.0,feminino,Santos,SP,2023-07-29,3371.0,4,750.0,3.0,True,2023,7,3,Saturday,Low Value
CUST001058,Gustavo Araújo,gustavo.araujo@provedor.com.br,40.0,masculino,Rio de Janeiro,RJ,2023-07-29,3448.0,7,1539.0,2.7,True,2023,7,3,Saturday,Medium Value
CUST004741,Yasmin Brito,yasmin.brito@email.com,38.0,feminino,Brasília,DF,2023-07-30,4668.0,5,1554.0,4.8,True,2023,7,3,Sunday,Medium Value
CUST001630,Davi Luiz Rocha,davi.luiz.rocha@correio.net,35.0,masculino,Rio de Janeiro,RJ,2023-07-30,2468.0,14,3537.0,4.0,True,2023,7,3,Sunday,High Value
CUST002630,João Lucas Teixeira,joao.lucas.teixeira@mail.com,41.0,masculino,Rio de Janeiro,RJ,2023-07-30,12798.0,5,2316.0,5.0,True,2023,7,3,Sunday,High Value
CUST003611,Alana Pimenta,alana.pimenta@webmail.com,47.0,feminino,Olinda,PE,2023-07-31,10790.0,8,4303.0,4.1,True,2023,7,3,Monday,High Value
CUST000529,Ana Carolina Araújo,ana.carolina.araujo@webmail.com,47.0,feminino,Sobral,CE,2023-07-31,7133.0,9,2937.0,2.7,True,2023,7,3,Monday,High Value
CUST000597,João Vitor Lima,joao.vitor.lima@mail.com,30.0,masculino,Petrópolis,RJ,2023-07-31,310079.0,7,1510.0,4.5,True,2023,7,3,Monday,Medium Value
CUST002872,Pedro Henrique Nascimento,pedro.henrique.nascimento@provedor.com.br,22.0,masculino,Vitória da Conquista,BA,2023-07-31,3842.0,8,1872.0,3.4,True,2023,7,3,Monday,Medium Value
CUST001441,Bianca Monteiro,bianca.monteiro@mail.com,50.0,feminino,Cuiabá,MT,2023-07-31,2731.0,7,1262.0,3.4,True,2023,7,3,Monday,Low Value
CUST003812,Pietra Dias,pietra.dias@correio.net,24.0,feminino,Niterói,RJ,2023-08-01,5073.0,12,3331.0,2.9,True,2023,8,3,Tuesday,High Value
CUST001350,Kamilly Freitas,kamilly.freitas@email.com,44.0,feminino,Vitória da Conquista,BA,2023-08-01,4852.0,9,2962.0,3.6,True,2023,8,3,Tuesday,High Value
CUST000964,Maria Laura Farias,maria.laura.farias@webmail.com,33.0,feminino,Sorocaba,SP,2023-08-01,5377.0,4,1309.0,4.0,True,2023,8,3,Tuesday,Medium Value
CUST002237,Liz Lopes,liz.lopes@correio.net,38.0,feminino,Goiânia,GO,2023-08-02,2587.0,8,215040.0,4.0,True,2023,8,3,Wednesday,High Value
CUST000841,Ana Beatriz Machado,ana.beatriz.machado@correio.net,34.0,feminino,Juiz de Fora,MG,2023-08-02,3931.0,4,785.0,3.3,True,2023,8,3,Wednesday,Low Value
CUST003425,Stephany Vieira,stephany.vieira@mail.com,23.0,feminino,Ribeirão Preto,SP,2023-08-02,5575.0,9,2686.0,3.0,True,2023,8,3,Wednesday,High Value
CUST002362,Sr. Samuel Gomes,sr..samuel.gomes@mail.com,24.0,masculino,Duque de Caxias,RJ,2023-08-02,1395.0,8,1032.0,3.4,True,2023,8,3,Wednesday,Low Value
CUST002267,Bruno Casa Grande,bruno.casa.grande@webmail.com,38.0,masculino,Brasília,DF,2023-08-02,1751.0,10,3110.0,4.2,True,2023,8,3,Wednesday,High Value
CUST002764,Dra. Lunna Da Paz,dra..lunna.da.paz@mail.com,25.0,feminino,Ribeirão Preto,SP,2023-08-03,2818.0,7,2748.0,4.6,True,2023,8,3,Thursday,High Value
CUST002945,Nicolas Marques,nicolas.marques@webmail.com,39.0,masculino,Uberlândia,MG,2023-08-03,8578.0,12,4559.0,3.4,True,2023,8,3,Thursday,High Value
CUST001793,Ravy Pimenta,ravy.pimenta@provedor.com.br,34.0,masculino,Campinas,SP,2023-08-03,5487.0,10,2133.0,5.0,True,2023,8,3,Thursday,High Value
CUST003111,Evelyn Farias,evelyn.farias@mail.com,35.0,feminino,Curitiba,PR,2023-08-03,2420.0,3,622.0,4.2,True,2023,8,3,Thursday,Low Value
CUST003716,Yuri Costela,yuri.costela@email.com,44.0,outro,Porto Alegre,RS,2023-08-03,1171.0,6,1891.0,4.7,True,2023,8,3,Thursday,Medium Value
CUST000636,Sra. Maria Clara Moraes,sra..maria.clara.moraes@provedor.com.br,39.0,feminino,Recife,PE,2023-08-03,2801.0,6,1522.0,4.2,True,2023,8,3,Thursday,Medium Value
CUST002864,Dra. Nicole Cavalcanti,dra..nicole.cavalcanti@mail.com,53.0,feminino,Juazeiro do Norte,CE,2023-08-04,1592.0,6,829.0,4.4,True,2023,8,3,Friday,Low Value
CUST002132,Luiz Gustavo Cardoso,luiz.gustavo.cardoso@mail.com,18.0,masculino,Brasília,DF,2023-08-04,1877.0,2,452.0,3.3,True,2023,8,3,Friday,Low Value
CUST004228,Lorenzo Teixeira,lorenzo.teixeira@webmail.com,34.0,masculino,Fortaleza,CE,2023-08-04,3786.0,7,1829.0,4.1,True,2023,8,3,Friday,Medium Value
CUST001986,Thiago Borges,thiago.borges@provedor.com.br,41.0,masculino,Campinas,SP,2023-08-04,3389.0,4,815.0,4.7,True,2023,8,3,Friday,Low Value
CUST003330,Luan Pires,luan.pires@email.com,26.0,masculino,Florianópolis,SC,2023-08-04,3215.0,3,455.0,4.0,True,2023,8,3,Friday,Low Value
CUST001689,Emilly Pinto,emilly.pinto@webmail.com,39.0,feminino,São Paulo,SP,2023-08-05,1400.0,7,1748.0,4.1,True,2023,8,3,Saturday,Medium Value
CUST002185,Bárbara Da Mata,barbara.da.mata@provedor.com.br,60.0,feminino,Contagem,MG,2023-08-05,9038.0,8,3184.0,3.0,True,2023,8,3,Saturday,High Value
CUST004697,João Miguel Rocha,joao.miguel.rocha@correio.net,24.0,masculino,Petrópolis,RJ,2023-08-05,1618.0,6,838.0,4.0,True,2023,8,3,Saturday,Low Value
CUST004311,João Lucas Pastor,joao.lucas.pastor@provedor.com.br,18.0,masculino,Santos,SP,2023-08-05,2857.0,5,1349.0,4.1,True,2023,8,3,Saturday,Medium Value
CUST000150,Lara Azevedo,lara.azevedo@webmail.com,21.0,feminino,unknown,PE,2023-08-05,2098.0,5,1274.0,4.0,True,2023,8,3,Saturday,Low Value
CUST004495,Lucas Jesus,lucas.jesus@webmail.com,42.0,masculino,Rio Verde,GO,2023-08-05,3400.0,8,1533.0,4.5,True,2023,8,3,Saturday,Medium Value
CUST000415,Ana Carolina Da Rosa,ana.carolina.da.rosa@correio.net,33.0,feminino,Uberlândia,MG,2023-08-05,3502.0,5,696.0,3.7,True,2023,8,3,Saturday,Low Value
CUST000729,Letícia Pastor,leticia.pastor@webmail.com,30.0,feminino,Recife,PE,2023-08-06,2947.0,9,2491.0,3.1,True,2023,8,3,Sunday,High Value
CUST002700,Sr. Vicente Costa,sr..vicente.costa@webmail.com,31.0,masculino,Cuiabá,MT,2023-08-06,3851.0,8,1841.0,3.4,True,2023,8,3,Sunday,Medium Value
CUST001171,Dom Abreu,dom.abreu@webmail.com,61.0,masculino,Feira de Santana,BA,2023-08-07,4590.0,10,2644.0,4.0,True,2023,8,3,Monday,High Value
CUST004204,Srta. Nicole Leão,srta..nicole.leao@correio.net,46.0,feminino,Porto Alegre,RS,2023-08-07,3822.0,3,896.0,3.3,True,2023,8,3,Monday,Low Value
CUST003988,Gael Da Cunha,gael.da.cunha@email.com,44.0,masculino,Juazeiro do Norte,CE,2023-08-07,4200.0,9,3822.0,5.0,True,2023,8,3,Monday,High Value
CUST001552,Ana Vitória Cirino,ana.vitoria.cirino@webmail.com,29.0,feminino,Fortaleza,CE,2023-08-08,6726.0,14,2934.0,5.0,True,2023,8,3,Tuesday,High Value
CUST002126,Sra. Luísa Moura,sra..luisa.moura@provedor.com.br,52.0,feminino,Contagem,MG,2023-08-08,3308.0,828,1887.0,2.8,True,2023,8,3,Tuesday,Medium Value
CUST001712,Alana Garcia,alana.garcia@provedor.com.br,18.0,feminino,Anápolis,GO,2023-08-09,2882.0,6,1370.0,4.3,True,2023,8,3,Wednesday,Medium Value
CUST001389,Henry Gabriel Souza,henry.gabriel.souza@mail.com,40.0,masculino,Belo Horizonte,MG,2023-08-09,4169.0,4,863.0,4.3,True,2023,8,3,Wednesday,Low Value
CUST004611,Ísis Caldeira,isis.caldeira@webmail.com,22.0,outro,São Paulo,SP,2023-08-09,3585.0,4,861.0,4.5,True,2023,8,3,Wednesday,Low Value
CUST001421,Luiz Henrique Sá,luiz.henrique.sa@email.com,41.0,masculino,São Paulo,SP,2023-08-10,3313.5,4,765.0,3.8,True,2023,8,3,Thursday,Low Value
CUST000765,Sr. Benjamim Brito,sr..benjamim.brito@mail.com,50.0,masculino,Vitória da Conquista,BA,2023-08-10,7324.0,11,523.0,3.7,True,2023,8,3,Thursday,Low Value
CUST000527,Luiz Gustavo Montenegro,luiz.gustavo.montenegro@email.com,58.0,masculino,Niterói,RJ,2023-08-10,3952.0,6,1739.0,5.0,True,2023,8,3,Thursday,Medium Value
CUST003031,Luna Guerra,luna.guerra@webmail.com,49.0,feminino,Juiz de Fora,MG,2023-08-10,1778.0,9,1247.0,2.2,True,2023,8,3,Thursday,Low Value
CUST001149,Sara Nunes,sara.nunes@webmail.com,27.0,feminino,Sobral,CE,2023-08-10,3602.0,6,966.0,2.4,True,2023,8,3,Thursday,Low Value
CUST001628,Josué Viana,josue.viana@provedor.com.br,32.0,masculino,Sorocaba,SP,2023-08-11,2346.0,9,1897.0,4.0,True,2023,8,3,Friday,Medium Value
CUST003779,Isaac Fonseca,isaac.fonseca@email.com,58.0,masculino,Olinda,PE,2023-08-11,4124.0,9,2948.0,4.1,True,2023,8,3,Friday,High Value
CUST000894,Noah Carvalho,noah.carvalho@mail.com,48.0,masculino,Santos,SP,2023-08-11,5243.0,10,3234.0,3.7,True,2023,8,3,Friday,High Value
CUST001935,Sra. Rebeca Moura,sra..rebeca.moura@webmail.com,59.0,feminino,Brasília,DF,2023-08-11,2483.0,7,1706.0,4.2,True,2023,8,3,Friday,Medium Value
CUST000607,Dra. Bella Vargas,dra..bella.vargas@mail.com,37.0,feminino,Caruaru,PE,2023-08-12,6062.0,11,2815.0,3.9,True,2023,8,3,Saturday,High Value
CUST003355,Gael Aragão,gael.aragao@correio.net,27.0,masculino,Uberlândia,MG,2023-08-12,2574.0,6,1448.0,3.8,True,2023,8,3,Saturday,Medium Value
CUST004815,Isabella Cavalcanti,isabella.cavalcanti@email.com,34.0,feminino,Vitória da Conquista,BA,2023-08-12,3808.0,10,2722.0,3.4,True,2023,8,3,Saturday,High Value
CUST002543,Cecilia Costa,cecilia.costa@provedor.com.br,34.0,feminino,unknown,RJ,2023-08-12,2248.0,9,1467.0,4.0,True,2023,8,3,Saturday,Medium Value
CUST001019,Natália Camargo,natalia.camargo@correio.net,25.0,feminino,São Paulo,SP,2023-08-12,4785.0,9,238667.0,5.0,True,2023,8,3,Saturday,High Value
CUST001988,Clara Cardoso,clara.cardoso@webmail.com,26.0,feminino,Manaus,AM,2023-08-13,2854.0,8,1406.0,4.0,True,2023,8,3,Sunday,Medium Value
CUST004799,Thales Sá,thales.sa@correio.net,38.0,masculino,Ribeirão Preto,SP,2023-08-13,2718.0,12,2427.0,3.9,True,2023,8,3,Sunday,High Value
CUST001648,Eloah Sá,eloah.sa@correio.net,34.0,feminino,Petrópolis,RJ,2023-08-13,5245.0,8,2941.0,5.0,True,2023,8,3,Sunday,High Value
CUST002228,Cauê Rodrigues,caue.rodrigues@provedor.com.br,38.0,masculino,Parintins,AM,2023-08-13,2470.0,10,1631.0,3.7,True,2023,8,3,Sunday,Medium Value
CUST003481,Leonardo Montenegro,leonardo.montenegro@mail.com,36.0,masculino,São Paulo,SP,2023-08-13,5812.0,9,2513.0,4.0,True,2023,8,3,Sunday,High Value
CUST001608,Maria Júlia Nascimento,maria.julia.nascimento@email.com,18.0,outro,Pelotas,RS,2023-08-14,2838.0,6,1475.0,5.0,True,2023,8,3,Monday,Medium Value
CUST001104,Sr. Dom Jesus,sr..dom.jesus@webmail.com,47.0,masculino,Petrópolis,RJ,2023-08-14,3357.5,6,1575.0,4.0,True,2023,8,3,Monday,Medium Value
CUST000754,Kamilly Da Paz,kamilly.da.paz@mail.com,38.0,feminino,Campinas,SP,2023-08-14,3394.0,3,569.0,4.1,True,2023,8,3,Monday,Low Value
CUST003202,Gabriela Machado,gabriela.machado@mail.com,39.0,feminino,Vitória da Conquista,BA,2023-08-14,1827.0,7,244776.0,5.0,True,2023,8,3,Monday,High Value
CUST003708,Julia Silveira,julia.silveira@email.com,39.0,feminino,unknown,RS,2023-08-14,2362.0,12,1840.0,5.0,True,2023,8,3,Monday,Medium Value
CUST002300,Nicole Guerra,nicole.guerra@mail.com,33.0,feminino,Campinas,SP,2023-08-14,2058.0,6,1287.0,3.4,True,2023,8,3,Monday,Low Value
CUST003985,Luiz Fernando Santos,luiz.fernando.santos@provedor.com.br,39.0,masculino,Olinda,PE,2023-08-15,3724.0,5,923.0,5.0,True,2023,8,3,Tuesday,Low Value
CUST001678,Antônio Da Cruz,antonio.da.cruz@correio.net,49.0,masculino,Sobral,CE,2023-08-15,3604.0,3,983.0,4.5,True,2023,8,3,Tuesday,Low Value
CUST000573,Bella Silva,bella.silva@correio.net,40.0,feminino,Manaus,AM,2023-08-15,5990.0,6,1947.0,4.4,True,2023,8,3,Tuesday,Medium Value
CUST002650,Rebeca Lopes,rebeca.lopes@webmail.com,61.0,feminino,Belém,PA,2023-08-15,5108.0,5,958.0,3.7,True,2023,8,3,Tuesday,Low Value
CUST000034,Maria Laura Ramos,maria.laura.ramos@webmail.com,64.0,feminino,Porto Alegre,RS,2023-08-15,7908.0,7,2812.0,2.6,True,2023,8,3,Tuesday,High Value
CUST000432,Gustavo Henrique Pastor,gustavo.henrique.pastor@correio.net,52.0,masculino,Santos,SP,2023-08-16,2045.0,6,644.0,4.0,True,2023,8,3,Wednesday,Low Value
CUST004830,Pedro Lucas Mendes,pedro.lucas.mendes@email.com,28.0,outro,Rio Verde,GO,2023-08-16,1931.0,8,3135.0,3.9,True,2023,8,3,Wednesday,High Value
CUST000313,Dr. Asafe Teixeira,dr..asafe.teixeira@correio.net,46.0,masculino,Caxias do Sul,RS,2023-08-16,6753.0,9,98235.0,5.0,True,2023,8,3,Wednesday,High Value
CUST002060,Isabel Peixoto,isabel.peixoto@email.com,32.0,feminino,Campinas,SP,2023-08-16,2219.0,6,1415.0,3.2,True,2023,8,3,Wednesday,Medium Value
CUST000326,Ana Júlia Correia,ana.julia.correia@mail.com,36.0,feminino,Santos,SP,2023-08-17,3353.0,11,3474.0,3.4,True,2023,8,3,Thursday,High Value
CUST001966,Sr. João Guilherme Novaes,sr..joao.guilherme.novaes@webmail.com,33.0,outro,unknown,SP,2023-08-17,3163.0,7,1507.0,4.5,True,2023,8,3,Thursday,Medium Value
CUST000143,Lucas Gabriel Viana,lucas.gabriel.viana@provedor.com.br,35.0,masculino,Pelotas,RS,2023-08-18,4381.0,6,1462.0,3.5,True,2023,8,3,Friday,Medium Value
CUST004168,Amanda Vargas,amanda.vargas@correio.net,51.0,outro,unknown,AM,2023-08-18,2790.0,6,1551.0,5.0,True,2023,8,3,Friday,Medium Value
CUST001334,Juliana Freitas,juliana.freitas@email.com,36.0,feminino,Maringá,PR,2023-08-18,3307.0,8,2071.0,4.3,True,2023,8,3,Friday,High Value
CUST001748,Heloisa Pereira,heloisa.pereira@provedor.com.br,39.0,feminino,Duque de Caxias,RJ,2023-08-18,1809.0,7,2179.0,4.6,True,2023,8,3,Friday,High Value
CUST001796,Maria Fernanda Fonseca,maria.fernanda.fonseca@correio.net,42.0,outro,Contagem,MG,2023-08-19,1901.0,6,1363.0,3.0,True,2023,8,3,Saturday,Medium Value
CUST004509,Matteo Correia,matteo.correia@webmail.com,43.0,masculino,Curitiba,PR,2023-08-19,2583.0,9,1042.0,4.4,True,2023,8,3,Saturday,Low Value
CUST001446,Gustavo Henrique Sales,gustavo.henrique.sales@correio.net,35.0,masculino,São Paulo,SP,2023-08-19,3643.0,6,1289.0,4.4,True,2023,8,3,Saturday,Low Value
CUST000092,Bento Cavalcante,bento.cavalcante@email.com,53.0,masculino,Vila Velha,ES,2023-08-20,2271.0,7,1118.0,2.8,True,2023,8,3,Sunday,Low Value
CUST000186,Henry Cavalcanti,henry.cavalcanti@webmail.com,37.0,masculino,Sobral,CE,2023-08-20,4018.0,9,2475.0,5.0,True,2023,8,3,Sunday,High Value
CUST004950,Cecilia Vargas,cecilia.vargas@email.com,27.0,feminino,Florianópolis,SC,2023-08-20,4553.0,2,756.0,3.5,True,2023,8,3,Sunday,Low Value
CUST002760,Josué Moreira,josue.moreira@correio.net,48.0,masculino,Fortaleza,CE,2023-08-20,3273.0,9,1686.0,3.3,True,2023,8,3,Sunday,Medium Value
CUST003629,Mariah Souza,mariah.souza@webmail.com,32.0,feminino,Belo Horizonte,MG,2023-08-21,2557.0,5,1533.0,3.9,True,2023,8,3,Monday,Medium Value
CUST003027,Yasmin Cirino,yasmin.cirino@provedor.com.br,44.0,feminino,Santos,SP,2023-08-21,3139.0,9,1656.0,4.6,True,2023,8,3,Monday,Medium Value
CUST003740,Pedro Miguel Castro,pedro.miguel.castro@email.com,24.0,masculino,Uberlândia,MG,2023-08-21,4296.0,10,178030.0,3.8,True,2023,8,3,Monday,High Value
CUST003094,Giovanna Abreu,giovanna.abreu@provedor.com.br,37.0,outro,Campinas,SP,2023-08-21,3144.0,5,1663.0,4.7,True,2023,8,3,Monday,Medium Value
CUST001484,Lara Aragão,lara.aragao@webmail.com,29.0,feminino,Salvador,BA,2023-08-21,4277.0,5,1542.0,2.5,True,2023,8,3,Monday,Medium Value
CUST004037,Sra. Heloisa Cavalcante,sra..heloisa.cavalcante@correio.net,35.0,outro,Sorocaba,SP,2023-08-21,5914.0,13,4041.0,5.0,True,2023,8,3,Monday,High Value
CUST001429,Benicio Ribeiro,benicio.ribeiro@correio.net,49.0,masculino,Feira de Santana,BA,2023-08-21,3595.0,803,2418.0,4.6,True,2023,8,3,Monday,High Value
CUST000427,Gabriel Campos,gabriel.campos@webmail.com,33.0,masculino,Belo Horizonte,MG,2023-08-22,6875.0,11,3136.0,4.7,True,2023,8,3,Tuesday,High Value
CUST003593,Sophie Rodrigues,sophie.rodrigues@mail.com,28.0,feminino,Juazeiro do Norte,CE,2023-08-22,3381.0,7,1106.0,3.4,True,2023,8,3,Tuesday,Low Value
CUST002950,Eloah Lopes,eloah.lopes@provedor.com.br,29.0,feminino,São Paulo,SP,2023-08-22,2584.0,9,2994.0,2.9,True,2023,8,3,Tuesday,High Value
CUST004188,Dante Moreira,dante.moreira@correio.net,48.0,masculino,Brasília,DF,2023-08-22,8074.0,17,5690.0,3.7,True,2023,8,3,Tuesday,High Value
CUST001952,Yan Guerra,yan.guerra@webmail.com,24.0,outro,Rio de Janeiro,RJ,2023-08-22,3357.5,6,1699.0,4.0,True,2023,8,3,Tuesday,Medium Value
CUST002579,Allana Mendes,allana.mendes@provedor.com.br,48.0,feminino,Ribeirão Preto,SP,2023-08-22,2203.0,8,2123.0,3.1,True,2023,8,3,Tuesday,High Value
CUST003019,Lucca Nogueira,lucca.nogueira@correio.net,29.0,masculino,Duque de Caxias,RJ,2023-08-22,3359.0,6,1353.0,2.8,True,2023,8,3,Tuesday,Medium Value
CUST005046,Yuri Da Rocha,yuri.da.rocha@mail.com,64.0,masculino,São Paulo,SP,2023-08-23,5010.0,3,913.0,4.2,True,2023,8,3,Wednesday,Low Value
CUST003127,Ana Laura Da Rosa,ana.laura.da.rosa@mail.com,23.0,feminino,Várzea Grande,MT,2023-08-23,4030.0,7,1921.0,5.0,True,2023,8,3,Wednesday,Medium Value
CUST003875,Raquel Cunha,raquel.cunha@correio.net,42.0,feminino,Londrina,PR,2023-08-23,2100.0,8,2061.0,5.0,True,2023,8,3,Wednesday,High Value
CUST000718,Lara Pinto,lara.pinto@correio.net,29.0,feminino,Caruaru,PE,2023-08-23,3481.0,10,2819.0,5.0,True,2023,8,3,Wednesday,High Value
CUST000700,Maria Isis Pimenta,maria.isis.pimenta@mail.com,58.0,feminino,Porto Alegre,RS,2023-08-23,3258.0,3,875.0,4.4,True,2023,8,3,Wednesday,Low Value
CUST003915,Paulo Freitas,paulo.freitas@correio.net,40.0,masculino,Brasília,DF,2023-08-24,3430.0,9,1940.0,4.9,True,2023,8,3,Thursday,Medium Value
CUST001444,Nicolas Da Rocha,nicolas.da.rocha@mail.com,74.0,masculino,Ribeirão Preto,SP,2023-08-24,6253.0,5,1225.0,5.0,True,2023,8,3,Thursday,Low Value
CUST004277,Apollo Vasconcelos,apollo.vasconcelos@email.com,37.0,masculino,Sorocaba,SP,2023-08-24,3287.0,5,1244.0,4.5,True,2023,8,3,Thursday,Low Value
CUST003669,Alice Rodrigues,alice.rodrigues@mail.com,45.0,feminino,Anápolis,GO,2023-08-25,2321.0,8,180059.0,3.6,True,2023,8,3,Friday,High Value
CUST004023,Davi Lucca Guerra,davi.lucca.guerra@email.com,40.0,masculino,Uberlândia,MG,2023-08-25,2799.0,13,3520.0,3.6,True,2023,8,3,Friday,High Value
CUST000391,Maria Câmara,maria.camara@mail.com,47.0,feminino,Campinas,SP,2023-08-25,3271.0,6,1089.0,4.0,True,2023,8,3,Friday,Low Value
CUST000722,Gael Henrique Pereira,gael.henrique.pereira@webmail.com,60.0,masculino,Brasília,DF,2023-08-25,3091.0,9,1260.0,3.2,True,2023,8,3,Friday,Low Value
CUST002157,Benício Cassiano,benicio.cassiano@correio.net,38.0,masculino,unknown,DF,2023-08-25,2443.0,5,859.0,3.1,True,2023,8,3,Friday,Low Value
CUST003153,Benjamim Lima,benjamim.lima@mail.com,31.0,masculino,Olinda,PE,2023-08-25,3568.0,7,1752.0,3.9,True,2023,8,3,Friday,Medium Value
CUST003544,Beatriz Ribeiro,beatriz.ribeiro@email.com,37.0,feminino,Caruaru,PE,2023-08-26,5756.0,5,1263.0,4.0,True,2023,8,3,Saturday,Low Value
CUST004956,Antônio Carvalho,antonio.carvalho@webmail.com,50.0,masculino,Joinville,SC,2023-08-26,3816.0,5,1578.0,5.0,True,2023,8,3,Saturday,Medium Value
CUST001883,Isis Garcia,isis.garcia@mail.com,48.0,feminino,Ribeirão Preto,SP,2023-08-26,2016.0,6,736.0,4.3,True,2023,8,3,Saturday,Low Value
CUST003823,Antonella Nunes,antonella.nunes@webmail.com,18.0,feminino,unknown,PR,2023-08-26,6222.0,4,1310.0,3.3,True,2023,8,3,Saturday,Medium Value
CUST000579,Benjamim Gonçalves,benjamim.goncalves@correio.net,18.0,masculino,Belo Horizonte,MG,2023-08-26,1061.0,5,1498.0,4.9,True,2023,8,3,Saturday,Medium Value
CUST004631,Srta. Nicole Borges,srta..nicole.borges@mail.com,49.0,feminino,São Paulo,SP,2023-08-27,3497.0,13,1947.0,5.0,True,2023,8,3,Sunday,Medium Value
CUST001535,Benjamin Costa,benjamin.costa@correio.net,32.0,masculino,Caruaru,PE,2023-08-27,1471.0,6,1594.0,3.5,True,2023,8,3,Sunday,Medium Value
CUST002073,Raul Da Cruz,raul.da.cruz@provedor.com.br,42.0,masculino,Uberlândia,MG,2023-08-28,3313.0,4,1448.0,4.5,True,2023,8,3,Monday,Medium Value
CUST000242,Bianca Lopes,bianca.lopes@mail.com,60.0,outro,Olinda,PE,2023-08-28,4674.0,6,1898.0,4.0,True,2023,8,3,Monday,Medium Value
CUST000732,Srta. Maria Vitória Pacheco,srta..maria.vitoria.pacheco@correio.net,46.0,feminino,Ananindeua,PA,2023-08-28,4050.0,10,2444.0,3.4,True,2023,8,3,Monday,High Value
CUST000667,Nicolas Oliveira,nicolas.oliveira@provedor.com.br,43.0,masculino,Uberlândia,MG,2023-08-29,4785.0,5,1575.0,4.2,True,2023,8,3,Tuesday,Medium Value
CUST002538,Lucas Gabriel Azevedo,lucas.gabriel.azevedo@provedor.com.br,46.0,masculino,Curitiba,PR,2023-08-29,2647.0,5,1808.0,3.3,True,2023,8,3,Tuesday,Medium Value
CUST003109,Mariah Nascimento,mariah.nascimento@provedor.com.br,23.0,feminino,Petrópolis,RJ,2023-08-30,2032.0,5,891.0,3.3,True,2023,8,3,Wednesday,Low Value
CUST000911,Kaique Rodrigues,kaique.rodrigues@correio.net,44.0,masculino,Maringá,PR,2023-08-30,1275.0,6,971.0,4.0,True,2023,8,3,Wednesday,Low Value
CUST002144,Luna Vargas,luna.vargas@mail.com,62.0,feminino,Sorocaba,SP,2023-08-30,4930.0,8,2460.0,5.0,True,2023,8,3,Wednesday,High Value
CUST002715,Felipe Ramos,felipe.ramos@webmail.com,21.0,masculino,São Paulo,SP,2023-08-30,4464.0,7,2228.0,3.2,True,2023,8,3,Wednesday,High Value
CUST000333,Luana Novaes,luana.novaes@provedor.com.br,49.0,feminino,Porto Alegre,RS,2023-08-30,3212.0,10,1851.0,3.2,True,2023,8,3,Wednesday,Medium Value
CUST001279,Cauã Barbosa,caua.barbosa@email.com,38.0,outro,Belo Horizonte,MG,2023-08-31,6796.0,10,2966.0,4.6,True,2023,8,3,Thursday,High Value
CUST001704,Paulo Da Conceição,paulo.da.conceicao@mail.com,31.0,masculino,Sorocaba,SP,2023-08-31,3489.0,4,574.0,4.8,True,2023,8,3,Thursday,Low Value
CUST000539,Sra. Maysa Moura,sra..maysa.moura@provedor.com.br,45.0,feminino,Curitiba,PR,2023-08-31,5547.0,7,1598.0,5.0,True,2023,8,3,Thursday,Medium Value
CUST001854,Manuella Da Paz,manuella.da.paz@webmail.com,34.0,feminino,Campinas,SP,2023-08-31,3313.5,10,3213.0,4.0,True,2023,8,3,Thursday,High Value
CUST003322,Maria Liz Rezende,maria.liz.rezende@correio.net,39.0,feminino,Blumenau,SC,2023-08-31,5951.0,7,2452.0,4.0,True,2023,8,3,Thursday,High Value
CUST000335,Henry Gabriel Camargo,henry.gabriel.camargo@correio.net,38.0,masculino,Belém,PA,2023-08-31,4235.0,4,1536.0,5.0,True,2023,8,3,Thursday,Medium Value
CUST003332,Liam Rios,liam.rios@provedor.com.br,18.0,masculino,Ribeirão Preto,SP,2023-09-01,5079.0,7,1812.0,5.0,True,2023,9,3,Friday,Medium Value
CUST004127,Dra. Ísis Machado,dra..isis.machado@webmail.com,50.0,feminino,Cuiabá,MT,2023-09-01,2603.0,4,1056.0,3.9,True,2023,9,3,Friday,Low Value
CUST003555,Ana Sophia Pires,ana.sophia.pires@provedor.com.br,18.0,feminino,Anápolis,GO,2023-09-01,1698.0,6,1310.0,2.8,True,2023,9,3,Friday,Medium Value
CUST002474,Ryan Montenegro,ryan.montenegro@webmail.com,42.0,masculino,Serra,ES,2023-09-01,3353.0,17,1832.0,4.6,True,2023,9,3,Friday,Medium Value
CUST004373,Sr. Breno Câmara,sr..breno.camara@mail.com,38.0,masculino,Rio Verde,GO,2023-09-02,2412.0,9,2043.0,3.5,True,2023,9,3,Saturday,High Value
CUST000388,Dr. João Guilherme Albuquerque,dr..joao.guilherme.albuquerque@correio.net,49.0,masculino,Ribeirão Preto,SP,2023-09-02,5324.0,5,1410.0,2.7,True,2023,9,3,Saturday,Medium Value
CUST003911,Sra. Mirella Jesus,sra..mirella.jesus@provedor.com.br,56.0,feminino,unknown,SC,2023-09-02,3908.0,3,1086.0,4.3,True,2023,9,3,Saturday,Low Value
CUST004164,Theodoro Rodrigues,theodoro.rodrigues@provedor.com.br,48.0,masculino,São Paulo,SP,2023-09-02,2954.0,6,1508.0,4.3,True,2023,9,3,Saturday,Medium Value
CUST004572,Gabriela Barbosa,gabriela.barbosa@webmail.com,44.0,outro,Maringá,PR,2023-09-02,4144.0,8,1547.0,3.6,True,2023,9,3,Saturday,Medium Value
CUST004053,Bryan Fogaça,bryan.fogaca@email.com,41.0,masculino,Duque de Caxias,RJ,2023-09-03,5179.0,8,2387.0,4.0,True,2023,9,3,Sunday,High Value
CUST004489,Sra. Maria Vargas,sra..maria.vargas@mail.com,36.0,feminino,Pelotas,RS,2023-09-03,1683.0,7,888.0,4.1,True,2023,9,3,Sunday,Low Value
CUST004735,Emanuelly Da Rocha,emanuelly.da.rocha@email.com,33.0,feminino,Blumenau,SC,2023-09-03,6113.0,8,2294.0,3.9,True,2023,9,3,Sunday,High Value
CUST000677,Anna Liz Da Cunha,anna.liz.da.cunha@webmail.com,33.0,feminino,Vila Velha,ES,2023-09-03,3122.0,8,1891.0,4.0,True,2023,9,3,Sunday,Medium Value
CUST000872,Sr. Rhavi Da Cruz,sr..rhavi.da.cruz@email.com,22.0,masculino,Juazeiro do Norte,CE,2023-09-03,3050.0,6,1471.0,4.8,True,2023,9,3,Sunday,Medium Value
CUST003685,Rodrigo Leão,rodrigo.leao@email.com,48.0,masculino,São Paulo,SP,2023-09-04,3979.0,6,1589.0,3.7,True,2023,9,3,Monday,Medium Value
CUST003023,Srta. Antonella Correia,srta..antonella.correia@email.com,18.0,feminino,Uberlândia,MG,2023-09-04,1953.0,2,437.0,4.0,True,2023,9,3,Monday,Low Value
CUST000620,João Gabriel Campos,joao.gabriel.campos@webmail.com,48.0,masculino,Anápolis,GO,2023-09-04,7120.0,10,3640.0,4.9,True,2023,9,3,Monday,High Value
CUST002789,Maria Isis Santos,maria.isis.santos@provedor.com.br,25.0,feminino,Feira de Santana,BA,2023-09-04,4757.0,5,809.0,2.6,True,2023,9,3,Monday,Low Value
CUST003062,Ravi Pinto,ravi.pinto@correio.net,38.0,masculino,Campinas,SP,2023-09-04,6572.0,10,2454.0,2.4,True,2023,9,3,Monday,High Value
CUST004580,Henrique Borges,henrique.borges@mail.com,32.0,masculino,Vitória da Conquista,BA,2023-09-04,3046.0,10,2229.0,4.9,True,2023,9,3,Monday,High Value
CUST004027,Oliver Silveira,oliver.silveira@correio.net,32.0,masculino,Vila Velha,ES,2023-09-04,3353.0,7,1380.0,3.1,True,2023,9,3,Monday,Medium Value
CUST003339,Anna Liz Araújo,anna.liz.araujo@mail.com,29.0,feminino,Rio de Janeiro,RJ,2023-09-05,2849.0,6,1457.0,4.3,True,2023,9,3,Tuesday,Medium Value
CUST003458,Catarina Nascimento,catarina.nascimento@mail.com,60.0,feminino,Várzea Grande,MT,2023-09-05,4988.0,11,3695.0,3.4,True,2023,9,3,Tuesday,High Value
CUST004910,Theodoro Das Neves,theodoro.das.neves@mail.com,32.0,masculino,Petrópolis,RJ,2023-09-05,5385.0,10,3914.0,3.1,True,2023,9,3,Tuesday,High Value
CUST000449,Samuel Silva,samuel.silva@mail.com,35.0,masculino,unknown,SP,2023-09-05,5023.0,9,3085.0,4.1,True,2023,9,3,Tuesday,High Value
CUST004119,Dra. Rafaela Camargo,dra..rafaela.camargo@mail.com,23.0,feminino,São Paulo,SP,2023-09-05,2237.0,4,973.0,3.4,True,2023,9,3,Tuesday,Low Value
CUST001824,Levi Dias,levi.dias@provedor.com.br,43.0,masculino,Sorocaba,SP,2023-09-05,5152.0,12,4018.0,4.3,True,2023,9,3,Tuesday,High Value
CUST004180,Luísa Araújo,luisa.araujo@correio.net,57.0,feminino,Brasília,DF,2023-09-06,3410.0,9,3443.0,4.0,True,2023,9,3,Wednesday,High Value
CUST000451,Clara Azevedo,clara.azevedo@mail.com,34.0,feminino,unknown,CE,2023-09-06,1606.0,9,2773.0,4.5,True,2023,9,3,Wednesday,High Value
CUST000277,Srta. Rebeca Caldeira,srta..rebeca.caldeira@webmail.com,50.0,feminino,Cuiabá,MT,2023-09-06,1577.0,1,281.0,5.0,True,2023,9,3,Wednesday,Low Value
CUST003160,Bella Marques,bella.marques@mail.com,30.0,feminino,Niterói,RJ,2023-09-06,1485.0,12,2307.0,4.2,True,2023,9,3,Wednesday,High Value
CUST001657,Mathias Melo,mathias.melo@correio.net,61.0,masculino,Manaus,AM,2023-09-06,3338.0,7,2348.0,3.4,True,2023,9,3,Wednesday,High Value
CUST001434,Gabrielly Sales,gabrielly.sales@webmail.com,26.0,feminino,Petrópolis,RJ,2023-09-06,3457.0,9,2851.0,3.5,True,2023,9,3,Wednesday,High Value
CUST001112,Srta. Liz Costela,srta..liz.costela@mail.com,35.0,feminino,Juazeiro do Norte,CE,2023-09-06,2921.0,9,1474.0,3.2,True,2023,9,3,Wednesday,Medium Value
CUST004446,Sr. Levi Andrade,sr..levi.andrade@email.com,32.0,masculino,Santos,SP,2023-09-06,1151.0,7,1759.0,4.2,True,2023,9,3,Wednesday,Medium Value
CUST000779,Rafael Ramos,rafael.ramos@correio.net,34.0,masculino,Feira de Santana,BA,2023-09-07,6630.0,11,3566.0,5.0,True,2023,9,3,Thursday,High Value
CUST002492,Dra. Vitória Novaes,dra..vitoria.novaes@provedor.com.br,36.0,feminino,unknown,PR,2023-09-07,3550.0,7,1547.0,4.8,True,2023,9,3,Thursday,Medium Value
CUST001919,Vinícius Cassiano,vinicius.cassiano@mail.com,26.0,masculino,São Paulo,SP,2023-09-07,2779.0,4,696.0,3.5,True,2023,9,3,Thursday,Low Value
CUST000124,Gustavo Henrique Silva,gustavo.henrique.silva@email.com,49.0,masculino,Vila Velha,ES,2023-09-07,2570.0,4,950.0,3.1,True,2023,9,3,Thursday,Low Value
CUST003759,Clarice Rios,clarice.rios@provedor.com.br,18.0,outro,Londrina,PR,2023-09-07,2542.0,8,1531.0,3.6,True,2023,9,3,Thursday,Medium Value
CUST000234,Maria Flor Gonçalves,maria.flor.goncalves@email.com,35.0,feminino,Salvador,BA,2023-09-07,1507.0,8,1986.0,4.0,True,2023,9,3,Thursday,Medium Value
CUST001736,Guilherme Ribeiro,guilherme.ribeiro@email.com,38.0,masculino,Porto Alegre,RS,2023-09-07,3448.0,3,1120.0,3.9,True,2023,9,3,Thursday,Low Value
CUST000373,Isabelly Moura,isabelly.moura@correio.net,49.0,feminino,Blumenau,SC,2023-09-07,3964.0,7,1481.0,3.2,True,2023,9,3,Thursday,Medium Value
CUST003176,Antônio Rocha,antonio.rocha@provedor.com.br,28.0,masculino,Santos,SP,2023-09-07,2366.0,11,3083.0,3.9,True,2023,9,3,Thursday,High Value
CUST004429,Bianca Da Conceição,bianca.da.conceicao@mail.com,32.0,feminino,Contagem,MG,2023-09-08,6538.0,9,3232.0,2.1,True,2023,9,3,Friday,High Value
CUST000545,Maria Isis Da Paz,maria.isis.da.paz@email.com,38.0,feminino,Maringá,PR,2023-09-08,5632.0,6,1533.0,3.5,True,2023,9,3,Friday,Medium Value
CUST000364,Dr. Liam Pires,dr..liam.pires@mail.com,40.0,masculino,Sorocaba,SP,2023-09-08,3462.0,13,2382.0,3.5,True,2023,9,3,Friday,High Value
CUST003309,André Aragão,andre.aragao@provedor.com.br,48.0,masculino,Petrópolis,RJ,2023-09-09,2402.0,6,1131.0,3.5,True,2023,9,3,Saturday,Low Value
CUST000303,Ana Liz Cavalcante,ana.liz.cavalcante@provedor.com.br,44.0,feminino,Juiz de Fora,MG,2023-09-09,2379.0,7,1500.0,4.0,True,2023,9,3,Saturday,Medium Value
CUST003334,Pietro Garcia,pietro.garcia@provedor.com.br,38.0,masculino,Caxias do Sul,RS,2023-09-09,3181.0,6,1900.0,3.7,True,2023,9,3,Saturday,Medium Value
CUST004155,Pedro Henrique Rocha,pedro.henrique.rocha@webmail.com,18.0,masculino,Belo Horizonte,MG,2023-09-09,2386.0,10,3508.0,4.3,True,2023,9,3,Saturday,High Value
CUST004414,Dr. Mateus Duarte,dr..mateus.duarte@email.com,41.0,masculino,unknown,RJ,2023-09-09,2009.0,12,3005.0,2.8,True,2023,9,3,Saturday,High Value
CUST002326,Sr. José Da Rocha,sr..jose.da.rocha@mail.com,32.0,masculino,Petrópolis,RJ,2023-09-10,3350.0,4,1269.0,3.6,True,2023,9,3,Sunday,Low Value
CUST000650,Pietro Cunha,pietro.cunha@webmail.com,41.0,masculino,Ananindeua,PA,2023-09-10,7590.0,7,2058.0,3.4,True,2023,9,3,Sunday,High Value
CUST004535,Nicolas Abreu,nicolas.abreu@provedor.com.br,33.0,masculino,Joinville,SC,2023-09-11,2399.0,8,538.0,5.0,True,2023,9,3,Monday,Low Value
CUST001253,Lorenzo Carvalho,lorenzo.carvalho@mail.com,38.0,masculino,Vila Velha,ES,2023-09-11,1279.0,8,1177.0,4.6,True,2023,9,3,Monday,Low Value
CUST003626,Alana Fogaça,alana.fogaca@provedor.com.br,49.0,feminino,Porto Alegre,RS,2023-09-11,3347.0,6,1886.0,3.9,True,2023,9,3,Monday,Medium Value
CUST001575,Larissa Alves,larissa.alves@correio.net,36.0,feminino,Belo Horizonte,MG,2023-09-11,6073.0,13,4375.0,3.2,True,2023,9,3,Monday,High Value
CUST001023,Raul Pinto,raul.pinto@webmail.com,23.0,masculino,Brasília,DF,2023-09-11,1979.0,9,1772.0,3.2,True,2023,9,3,Monday,Medium Value
CUST003006,Larissa Cunha,larissa.cunha@correio.net,30.0,feminino,Santos,SP,2023-09-12,4218.0,11,3211.0,4.3,True,2023,9,3,Tuesday,High Value
CUST000468,Noah Fogaça,noah.fogaca@webmail.com,37.0,masculino,Vitória da Conquista,BA,2023-09-12,5913.0,5,1219.0,4.0,True,2023,9,3,Tuesday,Low Value
CUST001230,Benjamin Melo,benjamin.melo@email.com,45.0,masculino,Londrina,PR,2023-09-12,4462.0,7,2340.0,5.0,True,2023,9,3,Tuesday,High Value
CUST003349,Manuela Da Cruz,manuela.da.cruz@email.com,21.0,feminino,Fortaleza,CE,2023-09-12,5018.0,6,1979.0,4.0,True,2023,9,3,Tuesday,Medium Value
CUST003009,Oliver Mendes,oliver.mendes@email.com,26.0,masculino,Santos,SP,2023-09-13,2578.0,6,1306.0,3.5,True,2023,9,3,Wednesday,Medium Value
CUST004937,Dr. Ryan Da Cruz,dr..ryan.da.cruz@mail.com,30.0,masculino,Santos,SP,2023-09-13,4633.0,4,994.0,5.0,True,2023,9,3,Wednesday,Low Value
CUST003790,Bianca Ribeiro,bianca.ribeiro@correio.net,41.0,feminino,Porto Alegre,RS,2023-09-13,4017.0,12,2125.0,3.7,True,2023,9,3,Wednesday,High Value
CUST002690,Kevin Montenegro,kevin.montenegro@provedor.com.br,44.0,masculino,Ribeirão Preto,SP,2023-09-13,6822.0,4,1180.0,4.7,True,2023,9,3,Wednesday,Low Value
CUST002977,Vitor Peixoto,vitor.peixoto@mail.com,38.0,masculino,Pelotas,RS,2023-09-13,3448.0,8,2733.0,4.0,True,2023,9,3,Wednesday,High Value
CUST003891,Letícia Cavalcante,leticia.cavalcante@email.com,38.0,feminino,Blumenau,SC,2023-09-13,5206.0,7,1906.0,4.3,True,2023,9,3,Wednesday,Medium Value
CUST003707,Dr. Léo Duarte,dr..leo.duarte@correio.net,46.0,masculino,Sobral,CE,2023-09-13,9699.0,8,2769.0,4.0,True,2023,9,3,Wednesday,High Value
CUST003714,Cauê Silveira,caue.silveira@email.com,31.0,masculino,São Paulo,SP,2023-09-13,5175.0,5,1676.0,4.2,True,2023,9,3,Wednesday,Medium Value
CUST002170,Sarah Cassiano,sarah.cassiano@correio.net,22.0,feminino,Ananindeua,PA,2023-09-14,4996.0,13,4268.0,2.3,True,2023,9,3,Thursday,High Value
CUST004341,Henrique Jesus,henrique.jesus@webmail.com,18.0,masculino,Niterói,RJ,2023-09-14,4838.0,12,4016.0,4.4,True,2023,9,3,Thursday,High Value
CUST004993,Srta. Maria Helena Aragão,srta..maria.helena.aragao@webmail.com,38.0,feminino,Vitória,ES,2023-09-14,1334.0,11,1473.0,2.4,True,2023,9,3,Thursday,Medium Value
CUST001110,Sr. Josué Novaes,sr..josue.novaes@provedor.com.br,34.0,masculino,Duque de Caxias,RJ,2023-09-14,4490.0,7,2441.0,3.5,True,2023,9,3,Thursday,High Value
CUST002590,Pedro Aparecida,pedro.aparecida@mail.com,54.0,masculino,Belém,PA,2023-09-14,2836.0,4,1016.0,4.1,True,2023,9,3,Thursday,Low Value
CUST004253,Letícia Brito,leticia.brito@correio.net,18.0,feminino,Caxias do Sul,RS,2023-09-14,1957.0,1,207.0,3.0,True,2023,9,3,Thursday,Low Value
CUST001998,Lorenzo Rodrigues,lorenzo.rodrigues@email.com,63.0,masculino,Maringá,PR,2023-09-14,5532.0,8,2296.0,4.6,True,2023,9,3,Thursday,High Value
CUST002154,Luara Novais,luara.novais@webmail.com,44.0,feminino,Londrina,PR,2023-09-14,3933.0,4,1166.0,4.4,True,2023,9,3,Thursday,Low Value
CUST000731,Léo Farias,leo.farias@webmail.com,29.0,masculino,Várzea Grande,MT,2023-09-15,5096.0,5,768.0,3.8,True,2023,9,3,Friday,Low Value
CUST003486,Giovanna Siqueira,giovanna.siqueira@email.com,39.0,feminino,Duque de Caxias,RJ,2023-09-16,1820.0,6,1213.0,5.0,True,2023,9,3,Saturday,Low Value
CUST000551,Carolina Rios,carolina.rios@webmail.com,34.0,feminino,Sorocaba,SP,2023-09-16,1484.0,4,1245.0,5.0,True,2023,9,3,Saturday,Low Value
CUST003301,Enzo Gabriel Barbosa,enzo.gabriel.barbosa@mail.com,29.0,masculino,Rio de Janeiro,RJ,2023-09-16,4120.0,6,1276.0,3.8,True,2023,9,3,Saturday,Low Value
CUST001121,Sr. Ravy Vargas,sr..ravy.vargas@mail.com,39.0,masculino,Ribeirão Preto,SP,2023-09-16,1427.0,7,1433.0,2.6,True,2023,9,3,Saturday,Medium Value
CUST001719,Maria Sophia Novaes,maria.sophia.novaes@correio.net,33.0,feminino,unknown,MT,2023-09-16,212277.0,10,1044.0,4.1,True,2023,9,3,Saturday,Low Value
CUST000051,Thiago Caldeira,thiago.caldeira@provedor.com.br,24.0,masculino,Anápolis,GO,2023-09-16,1214.0,8,1631.0,2.9,True,2023,9,3,Saturday,Medium Value
CUST002138,Sr. Gustavo Henrique Pimenta,sr..gustavo.henrique.pimenta@correio.net,36.0,masculino,Juiz de Fora,MG,2023-09-17,3313.0,4,957.0,3.6,True,2023,9,3,Sunday,Low Value
CUST002801,Marina Casa Grande,marina.casa.grande@provedor.com.br,18.0,feminino,Petrópolis,RJ,2023-09-17,1654.0,5,1193.0,5.0,True,2023,9,3,Sunday,Low Value
CUST001503,Srta. Ana Clara Cavalcante,srta..ana.clara.cavalcante@mail.com,28.0,feminino,Ribeirão Preto,SP,2023-09-18,2255.0,8,1656.0,3.8,True,2023,9,3,Monday,Medium Value
CUST001491,Allana Caldeira,allana.caldeira@email.com,28.0,outro,Florianópolis,SC,2023-09-18,2879.0,4,1177.0,4.4,True,2023,9,3,Monday,Low Value
CUST003236,Maria Vitória Costela,maria.vitoria.costela@mail.com,38.0,feminino,Juiz de Fora,MG,2023-09-19,3575.0,9,3208.0,3.7,True,2023,9,3,Tuesday,High Value
CUST002878,Dra. Maria Laura Da Rosa,dra..maria.laura.da.rosa@correio.net,38.0,feminino,unknown,SP,2023-09-19,3313.5,5,878.0,3.7,True,2023,9,3,Tuesday,Low Value
CUST002654,Vitor Hugo Oliveira,vitor.hugo.oliveira@provedor.com.br,54.0,masculino,unknown,RJ,2023-09-20,7834.0,10,3579.0,4.2,True,2023,9,3,Wednesday,High Value
CUST004982,Gabrielly Das Neves,gabrielly.das.neves@provedor.com.br,61.0,feminino,Blumenau,SC,2023-09-20,6141.0,6,1743.0,4.5,True,2023,9,3,Wednesday,Medium Value
CUST001095,Sra. Alexia Albuquerque,sra..alexia.albuquerque@mail.com,46.0,feminino,Ananindeua,PA,2023-09-21,3988.0,3,416.0,4.1,True,2023,9,3,Thursday,Low Value
CUST004353,Jade Almeida,jade.almeida@webmail.com,29.0,feminino,Salvador,BA,2023-09-22,6951.0,12,4026.0,4.6,True,2023,9,3,Friday,High Value
CUST002310,Carlos Eduardo Da Cunha,carlos.eduardo.da.cunha@correio.net,38.0,masculino,Juazeiro do Norte,CE,2023-09-22,1431.0,4,938.0,5.0,True,2023,9,3,Friday,Low Value
CUST003243,Vitor Gabriel Da Rosa,vitor.gabriel.da.rosa@mail.com,22.0,masculino,Contagem,MG,2023-09-22,1259.0,6,1226.0,4.3,True,2023,9,3,Friday,Low Value
CUST003366,Maria Flor Cavalcante,maria.flor.cavalcante@email.com,37.0,feminino,Manaus,AM,2023-09-22,5464.0,4,887.0,3.5,True,2023,9,3,Friday,Low Value
CUST003951,Amanda Lopes,amanda.lopes@correio.net,27.0,feminino,São Paulo,SP,2023-09-22,1148.0,5,448.0,3.3,True,2023,9,3,Friday,Low Value
CUST001198,Srta. Maria Alice Gonçalves,srta..maria.alice.goncalves@correio.net,18.0,feminino,Sorocaba,SP,2023-09-22,4765.0,11,1925.0,2.2,True,2023,9,3,Friday,Medium Value
CUST004280,Benjamim Gomes,benjamim.gomes@webmail.com,38.0,masculino,unknown,BA,2023-09-22,3389.0,13,3974.0,3.4,True,2023,9,3,Friday,High Value
CUST000467,Lucas Rios,lucas.rios@webmail.com,42.0,masculino,Sorocaba,SP,2023-09-22,4546.0,6,1754.0,3.0,True,2023,9,3,Friday,Medium Value
CUST000489,Dr. Ryan Pereira,dr..ryan.pereira@webmail.com,23.0,masculino,Caruaru,PE,2023-09-23,3481.0,8,1631.0,4.3,True,2023,9,3,Saturday,Medium Value
CUST004875,Pietro Nunes,pietro.nunes@correio.net,20.0,masculino,Petrópolis,RJ,2023-09-23,2231.0,10,1873.0,4.4,True,2023,9,3,Saturday,Medium Value
CUST004810,Josué Cavalcante,josue.cavalcante@email.com,30.0,masculino,Contagem,MG,2023-09-23,2144.0,7,1107.0,3.2,True,2023,9,3,Saturday,Low Value
CUST002437,Olívia Martins,olivia.martins@webmail.com,35.0,feminino,Campinas,SP,2023-09-23,6908.0,9,2845.0,4.7,True,2023,9,3,Saturday,High Value
CUST004462,Rafaela Moura,rafaela.moura@provedor.com.br,55.0,feminino,Ananindeua,PA,2023-09-23,1874.0,11,3360.0,3.5,True,2023,9,3,Saturday,High Value
CUST000209,Dra. Ísis Pereira,dra..isis.pereira@correio.net,60.0,feminino,Ananindeua,PA,2023-09-23,5886.0,8,2018.0,3.5,True,2023,9,3,Saturday,Medium Value
CUST003628,Ana Cecília Carvalho,ana.cecilia.carvalho@correio.net,42.0,feminino,Duque de Caxias,RJ,2023-09-24,2068.0,7,1548.0,3.6,True,2023,9,3,Sunday,Medium Value
CUST001652,Sra. Maria Alice Aparecida,sra..maria.alice.aparecida@mail.com,51.0,feminino,Sobral,CE,2023-09-24,7922.0,4,1369.0,3.9,True,2023,9,3,Sunday,Medium Value
CUST003138,Cauê Caldeira,caue.caldeira@email.com,36.0,masculino,São Paulo,SP,2023-09-24,3737.0,4,1330.0,4.8,True,2023,9,3,Sunday,Medium Value
CUST004643,Júlia Costa,julia.costa@webmail.com,18.0,feminino,Curitiba,PR,2023-09-24,5755.0,12,3276.0,5.0,True,2023,9,3,Sunday,High Value
CUST002302,Sr. Mateus Rodrigues,sr..mateus.rodrigues@mail.com,50.0,masculino,Maringá,PR,2023-09-24,3319.0,5,1537.0,4.1,True,2023,9,3,Sunday,Medium Value
CUST003452,Sr. Joaquim Cunha,sr..joaquim.cunha@mail.com,48.0,masculino,Vitória,ES,2023-09-24,3482.0,9,1991.0,4.6,True,2023,9,3,Sunday,Medium Value
CUST004230,Maria Isis Sá,maria.isis.sa@provedor.com.br,53.0,feminino,Santos,SP,2023-09-24,2282.0,12,3978.0,4.5,True,2023,9,3,Sunday,High Value
CUST001783,Otávio Mendes,otavio.mendes@correio.net,18.0,masculino,Santos,SP,2023-09-24,4717.0,3,129035.0,4.2,True,2023,9,3,Sunday,High Value
CUST004067,Gabriel Azevedo,gabriel.azevedo@mail.com,56.0,masculino,Sorocaba,SP,2023-09-25,4488.0,10,3388.0,3.9,True,2023,9,3,Monday,High Value
CUST001761,Henry Rocha,henry.rocha@mail.com,39.0,masculino,Duque de Caxias,RJ,2023-09-25,3310.0,5,1215.0,3.7,True,2023,9,3,Monday,Low Value
CUST003717,Hellena Duarte,hellena.duarte@correio.net,18.0,feminino,Caxias do Sul,RS,2023-09-26,2220.0,11,2807.0,2.9,True,2023,9,3,Tuesday,High Value
CUST002953,Stephany Da Rocha,stephany.da.rocha@webmail.com,55.0,feminino,Sobral,CE,2023-09-26,259515.0,8,2601.0,5.0,True,2023,9,3,Tuesday,High Value
CUST001817,Dra. Raquel Vasconcelos,dra..raquel.vasconcelos@mail.com,38.0,feminino,Santos,SP,2023-09-26,3077.0,7,1239.0,5.0,True,2023,9,3,Tuesday,Low Value
CUST000987,Sr. Cauê Vargas,sr..caue.vargas@mail.com,61.0,masculino,Uberlândia,MG,2023-09-27,3633.0,8,1649.0,5.0,True,2023,9,3,Wednesday,Medium Value
CUST001846,Rafael Pires,rafael.pires@webmail.com,55.0,masculino,Recife,PE,2023-09-27,3686.0,8,2174.0,4.8,True,2023,9,3,Wednesday,High Value
CUST001650,Felipe Nunes,felipe.nunes@webmail.com,31.0,masculino,Niterói,RJ,2023-09-28,2497.0,8,1521.0,3.3,True,2023,9,3,Thursday,Medium Value
CUST000202,Maria Luísa Farias,maria.luisa.farias@correio.net,19.0,feminino,São Paulo,SP,2023-09-28,3313.5,5,656.0,5.0,True,2023,9,3,Thursday,Low Value
CUST003831,Dra. Aylla Farias,dra..aylla.farias@email.com,38.0,feminino,Ribeirão Preto,SP,2023-09-28,2247.0,5,696.0,4.6,True,2023,9,3,Thursday,Low Value
CUST004958,Ryan Aragão,ryan.aragao@webmail.com,42.0,masculino,Duque de Caxias,RJ,2023-09-28,3739.0,2,417.0,2.8,True,2023,9,3,Thursday,Low Value
CUST000764,Vitória Câmara,vitoria.camara@webmail.com,39.0,feminino,Brasília,DF,2023-09-28,3710.0,4,927.0,3.6,True,2023,9,3,Thursday,Low Value
CUST003637,Antônio Cardoso,antonio.cardoso@provedor.com.br,38.0,masculino,unknown,BA,2023-09-28,2178.0,14,4462.0,3.4,True,2023,9,3,Thursday,High Value
CUST004677,Kaique Peixoto,kaique.peixoto@email.com,47.0,masculino,São Paulo,SP,2023-09-29,4752.0,4,1309.0,4.0,True,2023,9,3,Friday,Medium Value
CUST001351,Thiago Gonçalves,thiago.goncalves@webmail.com,25.0,masculino,Joinville,SC,2023-09-29,2700.0,6,1175.0,5.0,True,2023,9,3,Friday,Low Value
CUST003021,Caio Cavalcante,caio.cavalcante@correio.net,35.0,outro,Duque de Caxias,RJ,2023-09-29,3055.0,12,2280.0,3.7,True,2023,9,3,Friday,High Value
CUST004687,Ayla Silveira,ayla.silveira@provedor.com.br,64.0,outro,Caruaru,PE,2023-09-29,2513.0,2,465.0,3.1,True,2023,9,3,Friday,Low Value
CUST002995,Sr. Heitor Marques,sr..heitor.marques@webmail.com,28.0,masculino,Duque de Caxias,RJ,2023-09-30,2149.0,5,1021.0,3.4,True,2023,9,3,Saturday,Low Value
CUST002678,Sarah Teixeira,sarah.teixeira@correio.net,31.0,feminino,unknown,GO,2023-09-30,6229.0,10,2781.0,2.7,True,2023,9,3,Saturday,High Value
CUST003871,Antonella Cirino,antonella.cirino@webmail.com,36.0,feminino,unknown,DF,2023-09-30,3173.0,4,1196.0,2.4,True,2023,9,3,Saturday,Low Value
CUST003483,Pietra Pires,pietra.pires@mail.com,67.0,feminino,Parintins,AM,2023-09-30,3414.0,6,1642.0,4.0,True,2023,9,3,Saturday,Medium Value
CUST004714,Sr. Nathan Albuquerque,sr..nathan.albuquerque@provedor.com.br,35.0,masculino,Santos,SP,2023-09-30,3270.0,7,1950.0,4.4,True,2023,9,3,Saturday,Medium Value
CUST004508,Sr. Calebe Sousa,sr..calebe.sousa@correio.net,27.0,masculino,Ribeirão Preto,SP,2023-10-01,1097.0,4,473.0,3.3,True,2023,10,4,Sunday,Low Value
CUST003216,Luiz Henrique Barros,luiz.henrique.barros@webmail.com,30.0,masculino,Vitória,ES,2023-10-01,3598.0,11,2574.0,4.7,True,2023,10,4,Sunday,High Value
CUST004358,Isaac Costela,isaac.costela@correio.net,40.0,masculino,Sorocaba,SP,2023-10-01,4586.0,11,3383.0,3.6,True,2023,10,4,Sunday,High Value
CUST003522,Davi Lucas Brito,davi.lucas.brito@mail.com,37.0,masculino,Campinas,SP,2023-10-02,5518.0,6,2174.0,3.4,True,2023,10,4,Monday,High Value
CUST004945,Letícia Oliveira,leticia.oliveira@webmail.com,55.0,feminino,Ribeirão Preto,SP,2023-10-02,6935.0,5,1434.0,3.3,True,2023,10,4,Monday,Medium Value
CUST005067,Maria Vitória Costela,maria.vitoria.costela@mail.com,37.0,feminino,Juiz de Fora,MG,2023-10-02,3614.0,8,3477.0,3.5,True,2023,10,4,Monday,High Value
CUST003220,Ana Sophia Fonseca,ana.sophia.fonseca@provedor.com.br,29.0,feminino,Petrópolis,RJ,2023-10-02,3839.0,8,2165.0,4.0,True,2023,10,4,Monday,High Value
CUST001518,Dra. Luna Montenegro,dra..luna.montenegro@email.com,41.0,feminino,Maringá,PR,2023-10-02,3332.0,4,703.0,3.9,True,2023,10,4,Monday,Low Value
CUST000332,Isaque Santos,isaque.santos@mail.com,36.0,masculino,Ribeirão Preto,SP,2023-10-02,1951.0,4,971.0,4.2,True,2023,10,4,Monday,Low Value
CUST001945,Beatriz Silveira,beatriz.silveira@correio.net,31.0,feminino,Caxias do Sul,RS,2023-10-02,1842.0,7,1701.0,3.9,True,2023,10,4,Monday,Medium Value
CUST000269,Sr. Gael Cunha,sr..gael.cunha@mail.com,66.0,masculino,Sorocaba,SP,2023-10-02,6329.0,9,2719.0,3.9,True,2023,10,4,Monday,High Value
CUST003148,Clara Casa Grande,clara.casa.grande@mail.com,36.0,feminino,Santos,SP,2023-10-03,5154.0,6,1515.0,4.3,True,2023,10,4,Tuesday,Medium Value
CUST000163,Lucas Pinto,lucas.pinto@mail.com,48.0,masculino,Juazeiro do Norte,CE,2023-10-03,2480.0,5,1227.0,4.2,True,2023,10,4,Tuesday,Low Value
CUST003324,Raul Câmara,raul.camara@mail.com,48.0,masculino,Maringá,PR,2023-10-03,3982.0,4,1350.0,4.2,True,2023,10,4,Tuesday,Medium Value
CUST004660,Arthur Gabriel Duarte,arthur.gabriel.duarte@email.com,49.0,masculino,unknown,PE,2023-10-03,2929.0,9,2798.0,4.6,True,2023,10,4,Tuesday,High Value
CUST005008,Cauã Barbosa,caua.barbosa@provedor.com.br,30.0,outro,Belo Horizonte,MG,2023-10-04,6877.0,8,3219.0,4.8,True,2023,10,4,Wednesday,High Value
CUST004237,Dra. Gabriela Costa,dra..gabriela.costa@correio.net,55.0,feminino,Duque de Caxias,RJ,2023-10-05,4144.0,6,1572.0,4.2,True,2023,10,4,Thursday,Medium Value
CUST004864,Manuela Câmara,manuela.camara@correio.net,32.0,feminino,Contagem,MG,2023-10-05,3510.0,4,750.0,3.5,True,2023,10,4,Thursday,Low Value
CUST001157,Dr. Henry Gabriel Duarte,dr..henry.gabriel.duarte@correio.net,44.0,masculino,Caxias do Sul,RS,2023-10-06,5843.0,6,2221.0,4.0,True,2023,10,4,Friday,High Value
CUST003226,Dr. Anthony Vargas,dr..anthony.vargas@correio.net,39.0,masculino,Uberlândia,MG,2023-10-06,2525.0,6,1376.0,4.0,True,2023,10,4,Friday,Medium Value
CUST000569,Maria Helena Montenegro,maria.helena.montenegro@email.com,27.0,feminino,Anápolis,GO,2023-10-06,2182.0,6,1979.0,4.2,True,2023,10,4,Friday,Medium Value
CUST001722,Luiz Felipe Vasconcelos,luiz.felipe.vasconcelos@provedor.com.br,62.0,masculino,Rio de Janeiro,RJ,2023-10-07,8359.0,6,2157.0,5.0,True,2023,10,4,Saturday,High Value
CUST003963,Camila Caldeira,camila.caldeira@webmail.com,42.0,outro,unknown,DF,2023-10-07,1527.0,5,717.0,4.4,True,2023,10,4,Saturday,Low Value
CUST000555,Evelyn Câmara,evelyn.camara@mail.com,51.0,feminino,Santos,SP,2023-10-07,2172.0,7,1746.0,3.4,True,2023,10,4,Saturday,Medium Value
CUST002207,Emilly Sampaio,emilly.sampaio@webmail.com,44.0,feminino,Maringá,PR,2023-10-07,3424.0,9,2051.0,4.0,True,2023,10,4,Saturday,High Value
CUST000122,Cauê Souza,caue.souza@webmail.com,51.0,masculino,Manaus,AM,2023-10-07,3343.0,6,1471.0,5.0,True,2023,10,4,Saturday,Medium Value
CUST004063,Sofia Caldeira,sofia.caldeira@correio.net,48.0,feminino,Uberlândia,MG,2023-10-07,4731.0,4,1082.0,3.2,True,2023,10,4,Saturday,Low Value
CUST000708,Ana Julia Aragão,ana.julia.aragao@webmail.com,42.0,feminino,Porto Alegre,RS,2023-10-08,3448.0,4,192514.0,2.8,True,2023,10,4,Sunday,High Value
CUST000945,Caio Cirino,caio.cirino@mail.com,18.0,masculino,Maringá,PR,2023-10-08,1837.0,7,1036.0,4.6,True,2023,10,4,Sunday,Low Value
CUST001378,Apollo Rezende,apollo.rezende@email.com,56.0,masculino,Blumenau,SC,2023-10-08,3581.0,589,3342.0,4.2,True,2023,10,4,Sunday,High Value
CUST002986,Olívia Cunha,olivia.cunha@email.com,18.0,feminino,unknown,SP,2023-10-09,3806.0,12,3265.0,4.0,True,2023,10,4,Monday,High Value
CUST004801,Emanuelly Guerra,emanuelly.guerra@provedor.com.br,35.0,feminino,Duque de Caxias,RJ,2023-10-09,4247.0,9,2491.0,4.1,True,2023,10,4,Monday,High Value
CUST001094,Heloisa Moreira,heloisa.moreira@email.com,38.0,outro,São Paulo,SP,2023-10-09,3115.0,4,1373.0,2.8,True,2023,10,4,Monday,Medium Value
CUST003010,Luana Nunes,luana.nunes@provedor.com.br,30.0,feminino,Belo Horizonte,MG,2023-10-09,2205.0,3,613.0,4.0,True,2023,10,4,Monday,Low Value
CUST002588,Otávio Sales,otavio.sales@provedor.com.br,37.0,masculino,Recife,PE,2023-10-09,3444.0,4,1236.0,3.4,True,2023,10,4,Monday,Low Value
CUST001991,João Barros,joao.barros@webmail.com,38.0,masculino,Cuiabá,MT,2023-10-09,3351.0,6,1961.0,4.8,True,2023,10,4,Monday,Medium Value
CUST003601,Ana Júlia Lima,ana.julia.lima@provedor.com.br,27.0,feminino,Sobral,CE,2023-10-09,3440.0,8,915.0,4.6,True,2023,10,4,Monday,Low Value
CUST001908,Luiza Novais,luiza.novais@mail.com,36.0,feminino,unknown,SP,2023-10-10,5817.0,4,1304.0,3.5,True,2023,10,4,Tuesday,Medium Value
CUST003373,Nicole Das Neves,nicole.das.neves@provedor.com.br,41.0,feminino,Joinville,SC,2023-10-10,2032.0,8,1718.0,4.0,True,2023,10,4,Tuesday,Medium Value
CUST003189,Clarice Duarte,clarice.duarte@correio.net,38.0,feminino,Caxias do Sul,RS,2023-10-10,324895.0,8,1077.0,4.1,True,2023,10,4,Tuesday,Low Value
CUST004595,Sra. Bárbara Novais,sra..barbara.novais@provedor.com.br,38.0,feminino,Campinas,SP,2023-10-10,3238.0,9,2423.0,4.4,True,2023,10,4,Tuesday,High Value
CUST000710,Dra. Olivia Da Paz,dra..olivia.da.paz@provedor.com.br,27.0,feminino,Londrina,PR,2023-10-11,4604.0,4,1052.0,4.3,True,2023,10,4,Wednesday,Low Value
CUST003419,Maria Flor Campos,maria.flor.campos@correio.net,38.0,feminino,Juazeiro do Norte,CE,2023-10-11,5979.0,10,2735.0,2.3,True,2023,10,4,Wednesday,High Value
CUST004918,Oliver Vasconcelos,oliver.vasconcelos@email.com,44.0,masculino,Caxias do Sul,RS,2023-10-11,7382.0,5,1201.0,4.9,True,2023,10,4,Wednesday,Low Value
CUST003703,Clara Da Mota,clara.da.mota@mail.com,69.0,feminino,unknown,PR,2023-10-11,2099.0,5,1745.0,3.8,True,2023,10,4,Wednesday,Medium Value
CUST002370,Diego Mendonça,diego.mendonca@webmail.com,30.0,outro,Ribeirão Preto,SP,2023-10-11,3343.0,4,1017.0,4.6,True,2023,10,4,Wednesday,Low Value
CUST002757,Sr. Alexandre Guerra,sr..alexandre.guerra@provedor.com.br,46.0,masculino,Santos,SP,2023-10-12,4307.0,8,2049.0,4.9,True,2023,10,4,Thursday,High Value
CUST004335,Isis Viana,isis.viana@email.com,42.0,feminino,Vitória da Conquista,BA,2023-10-12,3623.0,8,2247.0,4.6,True,2023,10,4,Thursday,High Value
CUST000532,Yuri Vieira,yuri.vieira@provedor.com.br,26.0,masculino,Caruaru,PE,2023-10-12,2138.0,8,1948.0,3.5,True,2023,10,4,Thursday,Medium Value
CUST000521,Dr. Ravi Sá,dr..ravi.sa@email.com,45.0,masculino,Sobral,CE,2023-10-12,10509.0,8,3659.0,4.2,True,2023,10,4,Thursday,High Value
CUST002303,Dr. Renan Da Luz,dr..renan.da.luz@mail.com,36.0,masculino,Caxias do Sul,RS,2023-10-12,7741.0,8,2819.0,4.1,True,2023,10,4,Thursday,High Value
CUST004332,Ágatha Da Rocha,agatha.da.rocha@mail.com,42.0,feminino,unknown,CE,2023-10-12,3343.0,4,1093.0,4.6,True,2023,10,4,Thursday,Low Value
CUST004098,Pietra Sousa,pietra.sousa@correio.net,39.0,feminino,Brasília,DF,2023-10-13,3842.0,6,2252.0,4.9,True,2023,10,4,Friday,High Value
CUST002511,Clara Marques,clara.marques@webmail.com,19.0,outro,Goiânia,GO,2023-10-13,4007.0,6,1593.0,2.4,True,2023,10,4,Friday,Medium Value
CUST000533,Sr. Rael Oliveira,sr..rael.oliveira@email.com,21.0,masculino,Parintins,AM,2023-10-14,6152.0,11,2858.0,3.3,True,2023,10,4,Saturday,High Value
CUST004807,Henry Gabriel Carvalho,henry.gabriel.carvalho@webmail.com,39.0,masculino,Duque de Caxias,RJ,2023-10-14,2572.0,8,2682.0,3.8,True,2023,10,4,Saturday,High Value
CUST000397,Luan Souza,luan.souza@mail.com,48.0,outro,Uberlândia,MG,2023-10-14,3011.0,7,1449.0,5.0,True,2023,10,4,Saturday,Medium Value
CUST001896,Pedro Henrique Duarte,pedro.henrique.duarte@provedor.com.br,26.0,masculino,Pelotas,RS,2023-10-14,3448.0,7,960.0,4.7,True,2023,10,4,Saturday,Low Value
CUST001565,Zoe Guerra,zoe.guerra@provedor.com.br,31.0,feminino,Serra,ES,2023-10-14,3425.0,6,1702.0,3.1,True,2023,10,4,Saturday,Medium Value
CUST003475,Alexia Nascimento,alexia.nascimento@mail.com,18.0,feminino,unknown,PE,2023-10-14,900.0,3,628.0,4.4,True,2023,10,4,Saturday,Low Value
CUST000197,João Pedro Da Costa,joao.pedro.da.costa@mail.com,41.0,masculino,Rio de Janeiro,RJ,2023-10-15,4633.0,9,2157.0,4.7,True,2023,10,4,Sunday,High Value
CUST000537,Antonella Montenegro,antonella.montenegro@mail.com,50.0,feminino,Ribeirão Preto,SP,2023-10-15,5771.0,9,2436.0,4.0,True,2023,10,4,Sunday,High Value
CUST004684,Guilherme Cavalcanti,guilherme.cavalcanti@provedor.com.br,21.0,masculino,Santos,SP,2023-10-15,4198.0,10,1894.0,4.6,True,2023,10,4,Sunday,Medium Value
CUST004217,Srta. Lara Viana,srta..lara.viana@mail.com,38.0,feminino,Salvador,BA,2023-10-15,5929.0,6,1441.0,5.0,True,2023,10,4,Sunday,Medium Value
CUST002203,Sra. Aylla Marques,sra..aylla.marques@webmail.com,21.0,feminino,unknown,ES,2023-10-15,1735.0,14,2658.0,4.4,True,2023,10,4,Sunday,High Value
CUST002610,Heloísa Jesus,heloisa.jesus@email.com,29.0,outro,Rio de Janeiro,RJ,2023-10-15,3728.0,8,1447.0,4.0,True,2023,10,4,Sunday,Medium Value
CUST003952,Daniela Alves,daniela.alves@webmail.com,55.0,feminino,Sobral,CE,2023-10-16,3676.0,5,1054.0,4.4,True,2023,10,4,Monday,Low Value
CUST002151,Dr. Vitor Gabriel Farias,dr..vitor.gabriel.farias@email.com,33.0,masculino,Santos,SP,2023-10-16,3313.5,1,266.0,4.8,True,2023,10,4,Monday,Low Value
CUST001199,Benicio Rocha,benicio.rocha@email.com,38.0,masculino,Belo Horizonte,MG,2023-10-16,2274.0,4,1070.0,4.1,True,2023,10,4,Monday,Low Value
CUST004852,Dra. Carolina Casa Grande,dra..carolina.casa.grande@correio.net,53.0,feminino,Curitiba,PR,2023-10-16,2552.0,5,654.0,4.0,True,2023,10,4,Monday,Low Value
CUST000309,Pedro Sousa,pedro.sousa@webmail.com,46.0,outro,Duque de Caxias,RJ,2023-10-16,6698.0,7,2323.0,4.0,True,2023,10,4,Monday,High Value
CUST004227,Srta. Sara Rocha,srta..sara.rocha@correio.net,24.0,feminino,Rio Verde,GO,2023-10-17,2214.0,7,1089.0,3.1,True,2023,10,4,Tuesday,Low Value
CUST002233,Milena Nascimento,milena.nascimento@email.com,32.0,feminino,Juiz de Fora,MG,2023-10-17,4675.0,5,1553.0,4.9,True,2023,10,4,Tuesday,Medium Value
CUST000337,Sara Silva,sara.silva@provedor.com.br,18.0,feminino,Feira de Santana,BA,2023-10-17,4422.0,5,1391.0,5.0,True,2023,10,4,Tuesday,Medium Value
CUST002553,Kamilly Monteiro,kamilly.monteiro@mail.com,36.0,feminino,Pelotas,RS,2023-10-18,5160.0,6,1644.0,5.0,True,2023,10,4,Wednesday,Medium Value
CUST000438,Isabela Pastor,isabela.pastor@webmail.com,43.0,feminino,Petrópolis,RJ,2023-10-18,4903.0,4,1071.0,5.0,True,2023,10,4,Wednesday,Low Value
CUST003991,Luana Cavalcante,luana.cavalcante@correio.net,43.0,feminino,Florianópolis,SC,2023-10-18,5083.0,6,1063.0,4.9,True,2023,10,4,Wednesday,Low Value
CUST004002,Lorenzo Lima,lorenzo.lima@correio.net,37.0,masculino,Duque de Caxias,RJ,2023-10-18,1905.0,2,490.0,3.8,True,2023,10,4,Wednesday,Low Value
CUST003644,Eduardo Siqueira,eduardo.siqueira@mail.com,36.0,masculino,Uberlândia,MG,2023-10-19,2854.0,9,2714.0,2.9,True,2023,10,4,Thursday,High Value
CUST002000,Dr. Otávio Fonseca,dr..otavio.fonseca@correio.net,44.0,masculino,Ribeirão Preto,SP,2023-10-19,2362.0,6,1053.0,4.6,True,2023,10,4,Thursday,Low Value
CUST005012,Dr. João Guilherme Albuquerque,dr..joao.guilherme.albuquerque@mail.com,50.0,masculino,Ribeirão Preto,SP,2023-10-19,5208.0,3,1419.0,2.7,True,2023,10,4,Thursday,Medium Value
CUST003237,Rael Novais,rael.novais@correio.net,46.0,masculino,São Paulo,SP,2023-10-19,4471.0,3,1001.0,4.0,True,2023,10,4,Thursday,Low Value
CUST002670,Luan Andrade,luan.andrade@mail.com,34.0,masculino,Sorocaba,SP,2023-10-20,3865.0,7,1258.0,4.4,True,2023,10,4,Friday,Low Value
CUST002224,Sr. Ryan Camargo,sr..ryan.camargo@provedor.com.br,50.0,masculino,Santos,SP,2023-10-20,7565.0,12,4368.0,5.0,True,2023,10,4,Friday,High Value
CUST005003,Theodoro Rodrigues,theodoro.rodrigues@provedor.com.br,48.0,masculino,São Paulo,SP,2023-10-21,3036.0,7,1412.0,4.3,True,2023,10,4,Saturday,Medium Value
CUST000160,Pedro Henrique Abreu,pedro.henrique.abreu@email.com,48.0,masculino,Niterói,RJ,2023-10-21,3269.0,8,114869.0,4.8,True,2023,10,4,Saturday,High Value
CUST004711,Felipe Castro,felipe.castro@mail.com,69.0,masculino,Fortaleza,CE,2023-10-21,5635.0,7,2530.0,4.6,True,2023,10,4,Saturday,High Value
CUST000508,Enzo Gabriel Pinto,enzo.gabriel.pinto@email.com,36.0,masculino,Sobral,CE,2023-10-21,3009.0,9,1040.0,3.8,True,2023,10,4,Saturday,Low Value
CUST004290,Benjamin Barbosa,benjamin.barbosa@webmail.com,53.0,masculino,Parintins,AM,2023-10-21,7894.0,8,2723.0,4.6,True,2023,10,4,Saturday,High Value
CUST005030,Letícia Oliveira,leticia.oliveira@webmail.com,56.0,feminino,Ribeirão Preto,SP,2023-10-21,6991.0,5,1554.0,3.6,True,2023,10,4,Saturday,Medium Value
CUST002480,Laura Barbosa,laura.barbosa@webmail.com,35.0,feminino,Ribeirão Preto,SP,2023-10-21,3653.0,8,2215.0,3.2,True,2023,10,4,Saturday,High Value
CUST001208,Benício Costa,benicio.costa@correio.net,34.0,masculino,Ribeirão Preto,SP,2023-10-22,2832.0,8,1632.0,2.9,True,2023,10,4,Sunday,Medium Value
CUST000310,José Alves,jose.alves@provedor.com.br,39.0,masculino,Feira de Santana,BA,2023-10-22,4854.0,13,4904.0,3.2,True,2023,10,4,Sunday,High Value
CUST000716,Laura Barbosa,laura.barbosa@provedor.com.br,44.0,feminino,Santos,SP,2023-10-22,6600.0,12,4326.0,3.9,True,2023,10,4,Sunday,High Value
CUST002072,Samuel Sales,samuel.sales@email.com,27.0,masculino,unknown,RS,2023-10-22,7317.0,8,2051.0,3.7,True,2023,10,4,Sunday,High Value
CUST000916,Maya Ramos,maya.ramos@correio.net,32.0,feminino,São Paulo,SP,2023-10-23,4273.0,6,2056.0,3.9,True,2023,10,4,Monday,High Value
CUST003568,Erick Moura,erick.moura@correio.net,25.0,masculino,Caruaru,PE,2023-10-23,2436.0,6,1287.0,4.1,True,2023,10,4,Monday,Low Value
CUST003586,Caleb Porto,caleb.porto@email.com,34.0,masculino,Juiz de Fora,MG,2023-10-23,2742.0,7,1786.0,4.6,True,2023,10,4,Monday,Medium Value
CUST001425,Sofia Cavalcante,sofia.cavalcante@webmail.com,38.0,feminino,Vila Velha,ES,2023-10-23,4443.0,1,135.0,4.0,True,2023,10,4,Monday,Low Value
CUST002901,Manuella Machado,manuella.machado@email.com,38.0,feminino,Fortaleza,CE,2023-10-23,3105.0,8,942.0,4.3,True,2023,10,4,Monday,Low Value
CUST004809,Nicolas Almeida,nicolas.almeida@provedor.com.br,49.0,masculino,Rio Verde,GO,2023-10-24,3997.0,9,1723.0,4.2,True,2023,10,4,Tuesday,Medium Value
CUST004543,Enrico Moreira,enrico.moreira@email.com,36.0,outro,Salvador,BA,2023-10-24,2451.0,11,2144.0,4.4,True,2023,10,4,Tuesday,High Value
CUST004927,Antony Santos,antony.santos@email.com,41.0,masculino,Juazeiro do Norte,CE,2023-10-24,5775.0,6,2031.0,3.4,True,2023,10,4,Tuesday,High Value
CUST004932,Gabriela Cunha,gabriela.cunha@email.com,38.0,feminino,Pelotas,RS,2023-10-24,2282.0,9,2101.0,3.4,True,2023,10,4,Tuesday,High Value
CUST004134,Luiz Felipe Da Paz,luiz.felipe.da.paz@webmail.com,34.0,masculino,Caruaru,PE,2023-10-24,5265.0,7,2703.0,3.7,True,2023,10,4,Tuesday,High Value
CUST004371,Arthur Gabriel Ribeiro,arthur.gabriel.ribeiro@mail.com,30.0,masculino,Joinville,SC,2023-10-25,3745.0,8,1633.0,3.2,True,2023,10,4,Wednesday,Medium Value
CUST004474,Samuel Peixoto,samuel.peixoto@mail.com,28.0,masculino,Rio Verde,GO,2023-10-25,3400.0,10,3048.0,5.0,True,2023,10,4,Wednesday,High Value
CUST004006,Davi Albuquerque,davi.albuquerque@email.com,29.0,masculino,Manaus,AM,2023-10-25,4505.0,5,1297.0,5.0,True,2023,10,4,Wednesday,Low Value
CUST004964,Ana Vitória Nunes,ana.vitoria.nunes@correio.net,56.0,feminino,Sobral,CE,2023-10-25,3124.0,6,1579.0,4.0,True,2023,10,4,Wednesday,Medium Value
CUST004802,Alexandre Nascimento,alexandre.nascimento@webmail.com,53.0,outro,Juazeiro do Norte,CE,2023-10-25,3352.0,4,830.0,3.8,True,2023,10,4,Wednesday,Low Value
CUST000940,Maria Helena Silva,maria.helena.silva@webmail.com,31.0,feminino,Várzea Grande,MT,2023-10-25,2523.0,6,1862.0,3.5,True,2023,10,4,Wednesday,Medium Value
CUST004644,Juan Da Luz,juan.da.luz@provedor.com.br,33.0,masculino,Caruaru,PE,2023-10-26,2203.0,6,1008.0,3.9,True,2023,10,4,Thursday,Low Value
CUST000464,Ayla Lopes,ayla.lopes@correio.net,41.0,feminino,Vitória da Conquista,BA,2023-10-26,3583.0,4,1098.0,4.6,True,2023,10,4,Thursday,Low Value
CUST002024,Júlia Ribeiro,julia.ribeiro@webmail.com,37.0,feminino,Caxias do Sul,RS,2023-10-26,3560.0,5,1034.0,3.7,True,2023,10,4,Thursday,Low Value
CUST003855,Pedro Miguel Rezende,pedro.miguel.rezende@mail.com,57.0,masculino,São Paulo,SP,2023-10-27,7857.0,12,3792.0,3.8,True,2023,10,4,Friday,High Value
CUST003549,Lara Cardoso,lara.cardoso@correio.net,27.0,feminino,Caxias do Sul,RS,2023-10-27,6223.0,10,2363.0,4.6,True,2023,10,4,Friday,High Value
CUST003816,Cauã Barbosa,caua.barbosa@email.com,47.0,masculino,Cuiabá,MT,2023-10-27,5961.0,8,2427.0,3.4,True,2023,10,4,Friday,High Value
CUST004731,Maria Clara Aragão,maria.clara.aragao@provedor.com.br,29.0,feminino,Anápolis,GO,2023-10-27,1039.0,6,1153.0,4.2,True,2023,10,4,Friday,Low Value
CUST003956,Sra. Ester Da Costa,sra..ester.da.costa@mail.com,34.0,feminino,Rio de Janeiro,RJ,2023-10-27,6944.0,6,1889.0,4.5,True,2023,10,4,Friday,Medium Value
CUST004748,Diogo Pereira,diogo.pereira@provedor.com.br,28.0,masculino,Joinville,SC,2023-10-27,1609.0,13,2846.0,3.8,True,2023,10,4,Friday,High Value
CUST004449,Arthur Miguel Porto,arthur.miguel.porto@webmail.com,51.0,masculino,Várzea Grande,MT,2023-10-27,3847.0,7,1440.0,3.9,True,2023,10,4,Friday,Medium Value
CUST001409,Ana Carolina Nascimento,ana.carolina.nascimento@mail.com,38.0,feminino,Juiz de Fora,MG,2023-10-28,2600.0,12,2549.0,4.0,True,2023,10,4,Saturday,High Value
CUST000368,Pedro Henrique Brito,pedro.henrique.brito@correio.net,21.0,masculino,Juazeiro do Norte,CE,2023-10-28,2903.0,6,1448.0,3.8,True,2023,10,4,Saturday,Medium Value
CUST000491,Sophie Camargo,sophie.camargo@correio.net,24.0,feminino,unknown,CE,2023-10-28,4446.0,4,1086.0,4.8,True,2023,10,4,Saturday,Low Value
CUST004704,Srta. Cecilia Monteiro,srta..cecilia.monteiro@webmail.com,45.0,feminino,Petrópolis,RJ,2023-10-29,3207.0,10,2763.0,4.1,True,2023,10,4,Sunday,High Value
CUST003071,Cecilia Silveira,cecilia.silveira@provedor.com.br,59.0,feminino,Brasília,DF,2023-10-29,3032.0,7,1978.0,4.4,True,2023,10,4,Sunday,Medium Value
CUST001819,João Pedro Martins,joao.pedro.martins@mail.com,30.0,masculino,Curitiba,PR,2023-10-29,2028.0,5,1395.0,3.5,True,2023,10,4,Sunday,Medium Value
CUST003154,Fernanda Costa,fernanda.costa@email.com,24.0,feminino,Belo Horizonte,MG,2023-10-29,1827.0,7,1684.0,3.9,True,2023,10,4,Sunday,Medium Value
CUST000454,Vitória Da Rocha,vitoria.da.rocha@webmail.com,25.0,feminino,Santos,SP,2023-10-29,2500.0,5,1527.0,3.6,True,2023,10,4,Sunday,Medium Value
CUST001410,Maria Fernanda Albuquerque,maria.fernanda.albuquerque@correio.net,63.0,feminino,Brasília,DF,2023-10-29,3430.0,7,1279.0,5.0,True,2023,10,4,Sunday,Low Value
CUST004094,Dr. Thales Costela,dr..thales.costela@webmail.com,39.0,masculino,Pelotas,RS,2023-10-29,3320.0,14,3686.0,2.7,True,2023,10,4,Sunday,High Value
CUST002164,Theo Da Costa,theo.da.costa@email.com,24.0,masculino,Caruaru,PE,2023-10-29,1625.0,12,2607.0,4.4,True,2023,10,4,Sunday,High Value
CUST000544,Dr. Benício Farias,dr..benicio.farias@mail.com,32.0,masculino,Curitiba,PR,2023-10-30,4377.0,5,1499.0,4.4,True,2023,10,4,Monday,Medium Value
CUST003804,Rafael Novaes,rafael.novaes@email.com,41.0,masculino,Blumenau,SC,2023-10-30,2041.0,8,1575.0,5.0,True,2023,10,4,Monday,Medium Value
CUST003830,Luiz Henrique Cardoso,luiz.henrique.cardoso@provedor.com.br,29.0,masculino,Juiz de Fora,MG,2023-10-30,4057.0,5,1043.0,5.0,True,2023,10,4,Monday,Low Value
CUST000798,Maria Luiza Rodrigues,maria.luiza.rodrigues@correio.net,45.0,feminino,Fortaleza,CE,2023-10-30,4975.0,8,2478.0,3.6,True,2023,10,4,Monday,High Value
CUST004536,Gustavo Henrique Sá,gustavo.henrique.sa@provedor.com.br,27.0,masculino,Porto Alegre,RS,2023-10-30,2574.0,9,2716.0,3.0,True,2023,10,4,Monday,High Value
CUST002688,Vinícius Melo,vinicius.melo@email.com,27.0,masculino,Curitiba,PR,2023-10-31,6318.0,12,2814.0,4.9,True,2023,10,4,Tuesday,High Value
CUST002040,Luigi Gonçalves,luigi.goncalves@email.com,38.0,outro,Rio de Janeiro,RJ,2023-10-31,1916.0,5,1083.0,2.8,True,2023,10,4,Tuesday,Low Value
CUST004900,Sra. Julia Nascimento,sra..julia.nascimento@webmail.com,43.0,feminino,Sorocaba,SP,2023-10-31,3313.5,7,1997.0,3.2,True,2023,10,4,Tuesday,Medium Value
CUST004778,Anna Liz Pires,anna.liz.pires@correio.net,18.0,feminino,Florianópolis,SC,2023-10-31,3610.0,8,2557.0,5.0,True,2023,10,4,Tuesday,High Value
CUST004430,Dr. Diego Brito,dr..diego.brito@provedor.com.br,48.0,masculino,Juiz de Fora,MG,2023-10-31,6830.0,6,2769.0,3.7,True,2023,10,4,Tuesday,High Value
CUST000222,Allana Souza,allana.souza@mail.com,42.0,feminino,unknown,PR,2023-10-31,2197.0,5,1085.0,4.0,True,2023,10,4,Tuesday,Low Value
CUST005033,Srta. Ana Clara Cavalcante,srta..ana.clara.cavalcante@webmail.com,29.0,feminino,Ribeirão Preto,SP,2023-10-31,2204.0,6,1653.0,3.7,True,2023,10,4,Tuesday,Medium Value
CUST000127,Ana Júlia Borges,ana.julia.borges@webmail.com,36.0,feminino,Juazeiro do Norte,CE,2023-11-01,2219.0,9,2774.0,4.0,True,2023,11,4,Wednesday,High Value
CUST000132,Alexia Camargo,alexia.camargo@webmail.com,38.0,feminino,Santos,SP,2023-11-01,4219.0,8,2747.0,3.9,True,2023,11,4,Wednesday,High Value
CUST002748,João Guilherme Barros,joao.guilherme.barros@webmail.com,18.0,masculino,Feira de Santana,BA,2023-11-01,3366.5,9,2216.0,3.1,True,2023,11,4,Wednesday,High Value
CUST004707,Maria Isis Rezende,maria.isis.rezende@mail.com,26.0,feminino,Campinas,SP,2023-11-01,3769.0,6,1152.0,4.0,True,2023,11,4,Wednesday,Low Value
CUST000350,Maria Flor Marques,maria.flor.marques@webmail.com,38.0,outro,Várzea Grande,MT,2023-11-01,6395.0,6,2042.0,4.7,True,2023,11,4,Wednesday,High Value
CUST003456,Hellena Silveira,hellena.silveira@webmail.com,32.0,feminino,Várzea Grande,MT,2023-11-01,2236.0,7,1626.0,4.2,True,2023,11,4,Wednesday,Medium Value
CUST004908,Dra. Emilly Correia,dra..emilly.correia@webmail.com,55.0,feminino,Sorocaba,SP,2023-11-01,3731.0,7,1754.0,5.0,True,2023,11,4,Wednesday,Medium Value
CUST001920,Laís Da Luz,lais.da.luz@mail.com,44.0,feminino,Sorocaba,SP,2023-11-01,5145.0,6,1288.0,4.1,True,2023,11,4,Wednesday,Low Value
CUST002937,Alana Da Cruz,alana.da.cruz@correio.net,22.0,feminino,Uberlândia,MG,2023-11-02,2964.0,6,1935.0,3.5,True,2023,11,4,Thursday,Medium Value
CUST004175,Srta. Nicole Teixeira,srta..nicole.teixeira@correio.net,33.0,feminino,Santos,SP,2023-11-02,3860.0,8,2870.0,3.4,True,2023,11,4,Thursday,High Value
CUST002259,Maria Câmara,maria.camara@webmail.com,38.0,outro,Contagem,MG,2023-11-02,4248.0,2,523.0,4.1,True,2023,11,4,Thursday,Low Value
CUST004125,Aurora Correia,aurora.correia@email.com,25.0,feminino,Juazeiro do Norte,CE,2023-11-02,6392.0,4,1175.0,4.0,True,2023,11,4,Thursday,Low Value
CUST002227,Leandro Guerra,leandro.guerra@correio.net,44.0,outro,unknown,GO,2023-11-03,3400.0,4,715.0,4.1,True,2023,11,4,Friday,Low Value
CUST001767,Emanuelly Melo,emanuelly.melo@provedor.com.br,36.0,feminino,Contagem,MG,2023-11-03,2425.0,6,1444.0,4.0,True,2023,11,4,Friday,Medium Value
CUST001160,Maria Fernanda Campos,maria.fernanda.campos@provedor.com.br,26.0,feminino,Florianópolis,SC,2023-11-03,3120.0,10,2299.0,3.6,True,2023,11,4,Friday,High Value
CUST003821,Gabriel Novaes,gabriel.novaes@webmail.com,31.0,masculino,Caruaru,PE,2023-11-03,2103.0,6,1292.0,3.7,True,2023,11,4,Friday,Low Value
CUST002942,Sr. Dom Sá,sr..dom.sa@correio.net,37.0,masculino,Ananindeua,PA,2023-11-04,2113.0,7,1485.0,2.2,True,2023,11,4,Saturday,Medium Value
CUST004786,Larissa Novais,larissa.novais@correio.net,30.0,feminino,Goiânia,GO,2023-11-04,1951.0,6,1161.0,2.9,True,2023,11,4,Saturday,Low Value
CUST004271,Dra. Anna Liz Novaes,dra..anna.liz.novaes@correio.net,33.0,feminino,unknown,RS,2023-11-04,2865.0,5,730.0,3.7,True,2023,11,4,Saturday,Low Value
CUST003835,Ana Carolina Da Rocha,ana.carolina.da.rocha@email.com,44.0,feminino,São Paulo,SP,2023-11-05,2982.0,5,1443.0,4.5,True,2023,11,4,Sunday,Medium Value
CUST001422,Eloah Guerra,eloah.guerra@mail.com,38.0,feminino,Londrina,PR,2023-11-05,3709.0,5,908.0,4.0,True,2023,11,4,Sunday,Low Value
CUST002200,Luana Farias,luana.farias@email.com,29.0,feminino,Rio Verde,GO,2023-11-06,2490.0,6,1166.0,3.7,True,2023,11,4,Monday,Low Value
CUST002996,Arthur Gabriel Souza,arthur.gabriel.souza@mail.com,21.0,masculino,Uberlândia,MG,2023-11-06,2091.0,5,934.0,4.5,True,2023,11,4,Monday,Low Value
CUST003574,Fernando Ferreira,fernando.ferreira@mail.com,51.0,masculino,Cuiabá,MT,2023-11-06,3632.0,6,1611.0,3.9,True,2023,11,4,Monday,Medium Value
CUST000974,Gabriela Pastor,gabriela.pastor@webmail.com,30.0,feminino,Caruaru,PE,2023-11-06,3481.0,7,2007.0,3.6,True,2023,11,4,Monday,Medium Value
CUST001973,Breno Silveira,breno.silveira@correio.net,29.0,masculino,Manaus,AM,2023-11-07,4477.0,8,2115.0,4.1,True,2023,11,4,Tuesday,High Value
CUST000125,Gabrielly Rodrigues,gabrielly.rodrigues@mail.com,38.0,feminino,Contagem,MG,2023-11-07,4155.0,7,1965.0,2.9,True,2023,11,4,Tuesday,Medium Value
CUST000345,Juliana Abreu,juliana.abreu@webmail.com,42.0,feminino,Serra,ES,2023-11-07,9284.0,5,1482.0,3.3,True,2023,11,4,Tuesday,Medium Value
CUST000919,Olívia Da Mata,olivia.da.mata@correio.net,45.0,feminino,Joinville,SC,2023-11-07,5981.0,13,247008.0,3.8,True,2023,11,4,Tuesday,High Value
CUST002744,José Miguel Da Rosa,jose.miguel.da.rosa@email.com,32.0,masculino,Cuiabá,MT,2023-11-08,3080.0,7,1010.0,3.2,True,2023,11,4,Wednesday,Low Value
CUST001871,Clarice Aragão,clarice.aragao@provedor.com.br,40.0,feminino,Blumenau,SC,2023-11-08,3286.0,5,1258.0,4.7,True,2023,11,4,Wednesday,Low Value
CUST003298,Allana Pereira,allana.pereira@mail.com,38.0,feminino,Petrópolis,RJ,2023-11-08,3395.0,5,1009.0,5.0,True,2023,11,4,Wednesday,Low Value
CUST001534,Mateus Casa Grande,mateus.casa.grande@correio.net,37.0,masculino,Olinda,PE,2023-11-08,1574.0,12,3369.0,3.9,True,2023,11,4,Wednesday,High Value
CUST004615,Bárbara Araújo,barbara.araujo@email.com,48.0,feminino,Pelotas,RS,2023-11-08,322852.0,7,1626.0,3.4,True,2023,11,4,Wednesday,Medium Value
CUST000018,Maria Cecília Oliveira,maria.cecilia.oliveira@webmail.com,25.0,feminino,Juazeiro do Norte,CE,2023-11-08,5811.0,14,3739.0,4.0,True,2023,11,4,Wednesday,High Value
CUST003404,Sr. Miguel Sampaio,sr..miguel.sampaio@webmail.com,35.0,masculino,Santos,SP,2023-11-08,1323.0,13,2123.0,4.3,True,2023,11,4,Wednesday,High Value
CUST004252,Carolina Viana,carolina.viana@mail.com,42.0,feminino,Contagem,MG,2023-11-08,1280.0,9,1107.0,3.9,True,2023,11,4,Wednesday,Low Value
CUST004440,Thales Da Luz,thales.da.luz@mail.com,38.0,masculino,Santos,SP,2023-11-09,3848.0,9,2738.0,5.0,True,2023,11,4,Thursday,High Value
CUST003918,João Miguel Ribeiro,joao.miguel.ribeiro@correio.net,50.0,masculino,Sorocaba,SP,2023-11-09,3313.5,4,662.0,4.0,True,2023,11,4,Thursday,Low Value
CUST001925,Sr. Vitor Gabriel Gomes,sr..vitor.gabriel.gomes@webmail.com,45.0,masculino,Pelotas,RS,2023-11-10,3702.0,3,742.0,3.7,True,2023,11,4,Friday,Low Value
CUST004940,Kamilly Nascimento,kamilly.nascimento@correio.net,29.0,feminino,unknown,RS,2023-11-10,3448.0,6,1006.0,4.8,True,2023,11,4,Friday,Low Value
CUST000786,Juan Nunes,juan.nunes@mail.com,44.0,masculino,Rio Verde,GO,2023-11-11,2183.0,9,1840.0,5.0,True,2023,11,4,Saturday,Medium Value
CUST001501,Luiz Gustavo Porto,luiz.gustavo.porto@correio.net,32.0,masculino,Uberlândia,MG,2023-11-11,3313.0,6,1791.0,4.8,True,2023,11,4,Saturday,Medium Value
CUST004329,Mateus Martins,mateus.martins@webmail.com,20.0,masculino,São Paulo,SP,2023-11-11,4400.0,7,2106.0,3.6,True,2023,11,4,Saturday,High Value
CUST004895,Dra. Mirella Abreu,dra..mirella.abreu@provedor.com.br,61.0,feminino,Belo Horizonte,MG,2023-11-12,5230.0,10,3729.0,4.0,True,2023,11,4,Sunday,High Value
CUST000219,Lunna Fernandes,lunna.fernandes@mail.com,35.0,feminino,Salvador,BA,2023-11-12,2574.0,7,1343.0,3.4,True,2023,11,4,Sunday,Medium Value
CUST003969,Breno Costela,breno.costela@provedor.com.br,34.0,masculino,Várzea Grande,MT,2023-11-12,3191.0,9,1664.0,4.5,True,2023,11,4,Sunday,Medium Value
CUST001156,Arthur Miguel Novaes,arthur.miguel.novaes@correio.net,35.0,masculino,Rio de Janeiro,RJ,2023-11-12,1714.0,5,1276.0,3.1,True,2023,11,4,Sunday,Low Value
CUST003015,Rael Rios,rael.rios@mail.com,39.0,masculino,Parintins,AM,2023-11-12,3326.0,6,2204.0,4.0,True,2023,11,4,Sunday,High Value
CUST002011,Daniel Das Neves,daniel.das.neves@correio.net,35.0,masculino,Sorocaba,SP,2023-11-12,3082.0,8,1171.0,2.5,True,2023,11,4,Sunday,Low Value
CUST000323,Levi Da Cunha,levi.da.cunha@mail.com,25.0,masculino,Curitiba,PR,2023-11-12,2153.0,8,1740.0,3.8,True,2023,11,4,Sunday,Medium Value
CUST000602,Sofia Novaes,sofia.novaes@webmail.com,35.0,outro,Ribeirão Preto,SP,2023-11-12,4219.0,7,1311.0,3.0,True,2023,11,4,Sunday,Medium Value
CUST004653,Dra. Juliana Borges,dra..juliana.borges@provedor.com.br,37.0,outro,Salvador,BA,2023-11-13,5717.0,5,1381.0,5.0,True,2023,11,4,Monday,Medium Value
CUST004076,Luiz Gustavo Lopes,luiz.gustavo.lopes@mail.com,34.0,masculino,Duque de Caxias,RJ,2023-11-14,2896.0,3,400.0,3.9,True,2023,11,4,Tuesday,Low Value
CUST003308,Pedro Miguel Aragão,pedro.miguel.aragao@webmail.com,46.0,masculino,Sobral,CE,2023-11-14,6591.0,10,2959.0,4.0,True,2023,11,4,Tuesday,High Value
CUST000844,Vitor Hugo Cunha,vitor.hugo.cunha@provedor.com.br,23.0,masculino,Santos,SP,2023-11-14,2010.0,5,738.0,5.0,True,2023,11,4,Tuesday,Low Value
CUST004194,Yago Da Luz,yago.da.luz@provedor.com.br,22.0,masculino,Florianópolis,SC,2023-11-14,5296.0,8,2047.0,4.7,True,2023,11,4,Tuesday,High Value
CUST004671,Rafaela Rocha,rafaela.rocha@provedor.com.br,49.0,feminino,São Paulo,SP,2023-11-14,2884.0,8,1692.0,3.2,True,2023,11,4,Tuesday,Medium Value
CUST000848,Luna Da Costa,luna.da.costa@mail.com,31.0,outro,São Paulo,SP,2023-11-15,1825.0,8,1351.0,3.0,True,2023,11,4,Wednesday,Medium Value
CUST000913,Mateus Garcia,mateus.garcia@mail.com,31.0,masculino,Serra,ES,2023-11-15,3159.0,9,2178.0,3.0,True,2023,11,4,Wednesday,High Value
CUST004036,Lorenzo Sales,lorenzo.sales@webmail.com,35.0,masculino,Joinville,SC,2023-11-15,3815.0,8,1927.0,4.6,True,2023,11,4,Wednesday,Medium Value
CUST002141,Srta. Alexia Porto,srta..alexia.porto@email.com,24.0,feminino,Ribeirão Preto,SP,2023-11-15,3313.5,5,1559.0,4.0,True,2023,11,4,Wednesday,Medium Value
CUST001092,Alexandre Cunha,alexandre.cunha@mail.com,37.0,masculino,Blumenau,SC,2023-11-15,3515.0,9,1714.0,4.0,True,2023,11,4,Wednesday,Medium Value
CUST002926,Maysa Marques,maysa.marques@webmail.com,26.0,feminino,Sobral,CE,2023-11-16,2051.0,4,935.0,4.3,True,2023,11,4,Thursday,Low Value
CUST000626,Bruno Lopes,bruno.lopes@mail.com,18.0,masculino,Curitiba,PR,2023-11-16,2131.0,10,1836.0,3.7,True,2023,11,4,Thursday,Medium Value
CUST003101,Sra. Evelyn Rocha,sra..evelyn.rocha@correio.net,22.0,feminino,Vitória,ES,2023-11-16,1756.0,10,2012.0,3.3,True,2023,11,4,Thursday,Medium Value
CUST003603,Brenda Fernandes,brenda.fernandes@email.com,28.0,feminino,Goiânia,GO,2023-11-16,7252.0,9,2919.0,4.5,True,2023,11,4,Thursday,High Value
CUST003450,Ravi Lucca Cavalcante,ravi.lucca.cavalcante@webmail.com,33.0,masculino,Belém,PA,2023-11-16,1599.0,7,1075.0,2.5,True,2023,11,4,Thursday,Low Value
CUST001667,Rafaela Pereira,rafaela.pereira@email.com,40.0,outro,Parintins,AM,2023-11-17,3326.0,8,2067.0,5.0,True,2023,11,4,Friday,High Value
CUST000957,Clara Azevedo,clara.azevedo@email.com,37.0,feminino,Sorocaba,SP,2023-11-17,4779.0,5,1383.0,4.1,True,2023,11,4,Friday,Medium Value
CUST004525,Lívia Casa Grande,livia.casa.grande@webmail.com,42.0,feminino,Caruaru,PE,2023-11-17,3964.0,8,1837.0,4.5,True,2023,11,4,Friday,Medium Value
CUST004506,Thiago Silveira,thiago.silveira@provedor.com.br,25.0,masculino,Brasília,DF,2023-11-18,2406.0,6,645.0,4.0,True,2023,11,4,Saturday,Low Value
CUST000366,Ana Lívia Da Costa,ana.livia.da.costa@correio.net,61.0,feminino,Pelotas,RS,2023-11-18,3253.0,5,1268.0,4.0,True,2023,11,4,Saturday,Low Value
CUST002343,Sr. Arthur Miguel Rios,sr..arthur.miguel.rios@provedor.com.br,39.0,masculino,Vitória da Conquista,BA,2023-11-18,3401.0,5,1245.0,5.0,True,2023,11,4,Saturday,Low Value
CUST004881,Ayla Souza,ayla.souza@provedor.com.br,33.0,feminino,Sorocaba,SP,2023-11-19,4292.0,9,3313.0,4.3,True,2023,11,4,Sunday,High Value
CUST003413,Heitor Cirino,heitor.cirino@correio.net,24.0,masculino,Juiz de Fora,MG,2023-11-19,3151.0,6,655.0,4.2,True,2023,11,4,Sunday,Low Value
CUST001146,João Silva,joao.silva@webmail.com,24.0,masculino,Porto Alegre,RS,2023-11-19,3620.0,7,1602.0,3.8,True,2023,11,4,Sunday,Medium Value
CUST001232,Isabel Castro,isabel.castro@mail.com,23.0,outro,Recife,PE,2023-11-20,3330.0,11,3810.0,5.0,True,2023,11,4,Monday,High Value
CUST002733,Luiza Nogueira,luiza.nogueira@webmail.com,41.0,feminino,Campinas,SP,2023-11-20,5629.0,2,678.0,5.0,True,2023,11,4,Monday,Low Value
CUST003003,Raquel Alves,raquel.alves@mail.com,24.0,feminino,Londrina,PR,2023-11-20,2609.0,6,1082.0,4.0,True,2023,11,4,Monday,Low Value
CUST002891,Matteo Aragão,matteo.aragao@email.com,38.0,masculino,Uberlândia,MG,2023-11-20,6224.0,3,806.0,4.3,True,2023,11,4,Monday,Low Value
CUST002289,Emanuella Pastor,emanuella.pastor@provedor.com.br,18.0,feminino,Ananindeua,PA,2023-11-20,2475.0,8,2142.0,4.0,True,2023,11,4,Monday,High Value
CUST002281,Sra. Eloá Oliveira,sra..eloa.oliveira@correio.net,18.0,feminino,Florianópolis,SC,2023-11-20,2684.0,7,1728.0,5.0,True,2023,11,4,Monday,Medium Value
CUST003488,Ryan Siqueira,ryan.siqueira@email.com,30.0,masculino,Recife,PE,2023-11-21,3481.0,10,2466.0,3.4,True,2023,11,4,Tuesday,High Value
CUST000742,Noah Montenegro,noah.montenegro@webmail.com,52.0,masculino,Londrina,PR,2023-11-21,4455.0,3,748.0,4.4,True,2023,11,4,Tuesday,Low Value
CUST000424,Isaac Fonseca,isaac.fonseca@provedor.com.br,35.0,masculino,Ribeirão Preto,SP,2023-11-21,6032.0,6,2194.0,4.2,True,2023,11,4,Tuesday,High Value
CUST003977,Davi Correia,davi.correia@email.com,38.0,masculino,Maringá,PR,2023-11-21,4004.0,12,3397.0,3.9,True,2023,11,4,Tuesday,High Value
CUST003940,Pedro Da Costa,pedro.da.costa@correio.net,44.0,masculino,Campinas,SP,2023-11-22,1794.0,11,2112.0,3.4,True,2023,11,4,Wednesday,High Value
CUST003882,Olívia Cunha,olivia.cunha@mail.com,51.0,feminino,Juiz de Fora,MG,2023-11-22,2573.0,6,1164.0,2.2,True,2023,11,4,Wednesday,Low Value
CUST002589,Breno Almeida,breno.almeida@email.com,18.0,masculino,Petrópolis,RJ,2023-11-22,3628.0,4,876.0,3.9,True,2023,11,4,Wednesday,Low Value
CUST002395,Maria Sophia Da Costa,maria.sophia.da.costa@email.com,38.0,outro,Serra,ES,2023-11-23,2490.0,10,2229.0,4.0,True,2023,11,4,Thursday,High Value
CUST003441,Melina Da Conceição,melina.da.conceicao@provedor.com.br,53.0,feminino,Sobral,CE,2023-11-23,4688.0,3,90607.0,4.0,True,2023,11,4,Thursday,High Value
CUST003390,Luiz Miguel Pires,luiz.miguel.pires@mail.com,25.0,masculino,Rio Verde,GO,2023-11-23,1876.0,4,1153.0,1.9,True,2023,11,4,Thursday,Low Value
CUST001728,André Borges,andre.borges@provedor.com.br,40.0,masculino,Santos,SP,2023-11-23,3621.0,5,1098.0,3.9,True,2023,11,4,Thursday,Low Value
CUST002759,Antonella Camargo,antonella.camargo@provedor.com.br,63.0,feminino,Florianópolis,SC,2023-11-23,2852.0,8,1465.0,2.5,True,2023,11,4,Thursday,Medium Value
CUST002445,Matteo Mendes,matteo.mendes@email.com,58.0,masculino,Duque de Caxias,RJ,2023-11-24,3481.0,4,1162.0,3.5,True,2023,11,4,Friday,Low Value
CUST003008,Marcela Azevedo,marcela.azevedo@webmail.com,34.0,feminino,unknown,RJ,2023-11-24,323629.0,1,202.0,2.4,True,2023,11,4,Friday,Low Value
CUST002491,Dr. Ryan Pastor,dr..ryan.pastor@mail.com,38.0,masculino,Vila Velha,ES,2023-11-24,3014.0,6,1638.0,3.8,True,2023,11,4,Friday,Medium Value
CUST002773,Eloá Nunes,eloa.nunes@mail.com,46.0,feminino,Rio Verde,GO,2023-11-24,3651.0,2,388.0,4.1,True,2023,11,4,Friday,Low Value
CUST001098,Maria Isis Borges,maria.isis.borges@mail.com,42.0,feminino,Santos,SP,2023-11-24,4485.0,8,210011.0,4.0,True,2023,11,4,Friday,High Value
CUST004478,Lorenzo Da Luz,lorenzo.da.luz@provedor.com.br,25.0,masculino,Pelotas,RS,2023-11-25,3448.0,6,1473.0,4.5,True,2023,11,4,Saturday,Medium Value
CUST001847,Dra. Maya Moura,dra..maya.moura@webmail.com,18.0,feminino,Brasília,DF,2023-11-25,4179.0,5,1202.0,4.3,True,2023,11,4,Saturday,Low Value
CUST004740,Isadora Cavalcanti,isadora.cavalcanti@email.com,62.0,feminino,Caruaru,PE,2023-11-25,7566.0,8,2765.0,4.1,True,2023,11,4,Saturday,High Value
CUST001679,Davi Lucas Oliveira,davi.lucas.oliveira@webmail.com,47.0,masculino,Santos,SP,2023-11-25,4720.0,5,1241.0,3.8,True,2023,11,4,Saturday,Low Value
CUST001638,Allana Montenegro,allana.montenegro@webmail.com,26.0,feminino,Uberlândia,MG,2023-11-25,4036.0,8,2392.0,3.6,True,2023,11,4,Saturday,High Value
CUST003793,Luiz Otávio Casa Grande,luiz.otavio.casa.grande@correio.net,43.0,masculino,Vitória da Conquista,BA,2023-11-25,5794.0,5,1404.0,3.8,True,2023,11,4,Saturday,Medium Value
CUST002357,Srta. Letícia Sampaio,srta..leticia.sampaio@provedor.com.br,55.0,feminino,Juazeiro do Norte,CE,2023-11-25,5596.0,5,1164.0,4.5,True,2023,11,4,Saturday,Low Value
CUST004769,Laura Siqueira,laura.siqueira@provedor.com.br,38.0,feminino,Sorocaba,SP,2023-11-25,3348.0,7,1082.0,3.8,True,2023,11,4,Saturday,Low Value
CUST004461,Isaac Porto,isaac.porto@provedor.com.br,30.0,masculino,Duque de Caxias,RJ,2023-11-25,2404.0,7,1604.0,4.8,True,2023,11,4,Saturday,Medium Value
CUST000177,Lucas Gabriel Borges,lucas.gabriel.borges@mail.com,38.0,masculino,unknown,SP,2023-11-25,3201.0,6,1307.0,3.9,True,2023,11,4,Saturday,Medium Value
CUST002892,Anthony Caldeira,anthony.caldeira@provedor.com.br,49.0,masculino,Brasília,DF,2023-11-26,3430.0,10,2216.0,3.3,True,2023,11,4,Sunday,High Value
CUST001206,Murilo Freitas,murilo.freitas@email.com,38.0,masculino,Santos,SP,2023-11-26,3313.5,5,1588.0,4.0,True,2023,11,4,Sunday,Medium Value
CUST000855,Liam Sampaio,liam.sampaio@email.com,34.0,masculino,Uberlândia,MG,2023-11-26,1564.0,6,1018.0,4.8,True,2023,11,4,Sunday,Low Value
CUST004012,Cauã Novais,caua.novais@email.com,44.0,masculino,unknown,GO,2023-11-26,1399.0,8,1526.0,3.3,True,2023,11,4,Sunday,Medium Value
CUST000043,Matheus Garcia,matheus.garcia@mail.com,29.0,masculino,Pelotas,RS,2023-11-26,256084.0,6,1154.0,4.2,True,2023,11,4,Sunday,Low Value
CUST002606,Dr. Luiz Otávio Sampaio,dr..luiz.otavio.sampaio@correio.net,66.0,masculino,Pelotas,RS,2023-11-26,3189.0,4,736.0,4.4,True,2023,11,4,Sunday,Low Value
CUST004317,Ester Ribeiro,ester.ribeiro@provedor.com.br,33.0,feminino,Sorocaba,SP,2023-11-26,2318.0,7,1287.0,4.0,True,2023,11,4,Sunday,Low Value
CUST000805,Isadora Rodrigues,isadora.rodrigues@mail.com,60.0,feminino,Feira de Santana,BA,2023-11-26,1915.0,4,692.0,3.1,True,2023,11,4,Sunday,Low Value
CUST001950,Dr. Raul Sampaio,dr..raul.sampaio@email.com,49.0,masculino,Caruaru,PE,2023-11-27,4059.0,6,1507.0,4.0,True,2023,11,4,Monday,Medium Value
CUST002486,Luiz Felipe Leão,luiz.felipe.leao@webmail.com,43.0,masculino,Campinas,SP,2023-11-27,5185.0,2,527.0,3.9,True,2023,11,4,Monday,Low Value
CUST003743,Juliana Pires,juliana.pires@mail.com,46.0,feminino,Belo Horizonte,MG,2023-11-27,6190.0,9,2316.0,3.7,True,2023,11,4,Monday,High Value
CUST002071,Ana Luiza Cavalcanti,ana.luiza.cavalcanti@email.com,51.0,feminino,Pelotas,RS,2023-11-28,2571.0,7,128773.0,3.4,True,2023,11,4,Tuesday,High Value
CUST000435,Davi Lucca Nogueira,davi.lucca.nogueira@email.com,19.0,masculino,Ribeirão Preto,SP,2023-11-28,2250.0,3,750.0,4.3,True,2023,11,4,Tuesday,Low Value
CUST001231,Maria Alice Vargas,maria.alice.vargas@email.com,18.0,feminino,Santos,SP,2023-11-28,3128.0,5,1236.0,4.8,True,2023,11,4,Tuesday,Low Value
CUST002097,Sra. Sophia Pimenta,sra..sophia.pimenta@provedor.com.br,30.0,outro,Brasília,DF,2023-11-29,4030.0,5,1118.0,3.2,True,2023,11,4,Wednesday,Low Value
CUST003401,Dr. Leandro Siqueira,dr..leandro.siqueira@correio.net,30.0,masculino,Caxias do Sul,RS,2023-11-29,6828.0,9,3168.0,4.3,True,2023,11,4,Wednesday,High Value
CUST000628,Luna Caldeira,luna.caldeira@webmail.com,22.0,feminino,Fortaleza,CE,2023-11-30,4166.0,725,1657.0,3.8,True,2023,11,4,Thursday,Medium Value
CUST001743,Sra. Maria Luiza Pastor,sra..maria.luiza.pastor@correio.net,46.0,feminino,Manaus,AM,2023-12-01,5330.0,7,1661.0,2.6,True,2023,12,4,Friday,Medium Value
CUST000514,Breno Moraes,breno.moraes@webmail.com,18.0,masculino,Sorocaba,SP,2023-12-01,2304.0,4,1026.0,4.4,True,2023,12,4,Friday,Low Value
CUST002217,Maria Liz Pastor,maria.liz.pastor@correio.net,29.0,feminino,Pelotas,RS,2023-12-01,2328.0,896,485.0,3.6,True,2023,12,4,Friday,Low Value
CUST001386,Ravy Cardoso,ravy.cardoso@webmail.com,42.0,masculino,Pelotas,RS,2023-12-02,2942.0,11,2981.0,5.0,True,2023,12,4,Saturday,High Value
CUST002150,Srta. Rafaela Cassiano,srta..rafaela.cassiano@correio.net,38.0,feminino,Ribeirão Preto,SP,2023-12-02,2274.0,2,627.0,4.9,True,2023,12,4,Saturday,Low Value
CUST004091,Heloisa Pinto,heloisa.pinto@webmail.com,46.0,feminino,Rio Verde,GO,2023-12-02,3592.0,11,851.0,3.9,True,2023,12,4,Saturday,Low Value
CUST000943,Lorena Macedo,lorena.macedo@email.com,26.0,feminino,Brasília,DF,2023-12-03,4039.0,6,1936.0,3.0,True,2023,12,4,Sunday,Medium Value
CUST000140,Maria Luísa Pinto,maria.luisa.pinto@webmail.com,18.0,feminino,Serra,ES,2023-12-03,3970.0,11,2691.0,3.3,True,2023,12,4,Sunday,High Value
CUST002173,Valentim Rocha,valentim.rocha@mail.com,46.0,masculino,Uberlândia,MG,2023-12-03,6773.0,4,1269.0,5.0,True,2023,12,4,Sunday,Low Value
CUST002088,Dra. Brenda Cirino,dra..brenda.cirino@provedor.com.br,30.0,feminino,Várzea Grande,MT,2023-12-03,3177.0,10,2935.0,4.0,True,2023,12,4,Sunday,High Value
CUST004823,Nicole Silveira,nicole.silveira@email.com,49.0,feminino,Ananindeua,PA,2023-12-03,3092.0,14,3824.0,3.5,True,2023,12,4,Sunday,High Value
CUST003242,Otávio Rodrigues,otavio.rodrigues@correio.net,30.0,masculino,Uberlândia,MG,2023-12-04,3313.0,10,1678.0,2.9,True,2023,12,4,Monday,Medium Value
CUST000593,Natália Azevedo,natalia.azevedo@provedor.com.br,35.0,feminino,Caxias do Sul,RS,2023-12-04,3869.0,558,1793.0,3.8,True,2023,12,4,Monday,Medium Value
CUST001387,Dr. Fernando Rodrigues,dr..fernando.rodrigues@mail.com,37.0,masculino,Juazeiro do Norte,CE,2023-12-05,2004.0,5,529.0,4.3,True,2023,12,4,Tuesday,Low Value
CUST002182,Lorenzo Costa,lorenzo.costa@email.com,23.0,masculino,Campinas,SP,2023-12-05,6083.0,9,3333.0,3.7,True,2023,12,4,Tuesday,High Value
CUST002431,Enzo Gabriel Teixeira,enzo.gabriel.teixeira@email.com,18.0,masculino,Vitória,ES,2023-12-05,1161.0,5,1136.0,5.0,True,2023,12,4,Tuesday,Low Value
CUST000778,Cauê Farias,caue.farias@webmail.com,38.0,masculino,Uberlândia,MG,2023-12-05,1330.0,7,1458.0,5.0,True,2023,12,4,Tuesday,Medium Value
CUST003727,Gabriel Azevedo,gabriel.azevedo@mail.com,43.0,masculino,Belém,PA,2023-12-05,4573.0,11,3716.0,3.8,True,2023,12,4,Tuesday,High Value
CUST003849,Rafael Dias,rafael.dias@provedor.com.br,38.0,masculino,Sorocaba,SP,2023-12-06,4055.0,6,1829.0,4.7,True,2023,12,4,Wednesday,Medium Value
CUST002197,Caio Lima,caio.lima@mail.com,38.0,masculino,Belém,PA,2023-12-06,2791.0,5,1387.0,4.6,True,2023,12,4,Wednesday,Medium Value
CUST003618,Maria Sophia Campos,maria.sophia.campos@webmail.com,47.0,feminino,Belo Horizonte,MG,2023-12-06,4829.0,9,2579.0,3.0,True,2023,12,4,Wednesday,High Value
CUST003201,Ana Carolina Costela,ana.carolina.costela@correio.net,62.0,feminino,Porto Alegre,RS,2023-12-06,290000.0,4,673.0,4.6,True,2023,12,4,Wednesday,Low Value
CUST002098,Marcos Vinicius Novaes,marcos.vinicius.novaes@provedor.com.br,18.0,masculino,Brasília,DF,2023-12-06,1517.0,2,338.0,3.7,True,2023,12,4,Wednesday,Low Value
CUST004718,Dra. Maria Liz Lima,dra..maria.liz.lima@correio.net,34.0,feminino,Sorocaba,SP,2023-12-07,2110.0,7,1707.0,4.2,True,2023,12,4,Thursday,Medium Value
CUST003001,Dante Freitas,dante.freitas@provedor.com.br,45.0,masculino,Niterói,RJ,2023-12-07,2509.0,340,1611.0,3.2,True,2023,12,4,Thursday,Medium Value
CUST001453,Rafael Da Rocha,rafael.da.rocha@mail.com,29.0,masculino,Petrópolis,RJ,2023-12-07,1686.0,8,1822.0,3.9,True,2023,12,4,Thursday,Medium Value
CUST003519,Pietra Da Mota,pietra.da.mota@webmail.com,60.0,feminino,Duque de Caxias,RJ,2023-12-07,4091.0,10,2014.0,4.8,True,2023,12,4,Thursday,Medium Value
CUST003018,Dr. Mathias Da Conceição,dr..mathias.da.conceicao@email.com,38.0,masculino,Joinville,SC,2023-12-07,1234.0,9,1182.0,3.5,True,2023,12,4,Thursday,Low Value
CUST001382,Sr. Vitor Porto,sr..vitor.porto@email.com,33.0,masculino,Ribeirão Preto,SP,2023-12-07,4618.0,9,2917.0,3.9,True,2023,12,4,Thursday,High Value
CUST004382,Igor Marques,igor.marques@mail.com,35.0,masculino,Ribeirão Preto,SP,2023-12-07,3485.0,4,900.0,2.6,True,2023,12,4,Thursday,Low Value
CUST002424,Rafael Cavalcanti,rafael.cavalcanti@provedor.com.br,45.0,masculino,Olinda,PE,2023-12-08,4947.0,6,1662.0,5.0,True,2023,12,4,Friday,Medium Value
CUST003859,Caroline Macedo,caroline.macedo@provedor.com.br,22.0,feminino,Niterói,RJ,2023-12-08,1780.0,9,1819.0,3.4,True,2023,12,4,Friday,Medium Value
CUST002596,Guilherme Cirino,guilherme.cirino@email.com,39.0,masculino,Santos,SP,2023-12-09,3313.5,8,1227.0,5.0,True,2023,12,4,Saturday,Low Value
CUST002116,Ana Carolina Casa Grande,ana.carolina.casa.grande@provedor.com.br,43.0,feminino,Maringá,PR,2023-12-09,2121.0,4,647.0,3.7,True,2023,12,4,Saturday,Low Value
CUST002770,Sr. Benicio Guerra,sr..benicio.guerra@mail.com,38.0,masculino,Ribeirão Preto,SP,2023-12-09,6696.0,7,1745.0,3.9,True,2023,12,4,Saturday,Medium Value
CUST001832,Cauã Brito,caua.brito@webmail.com,25.0,masculino,Ananindeua,PA,2023-12-09,4240.0,4,907.0,4.8,True,2023,12,4,Saturday,Low Value
CUST001257,Erick Garcia,erick.garcia@webmail.com,58.0,masculino,Olinda,PE,2023-12-09,4565.0,9,2975.0,4.5,True,2023,12,4,Saturday,High Value
CUST001861,Elisa Silva,elisa.silva@webmail.com,38.0,feminino,Brasília,DF,2023-12-09,2504.0,6,2114.0,3.7,True,2023,12,4,Saturday,High Value
CUST003444,Beatriz Siqueira,beatriz.siqueira@mail.com,41.0,feminino,Uberlândia,MG,2023-12-10,1281.0,7,1325.0,4.7,True,2023,12,4,Sunday,Medium Value
CUST004622,Sr. Benício Correia,sr..benicio.correia@provedor.com.br,28.0,masculino,Santos,SP,2023-12-10,2860.0,9,2211.0,3.8,True,2023,12,4,Sunday,High Value
CUST002470,Srta. Luna Fogaça,srta..luna.fogaca@provedor.com.br,52.0,feminino,Salvador,BA,2023-12-10,4761.0,2,602.0,3.3,True,2023,12,4,Sunday,Low Value
CUST005069,Dr. Mathias Da Conceição,dr..mathias.da.conceicao@provedor.com.br,40.0,masculino,Joinville,SC,2023-12-10,1209.0,8,1198.0,3.7,True,2023,12,4,Sunday,Low Value
CUST003615,Anthony Brito,anthony.brito@provedor.com.br,54.0,masculino,Joinville,SC,2023-12-10,3146.0,3,922.0,4.3,True,2023,12,4,Sunday,Low Value
CUST004418,Valentim Moura,valentim.moura@correio.net,31.0,masculino,Campinas,SP,2023-12-11,4238.0,6,1134.0,3.6,True,2023,12,4,Monday,Low Value
CUST000510,Bianca Da Cruz,bianca.da.cruz@provedor.com.br,65.0,outro,Recife,PE,2023-12-11,2441.0,9,1375.0,4.4,True,2023,12,4,Monday,Medium Value
CUST002221,Pedro Viana,pedro.viana@email.com,38.0,masculino,Curitiba,PR,2023-12-11,3358.0,19,1741.0,4.6,True,2023,12,4,Monday,Medium Value
CUST003038,Cecília Cirino,cecilia.cirino@provedor.com.br,24.0,feminino,Maringá,PR,2023-12-11,2359.0,4,859.0,3.9,True,2023,12,4,Monday,Low Value
CUST004142,Davi Aragão,davi.aragao@correio.net,18.0,masculino,Curitiba,PR,2023-12-11,3967.0,8,2011.0,5.0,True,2023,12,4,Monday,Medium Value
CUST003889,Joana Cirino,joana.cirino@mail.com,18.0,feminino,Florianópolis,SC,2023-12-12,3762.0,8,2301.0,4.5,True,2023,12,4,Tuesday,High Value
CUST002425,Marcelo Carvalho,marcelo.carvalho@correio.net,35.0,masculino,Belo Horizonte,MG,2023-12-12,4099.0,7,2315.0,2.9,True,2023,12,4,Tuesday,High Value
CUST003360,Sra. Luana Cavalcante,sra..luana.cavalcante@email.com,51.0,feminino,Vitória da Conquista,BA,2023-12-12,4815.0,7,1827.0,3.1,True,2023,12,4,Tuesday,Medium Value
CUST000472,Rafaela Câmara,rafaela.camara@provedor.com.br,18.0,feminino,Sorocaba,SP,2023-12-12,3293.0,5,1174.0,4.0,True,2023,12,4,Tuesday,Low Value
CUST002888,Dr. Ryan Melo,dr..ryan.melo@mail.com,22.0,masculino,Cuiabá,MT,2023-12-12,2103.0,5,955.0,4.0,True,2023,12,4,Tuesday,Low Value
CUST003439,Sra. Allana Porto,sra..allana.porto@provedor.com.br,40.0,feminino,Contagem,MG,2023-12-12,1871.0,5,1682.0,4.0,True,2023,12,4,Tuesday,Medium Value
CUST001738,Sophia Moreira,sophia.moreira@webmail.com,18.0,feminino,Salvador,BA,2023-12-13,2918.0,8,2657.0,4.3,True,2023,12,4,Wednesday,High Value
CUST003416,Maysa Pires,maysa.pires@webmail.com,29.0,feminino,Niterói,RJ,2023-12-13,3460.0,6,1943.0,4.7,True,2023,12,4,Wednesday,Medium Value
CUST000909,Maria Luiza Marques,maria.luiza.marques@provedor.com.br,55.0,feminino,Sorocaba,SP,2023-12-13,2635.0,7,1999.0,3.8,True,2023,12,4,Wednesday,Medium Value
CUST000103,Maria Luiza Campos,maria.luiza.campos@mail.com,27.0,feminino,Florianópolis,SC,2023-12-13,3527.0,6,1565.0,4.0,True,2023,12,4,Wednesday,Medium Value
CUST001577,Pietro Mendonça,pietro.mendonca@mail.com,29.0,masculino,Maringá,PR,2023-12-13,3376.0,11,3197.0,4.0,True,2023,12,4,Wednesday,High Value
CUST001435,Dra. Alexia Da Rosa,dra..alexia.da.rosa@provedor.com.br,38.0,feminino,Olinda,PE,2023-12-13,3115.0,6,2215.0,4.0,True,2023,12,4,Wednesday,High Value
CUST001045,Eloá Vasconcelos,eloa.vasconcelos@provedor.com.br,26.0,feminino,Santos,SP,2023-12-14,2958.0,7,1664.0,5.0,True,2023,12,4,Thursday,Medium Value
CUST003245,Davi Miguel Cassiano,davi.miguel.cassiano@mail.com,37.0,masculino,Porto Alegre,RS,2023-12-14,6164.0,715,1890.0,4.8,True,2023,12,4,Thursday,Medium Value
CUST004293,Luiz Fernando Pereira,luiz.fernando.pereira@webmail.com,45.0,masculino,Parintins,AM,2023-12-14,5524.0,14,4377.0,3.9,True,2023,12,4,Thursday,High Value
CUST000437,Sr. Davi Lucca Albuquerque,sr..davi.lucca.albuquerque@provedor.com.br,55.0,masculino,Santos,SP,2023-12-14,5609.0,6,2146.0,3.4,True,2023,12,4,Thursday,High Value
CUST001640,Heitor Andrade,heitor.andrade@email.com,50.0,masculino,Goiânia,GO,2023-12-15,4770.0,4,771.0,3.0,True,2023,12,4,Friday,Low Value
CUST002990,Julia Pacheco,julia.pacheco@correio.net,50.0,outro,Feira de Santana,BA,2023-12-15,4141.0,8,1195.0,3.6,True,2023,12,4,Friday,Low Value
CUST002825,Larissa Rodrigues,larissa.rodrigues@provedor.com.br,50.0,feminino,Sobral,CE,2023-12-15,3165.0,11,2630.0,4.5,True,2023,12,4,Friday,High Value
CUST004261,Theodoro Das Neves,theodoro.das.neves@webmail.com,42.0,masculino,Sorocaba,SP,2023-12-15,1762.0,8,1522.0,3.8,True,2023,12,4,Friday,Medium Value
CUST003412,Theodoro Camargo,theodoro.camargo@webmail.com,42.0,masculino,Campinas,SP,2023-12-15,5261.0,4,859.0,2.9,True,2023,12,4,Friday,Low Value
CUST000176,Srta. Antonella Da Paz,srta..antonella.da.paz@mail.com,43.0,feminino,Florianópolis,SC,2023-12-15,3448.0,7,2366.0,4.3,True,2023,12,4,Friday,High Value
CUST000972,Luan Garcia,luan.garcia@webmail.com,42.0,masculino,Porto Alegre,RS,2023-12-15,7113.0,9,3601.0,3.1,True,2023,12,4,Friday,High Value
CUST003653,Antony Pimenta,antony.pimenta@correio.net,38.0,masculino,Caruaru,PE,2023-12-16,5286.0,7,2484.0,2.8,True,2023,12,4,Saturday,High Value
CUST000475,Henry Gabriel Lima,henry.gabriel.lima@mail.com,39.0,masculino,Niterói,RJ,2023-12-16,1188.0,8,1490.0,4.0,True,2023,12,4,Saturday,Medium Value
CUST004619,Sra. Eloá Pastor,sra..eloa.pastor@correio.net,21.0,feminino,Ribeirão Preto,SP,2023-12-16,3697.0,3,866.0,4.0,True,2023,12,4,Saturday,Low Value
CUST001215,Hadassa Cirino,hadassa.cirino@email.com,43.0,feminino,Vila Velha,ES,2023-12-16,1004.0,10,2848.0,4.0,True,2023,12,4,Saturday,High Value
CUST002249,Luiz Miguel Leão,luiz.miguel.leao@provedor.com.br,25.0,masculino,Anápolis,GO,2023-12-16,2724.0,4,796.0,3.9,True,2023,12,4,Saturday,Low Value
CUST000941,Srta. Maria Julia Dias,srta..maria.julia.dias@correio.net,49.0,feminino,Blumenau,SC,2023-12-16,4256.0,7,1386.0,4.7,True,2023,12,4,Saturday,Medium Value
CUST003113,Mariana Barbosa,mariana.barbosa@provedor.com.br,49.0,feminino,Duque de Caxias,RJ,2023-12-16,4342.0,10,3474.0,2.6,True,2023,12,4,Saturday,High Value
CUST003762,Dr. João Silva,dr..joao.silva@correio.net,33.0,masculino,Duque de Caxias,RJ,2023-12-17,9857.0,9,3369.0,3.7,True,2023,12,4,Sunday,High Value
CUST002894,Dra. Lavínia Andrade,dra..lavinia.andrade@correio.net,37.0,feminino,Duque de Caxias,RJ,2023-12-17,3076.0,9,2830.0,3.6,True,2023,12,4,Sunday,High Value
CUST002324,Davi Lucca Garcia,davi.lucca.garcia@webmail.com,32.0,masculino,Sorocaba,SP,2023-12-17,1543.0,5,1218.0,3.4,True,2023,12,4,Sunday,Low Value
CUST000881,Henry Sousa,henry.sousa@email.com,37.0,masculino,Brasília,DF,2023-12-17,4825.0,5,1816.0,2.7,True,2023,12,4,Sunday,Medium Value
CUST001273,Thales Garcia,thales.garcia@email.com,36.0,masculino,Petrópolis,RJ,2023-12-17,4019.0,3,787.0,4.0,True,2023,12,4,Sunday,Low Value
CUST001250,Vinicius Fonseca,vinicius.fonseca@provedor.com.br,34.0,outro,Pelotas,RS,2023-12-18,5729.0,9,2530.0,4.8,True,2023,12,4,Monday,High Value
CUST003463,Dr. Pedro Henrique Da Conceição,dr..pedro.henrique.da.conceicao@email.com,34.0,masculino,Juiz de Fora,MG,2023-12-18,2793.0,7,1988.0,4.4,True,2023,12,4,Monday,Medium Value
CUST004380,Juan Da Cruz,juan.da.cruz@correio.net,42.0,masculino,Vila Velha,ES,2023-12-18,8205.0,9,2045.0,2.8,True,2023,12,4,Monday,High Value
CUST004715,Liam Cardoso,liam.cardoso@webmail.com,26.0,masculino,Vitória,ES,2023-12-19,6334.0,4,988.0,2.1,True,2023,12,4,Tuesday,Low Value
CUST002900,Renan Camargo,renan.camargo@provedor.com.br,45.0,masculino,Santos,SP,2023-12-19,3451.0,12,3116.0,4.8,True,2023,12,4,Tuesday,High Value
CUST002135,Isabel Santos,isabel.santos@correio.net,33.0,feminino,Olinda,PE,2023-12-19,1793.0,9,1428.0,3.6,True,2023,12,4,Tuesday,Medium Value
CUST000937,Dra. Maria Helena Barros,dra..maria.helena.barros@webmail.com,25.0,feminino,Juazeiro do Norte,CE,2023-12-19,2603.0,12,2039.0,3.9,True,2023,12,4,Tuesday,High Value
CUST004792,Murilo Novaes,murilo.novaes@webmail.com,35.0,outro,Porto Alegre,RS,2023-12-19,3791.0,9,2795.0,3.7,True,2023,12,4,Tuesday,High Value
CUST002695,Sr. Antony Pires,sr..antony.pires@email.com,45.0,masculino,Brasília,DF,2023-12-20,2332.0,3,746.0,3.6,True,2023,12,4,Wednesday,Low Value
CUST002273,Dra. Luana Pimenta,dra..luana.pimenta@email.com,40.0,feminino,unknown,SP,2023-12-20,3068.0,9,1936.0,3.6,True,2023,12,4,Wednesday,Medium Value
CUST002177,Ana Clara Rodrigues,ana.clara.rodrigues@provedor.com.br,21.0,feminino,Contagem,MG,2023-12-20,3007.0,7,1413.0,4.5,True,2023,12,4,Wednesday,Medium Value
CUST002710,Raquel Novais,raquel.novais@mail.com,18.0,feminino,Brasília,DF,2023-12-20,3240.0,7,1827.0,4.0,True,2023,12,4,Wednesday,Medium Value
CUST002093,José Duarte,jose.duarte@email.com,52.0,masculino,Contagem,MG,2023-12-20,1697.0,7,1374.0,3.5,True,2023,12,4,Wednesday,Medium Value
CUST003193,Srta. Olivia Vieira,srta..olivia.vieira@provedor.com.br,37.0,feminino,Olinda,PE,2023-12-21,2987.0,8,2242.0,4.2,True,2023,12,4,Thursday,High Value
CUST002547,Ravi Câmara,ravi.camara@provedor.com.br,29.0,masculino,Cuiabá,MT,2023-12-21,5032.0,4,945.0,3.3,True,2023,12,4,Thursday,Low Value
CUST000318,Maria Luísa Farias,maria.luisa.farias@provedor.com.br,36.0,feminino,Ribeirão Preto,SP,2023-12-21,7045.0,7,1946.0,3.5,True,2023,12,4,Thursday,Medium Value
CUST003518,Sr. Antônio Pastor,sr..antonio.pastor@correio.net,44.0,masculino,Juazeiro do Norte,CE,2023-12-21,3805.0,9,678.0,3.6,True,2023,12,4,Thursday,Low Value
CUST003264,Gabrielly Das Neves,gabrielly.das.neves@provedor.com.br,31.0,feminino,Duque de Caxias,RJ,2023-12-21,1905.0,9,1701.0,4.1,True,2023,12,4,Thursday,Medium Value
CUST001087,Maria Cecília Da Cunha,maria.cecilia.da.cunha@mail.com,61.0,feminino,Joinville,SC,2023-12-21,3982.0,5,1192.0,4.1,True,2023,12,4,Thursday,Low Value
CUST002034,Sr. Antony Ferreira,sr..antony.ferreira@email.com,26.0,masculino,Brasília,DF,2023-12-22,1214.0,4,864.0,5.0,True,2023,12,4,Friday,Low Value
CUST000199,Anna Liz Carvalho,anna.liz.carvalho@email.com,33.0,feminino,Rio Verde,GO,2023-12-22,2376.0,8,1270.0,2.9,True,2023,12,4,Friday,Low Value
CUST000517,Dra. Clara Da Costa,dra..clara.da.costa@email.com,30.0,feminino,Uberlândia,MG,2023-12-23,2589.0,3,323.0,4.8,True,2023,12,4,Saturday,Low Value
CUST000342,Thomas Souza,thomas.souza@webmail.com,28.0,masculino,Campinas,SP,2023-12-23,2176.0,9,1398.0,3.3,True,2023,12,4,Saturday,Medium Value
CUST002471,Theodoro Rodrigues,theodoro.rodrigues@mail.com,48.0,masculino,Joinville,SC,2023-12-23,3145.0,10,2722.0,3.7,True,2023,12,4,Saturday,High Value
CUST002337,Pedro Cunha,pedro.cunha@webmail.com,56.0,masculino,Petrópolis,RJ,2023-12-24,6531.0,7,2511.0,3.6,True,2023,12,4,Sunday,High Value
CUST000556,Eduardo Barbosa,eduardo.barbosa@webmail.com,23.0,masculino,Juiz de Fora,MG,2023-12-24,2949.0,16,2016.0,3.7,True,2023,12,4,Sunday,Medium Value
CUST003734,Augusto Cardoso,augusto.cardoso@provedor.com.br,22.0,masculino,Santos,SP,2023-12-24,4852.0,5,1618.0,4.9,True,2023,12,4,Sunday,Medium Value
CUST002102,Benjamim Leão,benjamim.leao@email.com,72.0,masculino,Ribeirão Preto,SP,2023-12-24,6106.0,7,1250.0,3.9,True,2023,12,4,Sunday,Low Value
CUST002592,Sr. Ravy Campos,sr..ravy.campos@mail.com,39.0,masculino,Maringá,PR,2023-12-25,2543.0,6,1516.0,2.9,True,2023,12,4,Monday,Medium Value
CUST002992,Sra. Maria Vitória Castro,sra..maria.vitoria.castro@correio.net,29.0,feminino,Brasília,DF,2023-12-25,4297.0,10,2369.0,4.8,True,2023,12,4,Monday,High Value
CUST002938,Manuela Da Paz,manuela.da.paz@correio.net,18.0,feminino,Sorocaba,SP,2023-12-25,2287.0,7,847.0,4.6,True,2023,12,4,Monday,Low Value
CUST003380,Oliver Gonçalves,oliver.goncalves@provedor.com.br,46.0,masculino,Petrópolis,RJ,2023-12-25,3215.0,8,2811.0,4.0,True,2023,12,4,Monday,High Value
CUST002230,Bento Borges,bento.borges@provedor.com.br,38.0,masculino,Niterói,RJ,2023-12-25,2719.0,5,1402.0,4.1,True,2023,12,4,Monday,Medium Value
CUST000007,Amanda Novais,amanda.novais@email.com,18.0,feminino,Florianópolis,SC,2023-12-25,4269.0,2,360.0,4.0,True,2023,12,4,Monday,Low Value
CUST004635,Anthony Cunha,anthony.cunha@email.com,31.0,masculino,Campinas,SP,2023-12-25,1943.0,3,741.0,3.6,True,2023,12,4,Monday,Low Value
CUST004178,Sr. Lucas Gabriel Peixoto,sr..lucas.gabriel.peixoto@email.com,32.0,masculino,Joinville,SC,2023-12-26,4742.0,12,3198.0,5.0,True,2023,12,4,Tuesday,High Value
CUST004454,Dr. João Miguel Cardoso,dr..joao.miguel.cardoso@email.com,32.0,masculino,Belém,PA,2023-12-26,4763.0,7,2079.0,4.9,True,2023,12,4,Tuesday,High Value
CUST002067,Gael Câmara,gael.camara@provedor.com.br,40.0,masculino,Caxias do Sul,RS,2023-12-26,1517.0,6,879.0,4.5,True,2023,12,4,Tuesday,Low Value
CUST003992,Ryan Lopes,ryan.lopes@correio.net,55.0,masculino,Brasília,DF,2023-12-26,2937.0,8,2677.0,3.5,True,2023,12,4,Tuesday,High Value
CUST001580,Aylla Cavalcante,aylla.cavalcante@email.com,21.0,feminino,Niterói,RJ,2023-12-26,3266.0,8,1541.0,4.7,True,2023,12,4,Tuesday,Medium Value
CUST002381,Ísis Carvalho,isis.carvalho@correio.net,33.0,feminino,Ribeirão Preto,SP,2023-12-26,1469.0,4,1077.0,3.1,True,2023,12,4,Tuesday,Low Value
CUST001069,Maria Flor Machado,maria.flor.machado@provedor.com.br,40.0,feminino,Rio Verde,GO,2023-12-27,1368.0,6,1267.0,4.3,True,2023,12,4,Wednesday,Low Value
CUST001760,José Pedro Azevedo,jose.pedro.azevedo@email.com,40.0,masculino,Caxias do Sul,RS,2023-12-27,3172.0,8,1825.0,4.2,True,2023,12,4,Wednesday,Medium Value
CUST001603,Dr. Yago Da Rocha,dr..yago.da.rocha@correio.net,47.0,masculino,Ribeirão Preto,SP,2023-12-27,4388.0,7,1487.0,4.5,True,2023,12,4,Wednesday,Medium Value
CUST000605,Allana Fogaça,allana.fogaca@correio.net,42.0,feminino,Juazeiro do Norte,CE,2023-12-27,1619.0,5,1415.0,3.5,True,2023,12,4,Wednesday,Medium Value
CUST001461,Juliana Siqueira,juliana.siqueira@mail.com,23.0,feminino,Duque de Caxias,RJ,2023-12-27,2536.0,7,2076.0,4.7,True,2023,12,4,Wednesday,High Value
CUST000706,Thiago Marques,thiago.marques@correio.net,36.0,masculino,Contagem,MG,2023-12-27,2394.0,10,1584.0,4.4,True,2023,12,4,Wednesday,Medium Value
CUST000156,Pedro Henrique Ferreira,pedro.henrique.ferreira@email.com,44.0,masculino,Cuiabá,MT,2023-12-27,3351.0,8,2104.0,4.8,True,2023,12,4,Wednesday,High Value
CUST003543,Zoe Moraes,zoe.moraes@mail.com,18.0,feminino,Vitória da Conquista,BA,2023-12-27,900.0,3,499.0,3.8,True,2023,12,4,Wednesday,Low Value
CUST003078,Srta. Agatha Pereira,srta..agatha.pereira@correio.net,38.0,feminino,Vitória da Conquista,BA,2023-12-27,1740.0,4,1100.0,3.4,True,2023,12,4,Wednesday,Low Value
CUST004207,Maria Julia Albuquerque,maria.julia.albuquerque@mail.com,38.0,feminino,Recife,PE,2023-12-28,3372.0,7,2176.0,3.6,True,2023,12,4,Thursday,High Value
CUST002301,Kevin Melo,kevin.melo@webmail.com,34.0,masculino,São Paulo,SP,2023-12-28,2673.0,10,1859.0,4.3,True,2023,12,4,Thursday,Medium Value
CUST001465,Pietra Leão,pietra.leao@correio.net,37.0,feminino,Ananindeua,PA,2023-12-28,3768.0,9,2202.0,3.0,True,2023,12,4,Thursday,High Value
CUST000228,Danilo Nunes,danilo.nunes@provedor.com.br,30.0,masculino,Vitória da Conquista,BA,2023-12-28,3848.0,8,1768.0,3.1,True,2023,12,4,Thursday,Medium Value
CUST001240,Cecília Nunes,cecilia.nunes@email.com,40.0,feminino,Rio de Janeiro,RJ,2023-12-28,3357.5,4,692.0,4.2,True,2023,12,4,Thursday,Low Value
CUST000292,João Ribeiro,joao.ribeiro@email.com,53.0,outro,Sorocaba,SP,2023-12-28,2245.0,15,2522.0,3.9,True,2023,12,4,Thursday,High Value
CUST001457,Paulo Sousa,paulo.sousa@email.com,36.0,masculino,Serra,ES,2023-12-28,2060.0,4,1138.0,4.1,True,2023,12,4,Thursday,Low Value
CUST003576,Joana Albuquerque,joana.albuquerque@mail.com,38.0,feminino,unknown,PR,2023-12-29,3107.0,12,3427.0,3.7,True,2023,12,4,Friday,High Value
CUST004575,Bella Cardoso,bella.cardoso@email.com,33.0,feminino,Belém,PA,2023-12-29,3374.0,4,1242.0,4.0,True,2023,12,4,Friday,Low Value
CUST002822,Emilly Leão,emilly.leao@provedor.com.br,52.0,feminino,Santos,SP,2023-12-29,4917.0,8,2664.0,3.3,True,2023,12,4,Friday,High Value
CUST000274,Kevin Albuquerque,kevin.albuquerque@correio.net,30.0,masculino,Caxias do Sul,RS,2023-12-29,3462.0,4,966.0,3.6,True,2023,12,4,Friday,Low Value
CUST003777,Otto Moura,otto.moura@correio.net,38.0,masculino,Sobral,CE,2023-12-29,3602.0,4,611.0,5.0,True,2023,12,4,Friday,Low Value
CUST004000,Vinícius Fogaça,vinicius.fogaca@correio.net,18.0,masculino,Santos,SP,2023-12-29,2111.0,7,2026.0,3.5,True,2023,12,4,Friday,Medium Value
CUST000641,Ana Beatriz Pereira,ana.beatriz.pereira@webmail.com,38.0,feminino,Niterói,RJ,2023-12-30,5793.0,682,1819.0,4.0,True,2023,12,4,Saturday,Medium Value
CUST002583,Emanuella Santos,emanuella.santos@provedor.com.br,39.0,feminino,Juiz de Fora,MG,2023-12-30,3545.0,5,854.0,5.0,True,2023,12,4,Saturday,Low Value
CUST003210,Lucca Lima,lucca.lima@correio.net,31.0,masculino,Caruaru,PE,2023-12-30,2797.0,6,755.0,4.8,True,2023,12,4,Saturday,Low Value
CUST004070,Bianca Souza,bianca.souza@webmail.com,28.0,feminino,unknown,BA,2023-12-31,2365.0,7,1983.0,3.3,True,2023,12,4,Sunday,Medium Value
CUST000282,Samuel Barbosa,samuel.barbosa@correio.net,53.0,masculino,Blumenau,SC,2023-12-31,2863.0,9,3112.0,4.0,True,2023,12,4,Sunday,High Value
CUST001583,Srta. Mariana Caldeira,srta..mariana.caldeira@email.com,42.0,feminino,Sorocaba,SP,2023-12-31,2122.0,9,1748.0,3.8,True,2023,12,4,Sunday,Medium Value
CUST000685,Oliver Pinto,oliver.pinto@provedor.com.br,34.0,masculino,Londrina,PR,2023-12-31,4133.0,5,1750.0,2.7,True,2023,12,4,Sunday,Medium Value
CUST000953,Joaquim Oliveira,joaquim.oliveira@provedor.com.br,27.0,masculino,Sorocaba,SP,2023-12-31,5047.0,6,1873.0,3.5,True,2023,12,4,Sunday,Medium Value
CUST000969,Emanuelly Gonçalves,emanuelly.goncalves@provedor.com.br,64.0,feminino,Juazeiro do Norte,CE,2023-12-31,6241.0,8,2402.0,4.1,True,2023,12,4,Sunday,High Value
CUST001737,João Pedro Correia,joao.pedro.correia@correio.net,47.0,masculino,Juiz de Fora,MG,2024-01-01,5463.0,2,599.0,4.0,True,2024,1,1,Monday,Low Value
CUST002502,Eduardo Castro,eduardo.castro@webmail.com,18.0,masculino,Petrópolis,RJ,2024-01-02,2943.0,8,1363.0,4.2,True,2024,1,1,Tuesday,Medium Value
CUST003430,Dr. Levi Da Costa,dr..levi.da.costa@mail.com,38.0,masculino,Ribeirão Preto,SP,2024-01-02,4925.0,8,1116.0,4.4,True,2024,1,1,Tuesday,Low Value
CUST004179,Lavínia Nunes,lavinia.nunes@webmail.com,18.0,feminino,Brasília,DF,2024-01-02,3662.0,8,1686.0,5.0,True,2024,1,1,Tuesday,Medium Value
CUST004339,Maysa Albuquerque,maysa.albuquerque@provedor.com.br,40.0,feminino,Recife,PE,2024-01-02,13023.0,10,2438.0,2.6,True,2024,1,1,Tuesday,High Value
CUST000743,Ravy Sousa,ravy.sousa@email.com,31.0,masculino,Sorocaba,SP,2024-01-02,1835.0,6,1125.0,3.5,True,2024,1,1,Tuesday,Low Value
CUST004898,Luísa Montenegro,luisa.montenegro@provedor.com.br,62.0,feminino,Campinas,SP,2024-01-03,4187.0,11,2666.0,3.9,True,2024,1,1,Wednesday,High Value
CUST002406,Renan Monteiro,renan.monteiro@email.com,47.0,masculino,Olinda,PE,2024-01-03,1919.0,10,1816.0,3.2,True,2024,1,1,Wednesday,Medium Value
CUST000622,Sra. Maria Isis Fernandes,sra..maria.isis.fernandes@provedor.com.br,37.0,feminino,Sorocaba,SP,2024-01-03,5448.0,8,2048.0,3.3,True,2024,1,1,Wednesday,High Value
CUST003188,Esther Nascimento,esther.nascimento@provedor.com.br,38.0,feminino,Porto Alegre,RS,2024-01-03,3305.0,3,975.0,5.0,True,2024,1,1,Wednesday,Low Value
CUST004185,Sra. Alana Mendonça,sra..alana.mendonca@mail.com,20.0,feminino,Cuiabá,MT,2024-01-04,3351.0,5,689.0,3.6,True,2024,1,1,Thursday,Low Value
CUST001239,Luiz Gustavo Nunes,luiz.gustavo.nunes@mail.com,34.0,outro,Juazeiro do Norte,CE,2024-01-05,4186.0,8,956.0,4.4,True,2024,1,1,Friday,Low Value
CUST003594,Sr. Nathan Albuquerque,sr..nathan.albuquerque@provedor.com.br,51.0,masculino,unknown,PE,2024-01-05,3628.0,6,1134.0,3.5,True,2024,1,1,Friday,Low Value
CUST004008,Heitor Martins,heitor.martins@mail.com,42.0,masculino,Niterói,RJ,2024-01-05,7711.0,9,3538.0,3.5,True,2024,1,1,Friday,High Value
CUST000168,Otto Rios,otto.rios@email.com,35.0,masculino,Ribeirão Preto,SP,2024-01-06,2031.0,4,1012.0,4.0,True,2024,1,1,Saturday,Low Value
CUST000093,Alexandre Gomes,alexandre.gomes@webmail.com,18.0,masculino,Fortaleza,CE,2024-01-06,2374.0,6,1718.0,3.7,True,2024,1,1,Saturday,Medium Value
CUST001555,Julia Cardoso,julia.cardoso@correio.net,43.0,feminino,Belo Horizonte,MG,2024-01-06,3083.0,7,1356.0,4.2,True,2024,1,1,Saturday,Medium Value
CUST003440,Augusto Sousa,augusto.sousa@webmail.com,37.0,masculino,unknown,PA,2024-01-07,2884.0,7,716.0,4.0,True,2024,1,1,Sunday,Low Value
CUST000809,Bento Novaes,bento.novaes@correio.net,18.0,masculino,Vitória,ES,2024-01-07,2936.0,514,2046.0,3.9,True,2024,1,1,Sunday,High Value
CUST004990,Apollo Carvalho,apollo.carvalho@mail.com,45.0,masculino,Ribeirão Preto,SP,2024-01-07,1440.0,5,1103.0,3.9,True,2024,1,1,Sunday,Low Value
CUST003674,Gustavo Henrique Pacheco,gustavo.henrique.pacheco@mail.com,39.0,masculino,Santos,SP,2024-01-07,5717.0,4,1432.0,3.4,True,2024,1,1,Sunday,Medium Value
CUST003929,Davi Ferreira,davi.ferreira@email.com,62.0,masculino,Ribeirão Preto,SP,2024-01-07,8126.0,13,5216.0,3.4,True,2024,1,1,Sunday,High Value
CUST004315,Maria Isis Macedo,maria.isis.macedo@email.com,49.0,feminino,São Paulo,SP,2024-01-07,3086.0,7,1328.0,3.7,True,2024,1,1,Sunday,Medium Value
CUST001360,Sr. Gustavo Da Mata,sr..gustavo.da.mata@correio.net,52.0,masculino,Vila Velha,ES,2024-01-07,3493.0,6,420.0,3.7,True,2024,1,1,Sunday,Low Value
CUST001496,Sra. Manuela Fonseca,sra..manuela.fonseca@email.com,22.0,feminino,Caxias do Sul,RS,2024-01-07,1891.0,6,1628.0,3.8,True,2024,1,1,Sunday,Medium Value
CUST003642,Larissa Mendonça,larissa.mendonca@webmail.com,29.0,feminino,Uberlândia,MG,2024-01-07,7745.0,5,1482.0,4.0,True,2024,1,1,Sunday,Medium Value
CUST002850,Manuela Martins,manuela.martins@mail.com,29.0,feminino,Sorocaba,SP,2024-01-08,2668.0,7,1715.0,3.4,True,2024,1,1,Monday,Medium Value
CUST004082,Gael Da Rocha,gael.da.rocha@email.com,22.0,masculino,Curitiba,PR,2024-01-08,2677.0,10,1938.0,3.4,True,2024,1,1,Monday,Medium Value
CUST001055,Isabela Costela,isabela.costela@email.com,37.0,feminino,Blumenau,SC,2024-01-09,4069.0,8,1864.0,3.9,True,2024,1,1,Tuesday,Medium Value
CUST004824,Alana Souza,alana.souza@correio.net,50.0,feminino,Niterói,RJ,2024-01-09,3503.0,7,1410.0,4.9,True,2024,1,1,Tuesday,Medium Value
CUST004551,Dr. Vicente Duarte,dr..vicente.duarte@webmail.com,50.0,masculino,Santos,SP,2024-01-09,3225.0,8,630.0,5.0,True,2024,1,1,Tuesday,Low Value
CUST000825,Nicolas Cirino,nicolas.cirino@email.com,47.0,masculino,Niterói,RJ,2024-01-09,5289.0,7,2833.0,2.8,True,2024,1,1,Tuesday,High Value
CUST000412,Ana Luiza Porto,ana.luiza.porto@email.com,44.0,feminino,Feira de Santana,BA,2024-01-09,2746.0,6,714.0,3.5,True,2024,1,1,Tuesday,Low Value
CUST004594,Pedro Miguel Mendonça,pedro.miguel.mendonca@mail.com,19.0,masculino,unknown,PE,2024-01-09,7608.0,7,2411.0,3.9,True,2024,1,1,Tuesday,High Value
CUST002923,Maria Vargas,maria.vargas@webmail.com,21.0,feminino,Recife,PE,2024-01-10,2800.0,3,696.0,4.0,True,2024,1,1,Wednesday,Low Value
CUST003856,Camila Nunes,camila.nunes@mail.com,18.0,feminino,Brasília,DF,2024-01-10,3345.0,7,1695.0,2.7,True,2024,1,1,Wednesday,Medium Value
CUST001296,Danilo Das Neves,danilo.das.neves@correio.net,26.0,masculino,Brasília,DF,2024-01-10,2554.0,4,508.0,4.3,True,2024,1,1,Wednesday,Low Value
CUST002709,Isabelly Das Neves,isabelly.das.neves@provedor.com.br,31.0,feminino,Goiânia,GO,2024-01-10,3574.0,5,1206.0,3.0,True,2024,1,1,Wednesday,Low Value
CUST003617,Vitória Moraes,vitoria.moraes@email.com,41.0,feminino,Ananindeua,PA,2024-01-10,3672.0,5,1157.0,4.0,True,2024,1,1,Wednesday,Low Value
CUST003336,Alice Da Conceição,alice.da.conceicao@mail.com,18.0,feminino,Santos,SP,2024-01-10,4506.0,4,1119.0,4.7,True,2024,1,1,Wednesday,Low Value
CUST003364,Júlia Viana,julia.viana@email.com,38.0,feminino,Vitória da Conquista,BA,2024-01-11,3366.5,6,1711.0,5.0,True,2024,1,1,Thursday,Medium Value
CUST003935,Isabella Abreu,isabella.abreu@webmail.com,35.0,feminino,Belo Horizonte,MG,2024-01-11,3363.0,5,1306.0,5.0,True,2024,1,1,Thursday,Medium Value
CUST001079,Yan Oliveira,yan.oliveira@mail.com,34.0,masculino,Uberlândia,MG,2024-01-11,1919.0,6,1020.0,3.8,True,2024,1,1,Thursday,Low Value
CUST001932,Ana Beatriz Costa,ana.beatriz.costa@provedor.com.br,33.0,feminino,Petrópolis,RJ,2024-01-11,2419.0,2,215120.0,5.0,True,2024,1,1,Thursday,High Value
CUST000311,Ian Rocha,ian.rocha@provedor.com.br,23.0,masculino,Florianópolis,SC,2024-01-12,3728.0,10,3115.0,4.0,True,2024,1,1,Friday,High Value
CUST000518,Diogo Da Cunha,diogo.da.cunha@webmail.com,51.0,masculino,Porto Alegre,RS,2024-01-12,2512.0,6,1467.0,3.2,True,2024,1,1,Friday,Medium Value
CUST004883,Liz Araújo,liz.araujo@mail.com,52.0,feminino,Vitória,ES,2024-01-12,2789.0,10,2895.0,4.3,True,2024,1,1,Friday,High Value
CUST004892,Kaique Nunes,kaique.nunes@mail.com,27.0,masculino,Curitiba,PR,2024-01-12,7079.0,7,2946.0,5.0,True,2024,1,1,Friday,High Value
CUST002180,Leonardo Almeida,leonardo.almeida@mail.com,18.0,masculino,Campinas,SP,2024-01-12,1289.0,8,1650.0,3.8,True,2024,1,1,Friday,Medium Value
CUST001495,Gabrielly Rezende,gabrielly.rezende@email.com,24.0,feminino,unknown,MG,2024-01-13,2095.0,8,1395.0,3.7,True,2024,1,1,Saturday,Medium Value
CUST004943,Sr. Luan Vasconcelos,sr..luan.vasconcelos@provedor.com.br,18.0,masculino,Vitória da Conquista,BA,2024-01-13,1389.0,9,2073.0,4.6,True,2024,1,1,Saturday,High Value
CUST004391,João Pedro Fernandes,joao.pedro.fernandes@email.com,33.0,masculino,Goiânia,GO,2024-01-13,3827.0,4,709.0,4.6,True,2024,1,1,Saturday,Low Value
CUST003824,Ana Clara Nunes,ana.clara.nunes@provedor.com.br,36.0,feminino,Cuiabá,MT,2024-01-13,3596.0,5,1223.0,4.8,True,2024,1,1,Saturday,Low Value
CUST004438,Juan Camargo,juan.camargo@webmail.com,39.0,masculino,Rio de Janeiro,RJ,2024-01-14,8213.0,7,2540.0,4.3,True,2024,1,1,Sunday,High Value
CUST002951,Maria Júlia Teixeira,maria.julia.teixeira@provedor.com.br,24.0,feminino,Campinas,SP,2024-01-14,7314.0,10,1984.0,4.4,True,2024,1,1,Sunday,Medium Value
CUST002065,Sra. Ester Gomes,sra..ester.gomes@email.com,38.0,feminino,Duque de Caxias,RJ,2024-01-14,4808.0,9,2628.0,5.0,True,2024,1,1,Sunday,High Value
CUST000906,Evelyn Pinto,evelyn.pinto@webmail.com,19.0,feminino,Goiânia,GO,2024-01-14,1650.0,2,435.0,5.0,True,2024,1,1,Sunday,Low Value
CUST004388,Heloísa Nunes,heloisa.nunes@correio.net,68.0,feminino,Fortaleza,CE,2024-01-15,2252.0,5,906.0,4.1,True,2024,1,1,Monday,Low Value
CUST001480,Ana Júlia Albuquerque,ana.julia.albuquerque@email.com,37.0,feminino,Recife,PE,2024-01-15,2042.0,7,2069.0,3.6,True,2024,1,1,Monday,High Value
CUST003283,Sr. Henrique Monteiro,sr..henrique.monteiro@webmail.com,43.0,masculino,Blumenau,SC,2024-01-15,1487.0,4,1310.0,3.3,True,2024,1,1,Monday,Medium Value
CUST001516,Erick Siqueira,erick.siqueira@mail.com,22.0,masculino,Campinas,SP,2024-01-15,2416.0,9,1743.0,2.9,True,2024,1,1,Monday,Medium Value
CUST002443,Olivia Siqueira,olivia.siqueira@provedor.com.br,18.0,feminino,Contagem,MG,2024-01-16,1950.0,8,2461.0,4.0,True,2024,1,1,Tuesday,High Value
CUST000028,Júlia Porto,julia.porto@mail.com,19.0,outro,Santos,SP,2024-01-16,1274.0,11,1873.0,4.0,True,2024,1,1,Tuesday,Medium Value
CUST002536,Caio Casa Grande,caio.casa.grande@email.com,38.0,masculino,Vitória da Conquista,BA,2024-01-16,3366.5,6,863.0,3.6,True,2024,1,1,Tuesday,Low Value
CUST001900,Renan Sales,renan.sales@mail.com,20.0,masculino,Rio de Janeiro,RJ,2024-01-17,4816.0,9,2668.0,2.2,True,2024,1,1,Wednesday,High Value
CUST003049,Thiago Gomes,thiago.gomes@mail.com,39.0,masculino,São Paulo,SP,2024-01-18,3040.0,7,1249.0,4.0,True,2024,1,1,Thursday,Low Value
CUST003582,Nina Montenegro,nina.montenegro@correio.net,38.0,feminino,Niterói,RJ,2024-01-18,2849.0,3,644.0,3.9,True,2024,1,1,Thursday,Low Value
CUST003232,Sr. Renan Da Conceição,sr..renan.da.conceicao@email.com,36.0,masculino,Ribeirão Preto,SP,2024-01-18,4186.0,8,2047.0,4.3,True,2024,1,1,Thursday,High Value
CUST001677,Elisa Ramos,elisa.ramos@correio.net,51.0,feminino,Sorocaba,SP,2024-01-18,3342.0,10,1261.0,4.2,True,2024,1,1,Thursday,Low Value
CUST004721,Theodoro Freitas,theodoro.freitas@email.com,54.0,masculino,Caxias do Sul,RS,2024-01-18,5648.0,7,2397.0,3.3,True,2024,1,1,Thursday,High Value
CUST002422,Ryan Aragão,ryan.aragao@webmail.com,47.0,masculino,Sorocaba,SP,2024-01-18,8601.0,11,3511.0,3.0,True,2024,1,1,Thursday,High Value
CUST004522,Amanda Gonçalves,amanda.goncalves@mail.com,31.0,feminino,Rio de Janeiro,RJ,2024-01-19,4868.0,5,1635.0,4.0,True,2024,1,1,Friday,Medium Value
CUST003770,Maria Dias,maria.dias@webmail.com,35.0,feminino,Santos,SP,2024-01-19,3313.5,6,1382.0,3.9,True,2024,1,1,Friday,Medium Value
CUST002429,Sr. João Lucas Carvalho,sr..joao.lucas.carvalho@webmail.com,39.0,masculino,Campinas,SP,2024-01-19,2571.0,8,1724.0,3.6,True,2024,1,1,Friday,Medium Value
CUST000235,Srta. Ana Vitória Pastor,srta..ana.vitoria.pastor@email.com,38.0,feminino,Uberlândia,MG,2024-01-19,2353.0,5,1241.0,3.5,True,2024,1,1,Friday,Low Value
CUST004705,Ana Clara Cunha,ana.clara.cunha@webmail.com,26.0,feminino,Juiz de Fora,MG,2024-01-20,3313.0,0,0.0,4.1,True,2024,1,1,Saturday,Low Value
CUST002968,Srta. Alícia Alves,srta..alicia.alves@provedor.com.br,35.0,feminino,Contagem,MG,2024-01-20,4864.0,5,935.0,4.4,True,2024,1,1,Saturday,Low Value
CUST004113,Lucas Gabriel Machado,lucas.gabriel.machado@email.com,20.0,masculino,Sobral,CE,2024-01-20,2569.0,7,2082.0,4.4,True,2024,1,1,Saturday,High Value
CUST002396,Ana Carolina Peixoto,ana.carolina.peixoto@mail.com,38.0,feminino,Anápolis,GO,2024-01-20,5174.0,4,1105.0,3.5,True,2024,1,1,Saturday,Low Value
CUST002566,Srta. Aylla Peixoto,srta..aylla.peixoto@webmail.com,38.0,feminino,Ananindeua,PA,2024-01-20,2938.0,11,2144.0,4.5,True,2024,1,1,Saturday,High Value
CUST000696,Cauê Dias,caue.dias@mail.com,52.0,masculino,Ribeirão Preto,SP,2024-01-20,4601.0,10,2791.0,2.3,True,2024,1,1,Saturday,High Value
CUST000925,Dr. Breno Da Rosa,dr..breno.da.rosa@correio.net,68.0,masculino,Várzea Grande,MT,2024-01-21,6653.0,7,1412.0,4.4,True,2024,1,1,Sunday,Medium Value
CUST003563,Aurora Fonseca,aurora.fonseca@correio.net,36.0,feminino,Niterói,RJ,2024-01-21,2482.0,6,1834.0,4.0,True,2024,1,1,Sunday,Medium Value
CUST002086,Valentim Casa Grande,valentim.casa.grande@webmail.com,37.0,masculino,Ananindeua,PA,2024-01-21,4538.0,5,1534.0,3.7,True,2024,1,1,Sunday,Medium Value
CUST002777,Gustavo Correia,gustavo.correia@email.com,38.0,masculino,Londrina,PR,2024-01-21,7901.0,14,2438.0,2.8,True,2024,1,1,Sunday,High Value
CUST002858,Ana Vitória Aparecida,ana.vitoria.aparecida@correio.net,38.0,feminino,unknown,MG,2024-01-21,4761.0,8,1544.0,5.0,True,2024,1,1,Sunday,Medium Value
CUST002446,Sr. Rael Monteiro,sr..rael.monteiro@mail.com,46.0,masculino,Curitiba,PR,2024-01-21,2621.0,6,1686.0,4.0,True,2024,1,1,Sunday,Medium Value
CUST002427,João Gabriel Costa,joao.gabriel.costa@provedor.com.br,43.0,masculino,Pelotas,RS,2024-01-21,5090.0,6,2300.0,5.0,True,2024,1,1,Sunday,High Value
CUST001216,Lara Machado,lara.machado@correio.net,28.0,feminino,Porto Alegre,RS,2024-01-22,4660.0,5,676.0,4.1,True,2024,1,1,Monday,Low Value
CUST002928,Cauã Novais,caua.novais@mail.com,52.0,masculino,Brasília,DF,2024-01-22,4721.0,5,1986.0,2.3,True,2024,1,1,Monday,Medium Value
CUST004376,Sr. Vinícius Aragão,sr..vinicius.aragao@correio.net,31.0,masculino,Sorocaba,SP,2024-01-22,1879.0,5,1030.0,3.0,True,2024,1,1,Monday,Low Value
CUST004352,Sr. Bento Silva,sr..bento.silva@provedor.com.br,46.0,masculino,Florianópolis,SC,2024-01-22,4601.0,5,1517.0,5.0,True,2024,1,1,Monday,Medium Value
CUST004303,Ana Júlia Ferreira,ana.julia.ferreira@correio.net,44.0,feminino,Niterói,RJ,2024-01-23,6302.0,11,3706.0,4.2,True,2024,1,1,Tuesday,High Value
CUST000108,Gustavo Rios,gustavo.rios@correio.net,22.0,masculino,unknown,BA,2024-01-23,1064.0,5,843.0,4.3,True,2024,1,1,Tuesday,Low Value
CUST000101,Anna Liz Cirino,anna.liz.cirino@email.com,18.0,feminino,Vitória,ES,2024-01-23,3398.0,8,1508.0,4.5,True,2024,1,1,Tuesday,Medium Value
CUST004413,Maria Eduarda Rocha,maria.eduarda.rocha@mail.com,51.0,feminino,Ananindeua,PA,2024-01-23,3996.0,9,2648.0,4.6,True,2024,1,1,Tuesday,High Value
CUST001290,Rebeca Cassiano,rebeca.cassiano@correio.net,61.0,feminino,Blumenau,SC,2024-01-23,3527.0,7,1818.0,4.9,True,2024,1,1,Tuesday,Medium Value
CUST003892,Marcela Leão,marcela.leao@provedor.com.br,39.0,feminino,Londrina,PR,2024-01-23,3358.0,7,1312.0,3.6,True,2024,1,1,Tuesday,Medium Value
CUST004035,Anthony Carvalho,anthony.carvalho@mail.com,39.0,masculino,Ribeirão Preto,SP,2024-01-23,4019.0,688,2604.0,4.9,True,2024,1,1,Tuesday,High Value
CUST002563,Luiz Henrique Aragão,luiz.henrique.aragao@webmail.com,47.0,masculino,Ribeirão Preto,SP,2024-01-24,4083.0,6,1072.0,3.9,True,2024,1,1,Wednesday,Low Value
CUST004920,Liz Freitas,liz.freitas@email.com,22.0,feminino,Contagem,MG,2024-01-24,2035.0,8,2357.0,4.3,True,2024,1,1,Wednesday,High Value
CUST002584,Ana Souza,ana.souza@webmail.com,49.0,feminino,Rio Verde,GO,2024-01-24,5000.0,6,1762.0,3.2,True,2024,1,1,Wednesday,Medium Value
CUST003895,Dra. Maria Julia Albuquerque,dra..maria.julia.albuquerque@email.com,38.0,feminino,São Paulo,SP,2024-01-25,2100.0,8,1442.0,2.8,True,2024,1,1,Thursday,Medium Value
CUST004226,Igor Brito,igor.brito@correio.net,25.0,masculino,Petrópolis,RJ,2024-01-25,4122.0,5,1836.0,3.7,True,2024,1,1,Thursday,Medium Value
CUST000927,Vitor Hugo Farias,vitor.hugo.farias@email.com,48.0,masculino,São Paulo,SP,2024-01-25,3137.0,7,1752.0,2.9,True,2024,1,1,Thursday,Medium Value
CUST003250,Rael Porto,rael.porto@correio.net,61.0,masculino,Curitiba,PR,2024-01-25,3647.0,4,863.0,2.8,True,2024,1,1,Thursday,Low Value
CUST000853,Sra. Sabrina Aragão,sra..sabrina.aragao@email.com,34.0,feminino,Anápolis,GO,2024-01-26,1301.0,7,1322.0,3.4,True,2024,1,1,Friday,Medium Value
CUST001697,Emanuelly Melo,emanuelly.melo@correio.net,53.0,feminino,Recife,PE,2024-01-26,4132.0,8,1133.0,4.0,True,2024,1,1,Friday,Low Value
CUST000670,Dr. Davi Lucas Vasconcelos,dr..davi.lucas.vasconcelos@provedor.com.br,50.0,masculino,Joinville,SC,2024-01-26,3854.0,12,3005.0,4.6,True,2024,1,1,Friday,High Value
CUST000196,Kamilly Macedo,kamilly.macedo@mail.com,44.0,feminino,Manaus,AM,2024-01-26,4224.0,8,2190.0,4.6,True,2024,1,1,Friday,High Value
CUST004514,Ravy Garcia,ravy.garcia@mail.com,28.0,masculino,Ribeirão Preto,SP,2024-01-26,2249.0,5,1398.0,4.1,True,2024,1,1,Friday,Medium Value
CUST002869,Luigi Cirino,luigi.cirino@provedor.com.br,38.0,masculino,Vitória da Conquista,BA,2024-01-26,6939.0,6,1842.0,3.8,True,2024,1,1,Friday,Medium Value
CUST002498,Clara Fogaça,clara.fogaca@email.com,27.0,feminino,Caxias do Sul,RS,2024-01-27,4305.0,7,1373.0,4.0,True,2024,1,1,Saturday,Medium Value
CUST002786,Natália Barros,natalia.barros@correio.net,21.0,feminino,Porto Alegre,RS,2024-01-27,4267.0,7,1731.0,3.7,True,2024,1,1,Saturday,Medium Value
CUST001478,Dra. Isadora Mendes,dra..isadora.mendes@provedor.com.br,35.0,feminino,Feira de Santana,BA,2024-01-27,1657.0,7,2386.0,3.4,True,2024,1,1,Saturday,High Value
CUST004822,Srta. Luísa Castro,srta..luisa.castro@mail.com,21.0,feminino,Salvador,BA,2024-01-27,1855.0,5,1435.0,4.0,True,2024,1,1,Saturday,Medium Value
CUST004190,Renan Alves,renan.alves@mail.com,31.0,masculino,Manaus,AM,2024-01-27,3593.0,6,821.0,5.0,True,2024,1,1,Saturday,Low Value
CUST002535,Oliver Carvalho,oliver.carvalho@correio.net,33.0,masculino,Ribeirão Preto,SP,2024-01-27,2777.0,4,748.0,3.5,True,2024,1,1,Saturday,Low Value
CUST000100,Emanuel Araújo,emanuel.araujo@correio.net,38.0,masculino,Duque de Caxias,RJ,2024-01-28,1887.0,4,722.0,4.6,True,2024,1,1,Sunday,Low Value
CUST004603,Luísa Brito,luisa.brito@provedor.com.br,22.0,feminino,Caxias do Sul,RS,2024-01-28,5039.0,10,3060.0,3.3,True,2024,1,1,Sunday,High Value
CUST002117,Letícia Farias,leticia.farias@mail.com,18.0,feminino,Ribeirão Preto,SP,2024-01-28,3313.5,5,1344.0,3.0,True,2024,1,1,Sunday,Medium Value
CUST000926,Isabella Nunes,isabella.nunes@correio.net,52.0,feminino,Sorocaba,SP,2024-01-29,1969.0,10,2480.0,3.3,True,2024,1,1,Monday,High Value
CUST003748,Amanda Da Conceição,amanda.da.conceicao@correio.net,25.0,feminino,Parintins,AM,2024-01-29,2991.0,8,2088.0,4.0,True,2024,1,1,Monday,High Value
CUST004288,Vitor Gabriel Nunes,vitor.gabriel.nunes@provedor.com.br,33.0,masculino,Ribeirão Preto,SP,2024-01-29,3103.0,5,1053.0,5.0,True,2024,1,1,Monday,Low Value
CUST000477,Dr. Arthur Cirino,dr..arthur.cirino@provedor.com.br,32.0,masculino,Parintins,AM,2024-01-30,8152.0,10,3365.0,4.0,True,2024,1,1,Tuesday,High Value
CUST001709,Yago Jesus,yago.jesus@webmail.com,38.0,masculino,Rio de Janeiro,RJ,2024-01-30,3357.5,8,1168.0,4.2,True,2024,1,1,Tuesday,Low Value
CUST004634,Antônio Vargas,antonio.vargas@webmail.com,22.0,masculino,Ribeirão Preto,SP,2024-01-30,2334.0,5,893.0,3.3,True,2024,1,1,Tuesday,Low Value
CUST002001,Esther Duarte,esther.duarte@mail.com,56.0,feminino,Cuiabá,MT,2024-01-30,4939.0,7,2562.0,5.0,True,2024,1,1,Tuesday,High Value
CUST000473,Marcela Novais,marcela.novais@correio.net,44.0,feminino,Contagem,MG,2024-01-31,3318.0,7,1996.0,3.1,True,2024,1,1,Wednesday,Medium Value
CUST004316,Henry Gabriel Costela,henry.gabriel.costela@correio.net,37.0,outro,Belém,PA,2024-01-31,3537.0,10,2808.0,5.0,True,2024,1,1,Wednesday,High Value
CUST003055,Carlos Eduardo Da Cruz,carlos.eduardo.da.cruz@email.com,28.0,masculino,Florianópolis,SC,2024-01-31,900.0,4,794.0,1.8,True,2024,1,1,Wednesday,Low Value
CUST000046,Srta. Zoe Sá,srta..zoe.sa@webmail.com,41.0,feminino,São Paulo,SP,2024-01-31,222493.0,10,3348.0,4.7,True,2024,1,1,Wednesday,High Value
CUST001041,Rebeca Cavalcante,rebeca.cavalcante@correio.net,50.0,feminino,Florianópolis,SC,2024-01-31,3628.0,9,3310.0,4.0,True,2024,1,1,Wednesday,High Value
CUST000421,Srta. Rebeca Pimenta,srta..rebeca.pimenta@provedor.com.br,20.0,feminino,Belo Horizonte,MG,2024-01-31,4114.0,7,1218.0,3.0,True,2024,1,1,Wednesday,Low Value
CUST000822,Manuella Sampaio,manuella.sampaio@provedor.com.br,49.0,feminino,Santos,SP,2024-02-01,2727.0,9,1977.0,4.2,True,2024,2,1,Thursday,Medium Value
CUST000936,Pedro Cirino,pedro.cirino@mail.com,36.0,masculino,Santos,SP,2024-02-01,3077.0,6,1411.0,3.8,True,2024,2,1,Thursday,Medium Value
CUST000983,Rhavi Pacheco,rhavi.pacheco@webmail.com,40.0,masculino,Fortaleza,CE,2024-02-01,3278.0,5,1505.0,4.5,True,2024,2,1,Thursday,Medium Value
CUST002213,Davi Lucas Moraes,davi.lucas.moraes@correio.net,50.0,masculino,Juiz de Fora,MG,2024-02-01,4755.0,4,1160.0,5.0,True,2024,2,1,Thursday,Low Value
CUST002634,Cauê Campos,caue.campos@mail.com,30.0,masculino,Olinda,PE,2024-02-01,2038.0,18,3676.0,4.9,True,2024,2,1,Thursday,High Value
CUST000341,Diogo Gomes,diogo.gomes@mail.com,36.0,masculino,Juazeiro do Norte,CE,2024-02-02,5616.0,4,1459.0,2.8,True,2024,2,1,Friday,Medium Value
CUST001949,Dr. Cauê Vargas,dr..caue.vargas@correio.net,53.0,masculino,Caxias do Sul,RS,2024-02-02,7117.0,9,3339.0,3.8,True,2024,2,1,Friday,High Value
CUST000885,Mateus Nunes,mateus.nunes@webmail.com,22.0,masculino,Ribeirão Preto,SP,2024-02-02,6255.0,15,4039.0,4.5,True,2024,2,1,Friday,High Value
CUST004542,Srta. Maria Flor Cardoso,srta..maria.flor.cardoso@email.com,38.0,feminino,Recife,PE,2024-02-02,2704.0,6,926.0,2.6,True,2024,2,1,Friday,Low Value
CUST000398,Erick Costa,erick.costa@webmail.com,55.0,masculino,Juiz de Fora,MG,2024-02-02,3896.0,9,2425.0,5.0,True,2024,2,1,Friday,High Value
CUST001099,Srta. Bella Dias,srta..bella.dias@mail.com,42.0,feminino,Maringá,PR,2024-02-02,3107.0,7,1393.0,3.9,True,2024,2,1,Friday,Medium Value
CUST000384,Gael Henrique Gomes,gael.henrique.gomes@webmail.com,33.0,masculino,Porto Alegre,RS,2024-02-02,3846.0,7,2084.0,3.8,True,2024,2,1,Friday,High Value
CUST002830,Sra. Alana Farias,sra..alana.farias@provedor.com.br,42.0,feminino,Vila Velha,ES,2024-02-02,2799.0,4,633.0,4.1,True,2024,2,1,Friday,Low Value
CUST004625,Ana Clara Da Mota,ana.clara.da.mota@provedor.com.br,37.0,feminino,Petrópolis,RJ,2024-02-02,4133.0,11,3686.0,4.3,True,2024,2,1,Friday,High Value
CUST003067,Thomas Da Paz,thomas.da.paz@correio.net,44.0,outro,Pelotas,RS,2024-02-03,7121.0,9,3586.0,3.9,True,2024,2,1,Saturday,High Value
CUST000645,Miguel Dias,miguel.dias@mail.com,61.0,masculino,Rio de Janeiro,RJ,2024-02-03,4518.0,10,2386.0,4.6,True,2024,2,1,Saturday,High Value
CUST002234,Maria Julia Pimenta,maria.julia.pimenta@correio.net,28.0,feminino,Maringá,PR,2024-02-03,4034.0,3,863.0,3.6,True,2024,2,1,Saturday,Low Value
CUST003248,Maria Isis Correia,maria.isis.correia@correio.net,42.0,feminino,Petrópolis,RJ,2024-02-03,5486.0,6,713.0,3.7,True,2024,2,1,Saturday,Low Value
CUST001039,Maria Luísa Rodrigues,maria.luisa.rodrigues@mail.com,47.0,outro,Sorocaba,SP,2024-02-03,6242.0,8,3194.0,3.8,True,2024,2,1,Saturday,High Value
CUST000810,Gabriela Oliveira,gabriela.oliveira@correio.net,29.0,feminino,Juiz de Fora,MG,2024-02-03,5310.0,8,3014.0,4.9,True,2024,2,1,Saturday,High Value
CUST001001,Rafael Viana,rafael.viana@provedor.com.br,32.0,masculino,Sorocaba,SP,2024-02-03,3023.0,6,1288.0,3.5,True,2024,2,1,Saturday,Low Value
CUST001521,Laís Machado,lais.machado@mail.com,38.0,feminino,Porto Alegre,RS,2024-02-03,3448.0,6,1506.0,3.5,True,2024,2,1,Saturday,Medium Value
CUST001831,Sr. Gustavo Henrique Cavalcante,sr..gustavo.henrique.cavalcante@email.com,19.0,masculino,Pelotas,RS,2024-02-03,2680.0,12,1690.0,3.6,True,2024,2,1,Saturday,Medium Value
CUST001165,Mirella Albuquerque,mirella.albuquerque@correio.net,28.0,feminino,Sobral,CE,2024-02-04,4058.0,6,1234.0,3.0,True,2024,2,1,Sunday,Low Value
CUST003597,Manuella Da Cruz,manuella.da.cruz@provedor.com.br,34.0,feminino,Caxias do Sul,RS,2024-02-04,3401.0,7,1624.0,4.7,True,2024,2,1,Sunday,Medium Value
CUST000278,João Miguel Melo,joao.miguel.melo@webmail.com,39.0,masculino,Vitória da Conquista,BA,2024-02-04,4165.0,5,1503.0,4.8,True,2024,2,1,Sunday,Medium Value
CUST004459,Ana Carolina Leão,ana.carolina.leao@correio.net,63.0,feminino,Rio de Janeiro,RJ,2024-02-05,4663.0,18,3775.0,5.0,True,2024,2,1,Monday,High Value
CUST002631,Dr. Murilo Fogaça,dr..murilo.fogaca@email.com,47.0,masculino,São Paulo,SP,2024-02-05,3314.0,6,1162.0,3.6,True,2024,2,1,Monday,Low Value
CUST000257,Samuel Novais,samuel.novais@mail.com,51.0,masculino,Sorocaba,SP,2024-02-05,4139.0,6,1191.0,5.0,True,2024,2,1,Monday,Low Value
CUST002895,Maria Liz Mendonça,maria.liz.mendonca@provedor.com.br,33.0,feminino,Brasília,DF,2024-02-05,3317.0,7,1628.0,3.7,True,2024,2,1,Monday,Medium Value
CUST001066,Lorenzo Da Cruz,lorenzo.da.cruz@webmail.com,32.0,outro,Uberlândia,MG,2024-02-05,3313.0,2,535.0,4.0,True,2024,2,1,Monday,Low Value
CUST000187,Dra. Nicole Aragão,dra..nicole.aragao@provedor.com.br,31.0,feminino,São Paulo,SP,2024-02-06,2059.0,9,1791.0,4.1,True,2024,2,1,Tuesday,Medium Value
CUST003337,Davi Das Neves,davi.das.neves@webmail.com,35.0,outro,Fortaleza,CE,2024-02-06,2978.0,6,880.0,3.5,True,2024,2,1,Tuesday,Low Value
CUST004827,José Pedro Silva,jose.pedro.silva@webmail.com,37.0,masculino,Goiânia,GO,2024-02-07,3637.0,8,1533.0,4.5,True,2024,2,1,Wednesday,Medium Value
CUST003126,Srta. Carolina Araújo,srta..carolina.araujo@email.com,20.0,feminino,Caxias do Sul,RS,2024-02-07,7706.0,7,2394.0,3.0,True,2024,2,1,Wednesday,High Value
CUST000283,Benjamim Cassiano,benjamim.cassiano@correio.net,18.0,masculino,Duque de Caxias,RJ,2024-02-07,2747.0,5,1245.0,4.0,True,2024,2,1,Wednesday,Low Value
CUST003110,Luara Abreu,luara.abreu@webmail.com,25.0,feminino,Ribeirão Preto,SP,2024-02-07,5601.0,8,1901.0,4.4,True,2024,2,1,Wednesday,Medium Value
CUST001318,José Pedro Dias,jose.pedro.dias@webmail.com,46.0,masculino,Joinville,SC,2024-02-08,7242.0,10,4719.0,3.1,True,2024,2,1,Thursday,High Value
CUST004504,Davi Lucca Sousa,davi.lucca.sousa@correio.net,26.0,masculino,Niterói,RJ,2024-02-08,2090.0,10,2189.0,3.6,True,2024,2,1,Thursday,High Value
CUST004846,Clara Moreira,clara.moreira@email.com,47.0,feminino,Uberlândia,MG,2024-02-08,4144.0,4,1076.0,4.1,True,2024,2,1,Thursday,Low Value
CUST004513,Guilherme Brito,guilherme.brito@webmail.com,33.0,masculino,Caxias do Sul,RS,2024-02-09,900.0,5,1380.0,5.0,True,2024,2,1,Friday,Medium Value
CUST004121,Srta. Clara Jesus,srta..clara.jesus@email.com,43.0,feminino,Porto Alegre,RS,2024-02-09,3747.0,8,2333.0,3.7,True,2024,2,1,Friday,High Value
CUST003876,Dra. Olívia Camargo,dra..olivia.camargo@correio.net,29.0,outro,Rio de Janeiro,RJ,2024-02-09,2533.0,7,1826.0,5.0,True,2024,2,1,Friday,Medium Value
CUST000989,Dra. Ana Clara Nunes,dra..ana.clara.nunes@mail.com,44.0,feminino,Contagem,MG,2024-02-09,5231.0,2,531.0,3.5,True,2024,2,1,Friday,Low Value
CUST002768,Ian Borges,ian.borges@correio.net,23.0,masculino,Rio de Janeiro,RJ,2024-02-09,2583.0,11,3458.0,4.0,True,2024,2,1,Friday,High Value
CUST002729,Heitor Da Mota,heitor.da.mota@webmail.com,44.0,masculino,Campinas,SP,2024-02-09,2641.0,0,0.0,3.9,True,2024,2,1,Friday,Low Value
CUST000382,Kaique Porto,kaique.porto@webmail.com,36.0,masculino,São Paulo,SP,2024-02-09,3660.0,776,847.0,2.4,True,2024,2,1,Friday,Low Value
CUST004645,Sra. Julia Borges,sra..julia.borges@webmail.com,52.0,feminino,Brasília,DF,2024-02-09,4054.0,5,1154.0,4.5,True,2024,2,1,Friday,Low Value
CUST000224,Bernardo Vasconcelos,bernardo.vasconcelos@webmail.com,58.0,masculino,unknown,MG,2024-02-10,3412.0,6,1046.0,4.5,True,2024,2,1,Saturday,Low Value
CUST003303,Maria Alice Cavalcanti,maria.alice.cavalcanti@provedor.com.br,33.0,feminino,Uberlândia,MG,2024-02-10,1946.0,6,467.0,2.9,True,2024,2,1,Saturday,Low Value
CUST002896,Raquel Da Conceição,raquel.da.conceicao@correio.net,36.0,feminino,Pelotas,RS,2024-02-10,3448.0,7,2365.0,4.1,True,2024,2,1,Saturday,High Value
CUST002732,Marcelo Sampaio,marcelo.sampaio@correio.net,45.0,masculino,Caxias do Sul,RS,2024-02-11,2900.0,5,1046.0,3.2,True,2024,2,1,Sunday,Low Value
CUST000058,Benjamin Da Costa,benjamin.da.costa@webmail.com,66.0,masculino,Anápolis,GO,2024-02-11,5158.0,7,1298.0,4.4,True,2024,2,1,Sunday,Low Value
CUST001071,Lara Sales,lara.sales@provedor.com.br,38.0,feminino,Salvador,BA,2024-02-11,3460.0,8,1799.0,4.8,True,2024,2,1,Sunday,Medium Value
CUST000613,Dr. Arthur Miguel Da Rocha,dr..arthur.miguel.da.rocha@provedor.com.br,49.0,masculino,unknown,SC,2024-02-12,4673.0,2,301.0,3.5,True,2024,2,1,Monday,Low Value
CUST000674,Liz Cavalcante,liz.cavalcante@email.com,23.0,feminino,Feira de Santana,BA,2024-02-12,2293.0,6,1072.0,4.3,True,2024,2,1,Monday,Low Value
CUST001591,Milena Pires,milena.pires@provedor.com.br,18.0,feminino,Duque de Caxias,RJ,2024-02-12,2300.0,6,1043.0,5.0,True,2024,2,1,Monday,Low Value
CUST002090,Maria Sophia Duarte,maria.sophia.duarte@provedor.com.br,39.0,feminino,Anápolis,GO,2024-02-12,2493.0,5,1210.0,4.0,True,2024,2,1,Monday,Low Value
CUST003614,Ester Guerra,ester.guerra@email.com,46.0,feminino,Campinas,SP,2024-02-13,1194.0,5,1107.0,3.6,True,2024,2,1,Tuesday,Low Value
CUST004088,Danilo Aragão,danilo.aragao@mail.com,28.0,masculino,Feira de Santana,BA,2024-02-13,1271.0,6,1161.0,2.3,True,2024,2,1,Tuesday,Low Value
CUST001460,Sr. Lucas Fogaça,sr..lucas.fogaca@correio.net,38.0,masculino,Niterói,RJ,2024-02-13,3468.0,6,1895.0,5.0,True,2024,2,1,Tuesday,Medium Value
CUST002408,Benjamim Ramos,benjamim.ramos@email.com,34.0,masculino,Recife,PE,2024-02-13,8409.0,11,3501.0,3.8,True,2024,2,1,Tuesday,High Value
CUST001002,Stephany Mendes,stephany.mendes@webmail.com,58.0,feminino,Niterói,RJ,2024-02-13,3723.0,7,1488.0,4.0,True,2024,2,1,Tuesday,Medium Value
CUST000854,Mateus Viana,mateus.viana@provedor.com.br,32.0,masculino,Goiânia,GO,2024-02-13,5690.0,4,1458.0,2.7,True,2024,2,1,Tuesday,Medium Value
CUST000831,Carolina Siqueira,carolina.siqueira@mail.com,32.0,feminino,Niterói,RJ,2024-02-13,5123.0,7,1979.0,3.8,True,2024,2,1,Tuesday,Medium Value
CUST000402,Maitê Camargo,maite.camargo@mail.com,44.0,feminino,Campinas,SP,2024-02-14,5290.0,10,4169.0,3.5,True,2024,2,1,Wednesday,High Value
CUST000042,Srta. Mariana Peixoto,srta..mariana.peixoto@correio.net,38.0,feminino,Sorocaba,SP,2024-02-14,2267.0,8,2056.0,4.2,True,2024,2,1,Wednesday,High Value
CUST002893,Dr. Oliver Monteiro,dr..oliver.monteiro@webmail.com,39.0,masculino,Londrina,PR,2024-02-14,6375.0,8,2877.0,3.8,True,2024,2,1,Wednesday,High Value
CUST001938,Sr. Anthony Gabriel Costela,sr..anthony.gabriel.costela@webmail.com,47.0,masculino,Vitória,ES,2024-02-14,2780.0,6,515.0,4.0,True,2024,2,1,Wednesday,Low Value
CUST000211,Maya Mendonça,maya.mendonca@correio.net,45.0,feminino,Niterói,RJ,2024-02-14,4541.0,6,1505.0,4.4,True,2024,2,1,Wednesday,Medium Value
CUST000265,Luísa Fogaça,luisa.fogaca@webmail.com,37.0,feminino,Londrina,PR,2024-02-14,2502.0,10,2660.0,3.3,True,2024,2,1,Wednesday,High Value
CUST004383,Bruna Sales,bruna.sales@webmail.com,50.0,feminino,Brasília,DF,2024-02-14,4268.0,5,1224.0,4.0,True,2024,2,1,Wednesday,Low Value
CUST002728,Diego Caldeira,diego.caldeira@email.com,41.0,masculino,unknown,MG,2024-02-14,5407.0,8,2102.0,3.9,True,2024,2,1,Wednesday,High Value
CUST001310,Isabela Melo,isabela.melo@correio.net,27.0,feminino,Ananindeua,PA,2024-02-15,7552.0,6,2388.0,4.8,True,2024,2,1,Thursday,High Value
CUST000876,Luiz Henrique Das Neves,luiz.henrique.das.neves@correio.net,32.0,masculino,Belém,PA,2024-02-15,4045.0,11,2477.0,3.7,True,2024,2,1,Thursday,High Value
CUST003949,Dr. Yuri Castro,dr..yuri.castro@mail.com,43.0,masculino,Pelotas,RS,2024-02-15,3448.0,5,1013.0,4.0,True,2024,2,1,Thursday,Low Value
CUST002599,Luiz Gustavo Castro,luiz.gustavo.castro@provedor.com.br,26.0,masculino,Caruaru,PE,2024-02-16,1650.0,8,1851.0,3.8,True,2024,2,1,Friday,Medium Value
CUST000546,Clarice Farias,clarice.farias@mail.com,27.0,feminino,Petrópolis,RJ,2024-02-16,1002.0,6,2273.0,3.9,True,2024,2,1,Friday,High Value
CUST004913,Eduardo Duarte,eduardo.duarte@correio.net,38.0,masculino,Niterói,RJ,2024-02-16,5524.0,9,3197.0,2.8,True,2024,2,1,Friday,High Value
CUST001560,Dra. Liz Mendonça,dra..liz.mendonca@mail.com,42.0,feminino,Serra,ES,2024-02-16,3355.0,4,997.0,2.4,True,2024,2,1,Friday,Low Value
CUST003852,Maria Borges,maria.borges@correio.net,38.0,feminino,Serra,ES,2024-02-16,2982.0,10,2781.0,3.5,True,2024,2,1,Friday,High Value
CUST004678,Dra. Fernanda Nunes,dra..fernanda.nunes@provedor.com.br,62.0,outro,Londrina,PR,2024-02-16,4420.0,8,2002.0,3.7,True,2024,2,1,Friday,Medium Value
CUST001812,Jade Ferreira,jade.ferreira@mail.com,18.0,feminino,Juazeiro do Norte,CE,2024-02-16,2090.0,5,1907.0,3.4,True,2024,2,1,Friday,Medium Value
CUST003379,Maria Fernanda Mendonça,maria.fernanda.mendonca@correio.net,34.0,feminino,Belo Horizonte,MG,2024-02-17,4384.0,9,3054.0,3.2,True,2024,2,1,Saturday,High Value
CUST001611,Sophie Casa Grande,sophie.casa.grande@provedor.com.br,26.0,feminino,Petrópolis,RJ,2024-02-17,1720.0,6,1708.0,2.7,True,2024,2,1,Saturday,Medium Value
CUST004591,Anna Liz Pereira,anna.liz.pereira@provedor.com.br,42.0,feminino,Curitiba,PR,2024-02-18,3757.0,6,1418.0,5.0,True,2024,2,1,Sunday,Medium Value
CUST001572,Sr. Asafe Rodrigues,sr..asafe.rodrigues@webmail.com,38.0,masculino,Londrina,PR,2024-02-18,1370.0,10,2476.0,4.0,True,2024,2,1,Sunday,High Value
CUST001882,Olivia Cirino,olivia.cirino@mail.com,43.0,outro,unknown,MG,2024-02-18,3517.0,3,990.0,4.3,True,2024,2,1,Sunday,Low Value
CUST001695,Thiago Rodrigues,thiago.rodrigues@webmail.com,18.0,masculino,Blumenau,SC,2024-02-18,4298.0,5,1422.0,4.6,True,2024,2,1,Sunday,Medium Value
CUST000006,Henrique Da Conceição,henrique.da.conceicao@mail.com,18.0,masculino,Campinas,SP,2024-02-18,4904.0,7,2355.0,4.6,True,2024,2,1,Sunday,High Value
CUST001144,Arthur Farias,arthur.farias@email.com,18.0,masculino,Sorocaba,SP,2024-02-18,5003.0,2,475.0,4.2,True,2024,2,1,Sunday,Low Value
CUST002769,Fernanda Da Luz,fernanda.da.luz@email.com,42.0,feminino,Santos,SP,2024-02-19,3290.0,6,849.0,4.9,True,2024,2,1,Monday,Low Value
CUST002402,Vitor Hugo Montenegro,vitor.hugo.montenegro@correio.net,46.0,masculino,Campinas,SP,2024-02-19,3925.0,4,1173.0,4.0,True,2024,2,1,Monday,Low Value
CUST004296,Sr. Breno Barbosa,sr..breno.barbosa@correio.net,46.0,masculino,Santos,SP,2024-02-20,1251.0,2,262.0,4.8,True,2024,2,1,Tuesday,Low Value
CUST003368,Marina Teixeira,marina.teixeira@provedor.com.br,33.0,feminino,Pelotas,RS,2024-02-20,8434.0,6,2001.0,3.9,True,2024,2,1,Tuesday,Medium Value
CUST003600,Catarina Moraes,catarina.moraes@correio.net,45.0,feminino,Belém,PA,2024-02-20,3499.0,4,711.0,4.1,True,2024,2,1,Tuesday,Low Value
CUST000632,Dr. Luiz Fernando Machado,dr..luiz.fernando.machado@correio.net,38.0,masculino,Santos,SP,2024-02-20,3841.0,9,2140.0,4.5,True,2024,2,1,Tuesday,High Value
CUST002866,Maria Vitória Santos,maria.vitoria.santos@provedor.com.br,35.0,feminino,Caruaru,PE,2024-02-20,1841.0,13,3119.0,3.4,True,2024,2,1,Tuesday,High Value
CUST005026,Ana Vitória Aparecida,ana.vitoria.aparecida@correio.net,39.0,feminino,Uberlândia,MG,2024-02-21,4868.0,7,1576.0,4.7,True,2024,2,1,Wednesday,Medium Value
CUST001183,Bento Lopes,bento.lopes@correio.net,48.0,masculino,Vitória da Conquista,BA,2024-02-21,3519.0,5,1183.0,2.7,True,2024,2,1,Wednesday,Low Value
CUST004055,Dra. Gabrielly Sales,dra..gabrielly.sales@email.com,30.0,feminino,Duque de Caxias,RJ,2024-02-21,1736.0,8,1658.0,3.9,True,2024,2,1,Wednesday,Medium Value
CUST004909,Isabel Cunha,isabel.cunha@correio.net,43.0,feminino,Contagem,MG,2024-02-21,2799.0,8,2206.0,5.0,True,2024,2,1,Wednesday,High Value
CUST002664,Manuella Fogaça,manuella.fogaca@email.com,38.0,feminino,Juazeiro do Norte,CE,2024-02-21,4386.0,14,3307.0,4.6,True,2024,2,1,Wednesday,High Value
CUST002260,Mariana Pereira,mariana.pereira@email.com,42.0,feminino,Contagem,MG,2024-02-22,1491.0,8,1793.0,4.5,True,2024,2,1,Thursday,Medium Value
CUST001835,Vinicius Teixeira,vinicius.teixeira@email.com,19.0,masculino,Londrina,PR,2024-02-22,1911.0,7,2451.0,4.1,True,2024,2,1,Thursday,High Value
CUST003862,Sra. Sofia Machado,sra..sofia.machado@webmail.com,56.0,feminino,Joinville,SC,2024-02-22,5040.0,11,3606.0,4.9,True,2024,2,1,Thursday,High Value
CUST004410,Davi Luiz Siqueira,davi.luiz.siqueira@mail.com,36.0,masculino,Brasília,DF,2024-02-22,3705.0,10,2414.0,4.2,True,2024,2,1,Thursday,High Value
CUST002595,Davi Pereira,davi.pereira@webmail.com,33.0,masculino,Ribeirão Preto,SP,2024-02-22,12153.0,8,3402.0,4.7,True,2024,2,1,Thursday,High Value
CUST004649,Matheus Cassiano,matheus.cassiano@email.com,19.0,masculino,Blumenau,SC,2024-02-23,3485.0,6,728.0,4.9,True,2024,2,1,Friday,Low Value
CUST004350,Maysa Pacheco,maysa.pacheco@webmail.com,53.0,feminino,Pelotas,RS,2024-02-23,3527.0,7,1308.0,3.7,True,2024,2,1,Friday,Medium Value
CUST004726,Lucca Santos,lucca.santos@mail.com,53.0,masculino,Rio de Janeiro,RJ,2024-02-23,5406.0,7,1622.0,3.6,True,2024,2,1,Friday,Medium Value
CUST001751,Maria Luísa Montenegro,maria.luisa.montenegro@provedor.com.br,38.0,feminino,Belo Horizonte,MG,2024-02-23,4364.0,12,3334.0,3.0,True,2024,2,1,Friday,High Value
CUST004638,Esther Souza,esther.souza@correio.net,24.0,outro,unknown,RJ,2024-02-23,3725.0,9,2736.0,3.2,True,2024,2,1,Friday,High Value
CUST004787,Dr. Isaac Garcia,dr..isaac.garcia@mail.com,18.0,masculino,Niterói,RJ,2024-02-23,5690.0,9,2130.0,3.5,True,2024,2,1,Friday,High Value
CUST000639,Ana Lívia Da Costa,ana.livia.da.costa@email.com,42.0,feminino,Goiânia,GO,2024-02-24,5494.0,6,1857.0,3.3,True,2024,2,1,Saturday,Medium Value
CUST000842,Benicio Da Cruz,benicio.da.cruz@provedor.com.br,51.0,masculino,Belo Horizonte,MG,2024-02-24,1991.0,6,1038.0,5.0,True,2024,2,1,Saturday,Low Value
CUST001443,Stephany Costa,stephany.costa@email.com,48.0,feminino,Sorocaba,SP,2024-02-24,4356.0,10,3113.0,4.0,True,2024,2,1,Saturday,High Value
CUST000838,Srta. Ana Beatriz Ribeiro,srta..ana.beatriz.ribeiro@mail.com,38.0,feminino,Pelotas,RS,2024-02-24,4646.0,6,1999.0,4.0,True,2024,2,1,Saturday,Medium Value
CUST003981,Henrique Alves,henrique.alves@correio.net,18.0,masculino,Petrópolis,RJ,2024-02-24,5718.0,6,1711.0,3.9,True,2024,2,1,Saturday,Medium Value
CUST001589,Brayan Oliveira,brayan.oliveira@webmail.com,62.0,masculino,Sobral,CE,2024-02-24,2804.0,5,1399.0,3.9,True,2024,2,1,Saturday,Medium Value
CUST002519,Melissa Fogaça,melissa.fogaca@mail.com,50.0,feminino,Caruaru,PE,2024-02-25,4043.0,4,941.0,4.1,True,2024,2,1,Sunday,Low Value
CUST004621,Dr. Oliver Rios,dr..oliver.rios@email.com,43.0,masculino,unknown,MG,2024-02-25,3105.0,4,769.0,3.2,True,2024,2,1,Sunday,Low Value
CUST004488,Srta. Maria Helena Borges,srta..maria.helena.borges@mail.com,38.0,feminino,Pelotas,RS,2024-02-25,4779.0,7,2237.0,4.8,True,2024,2,1,Sunday,High Value
CUST004102,Alice Rios,alice.rios@webmail.com,30.0,feminino,Sorocaba,SP,2024-02-25,6005.0,4,1017.0,4.9,True,2024,2,1,Sunday,Low Value
CUST003784,Cecília Novaes,cecilia.novaes@mail.com,38.0,feminino,Rio de Janeiro,RJ,2024-02-25,3587.0,9,2503.0,3.1,True,2024,2,1,Sunday,High Value
CUST003285,Bella Montenegro,bella.montenegro@correio.net,35.0,feminino,Santos,SP,2024-02-25,3176.0,7,1736.0,4.1,True,2024,2,1,Sunday,Medium Value
CUST004455,Caio Moreira,caio.moreira@email.com,29.0,masculino,Duque de Caxias,RJ,2024-02-26,3355.0,5,1117.0,3.7,True,2024,2,1,Monday,Low Value
CUST004569,Paulo Pacheco,paulo.pacheco@mail.com,26.0,masculino,Rio de Janeiro,RJ,2024-02-26,902.0,8,1004.0,2.6,True,2024,2,1,Monday,Low Value
CUST002976,Isaac Souza,isaac.souza@provedor.com.br,43.0,masculino,Petrópolis,RJ,2024-02-26,6722.0,11,4055.0,2.8,True,2024,2,1,Monday,High Value
CUST004590,Stephany Dias,stephany.dias@webmail.com,31.0,feminino,Petrópolis,RJ,2024-02-26,4434.0,10,3142.0,4.9,True,2024,2,1,Monday,High Value
CUST003998,Arthur Gabriel Moraes,arthur.gabriel.moraes@mail.com,40.0,masculino,Pelotas,RS,2024-02-27,4652.0,8,2014.0,5.0,True,2024,2,1,Tuesday,Medium Value
CUST004396,Eloah Campos,eloah.campos@email.com,68.0,feminino,Petrópolis,RJ,2024-02-27,3276.0,3,732.0,4.5,True,2024,2,1,Tuesday,Low Value
CUST002615,Sr. Bryan Duarte,sr..bryan.duarte@mail.com,21.0,masculino,Belém,PA,2024-02-27,5120.0,7,1470.0,4.0,True,2024,2,1,Tuesday,Medium Value
CUST002294,Clara Peixoto,clara.peixoto@webmail.com,40.0,feminino,Salvador,BA,2024-02-27,1700.0,4,1093.0,4.6,True,2024,2,1,Tuesday,Low Value
CUST003592,Catarina Mendes,catarina.mendes@webmail.com,36.0,feminino,Juazeiro do Norte,CE,2024-02-27,1489.0,8,2125.0,2.7,True,2024,2,1,Tuesday,High Value
CUST002194,Benicio Cardoso,benicio.cardoso@email.com,68.0,masculino,Parintins,AM,2024-02-27,2830.0,6,2098.0,4.6,True,2024,2,1,Tuesday,High Value
CUST003480,Ana Beatriz Peixoto,ana.beatriz.peixoto@email.com,46.0,outro,Niterói,RJ,2024-02-27,5479.0,2,577.0,3.0,True,2024,2,1,Tuesday,Low Value
CUST002322,Helena Peixoto,helena.peixoto@mail.com,18.0,feminino,Vila Velha,ES,2024-02-28,1395.0,8,1714.0,4.9,True,2024,2,1,Wednesday,Medium Value
CUST000735,Ian Silveira,ian.silveira@mail.com,31.0,masculino,Caxias do Sul,RS,2024-02-28,2310.0,6,891.0,4.7,True,2024,2,1,Wednesday,Low Value
CUST003554,Sra. Cecília Nascimento,sra..cecilia.nascimento@provedor.com.br,31.0,feminino,Vila Velha,ES,2024-02-28,3319.0,11,2334.0,4.0,True,2024,2,1,Wednesday,High Value
CUST003394,Elisa Albuquerque,elisa.albuquerque@provedor.com.br,22.0,feminino,Uberlândia,MG,2024-02-28,5538.0,4,1263.0,4.9,True,2024,2,1,Wednesday,Low Value
CUST000334,Yuri Jesus,yuri.jesus@email.com,27.0,masculino,Várzea Grande,MT,2024-02-28,3249.0,5,1177.0,4.3,True,2024,2,1,Wednesday,Low Value
CUST004975,Maria Julia Almeida,maria.julia.almeida@webmail.com,23.0,feminino,Campinas,SP,2024-02-29,930.0,8,572.0,4.8,True,2024,2,1,Thursday,Low Value
CUST001004,Rael Dias,rael.dias@mail.com,33.0,masculino,Brasília,DF,2024-02-29,3799.0,11,3096.0,3.9,True,2024,2,1,Thursday,High Value
CUST004480,Mariana Guerra,mariana.guerra@correio.net,37.0,feminino,Pelotas,RS,2024-02-29,4059.0,6,1550.0,4.8,True,2024,2,1,Thursday,Medium Value
CUST000142,Maria Sophia Alves,maria.sophia.alves@mail.com,43.0,feminino,Petrópolis,RJ,2024-02-29,2011.0,3,856.0,3.5,True,2024,2,1,Thursday,Low Value
CUST005022,Sr. Bento Silva,sr..bento.silva@correio.net,45.0,masculino,Florianópolis,SC,2024-02-29,4762.0,5,1557.0,4.8,True,2024,2,1,Thursday,Medium Value
CUST000572,Rodrigo Freitas,rodrigo.freitas@correio.net,30.0,masculino,Anápolis,GO,2024-02-29,3601.0,7,1729.0,3.7,True,2024,2,1,Thursday,Medium Value
CUST003119,Cauê Melo,caue.melo@webmail.com,38.0,masculino,unknown,RS,2024-03-01,5776.0,7,1982.0,5.0,True,2024,3,1,Friday,Medium Value
CUST000425,Maria Eduarda Nogueira,maria.eduarda.nogueira@mail.com,18.0,feminino,Várzea Grande,MT,2024-03-01,1907.0,3,875.0,3.9,True,2024,3,1,Friday,Low Value
CUST003145,Carolina Das Neves,carolina.das.neves@mail.com,32.0,feminino,Porto Alegre,RS,2024-03-01,2875.0,10,3447.0,4.0,True,2024,3,1,Friday,High Value
CUST003289,Ana Sophia Porto,ana.sophia.porto@webmail.com,42.0,feminino,Rio de Janeiro,RJ,2024-03-02,3422.0,9,2704.0,3.3,True,2024,3,1,Saturday,High Value
CUST001125,Sofia Da Paz,sofia.da.paz@email.com,39.0,feminino,Juiz de Fora,MG,2024-03-02,6901.0,12,3242.0,2.7,True,2024,3,1,Saturday,High Value
CUST002485,Vitor Hugo Cardoso,vitor.hugo.cardoso@correio.net,43.0,masculino,Petrópolis,RJ,2024-03-02,3314.0,6,2233.0,4.3,True,2024,3,1,Saturday,High Value
CUST001277,Brayan Andrade,brayan.andrade@mail.com,34.0,masculino,Ribeirão Preto,SP,2024-03-03,6127.0,10,3067.0,4.0,True,2024,3,1,Sunday,High Value
CUST000993,Stella Novais,stella.novais@webmail.com,32.0,feminino,Rio Verde,GO,2024-03-03,2745.0,7,1774.0,4.3,True,2024,3,1,Sunday,Medium Value
CUST000288,Letícia Pastor,leticia.pastor@correio.net,27.0,feminino,Florianópolis,SC,2024-03-03,1263.0,10,2769.0,4.0,True,2024,3,1,Sunday,High Value
CUST001442,Gabriela Vasconcelos,gabriela.vasconcelos@mail.com,32.0,feminino,Florianópolis,SC,2024-03-03,2480.0,3,830.0,4.5,True,2024,3,1,Sunday,Low Value
CUST002270,Vicente Pimenta,vicente.pimenta@provedor.com.br,18.0,masculino,Rio de Janeiro,RJ,2024-03-04,1511.0,1,266.0,5.0,True,2024,3,1,Monday,Low Value
CUST004647,Luiz Fernando Vargas,luiz.fernando.vargas@webmail.com,36.0,masculino,Rio de Janeiro,RJ,2024-03-04,5098.0,8,1676.0,4.6,True,2024,3,1,Monday,Medium Value
CUST001946,Vitor Gomes,vitor.gomes@email.com,32.0,outro,Maringá,PR,2024-03-04,5270.0,7,2356.0,4.0,True,2024,3,1,Monday,High Value
CUST005021,Rodrigo Freitas,rodrigo.freitas@correio.net,30.0,masculino,Anápolis,GO,2024-03-04,3701.0,6,1593.0,3.9,True,2024,3,1,Monday,Medium Value
CUST000933,Ana Porto,ana.porto@mail.com,45.0,feminino,Duque de Caxias,RJ,2024-03-04,4546.0,12,2898.0,4.6,True,2024,3,1,Monday,High Value
CUST000498,Dante Abreu,dante.abreu@email.com,18.0,masculino,unknown,GO,2024-03-05,1671.0,8,1957.0,3.7,True,2024,3,1,Tuesday,Medium Value
CUST002121,Dr. Arthur Miguel Borges,dr..arthur.miguel.borges@email.com,18.0,masculino,Recife,PE,2024-03-05,3871.0,6,1292.0,3.3,True,2024,3,1,Tuesday,Low Value
CUST002204,Nina Melo,nina.melo@email.com,28.0,feminino,Londrina,PR,2024-03-05,1731.0,8,2043.0,4.7,True,2024,3,1,Tuesday,High Value
CUST002680,Maria Clara Lopes,maria.clara.lopes@webmail.com,48.0,feminino,Salvador,BA,2024-03-05,4035.0,4,1366.0,4.3,True,2024,3,1,Tuesday,Medium Value
CUST001858,Isabel Vieira,isabel.vieira@mail.com,26.0,feminino,Rio de Janeiro,RJ,2024-03-05,1567.0,5,1656.0,5.0,True,2024,3,1,Tuesday,Medium Value
CUST001903,Caleb Rodrigues,caleb.rodrigues@webmail.com,38.0,masculino,Anápolis,GO,2024-03-05,4299.0,11,3268.0,2.9,True,2024,3,1,Tuesday,High Value
CUST001348,Ana Beatriz Marques,ana.beatriz.marques@email.com,38.0,feminino,Juazeiro do Norte,CE,2024-03-05,2856.0,6,1354.0,3.9,True,2024,3,1,Tuesday,Medium Value
CUST004216,Dra. Maitê Marques,dra..maite.marques@provedor.com.br,34.0,feminino,Recife,PE,2024-03-06,3589.0,8,547.0,3.9,True,2024,3,1,Wednesday,Low Value
CUST001874,Pedro Lucas Siqueira,pedro.lucas.siqueira@provedor.com.br,44.0,outro,Salvador,BA,2024-03-06,3263.0,6,1883.0,3.7,True,2024,3,1,Wednesday,Medium Value
CUST002481,Enzo Da Mota,enzo.da.mota@webmail.com,38.0,masculino,Joinville,SC,2024-03-06,2858.0,5,549.0,4.0,True,2024,3,1,Wednesday,Low Value
CUST000254,João Guilherme Novais,joao.guilherme.novais@correio.net,44.0,masculino,Goiânia,GO,2024-03-06,2559.0,5,1337.0,4.9,True,2024,3,1,Wednesday,Medium Value
CUST002949,Maitê Dias,maite.dias@correio.net,32.0,feminino,unknown,SP,2024-03-06,1197.0,5,1155.0,4.5,True,2024,3,1,Wednesday,Low Value
CUST002469,Dr. Gustavo Henrique Sá,dr..gustavo.henrique.sa@webmail.com,37.0,masculino,Vitória da Conquista,BA,2024-03-07,3786.0,9,3006.0,5.0,True,2024,3,1,Thursday,High Value
CUST004979,Gabriela Vargas,gabriela.vargas@email.com,69.0,feminino,Maringá,PR,2024-03-07,3358.0,9,2567.0,2.7,True,2024,3,1,Thursday,High Value
CUST000099,Rhavi Montenegro,rhavi.montenegro@correio.net,56.0,masculino,Caxias do Sul,RS,2024-03-07,1993.0,9,2142.0,3.6,True,2024,3,1,Thursday,High Value
CUST003619,Alana Cassiano,alana.cassiano@provedor.com.br,41.0,feminino,Salvador,BA,2024-03-07,3504.0,8,1507.0,3.0,True,2024,3,1,Thursday,Medium Value
CUST003342,Gustavo Ramos,gustavo.ramos@mail.com,27.0,masculino,Manaus,AM,2024-03-07,900.0,10,1401.0,3.9,True,2024,3,1,Thursday,Medium Value
CUST003841,Melissa Viana,melissa.viana@webmail.com,30.0,feminino,unknown,GO,2024-03-07,2767.0,7,1282.0,5.0,True,2024,3,1,Thursday,Low Value
CUST004991,Davi Garcia,davi.garcia@email.com,55.0,masculino,Brasília,DF,2024-03-07,4714.0,8,2789.0,5.0,True,2024,3,1,Thursday,High Value
CUST000172,Gustavo Henrique Lopes,gustavo.henrique.lopes@mail.com,44.0,masculino,Vitória da Conquista,BA,2024-03-07,3522.0,4,1309.0,4.4,True,2024,3,1,Thursday,Medium Value
CUST001248,Alícia Casa Grande,alicia.casa.grande@email.com,40.0,feminino,Juazeiro do Norte,CE,2024-03-08,6475.0,6,1416.0,2.9,True,2024,3,1,Friday,Medium Value
CUST003960,Kamilly Barros,kamilly.barros@provedor.com.br,36.0,feminino,Santos,SP,2024-03-08,1145.0,2,186.0,4.6,True,2024,3,1,Friday,Low Value
CUST000344,Luigi Viana,luigi.viana@correio.net,30.0,masculino,Joinville,SC,2024-03-08,4741.0,11,1661.0,3.7,True,2024,3,1,Friday,Medium Value
CUST000676,Manuella Moreira,manuella.moreira@provedor.com.br,22.0,feminino,Blumenau,SC,2024-03-08,2154.0,6,402.0,5.0,True,2024,3,1,Friday,Low Value
CUST004517,Rodrigo Da Paz,rodrigo.da.paz@correio.net,68.0,masculino,Porto Alegre,RS,2024-03-09,4498.0,10,2651.0,5.0,True,2024,3,1,Saturday,High Value
CUST000479,Alana Cirino,alana.cirino@email.com,27.0,feminino,unknown,MG,2024-03-09,3081.0,7,1272.0,4.4,True,2024,3,1,Saturday,Low Value
CUST003640,Dr. Paulo Peixoto,dr..paulo.peixoto@email.com,63.0,masculino,Ribeirão Preto,SP,2024-03-09,3029.0,7,1449.0,4.3,True,2024,3,1,Saturday,Medium Value
CUST003656,Isabel Câmara,isabel.camara@mail.com,59.0,feminino,Florianópolis,SC,2024-03-09,2729.0,9,2224.0,2.9,True,2024,3,1,Saturday,High Value
CUST001749,Mirella Guerra,mirella.guerra@webmail.com,25.0,feminino,Ribeirão Preto,SP,2024-03-09,4691.0,5,1152.0,4.8,True,2024,3,1,Saturday,Low Value
CUST001413,Sr. Henry Gabriel Sales,sr..henry.gabriel.sales@correio.net,40.0,masculino,Petrópolis,RJ,2024-03-10,3343.0,7,2110.0,3.4,True,2024,3,1,Sunday,High Value
CUST003741,Luísa Mendes,luisa.mendes@email.com,57.0,feminino,Rio de Janeiro,RJ,2024-03-10,4479.0,3,985.0,3.3,True,2024,3,1,Sunday,Low Value
CUST004612,Léo Alves,leo.alves@mail.com,37.0,masculino,Pelotas,RS,2024-03-10,4671.0,9,2791.0,4.0,True,2024,3,1,Sunday,High Value
CUST002083,Maria Laura Da Rosa,maria.laura.da.rosa@webmail.com,29.0,feminino,Londrina,PR,2024-03-11,1953.0,7,1170.0,3.3,True,2024,3,1,Monday,Low Value
CUST004140,Anthony Gabriel Marques,anthony.gabriel.marques@email.com,44.0,masculino,São Paulo,SP,2024-03-11,4310.0,8,2014.0,4.6,True,2024,3,1,Monday,Medium Value
CUST003607,Agatha Sousa,agatha.sousa@correio.net,58.0,feminino,Belém,PA,2024-03-11,3286.0,6,2140.0,4.3,True,2024,3,1,Monday,High Value
CUST003975,Ísis Abreu,isis.abreu@mail.com,35.0,feminino,Petrópolis,RJ,2024-03-11,3357.5,11,3092.0,4.0,True,2024,3,1,Monday,High Value
CUST002054,Noah Jesus,noah.jesus@email.com,47.0,masculino,Porto Alegre,RS,2024-03-11,3915.0,1,281.0,4.1,True,2024,3,1,Monday,Low Value
CUST000327,Luiz Miguel Pinto,luiz.miguel.pinto@correio.net,27.0,masculino,Curitiba,PR,2024-03-12,4342.0,4,922.0,3.9,True,2024,3,1,Tuesday,Low Value
CUST002186,Eduarda Da Mota,eduarda.da.mota@mail.com,30.0,feminino,Ribeirão Preto,SP,2024-03-12,3313.5,10,2217.0,3.8,True,2024,3,1,Tuesday,High Value
CUST003163,Ravi Lucca Pinto,ravi.lucca.pinto@email.com,42.0,masculino,unknown,BA,2024-03-12,1716.0,5,1062.0,2.9,True,2024,3,1,Tuesday,Low Value
CUST001352,Sr. Arthur Da Costa,sr..arthur.da.costa@provedor.com.br,40.0,masculino,Pelotas,RS,2024-03-12,4436.0,3,1067.0,5.0,True,2024,3,1,Tuesday,Low Value
CUST002087,Milena Borges,milena.borges@provedor.com.br,54.0,feminino,Curitiba,PR,2024-03-13,3765.0,6,1312.0,3.8,True,2024,3,1,Wednesday,Medium Value
CUST003443,Sr. Luiz Fernando Lima,sr..luiz.fernando.lima@email.com,38.0,masculino,Juiz de Fora,MG,2024-03-13,5332.0,9,2271.0,3.4,True,2024,3,1,Wednesday,High Value
CUST004773,Manuela Fernandes,manuela.fernandes@correio.net,38.0,feminino,Caruaru,PE,2024-03-13,11346.0,10,4441.0,3.5,True,2024,3,1,Wednesday,High Value
CUST001311,Bruno Gonçalves,bruno.goncalves@provedor.com.br,24.0,outro,Sorocaba,SP,2024-03-13,4321.0,5,1587.0,2.9,True,2024,3,1,Wednesday,Medium Value
CUST003733,Alícia Camargo,alicia.camargo@email.com,38.0,feminino,Petrópolis,RJ,2024-03-13,3357.5,7,2077.0,3.0,True,2024,3,1,Wednesday,High Value
CUST001328,Julia Gomes,julia.gomes@mail.com,55.0,feminino,Contagem,MG,2024-03-13,4139.0,5,1625.0,4.2,True,2024,3,1,Wednesday,Medium Value
CUST002066,Renan Carvalho,renan.carvalho@email.com,72.0,masculino,Petrópolis,RJ,2024-03-13,4842.0,7,2451.0,5.0,True,2024,3,1,Wednesday,High Value
CUST001750,André Da Luz,andre.da.luz@email.com,45.0,masculino,Duque de Caxias,RJ,2024-03-13,2086.0,2,283.0,3.9,True,2024,3,1,Wednesday,Low Value
CUST003261,Davi Lucca Nascimento,davi.lucca.nascimento@mail.com,35.0,masculino,Uberlândia,MG,2024-03-14,3229.0,4,1055.0,5.0,True,2024,3,1,Thursday,Low Value
CUST003972,Alexia Cavalcanti,alexia.cavalcanti@provedor.com.br,30.0,feminino,Recife,PE,2024-03-14,4759.0,12,4021.0,5.0,True,2024,3,1,Thursday,High Value
CUST004476,Juliana Montenegro,juliana.montenegro@email.com,49.0,feminino,Blumenau,SC,2024-03-14,2642.0,8,1997.0,3.7,True,2024,3,1,Thursday,Medium Value
CUST002467,Sr. Davi Miguel Farias,sr..davi.miguel.farias@correio.net,37.0,masculino,Rio de Janeiro,RJ,2024-03-14,1486.0,5,854.0,4.5,True,2024,3,1,Thursday,Low Value
CUST003299,Felipe Da Rocha,felipe.da.rocha@provedor.com.br,41.0,masculino,Maringá,PR,2024-03-14,7592.0,10,4202.0,5.0,True,2024,3,1,Thursday,High Value
CUST003422,Beatriz Albuquerque,beatriz.albuquerque@mail.com,18.0,feminino,Manaus,AM,2024-03-14,1576.0,6,817.0,3.4,True,2024,3,1,Thursday,Low Value
CUST005040,Danilo Aragão,danilo.aragao@webmail.com,29.0,masculino,Feira de Santana,BA,2024-03-14,1264.0,5,1232.0,2.4,True,2024,3,1,Thursday,Low Value
CUST002282,João Vitor Sousa,joao.vitor.sousa@mail.com,27.0,masculino,Feira de Santana,BA,2024-03-15,1941.0,8,1299.0,5.0,True,2024,3,1,Friday,Low Value
CUST000892,Valentina Andrade,valentina.andrade@mail.com,47.0,feminino,Pelotas,RS,2024-03-15,250752.0,4,871.0,4.6,True,2024,3,1,Friday,Low Value
CUST002374,Srta. Lorena Vieira,srta..lorena.vieira@provedor.com.br,46.0,feminino,Niterói,RJ,2024-03-15,2881.0,4,940.0,4.0,True,2024,3,1,Friday,Low Value
CUST001536,Elisa Da Paz,elisa.da.paz@correio.net,46.0,feminino,Olinda,PE,2024-03-15,5922.0,4,1175.0,5.0,True,2024,3,1,Friday,Low Value
CUST001933,Raquel Correia,raquel.correia@mail.com,21.0,feminino,Santos,SP,2024-03-15,3313.5,11,343.0,4.9,True,2024,3,1,Friday,Low Value
CUST004405,Dante Fernandes,dante.fernandes@correio.net,30.0,masculino,unknown,DF,2024-03-16,1833.0,403,1090.0,2.9,True,2024,3,1,Saturday,Low Value
CUST001393,Ravy Aragão,ravy.aragao@email.com,58.0,masculino,Parintins,AM,2024-03-16,5465.0,4,1298.0,4.4,True,2024,3,1,Saturday,Low Value
CUST001472,Srta. Rafaela Mendonça,srta..rafaela.mendonca@webmail.com,30.0,feminino,Belo Horizonte,MG,2024-03-16,2443.0,8,1805.0,3.3,True,2024,3,1,Saturday,Medium Value
CUST003020,Melina Sousa,melina.sousa@mail.com,21.0,feminino,Maringá,PR,2024-03-16,2404.0,15,1404.0,3.6,True,2024,3,1,Saturday,Medium Value
CUST003424,Ana Cecília Brito,ana.cecilia.brito@provedor.com.br,43.0,feminino,São Paulo,SP,2024-03-16,6013.0,8,2152.0,2.4,True,2024,3,1,Saturday,High Value
CUST000272,Beatriz Correia,beatriz.correia@email.com,30.0,feminino,Salvador,BA,2024-03-16,3366.5,5,1316.0,4.3,True,2024,3,1,Saturday,Medium Value
CUST002211,Ravi Cavalcante,ravi.cavalcante@provedor.com.br,38.0,masculino,Sobral,CE,2024-03-17,4950.0,8,1980.0,4.2,True,2024,3,1,Sunday,Medium Value
CUST000869,Henrique Mendes,henrique.mendes@provedor.com.br,25.0,masculino,Santos,SP,2024-03-17,1753.0,2,319.0,3.6,True,2024,3,1,Sunday,Low Value
CUST000465,Maria Fernanda Cardoso,maria.fernanda.cardoso@provedor.com.br,18.0,feminino,Caxias do Sul,RS,2024-03-17,2300.0,7,559.0,4.5,True,2024,3,1,Sunday,Low Value
CUST003057,Nicolas Machado,nicolas.machado@email.com,53.0,masculino,Florianópolis,SC,2024-03-17,6553.0,4,1100.0,3.6,True,2024,3,1,Sunday,Low Value
CUST004636,Dr. Raul Barros,dr..raul.barros@provedor.com.br,34.0,masculino,Florianópolis,SC,2024-03-17,4045.0,5,1011.0,5.0,True,2024,3,1,Sunday,Low Value
CUST004865,Gabrielly Câmara,gabrielly.camara@correio.net,42.0,feminino,Ribeirão Preto,SP,2024-03-17,2790.0,5,987.0,4.1,True,2024,3,1,Sunday,Low Value
CUST001774,Maria Alice Cassiano,maria.alice.cassiano@mail.com,30.0,outro,Sobral,CE,2024-03-17,2853.0,8,1778.0,3.8,True,2024,3,1,Sunday,Medium Value
CUST003515,Dra. Melina Freitas,dra..melina.freitas@correio.net,25.0,feminino,Duque de Caxias,RJ,2024-03-17,2234.0,7,1661.0,4.7,True,2024,3,1,Sunday,Medium Value
CUST003787,Bárbara Sampaio,barbara.sampaio@provedor.com.br,46.0,feminino,Santos,SP,2024-03-17,3851.0,4,414.0,5.0,True,2024,3,1,Sunday,Low Value
CUST001053,Rael Da Luz,rael.da.luz@webmail.com,42.0,masculino,Caxias do Sul,RS,2024-03-17,6674.0,12,835.0,3.1,True,2024,3,1,Sunday,Low Value
CUST003776,Ian Gomes,ian.gomes@email.com,45.0,masculino,Caxias do Sul,RS,2024-03-17,2768.0,5,1255.0,4.2,True,2024,3,1,Sunday,Low Value
CUST002548,Alexandre Cassiano,alexandre.cassiano@webmail.com,57.0,masculino,Uberlândia,MG,2024-03-17,4053.0,8,1875.0,4.1,True,2024,3,1,Sunday,Medium Value
CUST002835,Maria Helena Borges,maria.helena.borges@mail.com,51.0,feminino,Santos,SP,2024-03-18,3902.0,3,522.0,3.8,True,2024,3,1,Monday,Low Value
CUST002514,Diogo Nunes,diogo.nunes@provedor.com.br,45.0,masculino,unknown,GO,2024-03-18,2611.0,7,1911.0,4.0,True,2024,3,1,Monday,Medium Value
CUST003943,Paulo Cardoso,paulo.cardoso@correio.net,29.0,masculino,Uberlândia,MG,2024-03-18,3763.0,10,3403.0,2.6,True,2024,3,1,Monday,High Value
CUST004849,Leandro Silva,leandro.silva@mail.com,30.0,outro,Juazeiro do Norte,CE,2024-03-18,1852.0,5,782.0,3.3,True,2024,3,1,Monday,Low Value
CUST001794,Luiz Otávio Cirino,luiz.otavio.cirino@webmail.com,44.0,masculino,Sorocaba,SP,2024-03-18,4611.0,10,2654.0,4.1,True,2024,3,1,Monday,High Value
CUST003159,Otto Farias,otto.farias@webmail.com,38.0,masculino,Petrópolis,RJ,2024-03-18,3303.0,9,2538.0,3.7,True,2024,3,1,Monday,High Value
CUST001376,Ana Laura Peixoto,ana.laura.peixoto@webmail.com,41.0,feminino,Salvador,BA,2024-03-18,4311.0,9,2216.0,3.0,True,2024,3,1,Monday,High Value
CUST002003,Eloá Ferreira,eloa.ferreira@correio.net,25.0,feminino,São Paulo,SP,2024-03-19,3659.0,12,4075.0,3.2,True,2024,3,1,Tuesday,High Value
CUST004110,Dr. Ian Moura,dr..ian.moura@provedor.com.br,36.0,masculino,Ananindeua,PA,2024-03-19,4651.0,7,1793.0,3.4,True,2024,3,1,Tuesday,Medium Value
CUST004452,Srta. Julia Melo,srta..julia.melo@provedor.com.br,31.0,feminino,Ribeirão Preto,SP,2024-03-19,1616.0,4,395.0,3.9,True,2024,3,1,Tuesday,Low Value
CUST002460,Anna Liz Pinto,anna.liz.pinto@email.com,39.0,feminino,Fortaleza,CE,2024-03-19,5490.0,10,2434.0,3.0,True,2024,3,1,Tuesday,High Value
CUST000797,Sr. Ravi Lucca Das Neves,sr..ravi.lucca.das.neves@provedor.com.br,48.0,masculino,Joinville,SC,2024-03-20,5055.0,8,1906.0,5.0,True,2024,3,1,Wednesday,Medium Value
CUST004558,Srta. Eloah Moura,srta..eloah.moura@correio.net,28.0,feminino,Rio de Janeiro,RJ,2024-03-20,2886.0,10,2933.0,3.8,True,2024,3,1,Wednesday,High Value
CUST004370,Manuella Cunha,manuella.cunha@correio.net,55.0,feminino,unknown,BA,2024-03-20,4253.0,4,873.0,2.8,True,2024,3,1,Wednesday,Low Value
CUST002441,Clarice Oliveira,clarice.oliveira@webmail.com,40.0,feminino,Sorocaba,SP,2024-03-20,2310.0,7,1737.0,3.0,True,2024,3,1,Wednesday,Medium Value
CUST001056,Dr. Paulo Cavalcante,dr..paulo.cavalcante@mail.com,19.0,masculino,Anápolis,GO,2024-03-20,3023.0,4,991.0,3.2,True,2024,3,1,Wednesday,Low Value
CUST003887,Letícia Silva,leticia.silva@webmail.com,26.0,feminino,Niterói,RJ,2024-03-21,2717.0,4,720.0,4.5,True,2024,3,1,Thursday,Low Value
CUST002594,Alexia Sá,alexia.sa@webmail.com,40.0,feminino,Joinville,SC,2024-03-21,10953.0,16,5939.0,5.0,True,2024,3,1,Thursday,High Value
CUST000084,Evelyn Correia,evelyn.correia@mail.com,18.0,feminino,Juazeiro do Norte,CE,2024-03-21,1696.0,7,812.0,3.5,True,2024,3,1,Thursday,Low Value
CUST002672,Otto Da Mata,otto.da.mata@webmail.com,33.0,masculino,Duque de Caxias,RJ,2024-03-21,2345.0,4,1406.0,4.5,True,2024,3,1,Thursday,Medium Value
CUST001802,Dom Melo,dom.melo@provedor.com.br,30.0,masculino,Porto Alegre,RS,2024-03-22,2648.0,11,3201.0,4.1,True,2024,3,1,Friday,High Value
CUST004325,Maria Julia Silveira,maria.julia.silveira@mail.com,30.0,feminino,Uberlândia,MG,2024-03-22,2190.0,6,1283.0,4.0,True,2024,3,1,Friday,Low Value
CUST001510,Camila Vargas,camila.vargas@mail.com,41.0,outro,Pelotas,RS,2024-03-22,3238.0,5,1390.0,4.0,True,2024,3,1,Friday,Medium Value
CUST002082,Srta. Esther Da Rocha,srta..esther.da.rocha@mail.com,26.0,feminino,Sorocaba,SP,2024-03-22,5616.0,8,1915.0,3.7,True,2024,3,1,Friday,Medium Value
CUST000979,Theo Carvalho,theo.carvalho@provedor.com.br,52.0,masculino,Sorocaba,SP,2024-03-22,7124.0,7,2353.0,3.9,True,2024,3,1,Friday,High Value
CUST001545,Anthony Gabriel Souza,anthony.gabriel.souza@provedor.com.br,63.0,masculino,Rio de Janeiro,RJ,2024-03-22,3686.0,10,2262.0,4.6,True,2024,3,1,Friday,High Value
CUST004368,Hadassa Dias,hadassa.dias@provedor.com.br,18.0,feminino,Campinas,SP,2024-03-23,1419.0,4,502.0,4.0,True,2024,3,1,Saturday,Low Value
CUST003343,Isabela Silveira,isabela.silveira@email.com,45.0,feminino,Cuiabá,MT,2024-03-23,6864.0,2,777.0,3.2,True,2024,3,1,Saturday,Low Value
CUST004467,Daniel Sá,daniel.sa@webmail.com,34.0,outro,São Paulo,SP,2024-03-23,1506.0,9,1994.0,3.2,True,2024,3,1,Saturday,Medium Value
CUST003636,Dr. Davi Lucca Camargo,dr..davi.lucca.camargo@correio.net,18.0,masculino,Duque de Caxias,RJ,2024-03-23,4448.0,9,1754.0,4.5,True,2024,3,1,Saturday,Medium Value
CUST002572,Maria Fernanda Vasconcelos,maria.fernanda.vasconcelos@email.com,72.0,feminino,Vila Velha,ES,2024-03-23,8569.0,8,2613.0,2.7,True,2024,3,1,Saturday,High Value
CUST004732,Maria Eduarda Da Cunha,maria.eduarda.da.cunha@email.com,68.0,feminino,Vitória da Conquista,BA,2024-03-24,4636.0,10,3348.0,3.7,True,2024,3,1,Sunday,High Value
CUST000340,Joaquim Marques,joaquim.marques@webmail.com,30.0,masculino,Vitória da Conquista,BA,2024-03-24,1932.0,9,1721.0,4.1,True,2024,3,1,Sunday,Medium Value
CUST001086,Emanuel Da Mota,emanuel.da.mota@webmail.com,38.0,masculino,Joinville,SC,2024-03-24,3160.0,3,843.0,4.0,True,2024,3,1,Sunday,Low Value
CUST000210,Raquel Câmara,raquel.camara@provedor.com.br,26.0,feminino,Belém,PA,2024-03-24,6227.0,10,2437.0,4.6,True,2024,3,1,Sunday,High Value
CUST003074,Dr. José Pedro Sá,dr..jose.pedro.sa@email.com,34.0,masculino,Várzea Grande,MT,2024-03-24,5061.0,12,2881.0,5.0,True,2024,3,1,Sunday,High Value
CUST000295,Nicolas Machado,nicolas.machado@webmail.com,38.0,masculino,Belo Horizonte,MG,2024-03-24,2925.0,9,2263.0,4.0,True,2024,3,1,Sunday,High Value
CUST003118,Lucas Gabriel Da Cunha,lucas.gabriel.da.cunha@webmail.com,61.0,masculino,Florianópolis,SC,2024-03-24,2519.0,6,1427.0,4.7,True,2024,3,1,Sunday,Medium Value
CUST000423,Sra. Helena Macedo,sra..helena.macedo@correio.net,47.0,feminino,Caxias do Sul,RS,2024-03-24,2344.0,6,1263.0,5.0,True,2024,3,1,Sunday,Low Value
CUST003635,Sarah Silveira,sarah.silveira@correio.net,24.0,feminino,unknown,RJ,2024-03-24,2740.0,3,584.0,4.0,True,2024,3,1,Sunday,Low Value
CUST001771,Sr. Isaac Sousa,sr..isaac.sousa@provedor.com.br,28.0,masculino,Caxias do Sul,RS,2024-03-25,7921.0,6,1839.0,4.8,True,2024,3,1,Monday,Medium Value
CUST001369,Maria Fernanda Novais,maria.fernanda.novais@provedor.com.br,43.0,feminino,Blumenau,SC,2024-03-25,2545.0,9,1357.0,3.9,True,2024,3,1,Monday,Medium Value
CUST001848,Dra. Yasmin Das Neves,dra..yasmin.das.neves@email.com,32.0,feminino,Blumenau,SC,2024-03-25,3527.0,9,2218.0,3.6,True,2024,3,1,Monday,High Value
CUST002142,João Miguel Da Cunha,joao.miguel.da.cunha@provedor.com.br,50.0,masculino,Várzea Grande,MT,2024-03-25,6242.0,7,1973.0,3.4,True,2024,3,1,Monday,Medium Value
CUST000500,Mateus Nascimento,mateus.nascimento@email.com,55.0,masculino,Campinas,SP,2024-03-25,5429.0,7,2246.0,4.5,True,2024,3,1,Monday,High Value
CUST001451,Ana Vitória Silveira,ana.vitoria.silveira@email.com,40.0,feminino,Sobral,CE,2024-03-26,4363.0,10,2516.0,5.0,True,2024,3,1,Tuesday,High Value
CUST001850,Caio Macedo,caio.macedo@webmail.com,49.0,masculino,Feira de Santana,BA,2024-03-26,3289.0,5,1065.0,4.5,True,2024,3,1,Tuesday,Low Value
CUST000502,Dr. Brayan Gonçalves,dr..brayan.goncalves@mail.com,30.0,masculino,Belém,PA,2024-03-27,3308.0,7,1685.0,3.1,True,2024,3,1,Wednesday,Medium Value
CUST001154,Augusto Melo,augusto.melo@webmail.com,32.0,masculino,Londrina,PR,2024-03-27,4971.0,14,3485.0,2.9,True,2024,3,1,Wednesday,High Value
CUST001031,Mariana Cirino,mariana.cirino@provedor.com.br,50.0,feminino,Duque de Caxias,RJ,2024-03-27,4857.0,10,2088.0,4.0,True,2024,3,1,Wednesday,High Value
CUST003794,Isabelly Barbosa,isabelly.barbosa@correio.net,22.0,feminino,Joinville,SC,2024-03-27,3254.0,5,1600.0,2.2,True,2024,3,1,Wednesday,Medium Value
CUST005010,Sr. Anthony Gabriel Costela,sr..anthony.gabriel.costela@mail.com,48.0,masculino,Vitória,ES,2024-03-27,2775.0,8,540.0,3.9,True,2024,3,1,Wednesday,Low Value
CUST001693,Matheus Cardoso,matheus.cardoso@webmail.com,53.0,masculino,unknown,RS,2024-03-27,1998.0,9,1948.0,3.6,True,2024,3,1,Wednesday,Medium Value
CUST002205,Heloisa Casa Grande,heloisa.casa.grande@correio.net,38.0,feminino,Campinas,SP,2024-03-27,2689.0,4,1024.0,3.1,True,2024,3,1,Wednesday,Low Value
CUST000431,Gustavo Azevedo,gustavo.azevedo@webmail.com,38.0,masculino,Ribeirão Preto,SP,2024-03-27,3529.0,6,1024.0,2.3,True,2024,3,1,Wednesday,Low Value
CUST002507,Luiz Felipe Casa Grande,luiz.felipe.casa.grande@mail.com,46.0,masculino,Duque de Caxias,RJ,2024-03-28,2594.0,3,688.0,4.9,True,2024,3,1,Thursday,Low Value
CUST004363,Lucas Gabriel Jesus,lucas.gabriel.jesus@correio.net,20.0,masculino,Fortaleza,CE,2024-03-28,4731.0,4,1039.0,3.9,True,2024,3,1,Thursday,Low Value
CUST002855,Davi Lucas Rodrigues,davi.lucas.rodrigues@email.com,51.0,masculino,Juiz de Fora,MG,2024-03-28,4834.0,6,1985.0,4.9,True,2024,3,1,Thursday,Medium Value
CUST000577,Caleb Câmara,caleb.camara@mail.com,40.0,masculino,Rio Verde,GO,2024-03-29,3494.0,13,3178.0,4.4,True,2024,3,1,Friday,High Value
CUST002816,Clara Campos,clara.campos@email.com,32.0,feminino,unknown,SP,2024-03-29,2403.0,8,1217.0,4.0,True,2024,3,1,Friday,Low Value
CUST003774,Theo Nascimento,theo.nascimento@email.com,22.0,masculino,Juiz de Fora,MG,2024-03-29,2102.0,6,1172.0,4.0,True,2024,3,1,Friday,Low Value
CUST001970,Josué Da Conceição,josue.da.conceicao@webmail.com,61.0,masculino,Vitória,ES,2024-03-30,4340.0,6,881.0,3.8,True,2024,3,1,Saturday,Low Value
CUST001085,Caroline Rezende,caroline.rezende@correio.net,38.0,feminino,Juiz de Fora,MG,2024-03-30,1313.0,9,1948.0,4.0,True,2024,3,1,Saturday,Medium Value
CUST003073,Thiago Dias,thiago.dias@provedor.com.br,24.0,masculino,Londrina,PR,2024-03-30,2881.0,2,568.0,2.8,True,2024,3,1,Saturday,Low Value
CUST004556,Ravy Martins,ravy.martins@mail.com,46.0,masculino,Ribeirão Preto,SP,2024-03-30,2599.0,6,1071.0,3.2,True,2024,3,1,Saturday,Low Value
CUST003898,Dr. Anthony Gabriel Cassiano,dr..anthony.gabriel.cassiano@mail.com,19.0,masculino,Petrópolis,RJ,2024-03-31,2048.0,4,1053.0,4.0,True,2024,3,1,Sunday,Low Value
CUST000939,Sr. Bryan Da Mata,sr..bryan.da.mata@webmail.com,29.0,masculino,Caxias do Sul,RS,2024-03-31,5208.0,12,2748.0,2.6,True,2024,3,1,Sunday,High Value
CUST004777,José Miguel Guerra,jose.miguel.guerra@mail.com,33.0,masculino,Olinda,PE,2024-03-31,7210.0,6,1964.0,4.0,True,2024,3,1,Sunday,Medium Value
CUST001403,André Machado,andre.machado@mail.com,58.0,masculino,São Paulo,SP,2024-03-31,6930.0,5,1804.0,3.7,True,2024,3,1,Sunday,Medium Value
CUST003942,Maria Júlia Aragão,maria.julia.aragao@correio.net,36.0,feminino,Niterói,RJ,2024-04-01,2772.0,8,1826.0,3.4,True,2024,4,2,Monday,Medium Value
CUST004214,Dr. Théo Azevedo,dr..theo.azevedo@provedor.com.br,25.0,masculino,Rio de Janeiro,RJ,2024-04-01,3053.0,7,1335.0,4.6,True,2024,4,2,Monday,Medium Value
CUST003231,Heloísa Silveira,heloisa.silveira@mail.com,40.0,feminino,Recife,PE,2024-04-01,4615.0,7,1971.0,4.1,True,2024,4,2,Monday,Medium Value
CUST003076,Sra. Manuela Costela,sra..manuela.costela@correio.net,39.0,feminino,Juiz de Fora,MG,2024-04-01,4252.0,3,573.0,3.6,True,2024,4,2,Monday,Low Value
CUST003294,Dr. Ryan Martins,dr..ryan.martins@email.com,29.0,masculino,Caxias do Sul,RS,2024-04-02,2060.0,9,2319.0,4.4,True,2024,4,2,Tuesday,High Value
CUST000766,Luísa Silva,luisa.silva@webmail.com,28.0,feminino,Londrina,PR,2024-04-03,1677.0,7,1427.0,4.1,True,2024,4,2,Wednesday,Medium Value
CUST000683,Arthur Barros,arthur.barros@webmail.com,41.0,masculino,Rio de Janeiro,RJ,2024-04-03,5444.0,9,2735.0,3.8,True,2024,4,2,Wednesday,High Value
CUST004416,Dr. Calebe Da Conceição,dr..calebe.da.conceicao@webmail.com,28.0,masculino,Juazeiro do Norte,CE,2024-04-03,1425.0,10,3067.0,3.6,True,2024,4,2,Wednesday,High Value
CUST001544,Luara Novaes,luara.novaes@mail.com,38.0,feminino,Ribeirão Preto,SP,2024-04-04,3859.0,7,2019.0,1.7,True,2024,4,2,Thursday,Medium Value
CUST000098,Sra. Ana Laura Aragão,sra..ana.laura.aragao@correio.net,41.0,feminino,Contagem,MG,2024-04-04,2392.0,6,1383.0,4.0,True,2024,4,2,Thursday,Medium Value
CUST002693,Murilo Da Cunha,murilo.da.cunha@provedor.com.br,25.0,masculino,Curitiba,PR,2024-04-04,3020.0,8,2026.0,3.8,True,2024,4,2,Thursday,Medium Value
CUST002724,Ayla Da Costa,ayla.da.costa@email.com,41.0,feminino,Joinville,SC,2024-04-04,6358.0,6,1814.0,4.2,True,2024,4,2,Thursday,Medium Value
CUST000261,Nathan Sales,nathan.sales@webmail.com,21.0,masculino,Florianópolis,SC,2024-04-04,1917.0,6,535.0,4.7,True,2024,4,2,Thursday,Low Value
CUST001773,Guilherme Da Cruz,guilherme.da.cruz@webmail.com,51.0,masculino,Belo Horizonte,MG,2024-04-04,4821.0,6,1064.0,4.1,True,2024,4,2,Thursday,Low Value
CUST001197,Clara Borges,clara.borges@provedor.com.br,46.0,feminino,Ananindeua,PA,2024-04-05,3509.0,4,1313.0,3.0,True,2024,4,2,Friday,Medium Value
CUST004866,Lara Pereira,lara.pereira@email.com,46.0,feminino,Contagem,MG,2024-04-05,4587.0,8,1596.0,4.1,True,2024,4,2,Friday,Medium Value
CUST004780,Vitória Freitas,vitoria.freitas@email.com,35.0,feminino,Anápolis,GO,2024-04-05,3371.0,10,1688.0,3.9,True,2024,4,2,Friday,Medium Value
CUST004904,Dr. Thales Castro,dr..thales.castro@email.com,66.0,outro,Maringá,PR,2024-04-05,10744.0,6,3596.0,4.3,True,2024,4,2,Friday,High Value
CUST004107,Alexandre Mendonça,alexandre.mendonca@mail.com,29.0,masculino,Juiz de Fora,MG,2024-04-06,2407.0,5,1182.0,4.4,True,2024,4,2,Saturday,Low Value
CUST001289,Aylla Aragão,aylla.aragao@webmail.com,56.0,feminino,Contagem,MG,2024-04-06,4056.0,8,2385.0,4.1,True,2024,4,2,Saturday,High Value
CUST003987,Sra. Maya Moraes,sra..maya.moraes@webmail.com,28.0,feminino,Pelotas,RS,2024-04-06,3824.0,9,2161.0,3.7,True,2024,4,2,Saturday,High Value
CUST004260,Isaque Moreira,isaque.moreira@webmail.com,37.0,masculino,Rio de Janeiro,RJ,2024-04-06,3366.0,14,3233.0,3.6,True,2024,4,2,Saturday,High Value
CUST002475,Davi Melo,davi.melo@mail.com,61.0,masculino,Niterói,RJ,2024-04-06,4145.0,14,3338.0,3.4,True,2024,4,2,Saturday,High Value
CUST002099,Augusto Vargas,augusto.vargas@webmail.com,32.0,masculino,Ananindeua,PA,2024-04-06,3074.0,10,2329.0,3.3,True,2024,4,2,Saturday,High Value
CUST003165,Sra. Maria Flor Costela,sra..maria.flor.costela@correio.net,66.0,feminino,Belo Horizonte,MG,2024-04-07,4261.0,7,1992.0,4.0,True,2024,4,2,Sunday,Medium Value
CUST001639,Srta. Maria Luiza Vargas,srta..maria.luiza.vargas@correio.net,41.0,feminino,Recife,PE,2024-04-07,4216.0,9,1974.0,5.0,True,2024,4,2,Sunday,Medium Value
CUST001498,Renan Silva,renan.silva@mail.com,33.0,masculino,Petrópolis,RJ,2024-04-07,3013.0,9,2790.0,5.0,True,2024,4,2,Sunday,High Value
CUST000191,Dra. Mariane Novaes,dra..mariane.novaes@webmail.com,36.0,feminino,Parintins,AM,2024-04-07,3532.0,5,1610.0,4.8,True,2024,4,2,Sunday,Medium Value
CUST002388,Maria Flor Vasconcelos,maria.flor.vasconcelos@mail.com,41.0,feminino,Porto Alegre,RS,2024-04-08,4754.0,3,694.0,5.0,True,2024,4,2,Monday,Low Value
CUST003040,Maria Luísa Rocha,maria.luisa.rocha@mail.com,34.0,feminino,Ribeirão Preto,SP,2024-04-08,7803.0,7,2445.0,5.0,True,2024,4,2,Monday,High Value
CUST003254,Fernanda Azevedo,fernanda.azevedo@provedor.com.br,38.0,feminino,Belém,PA,2024-04-08,3509.0,4,1470.0,4.1,True,2024,4,2,Monday,Medium Value
CUST004988,Enrico Lima,enrico.lima@provedor.com.br,49.0,masculino,Campinas,SP,2024-04-08,10895.0,8,1503.0,4.7,True,2024,4,2,Monday,Medium Value
CUST001522,Davi Miguel Jesus,davi.miguel.jesus@provedor.com.br,38.0,masculino,Uberlândia,MG,2024-04-09,3158.0,6,1692.0,5.0,True,2024,4,2,Tuesday,Medium Value
CUST002021,Gabriela Vieira,gabriela.vieira@correio.net,32.0,feminino,Rio Verde,GO,2024-04-09,2030.0,5,1216.0,3.7,True,2024,4,2,Tuesday,Low Value
CUST001790,Luan Fonseca,luan.fonseca@provedor.com.br,46.0,masculino,Sobral,CE,2024-04-09,8473.0,10,3976.0,3.5,True,2024,4,2,Tuesday,High Value
CUST002578,Breno Camargo,breno.camargo@mail.com,36.0,masculino,Florianópolis,SC,2024-04-09,3527.0,6,1216.0,4.0,True,2024,4,2,Tuesday,Low Value
CUST000760,Heitor Costa,heitor.costa@provedor.com.br,43.0,masculino,Pelotas,RS,2024-04-09,6516.0,4,1488.0,5.0,True,2024,4,2,Tuesday,Medium Value
CUST000520,Ana Vitória Cavalcanti,ana.vitoria.cavalcanti@webmail.com,51.0,feminino,São Paulo,SP,2024-04-09,3258.0,7,1202.0,5.0,True,2024,4,2,Tuesday,Low Value
CUST004057,Heitor Albuquerque,heitor.albuquerque@email.com,42.0,masculino,Feira de Santana,BA,2024-04-09,3714.0,6,1502.0,4.4,True,2024,4,2,Tuesday,Medium Value
CUST001500,Henry Abreu,henry.abreu@correio.net,21.0,masculino,Caxias do Sul,RS,2024-04-10,4490.0,9,1719.0,3.4,True,2024,4,2,Wednesday,Medium Value
CUST004199,Yago Costa,yago.costa@mail.com,57.0,masculino,Campinas,SP,2024-04-11,5069.0,9,1371.0,2.9,True,2024,4,2,Thursday,Medium Value
CUST000495,Benjamin Abreu,benjamin.abreu@mail.com,42.0,masculino,Ribeirão Preto,SP,2024-04-11,3026.0,8,2556.0,3.9,True,2024,4,2,Thursday,High Value
CUST003155,Gabriela Viana,gabriela.viana@correio.net,34.0,outro,Sobral,CE,2024-04-11,3057.0,7,1050.0,3.0,True,2024,4,2,Thursday,Low Value
CUST004105,Enzo Gabriel Rocha,enzo.gabriel.rocha@mail.com,39.0,masculino,Manaus,AM,2024-04-11,3326.0,9,2938.0,4.2,True,2024,4,2,Thursday,High Value
CUST004668,Pedro Henrique Siqueira,pedro.henrique.siqueira@mail.com,52.0,masculino,Rio de Janeiro,RJ,2024-04-11,5051.0,8,2601.0,2.9,True,2024,4,2,Thursday,High Value
CUST002580,Luana Sales,luana.sales@webmail.com,51.0,feminino,Goiânia,GO,2024-04-11,7409.0,7,1757.0,3.8,True,2024,4,2,Thursday,Medium Value
CUST000239,Mariane Ribeiro,mariane.ribeiro@provedor.com.br,37.0,feminino,Manaus,AM,2024-04-11,4010.0,3,507.0,3.8,True,2024,4,2,Thursday,Low Value
CUST003016,Clarice Siqueira,clarice.siqueira@provedor.com.br,57.0,feminino,Sorocaba,SP,2024-04-12,2468.0,2,413.0,4.0,True,2024,4,2,Friday,Low Value
CUST000860,Ravi Araújo,ravi.araujo@webmail.com,58.0,masculino,Florianópolis,SC,2024-04-12,5513.0,19,3450.0,4.1,True,2024,4,2,Friday,High Value
CUST000484,Leonardo Silveira,leonardo.silveira@webmail.com,38.0,masculino,Brasília,DF,2024-04-12,6571.0,7,2201.0,4.6,True,2024,4,2,Friday,High Value
CUST000692,Gabrielly Fernandes,gabrielly.fernandes@email.com,33.0,feminino,Petrópolis,RJ,2024-04-12,3357.5,10,3846.0,5.0,True,2024,4,2,Friday,High Value
CUST002068,Maria Luísa Teixeira,maria.luisa.teixeira@mail.com,32.0,feminino,Rio de Janeiro,RJ,2024-04-12,1569.0,8,1021.0,5.0,True,2024,4,2,Friday,Low Value
CUST000436,Erick Camargo,erick.camargo@provedor.com.br,30.0,outro,Contagem,MG,2024-04-12,3313.0,7,1713.0,2.9,True,2024,4,2,Friday,Medium Value
CUST002347,Pietra Lopes,pietra.lopes@correio.net,24.0,outro,Campinas,SP,2024-04-13,1784.0,8,1656.0,3.4,True,2024,4,2,Saturday,Medium Value
CUST004122,Diego Fogaça,diego.fogaca@correio.net,33.0,masculino,Campinas,SP,2024-04-13,2560.0,11,2086.0,4.3,True,2024,4,2,Saturday,High Value
CUST000374,Fernando Cavalcante,fernando.cavalcante@webmail.com,21.0,masculino,Rio de Janeiro,RJ,2024-04-13,1454.0,3,705.0,3.6,True,2024,4,2,Saturday,Low Value
CUST002694,Sophie Marques,sophie.marques@provedor.com.br,36.0,feminino,Rio de Janeiro,RJ,2024-04-13,4860.0,7,2423.0,4.5,True,2024,4,2,Saturday,High Value
CUST001909,Sra. Maysa Siqueira,sra..maysa.siqueira@mail.com,38.0,feminino,Pelotas,RS,2024-04-13,2693.0,5,1458.0,4.0,True,2024,4,2,Saturday,Medium Value
CUST001863,João Barros,joao.barros@correio.net,38.0,outro,Belo Horizonte,MG,2024-04-13,1981.0,10,2174.0,2.1,True,2024,4,2,Saturday,High Value
CUST000734,Julia Rezende,julia.rezende@email.com,44.0,feminino,Belo Horizonte,MG,2024-04-14,5092.0,3,719.0,3.2,True,2024,4,2,Sunday,Low Value
CUST002845,Renan Da Mata,renan.da.mata@correio.net,41.0,masculino,Campinas,SP,2024-04-14,4679.0,7,2188.0,4.3,True,2024,4,2,Sunday,High Value
CUST003377,Fernanda Cassiano,fernanda.cassiano@webmail.com,47.0,feminino,Blumenau,SC,2024-04-14,2553.0,10,2820.0,4.3,True,2024,4,2,Sunday,High Value
CUST001570,Alexia Camargo,alexia.camargo@email.com,43.0,feminino,Cuiabá,MT,2024-04-14,6768.0,10,3709.0,4.0,True,2024,4,2,Sunday,High Value
CUST004468,Mariah Machado,mariah.machado@correio.net,69.0,feminino,Blumenau,SC,2024-04-14,5467.0,8,2819.0,4.2,True,2024,4,2,Sunday,High Value
CUST001029,Sophia Gomes,sophia.gomes@webmail.com,60.0,feminino,Santos,SP,2024-04-14,12389.0,5,1889.0,3.1,True,2024,4,2,Sunday,Medium Value
CUST003504,Eloá Araújo,eloa.araujo@email.com,42.0,feminino,Caxias do Sul,RS,2024-04-14,7964.0,15,4783.0,4.2,True,2024,4,2,Sunday,High Value
CUST003720,Maya Freitas,maya.freitas@mail.com,51.0,feminino,Rio de Janeiro,RJ,2024-04-15,2602.0,2,346.0,3.5,True,2024,4,2,Monday,Low Value
CUST004901,Luigi Da Mota,luigi.da.mota@correio.net,24.0,masculino,Parintins,AM,2024-04-15,3326.0,5,1588.0,4.1,True,2024,4,2,Monday,Medium Value
CUST002298,Luiz Felipe Aragão,luiz.felipe.aragao@webmail.com,33.0,masculino,Blumenau,SC,2024-04-15,2367.0,9,1970.0,3.4,True,2024,4,2,Monday,Medium Value
CUST001559,Ana Júlia Vasconcelos,ana.julia.vasconcelos@mail.com,36.0,feminino,Ribeirão Preto,SP,2024-04-15,1496.0,4,825.0,5.0,True,2024,4,2,Monday,Low Value
CUST004906,Liz Brito,liz.brito@mail.com,36.0,feminino,Contagem,MG,2024-04-15,2519.0,9,3117.0,3.0,True,2024,4,2,Monday,High Value
CUST003042,Emilly Alves,emilly.alves@webmail.com,37.0,feminino,Sorocaba,SP,2024-04-15,4752.0,10,3485.0,3.5,True,2024,4,2,Monday,High Value
CUST003941,Matteo Correia,matteo.correia@provedor.com.br,53.0,masculino,Niterói,RJ,2024-04-15,4072.0,4,1051.0,3.7,True,2024,4,2,Monday,Low Value
CUST004483,Sr. Leandro Machado,sr..leandro.machado@provedor.com.br,45.0,masculino,unknown,SP,2024-04-15,2182.0,6,1650.0,3.1,True,2024,4,2,Monday,Medium Value
CUST001537,Dr. Diogo Araújo,dr..diogo.araujo@webmail.com,47.0,masculino,Brasília,DF,2024-04-16,3430.0,6,1153.0,2.3,True,2024,4,2,Tuesday,Low Value
CUST000648,Mathias Novais,mathias.novais@email.com,42.0,masculino,Feira de Santana,BA,2024-04-16,3321.0,8,1545.0,3.9,True,2024,4,2,Tuesday,Medium Value
CUST000394,Asafe Das Neves,asafe.das.neves@correio.net,46.0,masculino,Curitiba,PR,2024-04-16,5100.0,4,1391.0,2.2,True,2024,4,2,Tuesday,Medium Value
CUST001681,Dra. Ana Cecília Oliveira,dra..ana.cecilia.oliveira@provedor.com.br,32.0,feminino,Ribeirão Preto,SP,2024-04-16,5445.0,8,2139.0,3.6,True,2024,4,2,Tuesday,High Value
CUST004905,Ana Luiza Teixeira,ana.luiza.teixeira@webmail.com,47.0,feminino,Maringá,PR,2024-04-16,2433.0,6,1043.0,5.0,True,2024,4,2,Tuesday,Low Value
CUST004667,Pedro Lucas Pimenta,pedro.lucas.pimenta@correio.net,41.0,masculino,Porto Alegre,RS,2024-04-16,2222.0,7,2204.0,5.0,True,2024,4,2,Tuesday,High Value
CUST002455,Ravi Santos,ravi.santos@correio.net,60.0,masculino,Belém,PA,2024-04-16,3552.0,4,861.0,3.9,True,2024,4,2,Tuesday,Low Value
CUST003933,João Felipe Ribeiro,joao.felipe.ribeiro@email.com,19.0,masculino,Várzea Grande,MT,2024-04-16,3351.0,5,1996.0,3.9,True,2024,4,2,Tuesday,Medium Value
CUST002766,Emilly Gonçalves,emilly.goncalves@correio.net,26.0,feminino,Porto Alegre,RS,2024-04-16,3543.0,11,3126.0,4.4,True,2024,4,2,Tuesday,High Value
CUST003725,João Miguel Almeida,joao.miguel.almeida@provedor.com.br,41.0,masculino,Niterói,RJ,2024-04-17,3293.0,5,119306.0,3.9,True,2024,4,2,Wednesday,High Value
CUST002859,Cauê Moraes,caue.moraes@email.com,35.0,masculino,Maringá,PR,2024-04-17,4476.0,6,1396.0,4.0,True,2024,4,2,Wednesday,Medium Value
CUST001374,Dra. Letícia Correia,dra..leticia.correia@correio.net,28.0,feminino,Juazeiro do Norte,CE,2024-04-17,4184.0,7,1882.0,4.6,True,2024,4,2,Wednesday,Medium Value
CUST004971,Lucas Barbosa,lucas.barbosa@mail.com,37.0,outro,Sobral,CE,2024-04-17,2265.0,8,1673.0,4.8,True,2024,4,2,Wednesday,Medium Value
CUST001770,Dra. Esther Monteiro,dra..esther.monteiro@provedor.com.br,33.0,feminino,Ribeirão Preto,SP,2024-04-17,1128.0,6,949.0,4.2,True,2024,4,2,Wednesday,Low Value
CUST005019,Srta. Milena Souza,srta..milena.souza@correio.net,36.0,feminino,Pelotas,RS,2024-04-18,7465.0,6,1991.0,4.0,True,2024,4,2,Thursday,Medium Value
CUST002763,Srta. Joana Cavalcanti,srta..joana.cavalcanti@correio.net,18.0,feminino,Sorocaba,SP,2024-04-18,2765.0,6,1301.0,3.2,True,2024,4,2,Thursday,Medium Value
CUST002984,Sra. Maria Sophia Barros,sra..maria.sophia.barros@provedor.com.br,33.0,feminino,Petrópolis,RJ,2024-04-18,3711.0,3,809.0,4.8,True,2024,4,2,Thursday,Low Value
CUST003627,Sr. Daniel Correia,sr..daniel.correia@email.com,23.0,masculino,Joinville,SC,2024-04-18,2511.0,7,1435.0,3.1,True,2024,4,2,Thursday,Medium Value
CUST001507,Matteo Cunha,matteo.cunha@webmail.com,27.0,masculino,Santos,SP,2024-04-18,5114.0,9,2867.0,2.9,True,2024,4,2,Thursday,High Value
CUST002235,Melissa Costa,melissa.costa@mail.com,27.0,feminino,Juiz de Fora,MG,2024-04-18,5638.0,7,1927.0,4.0,True,2024,4,2,Thursday,Medium Value
CUST003222,Gael Henrique Rocha,gael.henrique.rocha@webmail.com,38.0,masculino,Porto Alegre,RS,2024-04-18,6400.0,4,1340.0,4.3,True,2024,4,2,Thursday,Medium Value
CUST000232,Leonardo Caldeira,leonardo.caldeira@correio.net,44.0,masculino,Petrópolis,RJ,2024-04-19,3357.5,11,3459.0,4.8,True,2024,4,2,Friday,High Value
CUST004026,Bernardo Melo,bernardo.melo@correio.net,28.0,outro,Recife,PE,2024-04-19,7364.0,4,1433.0,4.6,True,2024,4,2,Friday,Medium Value
CUST000753,Sra. Luiza Mendes,sra..luiza.mendes@correio.net,25.0,feminino,Caxias do Sul,RS,2024-04-19,2176.0,6,986.0,2.7,True,2024,4,2,Friday,Low Value
CUST000407,Camila Marques,camila.marques@mail.com,28.0,feminino,Rio de Janeiro,RJ,2024-04-19,3147.0,11,2355.0,5.0,True,2024,4,2,Friday,High Value
CUST000684,João Rezende,joao.rezende@email.com,38.0,masculino,Parintins,AM,2024-04-19,2113.0,4,746.0,3.9,True,2024,4,2,Friday,Low Value
CUST001128,Vitor Gabriel Pimenta,vitor.gabriel.pimenta@email.com,55.0,masculino,Porto Alegre,RS,2024-04-19,3328.0,8,2797.0,4.3,True,2024,4,2,Friday,High Value
CUST005007,Catarina Moraes,catarina.moraes@mail.com,46.0,feminino,Belém,PA,2024-04-19,3510.0,6,663.0,3.9,True,2024,4,2,Friday,Low Value
CUST001325,Beatriz Caldeira,beatriz.caldeira@email.com,43.0,feminino,Contagem,MG,2024-04-19,3725.0,7,1526.0,4.3,True,2024,4,2,Friday,Medium Value
CUST000720,Marcelo Vieira,marcelo.vieira@provedor.com.br,38.0,masculino,Cuiabá,MT,2024-04-19,6040.0,12,3452.0,4.2,True,2024,4,2,Friday,High Value
CUST003169,Pedro Lucas Correia,pedro.lucas.correia@provedor.com.br,21.0,masculino,São Paulo,SP,2024-04-20,3209.0,8,1919.0,4.4,True,2024,4,2,Saturday,Medium Value
CUST001685,Dr. Bryan Cunha,dr..bryan.cunha@email.com,41.0,masculino,Porto Alegre,RS,2024-04-20,2707.0,7,1400.0,3.6,True,2024,4,2,Saturday,Medium Value
CUST002220,Ana Luiza Fernandes,ana.luiza.fernandes@webmail.com,43.0,feminino,Londrina,PR,2024-04-20,5132.0,10,2320.0,3.6,True,2024,4,2,Saturday,High Value
CUST002127,Valentina Costela,valentina.costela@provedor.com.br,29.0,outro,Juazeiro do Norte,CE,2024-04-20,982.0,4,1075.0,3.6,True,2024,4,2,Saturday,Low Value
CUST004818,Gustavo Oliveira,gustavo.oliveira@correio.net,41.0,masculino,Brasília,DF,2024-04-20,4374.0,4,1183.0,3.3,True,2024,4,2,Saturday,Low Value
CUST004135,Alexia Monteiro,alexia.monteiro@email.com,51.0,feminino,Ribeirão Preto,SP,2024-04-20,2283.0,5,1291.0,5.0,True,2024,4,2,Saturday,Low Value
CUST000019,Bernardo Aparecida,bernardo.aparecida@correio.net,32.0,masculino,Porto Alegre,RS,2024-04-20,3266.0,4,810.0,4.5,True,2024,4,2,Saturday,Low Value
CUST000481,Arthur Borges,arthur.borges@correio.net,52.0,outro,Joinville,SC,2024-04-20,3376.0,11,2650.0,3.8,True,2024,4,2,Saturday,High Value
CUST004322,Luigi Silveira,luigi.silveira@mail.com,34.0,masculino,Salvador,BA,2024-04-20,3366.5,6,1394.0,4.2,True,2024,4,2,Saturday,Medium Value
CUST002861,Isis Fogaça,isis.fogaca@email.com,18.0,feminino,Sorocaba,SP,2024-04-20,2444.0,4,923.0,3.1,True,2024,4,2,Saturday,Low Value
CUST002053,Ana Teixeira,ana.teixeira@email.com,40.0,feminino,Várzea Grande,MT,2024-04-21,3736.0,12,4050.0,4.7,True,2024,4,2,Sunday,High Value
CUST003660,Luiz Otávio Da Mota,luiz.otavio.da.mota@mail.com,36.0,masculino,Ribeirão Preto,SP,2024-04-21,3188.0,6,791.0,3.8,True,2024,4,2,Sunday,Low Value
CUST003158,Dr. Lucas Gabriel Pimenta,dr..lucas.gabriel.pimenta@webmail.com,25.0,masculino,Várzea Grande,MT,2024-04-21,5162.0,3,1053.0,3.5,True,2024,4,2,Sunday,Low Value
CUST002959,Gabrielly Nogueira,gabrielly.nogueira@mail.com,31.0,outro,Salvador,BA,2024-04-21,3195.0,4,1070.0,4.1,True,2024,4,2,Sunday,Low Value
CUST002947,Clara Vargas,clara.vargas@email.com,18.0,feminino,Ribeirão Preto,SP,2024-04-21,2258.0,7,1428.0,5.0,True,2024,4,2,Sunday,Medium Value
CUST004978,Lunna Nascimento,lunna.nascimento@email.com,29.0,feminino,Joinville,SC,2024-04-21,4863.0,9,2354.0,3.9,True,2024,4,2,Sunday,High Value
CUST004406,Cauê Silveira,caue.silveira@email.com,64.0,masculino,Sobral,CE,2024-04-21,2883.0,5,981.0,3.7,True,2024,4,2,Sunday,Low Value
CUST003352,Sr. Mateus Moreira,sr..mateus.moreira@mail.com,38.0,masculino,Contagem,MG,2024-04-21,3190.0,6,208131.0,4.5,True,2024,4,2,Sunday,High Value
CUST003282,Vitor Gabriel Da Rocha,vitor.gabriel.da.rocha@provedor.com.br,58.0,masculino,Anápolis,GO,2024-04-22,7943.0,8,3645.0,3.3,True,2024,4,2,Monday,High Value
CUST001992,Theodoro Lopes,theodoro.lopes@email.com,69.0,masculino,Uberlândia,MG,2024-04-22,5087.0,7,1749.0,4.0,True,2024,4,2,Monday,Medium Value
CUST004983,Beatriz Alves,beatriz.alves@email.com,49.0,feminino,São Paulo,SP,2024-04-22,3701.0,7,1643.0,3.6,True,2024,4,2,Monday,Medium Value
CUST002717,Ana Laura Barros,ana.laura.barros@provedor.com.br,46.0,feminino,Rio de Janeiro,RJ,2024-04-22,1886.0,8,2160.0,4.0,True,2024,4,2,Monday,High Value
CUST003550,Dra. Mariana Barbosa,dra..mariana.barbosa@correio.net,43.0,feminino,Caruaru,PE,2024-04-22,2982.0,9,2057.0,4.1,True,2024,4,2,Monday,High Value
CUST000666,Pietra Moura,pietra.moura@mail.com,39.0,feminino,Cuiabá,MT,2024-04-22,3075.0,8,2113.0,3.6,True,2024,4,2,Monday,High Value
CUST003659,Srta. Liz Camargo,srta..liz.camargo@email.com,32.0,feminino,Maringá,PR,2024-04-22,2154.0,6,1292.0,2.4,True,2024,4,2,Monday,Low Value
CUST003567,Cauã Viana,caua.viana@provedor.com.br,61.0,masculino,Sobral,CE,2024-04-22,3480.0,9,988.0,2.4,True,2024,4,2,Monday,Low Value
CUST005049,Ravi Santos,ravi.santos@webmail.com,59.0,masculino,Belém,PA,2024-04-22,3428.0,3,917.0,3.7,True,2024,4,2,Monday,Low Value
CUST002248,Gabriel Novais,gabriel.novais@provedor.com.br,39.0,masculino,Curitiba,PR,2024-04-23,6992.0,2,548.0,3.5,True,2024,4,2,Tuesday,Low Value
CUST001942,Srta. Juliana Moura,srta..juliana.moura@provedor.com.br,42.0,feminino,Campinas,SP,2024-04-23,3061.0,3,592.0,3.1,True,2024,4,2,Tuesday,Low Value
CUST001259,Agatha Sampaio,agatha.sampaio@webmail.com,60.0,feminino,Florianópolis,SC,2024-04-23,2462.0,6,976.0,3.2,True,2024,4,2,Tuesday,Low Value
CUST000843,Srta. Maria Liz Macedo,srta..maria.liz.macedo@mail.com,54.0,outro,Vitória,ES,2024-04-23,4827.0,5,1020.0,4.3,True,2024,4,2,Tuesday,Low Value
CUST001720,Rodrigo Cavalcanti,rodrigo.cavalcanti@provedor.com.br,38.0,masculino,Belo Horizonte,MG,2024-04-23,2267.0,7,1624.0,4.4,True,2024,4,2,Tuesday,Medium Value
CUST001205,Hellena Cardoso,hellena.cardoso@mail.com,45.0,feminino,Contagem,MG,2024-04-23,3321.0,5,1130.0,4.7,True,2024,4,2,Tuesday,Low Value
CUST000226,Antônio Pinto,antonio.pinto@provedor.com.br,39.0,masculino,Rio Verde,GO,2024-04-24,2277.0,7,1703.0,4.3,True,2024,4,2,Wednesday,Medium Value
CUST001740,Luiz Miguel Da Costa,luiz.miguel.da.costa@email.com,58.0,masculino,Duque de Caxias,RJ,2024-04-24,3569.0,9,2358.0,3.9,True,2024,4,2,Wednesday,High Value
CUST005063,Aylla Araújo,aylla.araujo@email.com,36.0,feminino,Anápolis,GO,2024-04-24,3443.0,15,3464.0,4.3,True,2024,4,2,Wednesday,High Value
CUST004460,Dr. Mateus Pires,dr..mateus.pires@webmail.com,42.0,masculino,Sorocaba,SP,2024-04-24,2664.0,8,1810.0,3.9,True,2024,4,2,Wednesday,Medium Value
CUST002785,Milena Da Cruz,milena.da.cruz@provedor.com.br,42.0,feminino,Recife,PE,2024-04-24,2044.0,8,809.0,3.6,True,2024,4,2,Wednesday,Low Value
CUST000719,Sr. Davi Lucas Brito,sr..davi.lucas.brito@email.com,18.0,masculino,Santos,SP,2024-04-24,1867.0,10,1341.0,3.9,True,2024,4,2,Wednesday,Medium Value
CUST003451,Bruna Mendes,bruna.mendes@webmail.com,47.0,feminino,Porto Alegre,RS,2024-04-24,5571.0,5,1418.0,4.4,True,2024,4,2,Wednesday,Medium Value
CUST000802,Rhavi Cassiano,rhavi.cassiano@webmail.com,50.0,masculino,São Paulo,SP,2024-04-24,4351.0,7,1984.0,5.0,True,2024,4,2,Wednesday,Medium Value
CUST001167,Liz Sousa,liz.sousa@webmail.com,29.0,feminino,Londrina,PR,2024-04-24,900.0,9,2023.0,2.6,True,2024,4,2,Wednesday,Medium Value
CUST002344,Juliana Cassiano,juliana.cassiano@webmail.com,27.0,feminino,Petrópolis,RJ,2024-04-24,1946.0,8,1402.0,3.7,True,2024,4,2,Wednesday,Medium Value
CUST005006,Lara Pereira,lara.pereira@provedor.com.br,45.0,feminino,Contagem,MG,2024-04-24,4418.0,9,1490.0,4.2,True,2024,4,2,Wednesday,Medium Value
CUST003068,Enrico Sousa,enrico.sousa@correio.net,39.0,masculino,Feira de Santana,BA,2024-04-24,2939.0,8,1714.0,2.8,True,2024,4,2,Wednesday,Medium Value
CUST001159,Júlia Barbosa,julia.barbosa@mail.com,50.0,feminino,Porto Alegre,RS,2024-04-24,3659.0,579,1079.0,5.0,True,2024,4,2,Wednesday,Low Value
CUST002577,Dra. Bruna Leão,dra..bruna.leao@provedor.com.br,63.0,feminino,Contagem,MG,2024-04-25,3313.0,5,1372.0,4.0,True,2024,4,2,Thursday,Medium Value
CUST001448,Alice Rios,alice.rios@correio.net,23.0,feminino,Olinda,PE,2024-04-25,2280.0,2,419.0,3.5,True,2024,4,2,Thursday,Low Value
CUST000204,Gustavo Leão,gustavo.leao@correio.net,36.0,masculino,Santos,SP,2024-04-25,3517.0,4,1630.0,3.1,True,2024,4,2,Thursday,Medium Value
CUST005025,Bernardo Aparecida,bernardo.aparecida@correio.net,33.0,masculino,Porto Alegre,RS,2024-04-25,3291.0,6,810.0,4.5,True,2024,4,2,Thursday,Low Value
CUST002312,Dra. Isabella Siqueira,dra..isabella.siqueira@webmail.com,26.0,feminino,Porto Alegre,RS,2024-04-26,3416.0,6,1000.0,4.3,True,2024,4,2,Friday,Low Value
CUST002736,Maria Cecília Melo,maria.cecilia.melo@webmail.com,39.0,feminino,Olinda,PE,2024-04-26,1547.0,5,815.0,4.0,True,2024,4,2,Friday,Low Value
CUST003621,Marcelo Da Rosa,marcelo.da.rosa@provedor.com.br,52.0,masculino,Ribeirão Preto,SP,2024-04-26,2820.0,826,2294.0,5.0,True,2024,4,2,Friday,High Value
CUST001137,Ana Laura Das Neves,ana.laura.das.neves@correio.net,42.0,feminino,Brasília,DF,2024-04-26,3076.0,5,927.0,5.0,True,2024,4,2,Friday,Low Value
CUST001875,Isabel Borges,isabel.borges@provedor.com.br,37.0,feminino,Brasília,DF,2024-04-26,4569.0,6,1616.0,4.0,True,2024,4,2,Friday,Medium Value
CUST004716,Thiago Gomes,thiago.gomes@correio.net,25.0,masculino,Blumenau,SC,2024-04-26,2301.0,7,1939.0,4.5,True,2024,4,2,Friday,Medium Value
CUST002137,Amanda Martins,amanda.martins@webmail.com,32.0,feminino,Caxias do Sul,RS,2024-04-27,9742.0,11,3294.0,2.4,True,2024,4,2,Saturday,High Value
CUST000361,Ana Vitória Melo,ana.vitoria.melo@webmail.com,53.0,feminino,Vitória da Conquista,BA,2024-04-27,4069.0,10,2483.0,4.6,True,2024,4,2,Saturday,High Value
CUST003880,Arthur Gabriel Peixoto,arthur.gabriel.peixoto@provedor.com.br,29.0,masculino,Sorocaba,SP,2024-04-27,3137.0,4,720.0,3.9,True,2024,4,2,Saturday,Low Value
CUST002167,Daniel Freitas,daniel.freitas@email.com,45.0,masculino,Rio de Janeiro,RJ,2024-04-27,4105.0,11,3175.0,4.0,True,2024,4,2,Saturday,High Value
CUST003471,Zoe Correia,zoe.correia@correio.net,22.0,feminino,Curitiba,PR,2024-04-27,2738.0,7,1356.0,3.6,True,2024,4,2,Saturday,Medium Value
CUST003418,Bruno Da Rocha,bruno.da.rocha@webmail.com,57.0,masculino,Sorocaba,SP,2024-04-27,2712.0,7,1719.0,2.4,True,2024,4,2,Saturday,Medium Value
CUST002607,Francisco Macedo,francisco.macedo@email.com,49.0,masculino,Juazeiro do Norte,CE,2024-04-27,7634.0,11,3358.0,4.9,True,2024,4,2,Saturday,High Value
CUST004984,Ana Cecília Vasconcelos,ana.cecilia.vasconcelos@mail.com,19.0,feminino,Fortaleza,CE,2024-04-27,1649.0,9,2490.0,4.6,True,2024,4,2,Saturday,High Value
CUST003932,Henry Gabriel Montenegro,henry.gabriel.montenegro@email.com,59.0,masculino,Niterói,RJ,2024-04-27,3357.5,5,1679.0,3.4,True,2024,4,2,Saturday,Medium Value
CUST004065,Rael Pinto,rael.pinto@webmail.com,30.0,masculino,São Paulo,SP,2024-04-28,2549.0,6,663.0,5.0,True,2024,4,2,Sunday,Low Value
CUST001610,Luiz Felipe Cunha,luiz.felipe.cunha@correio.net,30.0,masculino,Uberlândia,MG,2024-04-28,2307.0,5,1124.0,4.0,True,2024,4,2,Sunday,Low Value
CUST002245,Maria Helena Guerra,maria.helena.guerra@webmail.com,26.0,feminino,Pelotas,RS,2024-04-28,1660.0,11,2783.0,3.5,True,2024,4,2,Sunday,High Value
CUST000862,Vinícius Carvalho,vinicius.carvalho@email.com,36.0,masculino,Caxias do Sul,RS,2024-04-28,5075.0,12,2917.0,4.4,True,2024,4,2,Sunday,High Value
CUST005037,Dr. Bryan Cunha,dr..bryan.cunha@webmail.com,41.0,masculino,Porto Alegre,RS,2024-04-28,2674.0,5,1380.0,3.5,True,2024,4,2,Sunday,Medium Value
CUST001673,Bárbara Ribeiro,barbara.ribeiro@provedor.com.br,57.0,feminino,Salvador,BA,2024-04-28,3762.0,7,1334.0,4.0,True,2024,4,2,Sunday,Medium Value
CUST000015,Julia Aparecida,julia.aparecida@provedor.com.br,28.0,feminino,Campinas,SP,2024-04-28,1731.0,7,1871.0,3.8,True,2024,4,2,Sunday,Medium Value
CUST001651,Clara Sousa,clara.sousa@webmail.com,34.0,outro,Ribeirão Preto,SP,2024-04-29,5461.0,10,3486.0,4.0,True,2024,4,2,Monday,High Value
CUST002600,Isabella Montenegro,isabella.montenegro@email.com,20.0,feminino,Sorocaba,SP,2024-04-29,1420.0,9,1708.0,4.6,True,2024,4,2,Monday,Medium Value
CUST004038,Gabriel Silveira,gabriel.silveira@provedor.com.br,38.0,masculino,Florianópolis,SC,2024-04-29,4526.0,5,1674.0,4.0,True,2024,4,2,Monday,Medium Value
CUST001754,José Miguel Nascimento,jose.miguel.nascimento@correio.net,34.0,masculino,Rio de Janeiro,RJ,2024-04-29,4552.0,10,2188.0,5.0,True,2024,4,2,Monday,High Value
CUST004784,Eloah Pinto,eloah.pinto@correio.net,66.0,feminino,Santos,SP,2024-04-29,4864.0,11,3065.0,3.6,True,2024,4,2,Monday,High Value
CUST001073,Agatha Vasconcelos,agatha.vasconcelos@email.com,38.0,feminino,Niterói,RJ,2024-04-29,3402.0,6,1589.0,4.2,True,2024,4,2,Monday,Medium Value
CUST000652,Guilherme Campos,guilherme.campos@email.com,45.0,masculino,Pelotas,RS,2024-04-30,3913.0,9,1888.0,3.8,True,2024,4,2,Tuesday,Medium Value
CUST002147,Dra. Ana Cavalcanti,dra..ana.cavalcanti@provedor.com.br,29.0,feminino,Santos,SP,2024-04-30,2951.0,5,1284.0,4.0,True,2024,4,2,Tuesday,Low Value
CUST002208,Dr. Luan Marques,dr..luan.marques@provedor.com.br,23.0,masculino,Joinville,SC,2024-04-30,3599.0,9,2299.0,3.9,True,2024,4,2,Tuesday,High Value
CUST002799,Ravi Lucca Cardoso,ravi.lucca.cardoso@webmail.com,35.0,masculino,Porto Alegre,RS,2024-04-30,2281.0,7,1378.0,4.4,True,2024,4,2,Tuesday,Medium Value
CUST000837,João Guilherme Correia,joao.guilherme.correia@correio.net,23.0,masculino,Caxias do Sul,RS,2024-04-30,2046.0,6,1463.0,4.9,True,2024,4,2,Tuesday,Medium Value
CUST002940,Marcelo Silva,marcelo.silva@provedor.com.br,47.0,masculino,Vitória,ES,2024-04-30,8168.0,9,2825.0,5.0,True,2024,4,2,Tuesday,High Value
CUST001845,Dra. Emanuelly Pastor,dra..emanuelly.pastor@provedor.com.br,23.0,feminino,Rio de Janeiro,RJ,2024-04-30,3485.0,7,1358.0,3.7,True,2024,4,2,Tuesday,Medium Value
CUST004160,Ravi Nogueira,ravi.nogueira@email.com,18.0,masculino,Juazeiro do Norte,CE,2024-05-01,4772.0,10,3282.0,3.5,True,2024,5,2,Wednesday,High Value
CUST001745,Dra. Ana Lívia Borges,dra..ana.livia.borges@email.com,51.0,feminino,São Paulo,SP,2024-05-01,3313.5,3,595.0,3.2,True,2024,5,2,Wednesday,Low Value
CUST001021,Sra. Maria Julia Pimenta,sra..maria.julia.pimenta@email.com,45.0,feminino,Ananindeua,PA,2024-05-01,2674.0,10,1551.0,4.1,True,2024,5,2,Wednesday,Medium Value
CUST001816,Maria Duarte,maria.duarte@webmail.com,24.0,feminino,Niterói,RJ,2024-05-01,2229.0,5,1095.0,3.4,True,2024,5,2,Wednesday,Low Value
CUST004694,Calebe Gomes,calebe.gomes@provedor.com.br,36.0,masculino,Ananindeua,PA,2024-05-02,3038.0,4,718.0,4.0,True,2024,5,2,Thursday,Low Value
CUST002708,Dom Correia,dom.correia@correio.net,67.0,masculino,Pelotas,RS,2024-05-02,3619.0,10,1549.0,5.0,True,2024,5,2,Thursday,Medium Value
CUST000314,Olivia Moreira,olivia.moreira@email.com,49.0,feminino,Vitória da Conquista,BA,2024-05-02,3065.0,5,1301.0,5.0,True,2024,5,2,Thursday,Medium Value
CUST000736,Pietra Cavalcante,pietra.cavalcante@correio.net,27.0,feminino,Florianópolis,SC,2024-05-02,1634.0,6,937.0,3.7,True,2024,5,2,Thursday,Low Value
CUST000505,Mariane Oliveira,mariane.oliveira@webmail.com,29.0,feminino,São Paulo,SP,2024-05-03,3521.0,6,1436.0,5.0,True,2024,5,2,Friday,Medium Value
CUST000110,Davi Lucca Rios,davi.lucca.rios@email.com,41.0,masculino,Contagem,MG,2024-05-03,3691.0,7,1740.0,4.7,True,2024,5,2,Friday,Medium Value
CUST001567,Luísa Farias,luisa.farias@correio.net,33.0,feminino,Parintins,AM,2024-05-03,3200.0,2,287.0,3.2,True,2024,5,2,Friday,Low Value
CUST004973,Marina Almeida,marina.almeida@provedor.com.br,23.0,feminino,Porto Alegre,RS,2024-05-03,5411.0,9,2396.0,4.0,True,2024,5,2,Friday,High Value
CUST001776,Sabrina Pimenta,sabrina.pimenta@correio.net,43.0,outro,Rio de Janeiro,RJ,2024-05-04,8612.0,5,1797.0,4.4,True,2024,5,2,Saturday,Medium Value
CUST003233,Yuri Sá,yuri.sa@email.com,59.0,masculino,Niterói,RJ,2024-05-04,3426.0,3,759.0,3.4,True,2024,5,2,Saturday,Low Value
CUST003864,Sr. Joaquim Sampaio,sr..joaquim.sampaio@mail.com,39.0,masculino,Niterói,RJ,2024-05-04,4230.0,5,1236.0,5.0,True,2024,5,2,Saturday,Low Value
CUST000446,Dr. Raul Ramos,dr..raul.ramos@email.com,22.0,masculino,Curitiba,PR,2024-05-04,2882.0,5,1277.0,3.0,True,2024,5,2,Saturday,Low Value
CUST004650,Gustavo Henrique Sampaio,gustavo.henrique.sampaio@webmail.com,42.0,masculino,Duque de Caxias,RJ,2024-05-05,2740.0,4,597.0,3.7,True,2024,5,2,Sunday,Low Value
CUST000346,Letícia Pastor,leticia.pastor@email.com,43.0,feminino,Campinas,SP,2024-05-05,255062.0,9,2177.0,4.0,True,2024,5,2,Sunday,High Value
CUST003930,Maria Sophia Ramos,maria.sophia.ramos@webmail.com,34.0,feminino,Petrópolis,RJ,2024-05-05,4474.0,8,1903.0,4.8,True,2024,5,2,Sunday,Medium Value
CUST003920,Beatriz Borges,beatriz.borges@webmail.com,42.0,feminino,Manaus,AM,2024-05-05,3288.0,9,1466.0,4.6,True,2024,5,2,Sunday,Medium Value
CUST001911,Maria Alice Silveira,maria.alice.silveira@webmail.com,20.0,feminino,Curitiba,PR,2024-05-05,1608.0,8,1583.0,2.9,True,2024,5,2,Sunday,Medium Value
CUST001810,Srta. Milena Souza,srta..milena.souza@provedor.com.br,35.0,feminino,Pelotas,RS,2024-05-05,7374.0,13,1888.0,3.9,True,2024,5,2,Sunday,Medium Value
CUST004876,Josué Da Cruz,josue.da.cruz@provedor.com.br,54.0,masculino,Brasília,DF,2024-05-05,4612.0,11,3722.0,4.5,True,2024,5,2,Sunday,High Value
CUST004947,Luan Oliveira,luan.oliveira@email.com,49.0,masculino,Rio Verde,GO,2024-05-06,6684.0,3,845.0,4.9,True,2024,5,2,Monday,Low Value
CUST002826,Sr. Matteo Freitas,sr..matteo.freitas@mail.com,50.0,masculino,Joinville,SC,2024-05-06,2667.0,8,2257.0,3.4,True,2024,5,2,Monday,High Value
CUST004215,Clarice Fogaça,clarice.fogaca@mail.com,38.0,feminino,Brasília,DF,2024-05-06,3566.0,7,1378.0,4.7,True,2024,5,2,Monday,Medium Value
CUST003268,Sra. Kamilly Costa,sra..kamilly.costa@webmail.com,28.0,feminino,Sorocaba,SP,2024-05-06,3986.0,8,2467.0,5.0,True,2024,5,2,Monday,High Value
CUST001804,Catarina Pires,catarina.pires@provedor.com.br,54.0,feminino,Florianópolis,SC,2024-05-06,1727.0,7,161817.0,4.8,True,2024,5,2,Monday,High Value
CUST000958,Pedro Henrique Da Mota,pedro.henrique.da.mota@provedor.com.br,44.0,masculino,Manaus,AM,2024-05-07,2758.0,4,1089.0,3.4,True,2024,5,2,Tuesday,Low Value
CUST001604,Sr. Kaique Rocha,sr..kaique.rocha@mail.com,42.0,masculino,Vitória da Conquista,BA,2024-05-08,3442.0,4,898.0,2.7,True,2024,5,2,Wednesday,Low Value
CUST004298,Luiz Henrique Câmara,luiz.henrique.camara@provedor.com.br,27.0,masculino,Florianópolis,SC,2024-05-08,4664.0,7,2366.0,4.3,True,2024,5,2,Wednesday,High Value
CUST001201,Nathan Machado,nathan.machado@mail.com,38.0,masculino,Campinas,SP,2024-05-08,4752.0,6,1524.0,3.6,True,2024,5,2,Wednesday,Medium Value
CUST000506,Maria Vitória Da Rocha,maria.vitoria.da.rocha@provedor.com.br,36.0,feminino,São Paulo,SP,2024-05-08,6555.0,11,3067.0,4.9,True,2024,5,2,Wednesday,High Value
CUST002295,Thales Sá,thales.sa@provedor.com.br,41.0,masculino,Petrópolis,RJ,2024-05-08,2002.0,4,798.0,5.0,True,2024,5,2,Wednesday,Low Value
CUST003157,Dr. Ravi Lucca Peixoto,dr..ravi.lucca.peixoto@email.com,34.0,masculino,Belo Horizonte,MG,2024-05-09,5903.0,13,4680.0,3.8,True,2024,5,2,Thursday,High Value
CUST004526,Sr. Calebe Novais,sr..calebe.novais@provedor.com.br,42.0,masculino,Vitória da Conquista,BA,2024-05-09,2146.0,6,901.0,4.5,True,2024,5,2,Thursday,Low Value
CUST000990,Dr. Lucas Vieira,dr..lucas.vieira@email.com,44.0,masculino,Santos,SP,2024-05-09,2136.0,5,1312.0,4.2,True,2024,5,2,Thursday,Medium Value
CUST003796,Olivia Souza,olivia.souza@webmail.com,39.0,feminino,Blumenau,SC,2024-05-09,5153.0,10,3188.0,4.0,True,2024,5,2,Thursday,High Value
CUST000924,Cecília Sá,cecilia.sa@mail.com,52.0,outro,Blumenau,SC,2024-05-10,3067.0,5,832.0,3.6,True,2024,5,2,Friday,Low Value
CUST000512,Miguel Das Neves,miguel.das.neves@provedor.com.br,47.0,masculino,Olinda,PE,2024-05-11,2623.0,8,2035.0,3.5,True,2024,5,2,Saturday,High Value
CUST003541,Samuel Sales,samuel.sales@mail.com,35.0,masculino,Sorocaba,SP,2024-05-11,2655.0,10,2750.0,2.7,True,2024,5,2,Saturday,High Value
CUST003870,Yasmin Martins,yasmin.martins@provedor.com.br,38.0,feminino,Florianópolis,SC,2024-05-11,3040.0,7,1623.0,4.0,True,2024,5,2,Saturday,Medium Value
CUST003805,Dr. Theodoro Das Neves,dr..theodoro.das.neves@email.com,41.0,masculino,Belém,PA,2024-05-11,5216.0,6,1198.0,3.4,True,2024,5,2,Saturday,Low Value
CUST001016,Sr. Gustavo Da Mota,sr..gustavo.da.mota@provedor.com.br,19.0,masculino,Várzea Grande,MT,2024-05-11,8358.0,8,2905.0,4.5,True,2024,5,2,Saturday,High Value
CUST001291,Maria Cecília Abreu,maria.cecilia.abreu@webmail.com,30.0,feminino,Brasília,DF,2024-05-11,3493.0,11,2913.0,3.8,True,2024,5,2,Saturday,High Value
CUST000888,Rebeca Marques,rebeca.marques@email.com,22.0,feminino,Santos,SP,2024-05-12,3549.0,6,1086.0,5.0,True,2024,5,2,Sunday,Low Value
CUST000114,Hadassa Montenegro,hadassa.montenegro@mail.com,33.0,feminino,Rio Verde,GO,2024-05-12,2133.0,8,1882.0,3.9,True,2024,5,2,Sunday,Medium Value
CUST004698,Dr. Matteo Nascimento,dr..matteo.nascimento@webmail.com,49.0,masculino,Serra,ES,2024-05-12,2949.0,10,2793.0,3.4,True,2024,5,2,Sunday,High Value
CUST000525,Ravy Macedo,ravy.macedo@webmail.com,46.0,masculino,Brasília,DF,2024-05-12,3430.0,14,4280.0,3.6,True,2024,5,2,Sunday,High Value
CUST002987,Ana Vitória Freitas,ana.vitoria.freitas@provedor.com.br,19.0,feminino,Brasília,DF,2024-05-12,2790.0,7,1373.0,4.7,True,2024,5,2,Sunday,Medium Value
CUST003937,Daniela Vieira,daniela.vieira@email.com,32.0,feminino,Rio de Janeiro,RJ,2024-05-12,4599.0,9,1926.0,4.4,True,2024,5,2,Sunday,Medium Value
CUST000040,Ayla Sá,ayla.sa@correio.net,59.0,feminino,Santos,SP,2024-05-12,5424.0,7,1652.0,2.9,True,2024,5,2,Sunday,Medium Value
CUST001918,Yuri Castro,yuri.castro@correio.net,49.0,masculino,Curitiba,PR,2024-05-12,8861.0,6,2506.0,5.0,True,2024,5,2,Sunday,High Value
CUST004923,Mariana Nunes,mariana.nunes@correio.net,31.0,feminino,Porto Alegre,RS,2024-05-12,6859.0,4,1498.0,3.8,True,2024,5,2,Sunday,Medium Value
CUST002824,Calebe Farias,calebe.farias@provedor.com.br,52.0,masculino,unknown,SP,2024-05-13,5723.0,11,2913.0,3.6,True,2024,5,2,Monday,High Value
CUST001837,Daniela Barros,daniela.barros@email.com,22.0,feminino,Serra,ES,2024-05-13,5724.0,8,2856.0,5.0,True,2024,5,2,Monday,High Value
CUST001178,Lara Borges,lara.borges@provedor.com.br,48.0,feminino,Maringá,PR,2024-05-13,4014.0,8,2162.0,4.8,True,2024,5,2,Monday,High Value
CUST002105,Dante Cardoso,dante.cardoso@webmail.com,63.0,masculino,Ribeirão Preto,SP,2024-05-13,6649.0,10,3058.0,2.7,True,2024,5,2,Monday,High Value
CUST004873,João Gabriel Novaes,joao.gabriel.novaes@provedor.com.br,44.0,masculino,Pelotas,RS,2024-05-14,4110.0,7,1861.0,3.5,True,2024,5,2,Tuesday,Medium Value
CUST000267,Isabel Campos,isabel.campos@mail.com,43.0,feminino,Duque de Caxias,RJ,2024-05-14,2245.0,7,1276.0,5.0,True,2024,5,2,Tuesday,Low Value
CUST004025,Maitê Ramos,maite.ramos@webmail.com,39.0,feminino,Belo Horizonte,MG,2024-05-15,2221.0,12,3167.0,3.4,True,2024,5,2,Wednesday,High Value
CUST004589,Olívia Fogaça,olivia.fogaca@provedor.com.br,38.0,feminino,Contagem,MG,2024-05-15,2097.0,9,2186.0,4.0,True,2024,5,2,Wednesday,High Value
CUST002354,Anna Liz Marques,anna.liz.marques@provedor.com.br,56.0,feminino,Várzea Grande,MT,2024-05-15,5515.0,7,2064.0,4.5,True,2024,5,2,Wednesday,High Value
CUST002665,Luiz Fernando Araújo,luiz.fernando.araujo@webmail.com,48.0,masculino,Uberlândia,MG,2024-05-15,2956.0,11,2423.0,3.0,True,2024,5,2,Wednesday,High Value
CUST002827,Bianca Duarte,bianca.duarte@email.com,44.0,feminino,Campinas,SP,2024-05-15,4120.0,8,2017.0,4.3,True,2024,5,2,Wednesday,Medium Value
CUST004407,Brayan Sousa,brayan.sousa@correio.net,29.0,masculino,unknown,RJ,2024-05-15,2125.0,10,2810.0,4.0,True,2024,5,2,Wednesday,High Value
CUST002215,Lunna Novais,lunna.novais@provedor.com.br,36.0,feminino,Florianópolis,SC,2024-05-16,1963.0,8,1805.0,3.9,True,2024,5,2,Thursday,Medium Value
CUST004925,Benjamin Jesus,benjamin.jesus@mail.com,32.0,masculino,Brasília,DF,2024-05-16,3330.0,10,3889.0,4.5,True,2024,5,2,Thursday,High Value
CUST004222,Luna Pastor,luna.pastor@correio.net,18.0,feminino,Santos,SP,2024-05-16,3950.0,6,923.0,4.5,True,2024,5,2,Thursday,Low Value
CUST004278,Yasmin Pereira,yasmin.pereira@email.com,53.0,feminino,Juiz de Fora,MG,2024-05-16,2992.0,7,1776.0,5.0,True,2024,5,2,Thursday,Medium Value
CUST003842,Maitê Da Rocha,maite.da.rocha@webmail.com,39.0,feminino,unknown,PR,2024-05-16,1753.0,10,771.0,4.2,True,2024,5,2,Thursday,Low Value
CUST003168,Bruna Casa Grande,bruna.casa.grande@correio.net,47.0,feminino,Contagem,MG,2024-05-16,2579.0,6,1815.0,4.0,True,2024,5,2,Thursday,Medium Value
CUST001401,Ryan Farias,ryan.farias@email.com,38.0,masculino,Salvador,BA,2024-05-16,3673.0,3,573.0,3.4,True,2024,5,2,Thursday,Low Value
CUST001687,Hellena Jesus,hellena.jesus@correio.net,30.0,feminino,Belém,PA,2024-05-17,1777.0,10,2097.0,4.0,True,2024,5,2,Friday,High Value
CUST002737,Dr. Leandro Almeida,dr..leandro.almeida@mail.com,41.0,masculino,Recife,PE,2024-05-17,3481.0,7,1373.0,3.7,True,2024,5,2,Friday,Medium Value
CUST002426,Evelyn Pires,evelyn.pires@provedor.com.br,48.0,feminino,Blumenau,SC,2024-05-17,2657.0,11,4114.0,5.0,True,2024,5,2,Friday,High Value
CUST004100,Ana Lívia Cavalcante,ana.livia.cavalcante@correio.net,52.0,feminino,Uberlândia,MG,2024-05-17,3689.0,9,204162.0,5.0,True,2024,5,2,Friday,High Value
CUST003305,Helena Macedo,helena.macedo@correio.net,26.0,feminino,São Paulo,SP,2024-05-17,3870.0,6,1555.0,3.6,True,2024,5,2,Friday,Medium Value
CUST001557,Ravi Lucca Santos,ravi.lucca.santos@provedor.com.br,26.0,masculino,Porto Alegre,RS,2024-05-17,4076.0,4,1427.0,4.5,True,2024,5,2,Friday,Medium Value
CUST000014,Aylla Fogaça,aylla.fogaca@email.com,40.0,feminino,Florianópolis,SC,2024-05-17,3527.0,2,779.0,4.4,True,2024,5,2,Friday,Low Value
CUST003002,Maria Fernanda Da Rosa,maria.fernanda.da.rosa@webmail.com,33.0,feminino,Ananindeua,PA,2024-05-17,3888.0,8,2226.0,4.6,True,2024,5,2,Friday,High Value
CUST003347,Laura Sá,laura.sa@email.com,47.0,feminino,Santos,SP,2024-05-17,3217.0,8,1554.0,4.3,True,2024,5,2,Friday,Medium Value
CUST001977,Mateus Barros,mateus.barros@mail.com,38.0,masculino,unknown,AM,2024-05-18,5575.0,13,4598.0,4.0,True,2024,5,2,Saturday,High Value
CUST001976,Dr. Arthur Miguel Siqueira,dr..arthur.miguel.siqueira@provedor.com.br,33.0,masculino,Olinda,PE,2024-05-18,1323.0,2,358.0,3.5,True,2024,5,2,Saturday,Low Value
CUST003706,Danilo Abreu,danilo.abreu@correio.net,38.0,masculino,Santos,SP,2024-05-18,5641.0,11,2503.0,2.9,True,2024,5,2,Saturday,High Value
CUST001042,Ana Vieira,ana.vieira@email.com,51.0,feminino,Caruaru,PE,2024-05-18,3113.0,3,944.0,3.6,True,2024,5,2,Saturday,Low Value
CUST000787,Sr. Erick Pimenta,sr..erick.pimenta@provedor.com.br,30.0,masculino,Várzea Grande,MT,2024-05-19,3302.0,5,1076.0,3.6,True,2024,5,2,Sunday,Low Value
CUST004397,João Teixeira,joao.teixeira@provedor.com.br,26.0,masculino,Blumenau,SC,2024-05-19,4981.0,4,1005.0,4.7,True,2024,5,2,Sunday,Low Value
CUST003063,Enzo Abreu,enzo.abreu@mail.com,38.0,masculino,Campinas,SP,2024-05-19,3781.0,8,2460.0,3.4,True,2024,5,2,Sunday,High Value
CUST003671,Luiz Miguel Souza,luiz.miguel.souza@email.com,41.0,masculino,Blumenau,SC,2024-05-19,6277.0,16,2536.0,4.0,True,2024,5,2,Sunday,High Value
CUST001428,Sra. Yasmin Pinto,sra..yasmin.pinto@mail.com,45.0,feminino,Anápolis,GO,2024-05-19,3867.0,7,766.0,2.5,True,2024,5,2,Sunday,Low Value
CUST001370,Dr. Kaique Rodrigues,dr..kaique.rodrigues@correio.net,37.0,masculino,Sobral,CE,2024-05-20,2149.0,8,1687.0,3.1,True,2024,5,2,Monday,Medium Value
CUST004344,Fernando Da Luz,fernando.da.luz@mail.com,18.0,masculino,Vila Velha,ES,2024-05-20,2714.0,4,1198.0,3.8,True,2024,5,2,Monday,Low Value
CUST000069,Alícia Pastor,alicia.pastor@webmail.com,28.0,feminino,Santos,SP,2024-05-20,2150.0,6,1441.0,4.3,True,2024,5,2,Monday,Medium Value
CUST000542,Maitê Rocha,maite.rocha@correio.net,49.0,feminino,Joinville,SC,2024-05-21,4303.0,5,1417.0,2.3,True,2024,5,2,Tuesday,Medium Value
CUST001497,Henry Gabriel Marques,henry.gabriel.marques@mail.com,33.0,masculino,Juiz de Fora,MG,2024-05-21,2829.0,12,831.0,2.6,True,2024,5,2,Tuesday,Low Value
CUST004426,Laura Da Mota,laura.da.mota@provedor.com.br,38.0,feminino,São Paulo,SP,2024-05-21,1638.0,7,1843.0,4.3,True,2024,5,2,Tuesday,Medium Value
CUST001993,Srta. Catarina Mendes,srta..catarina.mendes@webmail.com,30.0,feminino,Cuiabá,MT,2024-05-21,1908.0,9,2432.0,3.0,True,2024,5,2,Tuesday,High Value
CUST004752,Ester Souza,ester.souza@correio.net,23.0,feminino,unknown,SP,2024-05-21,3135.0,9,2410.0,3.4,True,2024,5,2,Tuesday,High Value
CUST002752,Sra. Sofia Azevedo,sra..sofia.azevedo@email.com,18.0,feminino,Salvador,BA,2024-05-22,3366.5,10,2089.0,3.1,True,2024,5,2,Wednesday,High Value
CUST002495,Eloá Vieira,eloa.vieira@mail.com,18.0,feminino,Juazeiro do Norte,CE,2024-05-22,1764.0,10,1743.0,4.5,True,2024,5,2,Wednesday,Medium Value
CUST002721,Isabela Camargo,isabela.camargo@webmail.com,31.0,feminino,Porto Alegre,RS,2024-05-22,3827.0,8,2035.0,3.7,True,2024,5,2,Wednesday,High Value
CUST000190,Dr. Pedro Miguel Pimenta,dr..pedro.miguel.pimenta@webmail.com,57.0,masculino,Porto Alegre,RS,2024-05-22,2975.0,6,1105.0,3.2,True,2024,5,2,Wednesday,Low Value
CUST003081,Dr. Matteo Nascimento,dr..matteo.nascimento@mail.com,41.0,masculino,Caxias do Sul,RS,2024-05-22,3562.0,6,2138.0,4.0,True,2024,5,2,Wednesday,High Value
CUST002628,Nathan Campos,nathan.campos@webmail.com,54.0,masculino,Contagem,MG,2024-05-23,3187.0,6,2013.0,4.7,True,2024,5,2,Thursday,Medium Value
CUST003206,Antonella Carvalho,antonella.carvalho@provedor.com.br,49.0,feminino,Campinas,SP,2024-05-23,2120.0,4,1035.0,4.0,True,2024,5,2,Thursday,Low Value
CUST001669,Eloah Da Conceição,eloah.da.conceicao@mail.com,38.0,outro,Ribeirão Preto,SP,2024-05-23,3126.0,4,1190.0,3.0,True,2024,5,2,Thursday,Low Value
CUST001361,Dr. Théo Almeida,dr..theo.almeida@provedor.com.br,44.0,masculino,Pelotas,RS,2024-05-23,2623.0,10,1124.0,3.6,True,2024,5,2,Thursday,Low Value
CUST001671,Hadassa Cassiano,hadassa.cassiano@email.com,18.0,feminino,Santos,SP,2024-05-23,1857.0,9,497.0,3.8,True,2024,5,2,Thursday,Low Value
CUST001716,Dr. José Pedro Nascimento,dr..jose.pedro.nascimento@email.com,33.0,masculino,Sorocaba,SP,2024-05-23,2277.0,9,2614.0,3.2,True,2024,5,2,Thursday,High Value
CUST000548,Matteo Cardoso,matteo.cardoso@email.com,43.0,masculino,Caxias do Sul,RS,2024-05-23,2065.0,4,226513.0,3.0,True,2024,5,2,Thursday,High Value
CUST001613,Isis Correia,isis.correia@email.com,29.0,feminino,Vitória da Conquista,BA,2024-05-23,3366.5,8,1717.0,4.0,True,2024,5,2,Thursday,Medium Value
CUST001145,João Gabriel Moura,joao.gabriel.moura@provedor.com.br,32.0,masculino,Campinas,SP,2024-05-23,7964.0,7,2983.0,4.2,True,2024,5,2,Thursday,High Value
CUST003178,Lucca Costela,lucca.costela@webmail.com,40.0,masculino,Londrina,PR,2024-05-23,4404.0,7,2235.0,4.8,True,2024,5,2,Thursday,High Value
CUST004922,Sra. Luara Machado,sra..luara.machado@mail.com,30.0,feminino,Niterói,RJ,2024-05-24,2390.0,7,1341.0,4.1,True,2024,5,2,Friday,Medium Value
CUST004209,Dra. Melina Aparecida,dra..melina.aparecida@correio.net,31.0,feminino,Petrópolis,RJ,2024-05-24,3763.0,6,1932.0,2.8,True,2024,5,2,Friday,Medium Value
CUST004614,Srta. Caroline Barros,srta..caroline.barros@webmail.com,23.0,feminino,Pelotas,RS,2024-05-24,4004.0,7,1748.0,3.8,True,2024,5,2,Friday,Medium Value
CUST004111,Eloah Sá,eloah.sa@provedor.com.br,53.0,feminino,unknown,MG,2024-05-24,2492.0,7,1456.0,5.0,True,2024,5,2,Friday,Medium Value
CUST002994,Raul Cardoso,raul.cardoso@correio.net,34.0,masculino,Londrina,PR,2024-05-24,1180.0,4,823.0,4.0,True,2024,5,2,Friday,Low Value
CUST002291,Joana Viana,joana.viana@mail.com,38.0,feminino,Contagem,MG,2024-05-24,4812.0,4,871.0,4.9,True,2024,5,2,Friday,Low Value
CUST003751,Dr. Daniel Mendonça,dr..daniel.mendonca@correio.net,29.0,masculino,unknown,SC,2024-05-24,6271.0,7,1963.0,4.2,True,2024,5,2,Friday,Medium Value
CUST002019,Vinicius Aparecida,vinicius.aparecida@email.com,29.0,masculino,Contagem,MG,2024-05-25,3488.0,3,1017.0,4.5,True,2024,5,2,Saturday,Low Value
CUST004304,Ryan Da Mota,ryan.da.mota@webmail.com,30.0,masculino,Florianópolis,SC,2024-05-25,3365.0,6,1562.0,3.6,True,2024,5,2,Saturday,Medium Value
CUST003979,Stella Moraes,stella.moraes@mail.com,46.0,feminino,Olinda,PE,2024-05-25,5394.0,5,1751.0,4.9,True,2024,5,2,Saturday,Medium Value
CUST002673,Olivia Pastor,olivia.pastor@provedor.com.br,35.0,feminino,Serra,ES,2024-05-25,3353.0,9,3289.0,3.5,True,2024,5,2,Saturday,High Value
CUST001139,Cecilia Sampaio,cecilia.sampaio@mail.com,46.0,feminino,Sobral,CE,2024-05-25,5502.0,8,1941.0,2.8,True,2024,5,2,Saturday,Medium Value
CUST001307,Heloísa Novaes,heloisa.novaes@correio.net,35.0,feminino,Petrópolis,RJ,2024-05-25,3357.5,9,2442.0,4.9,True,2024,5,2,Saturday,High Value
CUST002279,Liz Siqueira,liz.siqueira@correio.net,30.0,feminino,Anápolis,GO,2024-05-25,2100.0,393,1217.0,4.0,True,2024,5,2,Saturday,Low Value
CUST004203,Matteo Gomes,matteo.gomes@email.com,33.0,masculino,Duque de Caxias,RJ,2024-05-26,5621.0,7,3080.0,4.8,True,2024,5,2,Sunday,High Value
CUST003321,Luna Cavalcanti,luna.cavalcanti@webmail.com,34.0,feminino,Petrópolis,RJ,2024-05-26,1772.0,5,1775.0,4.0,True,2024,5,2,Sunday,Medium Value
CUST004974,Laís Abreu,lais.abreu@mail.com,52.0,outro,Brasília,DF,2024-05-26,1544.0,6,724.0,3.6,True,2024,5,2,Sunday,Low Value
CUST004598,Dr. Otávio Cunha,dr..otavio.cunha@email.com,29.0,masculino,Vitória da Conquista,BA,2024-05-26,1576.0,6,1861.0,5.0,True,2024,5,2,Sunday,Medium Value
CUST004334,Kamilly Fonseca,kamilly.fonseca@webmail.com,32.0,feminino,Brasília,DF,2024-05-26,2034.0,8,1905.0,4.1,True,2024,5,2,Sunday,Medium Value
CUST002389,Antony Mendonça,antony.mendonca@provedor.com.br,44.0,masculino,Duque de Caxias,RJ,2024-05-26,3872.0,7,2393.0,3.5,True,2024,5,2,Sunday,High Value
CUST003215,Julia Ramos,julia.ramos@correio.net,33.0,feminino,Brasília,DF,2024-05-26,1623.0,10,1687.0,4.4,True,2024,5,2,Sunday,Medium Value
CUST000003,Cauã Rocha,caua.rocha@correio.net,30.0,masculino,Maringá,PR,2024-05-27,2689.0,4,880.0,4.3,True,2024,5,2,Monday,Low Value
CUST003280,Aylla Gonçalves,aylla.goncalves@provedor.com.br,22.0,feminino,Pelotas,RS,2024-05-27,1583.0,4,572.0,4.0,True,2024,5,2,Monday,Low Value
CUST004797,Dr. Theodoro Nascimento,dr..theodoro.nascimento@provedor.com.br,32.0,masculino,Maringá,PR,2024-05-27,3606.0,7,2480.0,4.1,True,2024,5,2,Monday,High Value
CUST004725,Anna Liz Cassiano,anna.liz.cassiano@provedor.com.br,69.0,feminino,unknown,PR,2024-05-27,4183.0,3,625.0,3.8,True,2024,5,2,Monday,Low Value
CUST000259,Dr. Pietro Vieira,dr..pietro.vieira@email.com,43.0,masculino,Belém,PA,2024-05-27,3509.0,9,1593.0,3.4,True,2024,5,2,Monday,Medium Value
CUST001060,Zoe Cavalcante,zoe.cavalcante@provedor.com.br,45.0,feminino,Porto Alegre,RS,2024-05-27,3448.0,8,2764.0,4.7,True,2024,5,2,Monday,High Value
CUST003591,Mariana Rocha,mariana.rocha@webmail.com,47.0,feminino,Várzea Grande,MT,2024-05-27,3702.0,7,1817.0,5.0,True,2024,5,2,Monday,Medium Value
CUST000995,Dr. Ravi Vargas,dr..ravi.vargas@mail.com,40.0,outro,Caxias do Sul,RS,2024-05-27,5059.0,7,1431.0,3.8,True,2024,5,2,Monday,Medium Value
CUST000689,Sra. Letícia Marques,sra..leticia.marques@correio.net,22.0,feminino,Contagem,MG,2024-05-27,2180.0,5,1133.0,3.8,True,2024,5,2,Monday,Low Value
CUST001057,Cecilia Viana,cecilia.viana@mail.com,44.0,feminino,São Paulo,SP,2024-05-27,4803.0,9,3031.0,4.5,True,2024,5,2,Monday,High Value
CUST001344,Benício Das Neves,benicio.das.neves@provedor.com.br,28.0,masculino,Petrópolis,RJ,2024-05-27,2981.0,9,2343.0,3.3,True,2024,5,2,Monday,High Value
CUST004336,Dra. Alice Campos,dra..alice.campos@correio.net,18.0,feminino,Juazeiro do Norte,CE,2024-05-28,7450.0,1,127401.0,4.1,True,2024,5,2,Tuesday,High Value
CUST001081,Ana Julia Aparecida,ana.julia.aparecida@correio.net,40.0,feminino,Ribeirão Preto,SP,2024-05-28,4633.0,8,2550.0,4.6,True,2024,5,2,Tuesday,High Value
CUST002873,André Gonçalves,andre.goncalves@correio.net,39.0,masculino,Rio Verde,GO,2024-05-28,2696.0,5,1360.0,2.0,True,2024,5,2,Tuesday,Medium Value
CUST004033,Srta. Maria Fernanda Pinto,srta..maria.fernanda.pinto@webmail.com,34.0,feminino,Petrópolis,RJ,2024-05-29,1196.0,6,1199.0,2.9,True,2024,5,2,Wednesday,Low Value
CUST000711,Alexia Caldeira,alexia.caldeira@email.com,45.0,feminino,Fortaleza,CE,2024-05-29,1584.0,2,293.0,3.9,True,2024,5,2,Wednesday,Low Value
CUST001666,Maria Ferreira,maria.ferreira@provedor.com.br,31.0,feminino,Blumenau,SC,2024-05-29,4069.0,6,1698.0,3.2,True,2024,5,2,Wednesday,Medium Value
CUST002991,Otávio Macedo,otavio.macedo@webmail.com,60.0,masculino,Blumenau,SC,2024-05-29,2683.0,6,1349.0,4.7,True,2024,5,2,Wednesday,Medium Value
CUST002458,Paulo Sá,paulo.sa@webmail.com,37.0,masculino,Belo Horizonte,MG,2024-05-30,1092.0,11,2549.0,4.3,True,2024,5,2,Thursday,High Value
CUST000832,Agatha Sá,agatha.sa@correio.net,40.0,feminino,Goiânia,GO,2024-05-30,4583.0,7,1092.0,3.7,True,2024,5,2,Thursday,Low Value
CUST004020,Isabela Oliveira,isabela.oliveira@webmail.com,22.0,feminino,Anápolis,GO,2024-05-30,3174.0,5,992.0,4.2,True,2024,5,2,Thursday,Low Value
CUST001265,Isabela Ferreira,isabela.ferreira@provedor.com.br,29.0,feminino,Cuiabá,MT,2024-05-30,2290.0,3,968.0,5.0,True,2024,5,2,Thursday,Low Value
CUST001586,Srta. Amanda Marques,srta..amanda.marques@mail.com,50.0,feminino,Caruaru,PE,2024-05-31,4449.0,4,1032.0,2.8,True,2024,5,2,Friday,Low Value
CUST004132,Vicente Sampaio,vicente.sampaio@email.com,47.0,masculino,Rio Verde,GO,2024-05-31,4943.0,7,1949.0,3.3,True,2024,5,2,Friday,Medium Value
CUST003433,Agatha Marques,agatha.marques@correio.net,47.0,feminino,Blumenau,SC,2024-05-31,2465.0,10,3217.0,3.6,True,2024,5,2,Friday,High Value
CUST002371,Sr. Ravy Pinto,sr..ravy.pinto@correio.net,47.0,masculino,Niterói,RJ,2024-05-31,3277.0,4,861.0,5.0,True,2024,5,2,Friday,Low Value
CUST000376,Isabella Monteiro,isabella.monteiro@email.com,69.0,outro,Niterói,RJ,2024-05-31,6388.0,3,1053.0,4.1,True,2024,5,2,Friday,Low Value
CUST004736,Maria Vitória Almeida,maria.vitoria.almeida@provedor.com.br,27.0,feminino,Fortaleza,CE,2024-05-31,6137.0,4,1083.0,4.8,True,2024,5,2,Friday,Low Value
CUST003446,Cecília Moreira,cecilia.moreira@email.com,28.0,feminino,unknown,RS,2024-05-31,5842.0,5,1650.0,4.7,True,2024,5,2,Friday,Medium Value
CUST002439,Josué Da Cruz,josue.da.cruz@email.com,18.0,masculino,Rio de Janeiro,RJ,2024-05-31,2536.0,9,2332.0,4.0,True,2024,5,2,Friday,High Value
CUST002304,Vinícius Lopes,vinicius.lopes@correio.net,33.0,masculino,Petrópolis,RJ,2024-06-01,3354.0,6,2054.0,3.5,True,2024,6,2,Saturday,High Value
CUST003011,Lucca Viana,lucca.viana@email.com,41.0,masculino,Caxias do Sul,RS,2024-06-01,3135.0,7,1437.0,3.7,True,2024,6,2,Saturday,Medium Value
CUST000705,Alícia Borges,alicia.borges@webmail.com,28.0,feminino,Serra,ES,2024-06-01,4304.0,4,963.0,2.8,True,2024,6,2,Saturday,Low Value
CUST001815,Vitor Gabriel Cavalcanti,vitor.gabriel.cavalcanti@provedor.com.br,46.0,masculino,Salvador,BA,2024-06-01,4423.0,6,1743.0,3.4,True,2024,6,2,Saturday,Medium Value
CUST002810,Benjamim Da Conceição,benjamim.da.conceicao@correio.net,39.0,masculino,Anápolis,GO,2024-06-02,4291.0,7,2250.0,3.1,True,2024,6,2,Sunday,High Value
CUST003129,Benjamin Novais,benjamin.novais@mail.com,61.0,outro,Niterói,RJ,2024-06-02,2982.0,7,1831.0,4.0,True,2024,6,2,Sunday,Medium Value
CUST002085,Laís Pimenta,lais.pimenta@email.com,43.0,feminino,Recife,PE,2024-06-02,4515.0,10,2912.0,3.8,True,2024,6,2,Sunday,High Value
CUST001412,Alana Pires,alana.pires@correio.net,21.0,feminino,Várzea Grande,MT,2024-06-02,4552.0,7,2038.0,5.0,True,2024,6,2,Sunday,High Value
CUST002674,Liam Garcia,liam.garcia@provedor.com.br,29.0,masculino,Sorocaba,SP,2024-06-02,2725.0,4,1375.0,4.7,True,2024,6,2,Sunday,Medium Value
CUST001490,Sara Souza,sara.souza@provedor.com.br,59.0,feminino,Belo Horizonte,MG,2024-06-03,3885.0,10,2883.0,4.0,True,2024,6,2,Monday,High Value
CUST004019,Luan Pastor,luan.pastor@email.com,21.0,masculino,São Paulo,SP,2024-06-03,3192.0,5,1102.0,4.3,True,2024,6,2,Monday,Low Value
CUST003278,Marina Marques,marina.marques@correio.net,29.0,feminino,Niterói,RJ,2024-06-03,4722.0,6,1396.0,4.0,True,2024,6,2,Monday,Medium Value
CUST001981,Dr. Benjamim Das Neves,dr..benjamim.das.neves@webmail.com,45.0,masculino,Vitória,ES,2024-06-03,3128.0,2,604.0,5.0,True,2024,6,2,Monday,Low Value
CUST004703,Maria Laura Barbosa,maria.laura.barbosa@email.com,28.0,feminino,Campinas,SP,2024-06-03,1157.0,4,747.0,3.1,True,2024,6,2,Monday,Low Value
CUST000519,Erick Pereira,erick.pereira@mail.com,43.0,masculino,São Paulo,SP,2024-06-03,6095.0,8,1578.0,3.3,True,2024,6,2,Monday,Medium Value
CUST001658,Ana Clara Aparecida,ana.clara.aparecida@provedor.com.br,38.0,feminino,Pelotas,RS,2024-06-03,2251.0,3,389.0,4.6,True,2024,6,2,Monday,Low Value
CUST001217,Arthur Gabriel Pimenta,arthur.gabriel.pimenta@email.com,44.0,masculino,Juiz de Fora,MG,2024-06-03,3790.0,5,663.0,3.3,True,2024,6,2,Monday,Low Value
CUST003423,João Felipe Sá,joao.felipe.sa@mail.com,33.0,masculino,Maringá,PR,2024-06-03,2622.0,3,583.0,4.5,True,2024,6,2,Monday,Low Value
CUST003783,Davi Miguel Da Rocha,davi.miguel.da.rocha@webmail.com,32.0,masculino,Maringá,PR,2024-06-03,4099.0,5,1539.0,4.3,True,2024,6,2,Monday,Medium Value
CUST000745,Lunna Ribeiro,lunna.ribeiro@provedor.com.br,40.0,feminino,Ananindeua,PA,2024-06-04,2276.0,3,844.0,4.2,True,2024,6,2,Tuesday,Low Value
CUST001138,Dra. Emanuella Campos,dra..emanuella.campos@email.com,35.0,feminino,Caruaru,PE,2024-06-04,4902.0,4,1366.0,3.4,True,2024,6,2,Tuesday,Medium Value
CUST001266,Eloah Porto,eloah.porto@mail.com,25.0,feminino,Uberlândia,MG,2024-06-04,3093.0,6,1785.0,3.4,True,2024,6,2,Tuesday,Medium Value
CUST000949,Ayla Peixoto,ayla.peixoto@email.com,60.0,feminino,Caxias do Sul,RS,2024-06-04,2092.0,4,1025.0,3.6,True,2024,6,2,Tuesday,Low Value
CUST002730,Nicolas Da Cunha,nicolas.da.cunha@correio.net,68.0,masculino,Juiz de Fora,MG,2024-06-04,2580.0,11,2391.0,5.0,True,2024,6,2,Tuesday,High Value
CUST001140,Elisa Monteiro,elisa.monteiro@correio.net,29.0,feminino,unknown,RJ,2024-06-04,1955.0,3,616.0,4.0,True,2024,6,2,Tuesday,Low Value
CUST000594,Sara Peixoto,sara.peixoto@correio.net,44.0,feminino,Sorocaba,SP,2024-06-04,1638.0,5,695.0,4.0,True,2024,6,2,Tuesday,Low Value
CUST002015,Vicente Sá,vicente.sa@correio.net,29.0,masculino,Anápolis,GO,2024-06-04,2685.0,8,1370.0,4.4,True,2024,6,2,Tuesday,Medium Value
CUST003499,Davi Miguel Macedo,davi.miguel.macedo@correio.net,18.0,masculino,Cuiabá,MT,2024-06-05,2627.0,5,1278.0,4.4,True,2024,6,2,Wednesday,Low Value
CUST002440,Pedro Henrique Pacheco,pedro.henrique.pacheco@email.com,18.0,masculino,Juiz de Fora,MG,2024-06-05,2268.0,2,326.0,4.1,True,2024,6,2,Wednesday,Low Value
CUST000873,Sr. Miguel Da Costa,sr..miguel.da.costa@correio.net,38.0,masculino,unknown,RJ,2024-06-05,3018.0,11,1223.0,4.2,True,2024,6,2,Wednesday,Low Value
CUST003781,Olívia Carvalho,olivia.carvalho@webmail.com,47.0,feminino,Salvador,BA,2024-06-05,2238.0,4,761.0,2.8,True,2024,6,2,Wednesday,Low Value
CUST002528,Sra. Maria Laura Casa Grande,sra..maria.laura.casa.grande@email.com,58.0,feminino,Petrópolis,RJ,2024-06-05,3643.0,5,1275.0,3.6,True,2024,6,2,Wednesday,Low Value
CUST003785,Joaquim Costela,joaquim.costela@correio.net,21.0,masculino,Goiânia,GO,2024-06-06,2736.0,2,538.0,4.0,True,2024,6,2,Thursday,Low Value
CUST000253,José Pedro Fernandes,jose.pedro.fernandes@webmail.com,25.0,masculino,São Paulo,SP,2024-06-06,4007.0,7,2231.0,4.4,True,2024,6,2,Thursday,High Value
CUST000262,Leandro Ribeiro,leandro.ribeiro@provedor.com.br,34.0,masculino,Uberlândia,MG,2024-06-06,2393.0,9,1609.0,2.7,True,2024,6,2,Thursday,Medium Value
CUST002585,Hellena Cardoso,hellena.cardoso@mail.com,27.0,feminino,Parintins,AM,2024-06-07,2354.0,5,688.0,2.9,True,2024,6,2,Friday,Low Value
CUST003758,Fernando Rocha,fernando.rocha@mail.com,38.0,masculino,Salvador,BA,2024-06-07,1531.0,6,1290.0,3.1,True,2024,6,2,Friday,Low Value
CUST001033,Srta. Eloah Mendonça,srta..eloah.mendonca@mail.com,52.0,feminino,Belém,PA,2024-06-07,3236.0,3,587.0,4.7,True,2024,6,2,Friday,Low Value
CUST000220,João Lucas Sá,joao.lucas.sa@webmail.com,34.0,masculino,Duque de Caxias,RJ,2024-06-07,3357.5,9,1718.0,3.0,True,2024,6,2,Friday,Medium Value
CUST004834,Cauã Casa Grande,caua.casa.grande@webmail.com,38.0,masculino,São Paulo,SP,2024-06-07,4133.0,9,2040.0,5.0,True,2024,6,2,Friday,High Value
CUST001642,Olivia Rezende,olivia.rezende@correio.net,32.0,outro,Várzea Grande,MT,2024-06-07,4436.0,5,1193.0,3.9,True,2024,6,2,Friday,Low Value
CUST001194,João Campos,joao.campos@email.com,18.0,masculino,Campinas,SP,2024-06-07,1751.0,1,227.0,4.0,True,2024,6,2,Friday,Low Value
CUST004015,Gael Henrique Costa,gael.henrique.costa@correio.net,57.0,masculino,unknown,DF,2024-06-07,3611.0,8,908.0,4.0,True,2024,6,2,Friday,Low Value
CUST000355,Dra. Clarice Monteiro,dra..clarice.monteiro@email.com,31.0,feminino,Sorocaba,SP,2024-06-08,4975.0,5,1865.0,4.4,True,2024,6,2,Saturday,Medium Value
CUST002342,Dom Rezende,dom.rezende@correio.net,32.0,masculino,Rio de Janeiro,RJ,2024-06-08,3332.0,14,4451.0,4.7,True,2024,6,2,Saturday,High Value
CUST001576,Marcelo Moraes,marcelo.moraes@email.com,45.0,masculino,Ribeirão Preto,SP,2024-06-08,4431.0,5,720.0,3.8,True,2024,6,2,Saturday,Low Value
CUST000478,Luana Fernandes,luana.fernandes@provedor.com.br,59.0,feminino,Ribeirão Preto,SP,2024-06-08,4886.0,4,1133.0,3.2,True,2024,6,2,Saturday,Low Value
CUST004196,Camila Lopes,camila.lopes@email.com,52.0,feminino,Manaus,AM,2024-06-09,5078.0,6,2046.0,2.7,True,2024,6,2,Sunday,High Value
CUST004219,Dr. Marcos Vinicius Melo,dr..marcos.vinicius.melo@webmail.com,30.0,masculino,Vitória da Conquista,BA,2024-06-09,1316.0,7,1890.0,4.3,True,2024,6,2,Sunday,Medium Value
CUST005016,Melissa Costa,melissa.costa@provedor.com.br,27.0,feminino,Juiz de Fora,MG,2024-06-09,5636.0,5,2057.0,4.2,True,2024,6,2,Sunday,High Value
CUST001432,Camila Novaes,camila.novaes@correio.net,21.0,feminino,Ribeirão Preto,SP,2024-06-09,2603.0,7,2472.0,3.0,True,2024,6,2,Sunday,High Value
CUST000090,Enzo Jesus,enzo.jesus@provedor.com.br,41.0,outro,Olinda,PE,2024-06-09,2533.0,11,2668.0,4.4,True,2024,6,2,Sunday,High Value
CUST003312,Antony Leão,antony.leao@correio.net,38.0,masculino,Campinas,SP,2024-06-10,2573.0,5,1030.0,5.0,True,2024,6,2,Monday,Low Value
CUST004412,Alana Pastor,alana.pastor@email.com,30.0,feminino,Ribeirão Preto,SP,2024-06-10,8943.0,9,3238.0,3.3,True,2024,6,2,Monday,High Value
CUST003453,Aurora Caldeira,aurora.caldeira@provedor.com.br,34.0,feminino,Londrina,PR,2024-06-10,2546.0,3,701.0,3.0,True,2024,6,2,Monday,Low Value
CUST000244,Pedro Henrique Cavalcanti,pedro.henrique.cavalcanti@correio.net,22.0,masculino,Goiânia,GO,2024-06-10,2488.0,12,2903.0,5.0,True,2024,6,2,Monday,High Value
CUST001242,Emanuella Mendonça,emanuella.mendonca@webmail.com,34.0,feminino,Londrina,PR,2024-06-11,4190.0,12,3519.0,3.8,True,2024,6,2,Tuesday,High Value
CUST002050,Eduarda Dias,eduarda.dias@webmail.com,40.0,feminino,Porto Alegre,RS,2024-06-11,2577.0,4,845.0,3.6,True,2024,6,2,Tuesday,Low Value
CUST000789,Caio Guerra,caio.guerra@provedor.com.br,58.0,masculino,Duque de Caxias,RJ,2024-06-11,3357.5,11,2726.0,4.6,True,2024,6,2,Tuesday,High Value
CUST004029,Maria Liz Barros,maria.liz.barros@webmail.com,57.0,feminino,Rio Verde,GO,2024-06-11,5601.0,8,1588.0,4.9,True,2024,6,2,Tuesday,Medium Value
CUST002813,Pedro Henrique Camargo,pedro.henrique.camargo@webmail.com,33.0,masculino,Juiz de Fora,MG,2024-06-11,2827.0,6,1048.0,4.5,True,2024,6,2,Tuesday,Low Value
CUST002478,Srta. Esther Marques,srta..esther.marques@provedor.com.br,51.0,feminino,Juiz de Fora,MG,2024-06-12,2291.0,4,756.0,2.3,True,2024,6,2,Wednesday,Low Value
CUST002118,Ana Julia Caldeira,ana.julia.caldeira@email.com,54.0,feminino,Contagem,MG,2024-06-12,3247.0,9,2943.0,4.9,True,2024,6,2,Wednesday,High Value
CUST000726,Mirella Cassiano,mirella.cassiano@webmail.com,48.0,feminino,Caxias do Sul,RS,2024-06-12,4417.0,9,2865.0,4.0,True,2024,6,2,Wednesday,High Value
CUST004640,Laura Cavalcanti,laura.cavalcanti@webmail.com,18.0,feminino,Santos,SP,2024-06-12,1764.0,10,2140.0,4.0,True,2024,6,2,Wednesday,High Value
CUST002523,Fernanda Almeida,fernanda.almeida@provedor.com.br,25.0,feminino,Juiz de Fora,MG,2024-06-12,4885.0,6,1927.0,3.3,True,2024,6,2,Wednesday,Medium Value
CUST001038,Sofia Rezende,sofia.rezende@correio.net,52.0,feminino,Vitória da Conquista,BA,2024-06-13,3603.0,9,1766.0,5.0,True,2024,6,2,Thursday,Medium Value
CUST002169,Thiago Alves,thiago.alves@mail.com,58.0,masculino,São Paulo,SP,2024-06-13,5493.0,11,3191.0,2.5,True,2024,6,2,Thursday,High Value
CUST002103,Leonardo Siqueira,leonardo.siqueira@email.com,54.0,outro,unknown,MG,2024-06-14,2104.0,10,1854.0,5.0,True,2024,6,2,Friday,Medium Value
CUST004902,Dr. Pedro Lucas Camargo,dr..pedro.lucas.camargo@correio.net,53.0,masculino,Santos,SP,2024-06-14,3902.0,5,924.0,3.9,True,2024,6,2,Friday,Low Value
CUST001699,Theodoro Sá,theodoro.sa@webmail.com,59.0,masculino,Cuiabá,MT,2024-06-14,3351.0,10,2455.0,4.3,True,2024,6,2,Friday,High Value
CUST004058,Srta. Nina Gomes,srta..nina.gomes@email.com,32.0,feminino,Blumenau,SC,2024-06-14,8544.0,15,3011.0,4.9,True,2024,6,2,Friday,High Value
CUST002308,Dr. Pedro Pimenta,dr..pedro.pimenta@provedor.com.br,33.0,masculino,Ananindeua,PA,2024-06-14,1542.0,14,1285.0,4.1,True,2024,6,2,Friday,Low Value
CUST004963,Lívia Porto,livia.porto@correio.net,52.0,feminino,Maringá,PR,2024-06-15,2355.0,7,1048.0,3.8,True,2024,6,2,Saturday,Low Value
CUST003122,Pedro Lucas Teixeira,pedro.lucas.teixeira@email.com,22.0,masculino,Feira de Santana,BA,2024-06-15,3765.0,9,1822.0,4.4,True,2024,6,2,Saturday,Medium Value
CUST004584,Thomas Macedo,thomas.macedo@webmail.com,52.0,masculino,Caruaru,PE,2024-06-15,1394.0,3,485.0,2.7,True,2024,6,2,Saturday,Low Value
CUST004599,Esther Garcia,esther.garcia@mail.com,33.0,feminino,Niterói,RJ,2024-06-15,2809.0,9,1778.0,3.9,True,2024,6,2,Saturday,Medium Value
CUST004283,Maysa Campos,maysa.campos@correio.net,24.0,feminino,Ribeirão Preto,SP,2024-06-15,2192.0,4,424.0,3.9,True,2024,6,2,Saturday,Low Value
CUST000509,Luiz Miguel Borges,luiz.miguel.borges@mail.com,58.0,masculino,Pelotas,RS,2024-06-15,3448.0,8,1803.0,3.8,True,2024,6,2,Saturday,Medium Value
CUST004314,Thales Almeida,thales.almeida@webmail.com,64.0,masculino,Pelotas,RS,2024-06-16,4360.0,8,2370.0,4.0,True,2024,6,2,Sunday,High Value
CUST003588,Caleb Cavalcante,caleb.cavalcante@webmail.com,51.0,masculino,São Paulo,SP,2024-06-16,2833.0,6,1253.0,4.2,True,2024,6,2,Sunday,Low Value
CUST003925,Arthur Gabriel Rios,arthur.gabriel.rios@provedor.com.br,19.0,masculino,Ribeirão Preto,SP,2024-06-16,4835.0,9,2435.0,3.8,True,2024,6,2,Sunday,High Value
CUST003832,Sarah Brito,sarah.brito@mail.com,27.0,feminino,Sorocaba,SP,2024-06-16,2854.0,11,3422.0,3.4,True,2024,6,2,Sunday,High Value
CUST003333,Ana Lívia Farias,ana.livia.farias@provedor.com.br,36.0,feminino,Recife,PE,2024-06-17,3494.0,6,1156.0,4.6,True,2024,6,2,Monday,Low Value
CUST002573,Maria Sophia Fernandes,maria.sophia.fernandes@mail.com,42.0,feminino,Petrópolis,RJ,2024-06-17,1901.0,6,1063.0,4.7,True,2024,6,2,Monday,Low Value
CUST004758,Renan Cunha,renan.cunha@correio.net,49.0,masculino,Duque de Caxias,RJ,2024-06-17,5881.0,4,987.0,3.4,True,2024,6,2,Monday,Low Value
CUST000921,Ísis Nunes,isis.nunes@provedor.com.br,47.0,feminino,Londrina,PR,2024-06-17,4912.0,11,3384.0,4.7,True,2024,6,2,Monday,High Value
CUST004136,Srta. Nina Rodrigues,srta..nina.rodrigues@mail.com,28.0,feminino,Belo Horizonte,MG,2024-06-17,2743.0,8,1703.0,4.2,True,2024,6,2,Monday,Medium Value
CUST001187,João Gabriel Da Conceição,joao.gabriel.da.conceicao@provedor.com.br,22.0,masculino,Caruaru,PE,2024-06-17,2454.0,3,390.0,4.0,True,2024,6,2,Monday,Low Value
CUST003173,Srta. Maitê Novaes,srta..maite.novaes@email.com,39.0,outro,Parintins,AM,2024-06-17,3763.0,14,1611.0,2.0,True,2024,6,2,Monday,Medium Value
CUST003944,Sra. Emanuella Guerra,sra..emanuella.guerra@mail.com,42.0,feminino,Maringá,PR,2024-06-18,2781.0,4,887.0,2.9,True,2024,6,2,Tuesday,Low Value
CUST003024,Ágatha Oliveira,agatha.oliveira@mail.com,38.0,outro,Rio de Janeiro,RJ,2024-06-18,3096.0,3,753.0,2.8,True,2024,6,2,Tuesday,Low Value
CUST003681,Srta. Ana Clara Cardoso,srta..ana.clara.cardoso@correio.net,40.0,feminino,Caxias do Sul,RS,2024-06-18,3678.0,8,2593.0,3.3,True,2024,6,2,Tuesday,High Value
CUST000615,Asafe Dias,asafe.dias@mail.com,31.0,outro,Santos,SP,2024-06-18,4031.0,5,1489.0,5.0,True,2024,6,2,Tuesday,Medium Value
CUST000659,Sophia Câmara,sophia.camara@provedor.com.br,21.0,feminino,Ribeirão Preto,SP,2024-06-18,1928.0,6,1144.0,4.5,True,2024,6,2,Tuesday,Low Value
CUST004103,Mariane Farias,mariane.farias@webmail.com,49.0,feminino,Brasília,DF,2024-06-19,3057.0,7,1626.0,2.7,True,2024,6,2,Wednesday,Medium Value
CUST002638,Apollo Cavalcanti,apollo.cavalcanti@provedor.com.br,40.0,masculino,Juiz de Fora,MG,2024-06-19,6626.0,1,316.0,4.1,True,2024,6,2,Wednesday,Low Value
CUST003403,Dr. Diego Da Mata,dr..diego.da.mata@correio.net,38.0,masculino,Sorocaba,SP,2024-06-19,4052.0,10,2108.0,2.5,True,2024,6,2,Wednesday,High Value
CUST001321,João Guilherme Moreira,joao.guilherme.moreira@provedor.com.br,49.0,masculino,Sorocaba,SP,2024-06-19,3475.0,2,767.0,3.7,True,2024,6,2,Wednesday,Low Value
CUST001324,Diogo Nunes,diogo.nunes@correio.net,23.0,outro,Sorocaba,SP,2024-06-19,3534.0,3,1093.0,5.0,True,2024,6,2,Wednesday,Low Value
CUST003384,Enrico Correia,enrico.correia@webmail.com,18.0,masculino,Ananindeua,PA,2024-06-19,3092.0,15,3163.0,4.8,True,2024,6,2,Wednesday,High Value
CUST000246,Rodrigo Martins,rodrigo.martins@correio.net,57.0,masculino,Duque de Caxias,RJ,2024-06-20,2888.0,8,2694.0,4.9,True,2024,6,2,Thursday,High Value
CUST002156,Lucas Vieira,lucas.vieira@provedor.com.br,24.0,masculino,Ribeirão Preto,SP,2024-06-20,3313.5,5,1525.0,3.7,True,2024,6,2,Thursday,Medium Value
CUST004856,Anthony Gabriel Da Luz,anthony.gabriel.da.luz@correio.net,48.0,masculino,Maringá,PR,2024-06-20,2700.0,6,1642.0,5.0,True,2024,6,2,Thursday,Medium Value
CUST004842,Manuela Da Rocha,manuela.da.rocha@webmail.com,23.0,feminino,Curitiba,PR,2024-06-20,3358.0,3,974.0,4.3,True,2024,6,2,Thursday,Low Value
CUST001009,Eduarda Farias,eduarda.farias@provedor.com.br,40.0,feminino,Pelotas,RS,2024-06-20,6863.0,8,2473.0,4.0,True,2024,6,2,Thursday,High Value
CUST003959,José Pedro Ribeiro,jose.pedro.ribeiro@email.com,55.0,masculino,Juiz de Fora,MG,2024-06-20,4463.0,4,1245.0,4.7,True,2024,6,2,Thursday,Low Value
CUST003162,Heloisa Sales,heloisa.sales@provedor.com.br,37.0,feminino,Juazeiro do Norte,CE,2024-06-21,3585.0,8,2370.0,3.8,True,2024,6,2,Friday,High Value
CUST002028,Luara Mendonça,luara.mendonca@mail.com,25.0,feminino,Niterói,RJ,2024-06-21,3310.0,10,2207.0,5.0,True,2024,6,2,Friday,High Value
CUST002023,Alexia Azevedo,alexia.azevedo@email.com,40.0,feminino,Manaus,AM,2024-06-21,3326.0,9,2351.0,4.4,True,2024,6,2,Friday,High Value
CUST002856,Josué Moreira,josue.moreira@webmail.com,38.0,outro,Porto Alegre,RS,2024-06-21,3448.0,6,1577.0,4.5,True,2024,6,2,Friday,Medium Value
CUST001017,Sr. Cauã Nascimento,sr..caua.nascimento@provedor.com.br,40.0,masculino,Porto Alegre,RS,2024-06-21,4403.0,368,2847.0,4.3,True,2024,6,2,Friday,High Value
CUST001097,Srta. Pietra Barbosa,srta..pietra.barbosa@correio.net,33.0,feminino,Vitória da Conquista,BA,2024-06-22,3094.0,7,2037.0,3.8,True,2024,6,2,Saturday,High Value
CUST001304,Ana Liz Cassiano,ana.liz.cassiano@email.com,55.0,feminino,Belém,PA,2024-06-22,3581.0,2,388.0,3.7,True,2024,6,2,Saturday,Low Value
CUST000750,João Lucas Novais,joao.lucas.novais@email.com,47.0,outro,Sorocaba,SP,2024-06-22,2985.0,1,144.0,3.8,True,2024,6,2,Saturday,Low Value
CUST002069,João Gabriel Jesus,joao.gabriel.jesus@provedor.com.br,52.0,masculino,Rio de Janeiro,RJ,2024-06-22,3398.0,7,2139.0,4.9,True,2024,6,2,Saturday,High Value
CUST003391,Dra. Ana Sampaio,dra..ana.sampaio@provedor.com.br,35.0,feminino,Joinville,SC,2024-06-23,3012.0,6,2197.0,4.0,True,2024,6,2,Sunday,High Value
CUST004734,Apollo Nogueira,apollo.nogueira@correio.net,24.0,masculino,unknown,RJ,2024-06-23,1723.0,4,1148.0,2.9,True,2024,6,2,Sunday,Low Value
CUST000203,Nina Leão,nina.leao@email.com,26.0,feminino,Porto Alegre,RS,2024-06-24,3891.0,7,1429.0,3.7,True,2024,6,2,Monday,Medium Value
CUST000829,Sr. Luiz Fernando Campos,sr..luiz.fernando.campos@email.com,68.0,masculino,São Paulo,SP,2024-06-24,5802.0,4,1247.0,2.9,True,2024,6,2,Monday,Low Value
CUST003123,Pietro Pacheco,pietro.pacheco@provedor.com.br,18.0,masculino,Campinas,SP,2024-06-24,3123.0,9,1008.0,4.0,True,2024,6,2,Monday,Low Value
CUST002661,Carolina Fonseca,carolina.fonseca@webmail.com,25.0,feminino,Feira de Santana,BA,2024-06-24,4705.0,9,2528.0,4.7,True,2024,6,2,Monday,High Value
CUST000483,Luigi Castro,luigi.castro@email.com,45.0,masculino,Sorocaba,SP,2024-06-24,4747.0,9,2940.0,2.9,True,2024,6,2,Monday,High Value
CUST003965,Caleb Barbosa,caleb.barbosa@webmail.com,44.0,masculino,Vila Velha,ES,2024-06-25,2479.0,2,503.0,3.4,True,2024,6,2,Tuesday,Low Value
CUST003084,Luiz Gustavo Garcia,luiz.gustavo.garcia@correio.net,19.0,masculino,Niterói,RJ,2024-06-25,3032.0,8,1974.0,4.0,True,2024,6,2,Tuesday,Medium Value
CUST000343,Ana Lívia Da Mota,ana.livia.da.mota@mail.com,32.0,feminino,Joinville,SC,2024-06-25,5031.0,4,709.0,3.3,True,2024,6,2,Tuesday,Low Value
CUST002625,Miguel Guerra,miguel.guerra@correio.net,19.0,masculino,Joinville,SC,2024-06-25,7223.0,5,2036.0,5.0,True,2024,6,2,Tuesday,High Value
CUST005045,Heloisa Sales,heloisa.sales@email.com,36.0,feminino,Juazeiro do Norte,CE,2024-06-25,3707.0,7,2175.0,3.6,True,2024,6,2,Tuesday,High Value
CUST003814,Maria Fernanda Ramos,maria.fernanda.ramos@email.com,27.0,feminino,Curitiba,PR,2024-06-25,1365.0,5,591.0,3.0,True,2024,6,2,Tuesday,Low Value
CUST003447,Thiago Andrade,thiago.andrade@email.com,47.0,masculino,Uberlândia,MG,2024-06-25,3274.0,10,1810.0,3.2,True,2024,6,2,Tuesday,Medium Value
CUST000200,Isabel Gomes,isabel.gomes@email.com,35.0,feminino,Manaus,AM,2024-06-25,2171.0,10,1642.0,4.4,True,2024,6,2,Tuesday,Medium Value
CUST003646,Bruna Da Luz,bruna.da.luz@webmail.com,37.0,feminino,Santos,SP,2024-06-25,5414.0,6,1704.0,4.0,True,2024,6,2,Tuesday,Medium Value
CUST003317,Bianca Duarte,bianca.duarte@correio.net,38.0,feminino,Feira de Santana,BA,2024-06-25,4695.0,9,2836.0,4.1,True,2024,6,2,Tuesday,High Value
CUST000823,Ágatha Araújo,agatha.araujo@provedor.com.br,44.0,feminino,Manaus,AM,2024-06-26,5471.0,7,125525.0,3.9,True,2024,6,2,Wednesday,High Value
CUST000782,Evelyn Camargo,evelyn.camargo@correio.net,47.0,feminino,Niterói,RJ,2024-06-26,3845.0,2,528.0,4.0,True,2024,6,2,Wednesday,Low Value
CUST003186,Paulo Porto,paulo.porto@provedor.com.br,30.0,masculino,Serra,ES,2024-06-26,8640.0,8,2806.0,5.0,True,2024,6,2,Wednesday,High Value
CUST002176,Dra. Bruna Abreu,dra..bruna.abreu@mail.com,32.0,feminino,Sorocaba,SP,2024-06-26,2858.0,6,1342.0,2.7,True,2024,6,2,Wednesday,Medium Value
CUST002214,Maria Luiza Silva,maria.luiza.silva@mail.com,50.0,feminino,Santos,SP,2024-06-26,2929.0,3,492.0,4.4,True,2024,6,2,Wednesday,Low Value
CUST005000,Dra. Maria Alice Souza,dra..maria.alice.souza@webmail.com,26.0,feminino,Ananindeua,PA,2024-06-27,900.0,10,2207.0,2.9,True,2024,6,2,Thursday,High Value
CUST002240,Juan Araújo,juan.araujo@correio.net,51.0,masculino,Fortaleza,CE,2024-06-27,5284.0,6,1533.0,4.0,True,2024,6,2,Thursday,Medium Value
CUST001588,Benjamim Cavalcanti,benjamim.cavalcanti@email.com,34.0,masculino,Caxias do Sul,RS,2024-06-27,3448.0,12,3864.0,4.1,True,2024,6,2,Thursday,High Value
CUST000068,Henry Gabriel Azevedo,henry.gabriel.azevedo@email.com,53.0,outro,Petrópolis,RJ,2024-06-27,7208.0,6,2456.0,3.5,True,2024,6,2,Thursday,High Value
CUST004129,Sra. Luísa Gonçalves,sra..luisa.goncalves@correio.net,33.0,feminino,Pelotas,RS,2024-06-28,3218.0,7,2382.0,3.8,True,2024,6,2,Friday,High Value
CUST004749,Dra. Beatriz Garcia,dra..beatriz.garcia@webmail.com,46.0,feminino,Maringá,PR,2024-06-28,4141.0,6,1806.0,5.0,True,2024,6,2,Friday,Medium Value
CUST003756,Dom Cavalcanti,dom.cavalcanti@provedor.com.br,32.0,masculino,Manaus,AM,2024-06-28,2174.0,11,1799.0,3.1,True,2024,6,2,Friday,Medium Value
CUST001237,Isaac Pastor,isaac.pastor@webmail.com,37.0,masculino,Fortaleza,CE,2024-06-28,8453.0,11,4485.0,4.0,True,2024,6,2,Friday,High Value
CUST000293,Emanuel Da Costa,emanuel.da.costa@correio.net,38.0,masculino,Brasília,DF,2024-06-28,2935.0,9,2404.0,4.7,True,2024,6,2,Friday,High Value
CUST003290,Dr. Mateus Fernandes,dr..mateus.fernandes@mail.com,41.0,masculino,Campinas,SP,2024-06-28,2074.0,3,729.0,3.8,True,2024,6,2,Friday,Low Value
CUST003235,Luara Correia,luara.correia@correio.net,39.0,feminino,Sorocaba,SP,2024-06-28,3626.0,8,2369.0,4.7,True,2024,6,2,Friday,High Value
CUST003375,Rodrigo Barbosa,rodrigo.barbosa@email.com,48.0,masculino,Brasília,DF,2024-06-28,1675.0,5,724.0,3.5,True,2024,6,2,Friday,Low Value
CUST003919,Dr. João Miguel Sampaio,dr..joao.miguel.sampaio@correio.net,37.0,masculino,Brasília,DF,2024-06-29,5469.0,8,2259.0,4.7,True,2024,6,2,Saturday,High Value
CUST001314,Erick Cavalcante,erick.cavalcante@webmail.com,34.0,masculino,Belo Horizonte,MG,2024-06-29,4121.0,8,2057.0,5.0,True,2024,6,2,Saturday,High Value
CUST001680,Enrico Carvalho,enrico.carvalho@webmail.com,23.0,masculino,Duque de Caxias,RJ,2024-06-29,3357.5,8,2324.0,4.4,True,2024,6,2,Saturday,High Value
CUST004225,Arthur Siqueira,arthur.siqueira@webmail.com,47.0,masculino,unknown,SP,2024-06-29,1649.0,8,1649.0,3.3,True,2024,6,2,Saturday,Medium Value
CUST001723,Dr. Davi Miguel Ribeiro,dr..davi.miguel.ribeiro@mail.com,45.0,masculino,Caruaru,PE,2024-06-29,1996.0,8,1632.0,4.0,True,2024,6,2,Saturday,Medium Value
CUST002897,Srta. Vitória Almeida,srta..vitoria.almeida@correio.net,36.0,feminino,Ribeirão Preto,SP,2024-06-29,3540.0,6,1139.0,4.1,True,2024,6,2,Saturday,Low Value
CUST001213,Theo Alves,theo.alves@mail.com,35.0,masculino,Sorocaba,SP,2024-06-30,2302.0,6,1520.0,4.6,True,2024,6,2,Sunday,Medium Value
CUST004941,Maysa Da Paz,maysa.da.paz@email.com,30.0,feminino,Juiz de Fora,MG,2024-06-30,3313.0,12,3288.0,3.5,True,2024,6,2,Sunday,High Value
CUST002039,Lara Câmara,lara.camara@webmail.com,44.0,feminino,Juazeiro do Norte,CE,2024-06-30,2841.0,4,738.0,3.9,True,2024,6,2,Sunday,Low Value
CUST003017,Caio Pinto,caio.pinto@correio.net,60.0,masculino,Maringá,PR,2024-06-30,3099.0,3,668.0,4.6,True,2024,6,2,Sunday,Low Value
CUST000920,Breno Rodrigues,breno.rodrigues@correio.net,49.0,masculino,Porto Alegre,RS,2024-06-30,3448.0,6,1109.0,2.7,True,2024,6,2,Sunday,Low Value
CUST003096,Sarah Monteiro,sarah.monteiro@mail.com,53.0,feminino,Ananindeua,PA,2024-06-30,2897.0,10,2257.0,5.0,True,2024,6,2,Sunday,High Value
CUST004294,Srta. Lavínia Cardoso,srta..lavinia.cardoso@email.com,59.0,feminino,Londrina,PR,2024-07-01,2602.0,8,1436.0,4.0,True,2024,7,3,Monday,Medium Value
CUST001917,Nina Da Mota,nina.da.mota@email.com,42.0,feminino,Recife,PE,2024-07-01,1943.0,6,1257.0,4.0,True,2024,7,3,Monday,Low Value
CUST003089,Sr. João Lucas Rodrigues,sr..joao.lucas.rodrigues@webmail.com,18.0,masculino,Várzea Grande,MT,2024-07-01,6579.0,8,3453.0,4.3,True,2024,7,3,Monday,High Value
CUST004497,Antônio Sá,antonio.sa@mail.com,39.0,outro,Campinas,SP,2024-07-01,4472.0,5,799.0,3.7,True,2024,7,3,Monday,Low Value
CUST003198,Sra. Valentina Sales,sra..valentina.sales@correio.net,39.0,feminino,Cuiabá,MT,2024-07-01,2968.0,7,1877.0,5.0,True,2024,7,3,Monday,Medium Value
CUST002292,Srta. Raquel Cirino,srta..raquel.cirino@email.com,42.0,outro,Caxias do Sul,RS,2024-07-01,4651.0,7,2102.0,3.6,True,2024,7,3,Monday,High Value
CUST001130,Anna Liz Moraes,anna.liz.moraes@webmail.com,33.0,feminino,Brasília,DF,2024-07-01,4470.0,10,4100.0,4.1,True,2024,7,3,Monday,High Value
CUST001487,Raul Macedo,raul.macedo@webmail.com,28.0,masculino,Santos,SP,2024-07-02,2073.0,8,1226.0,4.6,True,2024,7,3,Tuesday,Low Value
CUST003108,Heloisa Aragão,heloisa.aragao@webmail.com,44.0,feminino,Contagem,MG,2024-07-02,2714.0,5,1307.0,5.0,True,2024,7,3,Tuesday,Medium Value
CUST001003,Olívia Brito,olivia.brito@provedor.com.br,49.0,feminino,Joinville,SC,2024-07-02,2188.0,6,1350.0,4.6,True,2024,7,3,Tuesday,Medium Value
CUST001243,Caleb Araújo,caleb.araujo@mail.com,44.0,masculino,Goiânia,GO,2024-07-02,3509.0,7,1963.0,4.3,True,2024,7,3,Tuesday,Medium Value
CUST002059,Juliana Pereira,juliana.pereira@webmail.com,18.0,outro,Ananindeua,PA,2024-07-03,2304.0,7,1612.0,4.5,True,2024,7,3,Wednesday,Medium Value
CUST002107,Anthony Gabriel Marques,anthony.gabriel.marques@correio.net,44.0,masculino,Campinas,SP,2024-07-03,4288.0,6,1151.0,3.7,True,2024,7,3,Wednesday,Low Value
CUST001849,Rafaela Nogueira,rafaela.nogueira@webmail.com,43.0,feminino,Londrina,PR,2024-07-03,4591.0,11,2476.0,4.9,True,2024,7,3,Wednesday,High Value
CUST002711,Mariana Ramos,mariana.ramos@correio.net,36.0,feminino,Ribeirão Preto,SP,2024-07-03,2951.0,9,3169.0,5.0,True,2024,7,3,Wednesday,High Value
CUST000079,Aylla Ribeiro,aylla.ribeiro@mail.com,18.0,feminino,Contagem,MG,2024-07-03,4139.0,6,2441.0,4.0,True,2024,7,3,Wednesday,High Value
CUST000690,Bento Castro,bento.castro@correio.net,54.0,masculino,Niterói,RJ,2024-07-03,2376.0,6,1263.0,4.8,True,2024,7,3,Wednesday,Low Value
CUST001323,Dr. Daniel Leão,dr..daniel.leao@mail.com,29.0,masculino,Sorocaba,SP,2024-07-03,4667.0,10,3923.0,3.4,True,2024,7,3,Wednesday,High Value
CUST004623,Clara Siqueira,clara.siqueira@email.com,18.0,outro,unknown,RJ,2024-07-04,4943.0,1,174.0,4.6,True,2024,7,3,Thursday,Low Value
CUST002605,Sr. Heitor Montenegro,sr..heitor.montenegro@webmail.com,38.0,masculino,Niterói,RJ,2024-07-04,1532.0,6,1425.0,3.6,True,2024,7,3,Thursday,Medium Value
CUST003191,Davi Lucas Moraes,davi.lucas.moraes@email.com,39.0,masculino,Londrina,PR,2024-07-04,2733.0,5,1625.0,4.2,True,2024,7,3,Thursday,Medium Value
CUST004515,Mariane Borges,mariane.borges@mail.com,49.0,feminino,Ribeirão Preto,SP,2024-07-04,3520.0,4,1106.0,3.9,True,2024,7,3,Thursday,Low Value
CUST000826,Mariah Freitas,mariah.freitas@mail.com,33.0,feminino,Niterói,RJ,2024-07-04,3356.0,3,786.0,4.0,True,2024,7,3,Thursday,Low Value
CUST003608,Dr. Henrique Das Neves,dr..henrique.das.neves@mail.com,18.0,masculino,Juazeiro do Norte,CE,2024-07-05,1533.0,6,1288.0,4.4,True,2024,7,3,Friday,Low Value
CUST001729,Olivia Peixoto,olivia.peixoto@webmail.com,36.0,feminino,Sobral,CE,2024-07-05,2295.0,3,379.0,4.5,True,2024,7,3,Friday,Low Value
CUST002405,Daniel Vieira,daniel.vieira@mail.com,47.0,outro,Sorocaba,SP,2024-07-05,3313.0,7,964.0,4.0,True,2024,7,3,Friday,Low Value
CUST000476,Amanda Pereira,amanda.pereira@mail.com,30.0,feminino,Brasília,DF,2024-07-05,5367.0,6,1977.0,3.6,True,2024,7,3,Friday,Medium Value
CUST000889,Maria Cavalcante,maria.cavalcante@email.com,49.0,feminino,Belo Horizonte,MG,2024-07-05,3313.0,4,882.0,2.0,True,2024,7,3,Friday,Low Value
CUST001813,Noah Campos,noah.campos@mail.com,40.0,masculino,Duque de Caxias,RJ,2024-07-05,4920.0,603,2052.0,3.6,True,2024,7,3,Friday,High Value
CUST002676,Beatriz Mendonça,beatriz.mendonca@provedor.com.br,20.0,feminino,Pelotas,RS,2024-07-06,3315.0,7,1260.0,4.4,True,2024,7,3,Saturday,Low Value
CUST002131,Luiza Da Luz,luiza.da.luz@webmail.com,39.0,feminino,Rio Verde,GO,2024-07-06,3450.0,7,1810.0,3.9,True,2024,7,3,Saturday,Medium Value
CUST002004,Pedro Miguel Pinto,pedro.miguel.pinto@email.com,59.0,masculino,Curitiba,PR,2024-07-07,1854.0,4,1153.0,2.4,True,2024,7,3,Sunday,Low Value
CUST001910,Antônio Sales,antonio.sales@mail.com,18.0,masculino,Duque de Caxias,RJ,2024-07-07,3169.0,3,717.0,3.4,True,2024,7,3,Sunday,Low Value
CUST000815,Pietro Araújo,pietro.araujo@provedor.com.br,27.0,masculino,Caruaru,PE,2024-07-07,4643.0,7,1640.0,2.7,True,2024,7,3,Sunday,Medium Value
CUST000908,Maria Laura Barros,maria.laura.barros@webmail.com,44.0,feminino,Feira de Santana,BA,2024-07-07,5947.0,10,3787.0,3.5,True,2024,7,3,Sunday,High Value
CUST004727,Joana Costa,joana.costa@mail.com,24.0,outro,Anápolis,GO,2024-07-07,5448.0,7,1898.0,2.8,True,2024,7,3,Sunday,Medium Value
CUST003581,Fernando Macedo,fernando.macedo@webmail.com,33.0,masculino,Recife,PE,2024-07-07,1704.0,6,1031.0,3.9,True,2024,7,3,Sunday,Low Value
CUST004651,Luiz Felipe Ramos,luiz.felipe.ramos@email.com,56.0,masculino,Ribeirão Preto,SP,2024-07-07,6685.0,10,2131.0,2.6,True,2024,7,3,Sunday,High Value
CUST001258,Juan Cardoso,juan.cardoso@mail.com,32.0,masculino,Campinas,SP,2024-07-07,5955.0,7,1813.0,5.0,True,2024,7,3,Sunday,Medium Value
CUST004911,Vitória Melo,vitoria.melo@correio.net,37.0,feminino,Cuiabá,MT,2024-07-08,1755.0,6,916.0,3.0,True,2024,7,3,Monday,Low Value
CUST002462,Maria Clara Aragão,maria.clara.aragao@provedor.com.br,37.0,outro,Curitiba,PR,2024-07-08,5820.0,9,3047.0,4.0,True,2024,7,3,Monday,High Value
CUST003196,Dr. Theo Moreira,dr..theo.moreira@correio.net,33.0,masculino,Pelotas,RS,2024-07-08,2871.0,462,1868.0,4.9,True,2024,7,3,Monday,Medium Value
CUST003633,Yan Monteiro,yan.monteiro@mail.com,72.0,masculino,Uberlândia,MG,2024-07-08,5033.0,3,857.0,4.1,True,2024,7,3,Monday,Low Value
CUST004804,Beatriz Gomes,beatriz.gomes@correio.net,35.0,feminino,Ananindeua,PA,2024-07-08,3649.0,9,2284.0,3.5,True,2024,7,3,Monday,High Value
CUST003873,Gabriela Guerra,gabriela.guerra@email.com,18.0,feminino,unknown,RS,2024-07-09,1766.0,8,2151.0,3.2,True,2024,7,3,Tuesday,High Value
CUST002100,Lívia Nunes,livia.nunes@mail.com,34.0,feminino,Ribeirão Preto,SP,2024-07-09,4506.0,8,1863.0,4.8,True,2024,7,3,Tuesday,Medium Value
CUST004826,Maria Isis Barbosa,maria.isis.barbosa@provedor.com.br,41.0,feminino,Brasília,DF,2024-07-09,3703.0,7,1504.0,2.9,True,2024,7,3,Tuesday,Medium Value
CUST002350,Sra. Camila Nunes,sra..camila.nunes@webmail.com,32.0,outro,Londrina,PR,2024-07-09,3645.0,8,2234.0,2.7,True,2024,7,3,Tuesday,High Value
CUST000547,Diego Ferreira,diego.ferreira@webmail.com,47.0,masculino,Juazeiro do Norte,CE,2024-07-10,2743.0,4,732.0,3.7,True,2024,7,3,Wednesday,Low Value
CUST001151,Cauã Oliveira,caua.oliveira@email.com,19.0,masculino,Porto Alegre,RS,2024-07-10,5513.0,5,1582.0,4.8,True,2024,7,3,Wednesday,Medium Value
CUST001255,Dr. Liam Cavalcanti,dr..liam.cavalcanti@email.com,33.0,masculino,Ribeirão Preto,SP,2024-07-10,3531.0,7,2024.0,3.4,True,2024,7,3,Wednesday,Medium Value
CUST001615,Ana Júlia Sá,ana.julia.sa@webmail.com,82.0,feminino,Anápolis,GO,2024-07-10,3967.0,10,2401.0,4.9,True,2024,7,3,Wednesday,High Value
CUST001395,Bárbara Rodrigues,barbara.rodrigues@provedor.com.br,45.0,feminino,Anápolis,GO,2024-07-11,4916.0,6,1844.0,3.5,True,2024,7,3,Thursday,Medium Value
CUST004907,Luigi Porto,luigi.porto@email.com,18.0,masculino,Salvador,BA,2024-07-11,4239.0,6,1698.0,4.6,True,2024,7,3,Thursday,Medium Value
CUST004539,Luna Martins,luna.martins@webmail.com,50.0,feminino,Londrina,PR,2024-07-11,4655.0,2,606.0,4.3,True,2024,7,3,Thursday,Low Value
CUST003026,Theodoro Almeida,theodoro.almeida@webmail.com,38.0,masculino,Campinas,SP,2024-07-11,9280.0,5,1479.0,3.7,True,2024,7,3,Thursday,Medium Value
CUST001447,Luísa Da Costa,luisa.da.costa@email.com,46.0,feminino,Recife,PE,2024-07-11,5113.0,6,2454.0,4.4,True,2024,7,3,Thursday,High Value
CUST004286,Isabela Da Conceição,isabela.da.conceicao@webmail.com,61.0,feminino,Belém,PA,2024-07-11,5997.0,8,3204.0,3.2,True,2024,7,3,Thursday,High Value
CUST002321,Ayla Araújo,ayla.araujo@mail.com,36.0,feminino,Santos,SP,2024-07-11,2957.0,5,1524.0,2.9,True,2024,7,3,Thursday,Medium Value
CUST005018,Beatriz Gomes,beatriz.gomes@provedor.com.br,36.0,feminino,Ananindeua,PA,2024-07-12,3712.0,9,2246.0,3.3,True,2024,7,3,Friday,High Value
CUST002278,João Vitor Cavalcante,joao.vitor.cavalcante@webmail.com,18.0,masculino,unknown,RS,2024-07-12,2870.0,9,1929.0,3.1,True,2024,7,3,Friday,Medium Value
CUST004954,Maria Cecília Farias,maria.cecilia.farias@provedor.com.br,36.0,feminino,Brasília,DF,2024-07-13,3473.0,6,1123.0,3.7,True,2024,7,3,Saturday,Low Value
CUST001161,Benjamim Cavalcanti,benjamim.cavalcanti@email.com,35.0,masculino,Parintins,AM,2024-07-13,3673.0,4,538.0,4.0,True,2024,7,3,Saturday,Low Value
CUST002701,Ravi Casa Grande,ravi.casa.grande@webmail.com,55.0,masculino,Niterói,RJ,2024-07-13,2988.0,11,2330.0,3.6,True,2024,7,3,Saturday,High Value
CUST004114,Luiz Fernando Nogueira,luiz.fernando.nogueira@mail.com,38.0,masculino,Sorocaba,SP,2024-07-13,2084.0,5,527.0,2.2,True,2024,7,3,Saturday,Low Value
CUST004148,Dr. Diego Siqueira,dr..diego.siqueira@webmail.com,30.0,masculino,Belém,PA,2024-07-13,6899.0,8,2429.0,3.7,True,2024,7,3,Saturday,High Value
CUST004806,Esther Porto,esther.porto@email.com,46.0,feminino,Juiz de Fora,MG,2024-07-13,3945.0,7,1811.0,3.5,True,2024,7,3,Saturday,Medium Value
CUST000379,Anthony Martins,anthony.martins@correio.net,34.0,masculino,Brasília,DF,2024-07-14,2643.0,7,1097.0,4.5,True,2024,7,3,Sunday,Low Value
CUST002036,Isabela Montenegro,isabela.montenegro@email.com,30.0,feminino,Campinas,SP,2024-07-14,2726.0,4,654.0,5.0,True,2024,7,3,Sunday,Low Value
CUST002877,Maria Cecília Sales,maria.cecilia.sales@mail.com,40.0,feminino,Juiz de Fora,MG,2024-07-14,1947.0,10,2281.0,4.5,True,2024,7,3,Sunday,High Value
CUST000184,Clara Rezende,clara.rezende@provedor.com.br,46.0,feminino,Joinville,SC,2024-07-14,1875.0,7,1747.0,4.7,True,2024,7,3,Sunday,Medium Value
CUST003099,Ana Luiza Cardoso,ana.luiza.cardoso@webmail.com,44.0,feminino,Sorocaba,SP,2024-07-14,1644.0,4,875.0,2.7,True,2024,7,3,Sunday,Low Value
CUST003908,Alice Freitas,alice.freitas@mail.com,44.0,feminino,Uberlândia,MG,2024-07-14,10515.0,5,1351.0,3.0,True,2024,7,3,Sunday,Medium Value
CUST003270,Murilo Pereira,murilo.pereira@provedor.com.br,21.0,masculino,Contagem,MG,2024-07-14,3715.0,4,963.0,3.7,True,2024,7,3,Sunday,Low Value
CUST004161,Marcos Vinicius Viana,marcos.vinicius.viana@correio.net,36.0,masculino,Ribeirão Preto,SP,2024-07-15,3712.0,4,1174.0,4.5,True,2024,7,3,Monday,Low Value
CUST000351,Gabriel Sampaio,gabriel.sampaio@mail.com,48.0,masculino,Santos,SP,2024-07-15,3462.0,7,2217.0,5.0,True,2024,7,3,Monday,High Value
CUST003754,Lívia Campos,livia.campos@email.com,31.0,feminino,Pelotas,RS,2024-07-15,2791.0,8,1510.0,4.7,True,2024,7,3,Monday,Medium Value
CUST000728,Liam Castro,liam.castro@email.com,27.0,masculino,Blumenau,SC,2024-07-15,2853.0,7,1846.0,3.8,True,2024,7,3,Monday,Medium Value
CUST004071,Isaque Almeida,isaque.almeida@provedor.com.br,30.0,masculino,Brasília,DF,2024-07-15,3878.0,7,1456.0,4.3,True,2024,7,3,Monday,Medium Value
CUST003878,Eduardo Melo,eduardo.melo@email.com,18.0,masculino,Cuiabá,MT,2024-07-16,3375.0,11,2705.0,4.6,True,2024,7,3,Tuesday,High Value
CUST000095,Ryan Cassiano,ryan.cassiano@provedor.com.br,35.0,masculino,Ananindeua,PA,2024-07-16,4150.0,6,1909.0,2.7,True,2024,7,3,Tuesday,Medium Value
CUST003247,Matteo Azevedo,matteo.azevedo@email.com,50.0,masculino,Manaus,AM,2024-07-16,3569.0,7,2525.0,4.2,True,2024,7,3,Tuesday,High Value
CUST004847,Amanda Câmara,amanda.camara@provedor.com.br,42.0,feminino,Uberlândia,MG,2024-07-16,4385.0,11,2221.0,4.1,True,2024,7,3,Tuesday,High Value
CUST001913,Pedro Lucas Novais,pedro.lucas.novais@email.com,38.0,masculino,Santos,SP,2024-07-16,2732.0,6,1714.0,4.6,True,2024,7,3,Tuesday,Medium Value
CUST003143,Melina Cirino,melina.cirino@mail.com,49.0,feminino,Rio de Janeiro,RJ,2024-07-16,2994.0,4,1005.0,4.6,True,2024,7,3,Tuesday,Low Value
CUST001730,Caio Azevedo,caio.azevedo@provedor.com.br,46.0,masculino,Uberlândia,MG,2024-07-16,2069.0,3,834.0,4.4,True,2024,7,3,Tuesday,Low Value
CUST003990,Dr. Matteo Caldeira,dr..matteo.caldeira@provedor.com.br,51.0,masculino,Niterói,RJ,2024-07-16,5851.0,7,2055.0,4.0,True,2024,7,3,Tuesday,High Value
CUST004469,Josué Ribeiro,josue.ribeiro@mail.com,47.0,masculino,Santos,SP,2024-07-17,4314.0,8,2868.0,3.8,True,2024,7,3,Wednesday,High Value
CUST002936,Gabriela Macedo,gabriela.macedo@email.com,38.0,feminino,Anápolis,GO,2024-07-17,2749.0,7,1404.0,3.4,True,2024,7,3,Wednesday,Medium Value
CUST003710,Luan Araújo,luan.araujo@correio.net,36.0,masculino,Juiz de Fora,MG,2024-07-17,1629.0,7,1224.0,5.0,True,2024,7,3,Wednesday,Low Value
CUST000944,Júlia Caldeira,julia.caldeira@email.com,40.0,feminino,Belo Horizonte,MG,2024-07-17,3313.0,6,1788.0,3.2,True,2024,7,3,Wednesday,Medium Value
CUST001078,Luna Da Paz,luna.da.paz@email.com,38.0,feminino,Blumenau,SC,2024-07-17,3557.0,6,1313.0,3.6,True,2024,7,3,Wednesday,Medium Value
CUST000372,Marcelo Lopes,marcelo.lopes@webmail.com,47.0,masculino,Campinas,SP,2024-07-17,3294.0,8,1363.0,4.6,True,2024,7,3,Wednesday,Medium Value
CUST002189,Ágatha Ferreira,agatha.ferreira@provedor.com.br,33.0,feminino,Porto Alegre,RS,2024-07-17,2102.0,12,3380.0,3.0,True,2024,7,3,Wednesday,High Value
CUST001234,Juliana Nascimento,juliana.nascimento@provedor.com.br,18.0,feminino,Sorocaba,SP,2024-07-18,1498.0,3,611.0,3.6,True,2024,7,3,Thursday,Low Value
CUST004559,Dr. Anthony Dias,dr..anthony.dias@webmail.com,43.0,masculino,Juazeiro do Norte,CE,2024-07-18,2693.0,9,2454.0,4.2,True,2024,7,3,Thursday,High Value
CUST000697,Nina Campos,nina.campos@webmail.com,32.0,feminino,Petrópolis,RJ,2024-07-18,2956.0,7,2295.0,2.8,True,2024,7,3,Thursday,High Value
CUST003906,Helena Ferreira,helena.ferreira@webmail.com,60.0,feminino,unknown,MG,2024-07-18,7372.0,11,3845.0,3.8,True,2024,7,3,Thursday,High Value
CUST001975,Calebe Peixoto,calebe.peixoto@correio.net,56.0,masculino,Vitória,ES,2024-07-18,4226.0,16,1553.0,5.0,True,2024,7,3,Thursday,Medium Value
CUST002454,Francisco Vieira,francisco.vieira@correio.net,38.0,masculino,São Paulo,SP,2024-07-18,3643.0,6,1193.0,4.1,True,2024,7,3,Thursday,Low Value
CUST004753,Anna Liz Lopes,anna.liz.lopes@webmail.com,23.0,feminino,Campinas,SP,2024-07-18,199080.0,3,1019.0,2.1,True,2024,7,3,Thursday,Low Value
CUST001482,Enzo Barbosa,enzo.barbosa@correio.net,35.0,masculino,Porto Alegre,RS,2024-07-18,1372.0,6,995.0,4.0,True,2024,7,3,Thursday,Low Value
CUST004077,Clarice Gonçalves,clarice.goncalves@provedor.com.br,47.0,feminino,Sorocaba,SP,2024-07-18,3004.0,6,1292.0,4.3,True,2024,7,3,Thursday,Low Value
CUST000793,Pietro Sá,pietro.sa@email.com,55.0,masculino,Olinda,PE,2024-07-18,5069.0,10,2852.0,3.4,True,2024,7,3,Thursday,High Value
CUST002684,Maria Liz Câmara,maria.liz.camara@mail.com,18.0,feminino,Serra,ES,2024-07-19,1936.0,5,1255.0,3.5,True,2024,7,3,Friday,Low Value
CUST001488,Pietro Borges,pietro.borges@webmail.com,38.0,masculino,Belo Horizonte,MG,2024-07-20,4867.0,9,1461.0,2.8,True,2024,7,3,Saturday,Medium Value
CUST004867,Sr. Gael Henrique Fogaça,sr..gael.henrique.fogaca@correio.net,32.0,masculino,Contagem,MG,2024-07-20,3534.0,4,746.0,4.3,True,2024,7,3,Saturday,Low Value
CUST003867,Maria Liz Barbosa,maria.liz.barbosa@provedor.com.br,61.0,feminino,Sorocaba,SP,2024-07-20,2679.0,7,2319.0,3.7,True,2024,7,3,Saturday,High Value
CUST002318,Pietro Ferreira,pietro.ferreira@provedor.com.br,41.0,masculino,Santos,SP,2024-07-21,3622.0,13,2974.0,3.5,True,2024,7,3,Sunday,High Value
CUST003616,Rebeca Costa,rebeca.costa@provedor.com.br,33.0,outro,Niterói,RJ,2024-07-21,4306.0,7,2179.0,4.4,True,2024,7,3,Sunday,High Value
CUST002049,Sr. Pedro Vargas,sr..pedro.vargas@email.com,46.0,masculino,Goiânia,GO,2024-07-21,3246.0,9,988.0,4.2,True,2024,7,3,Sunday,Low Value
CUST000362,Lucca Pinto,lucca.pinto@correio.net,51.0,masculino,Juiz de Fora,MG,2024-07-21,2651.0,7,1729.0,4.6,True,2024,7,3,Sunday,Medium Value
CUST002110,Renan Marques,renan.marques@correio.net,40.0,masculino,Caxias do Sul,RS,2024-07-21,3448.0,5,1270.0,3.6,True,2024,7,3,Sunday,Low Value
CUST002451,Leandro Castro,leandro.castro@correio.net,26.0,masculino,Olinda,PE,2024-07-21,1688.0,420,1189.0,5.0,True,2024,7,3,Sunday,Low Value
CUST002199,Pietro Pimenta,pietro.pimenta@mail.com,50.0,masculino,Olinda,PE,2024-07-21,4898.0,7,1885.0,5.0,True,2024,7,3,Sunday,Medium Value
CUST001383,Luiz Henrique Montenegro,luiz.henrique.montenegro@mail.com,33.0,masculino,Pelotas,RS,2024-07-21,6029.0,7,1988.0,4.2,True,2024,7,3,Sunday,Medium Value
CUST001600,Maria Helena Gonçalves,maria.helena.goncalves@webmail.com,42.0,outro,Curitiba,PR,2024-07-22,2423.0,5,1160.0,4.1,True,2024,7,3,Monday,Low Value
CUST001284,Marina Rezende,marina.rezende@provedor.com.br,30.0,feminino,Londrina,PR,2024-07-22,1798.0,9,2026.0,3.5,True,2024,7,3,Monday,Medium Value
CUST002359,Sra. Raquel Barros,sra..raquel.barros@email.com,26.0,outro,Salvador,BA,2024-07-22,3541.0,8,1914.0,4.8,True,2024,7,3,Monday,Medium Value
CUST001549,Yago Sousa,yago.sousa@webmail.com,31.0,masculino,Olinda,PE,2024-07-22,2628.0,8,1312.0,3.7,True,2024,7,3,Monday,Medium Value
CUST004328,Dra. Stella Da Luz,dra..stella.da.luz@provedor.com.br,60.0,feminino,Santos,SP,2024-07-22,3313.5,10,2994.0,3.4,True,2024,7,3,Monday,High Value
CUST002442,Oliver Aparecida,oliver.aparecida@provedor.com.br,18.0,masculino,Ribeirão Preto,SP,2024-07-22,3146.0,4,884.0,4.5,True,2024,7,3,Monday,Low Value
CUST002506,Arthur Gabriel Rios,arthur.gabriel.rios@email.com,41.0,masculino,Vila Velha,ES,2024-07-23,4480.0,10,2672.0,3.6,True,2024,7,3,Tuesday,High Value
CUST003058,Theodoro Costela,theodoro.costela@webmail.com,18.0,masculino,Petrópolis,RJ,2024-07-23,3424.0,3,752.0,3.8,True,2024,7,3,Tuesday,Low Value
CUST003152,Sr. Benjamin Da Costa,sr..benjamin.da.costa@mail.com,47.0,masculino,Santos,SP,2024-07-23,3785.0,6,956.0,4.0,True,2024,7,3,Tuesday,Low Value
CUST003454,Arthur Castro,arthur.castro@email.com,43.0,masculino,Duque de Caxias,RJ,2024-07-23,3960.0,5,1468.0,4.1,True,2024,7,3,Tuesday,Medium Value
CUST004163,Pedro Miguel Sales,pedro.miguel.sales@webmail.com,49.0,masculino,Duque de Caxias,RJ,2024-07-23,6693.0,12,3982.0,4.0,True,2024,7,3,Tuesday,High Value
CUST004998,Sr. Enrico Sá,sr..enrico.sa@webmail.com,18.0,masculino,Pelotas,RS,2024-07-23,3448.0,6,1803.0,3.8,True,2024,7,3,Tuesday,Medium Value
CUST001531,Maria Vitória Rocha,maria.vitoria.rocha@provedor.com.br,18.0,feminino,Caruaru,PE,2024-07-23,5145.0,10,2751.0,4.7,True,2024,7,3,Tuesday,High Value
CUST003769,Davi Lucas Cirino,davi.lucas.cirino@correio.net,18.0,masculino,Contagem,MG,2024-07-24,5906.0,6,1593.0,4.8,True,2024,7,3,Wednesday,Medium Value
CUST000561,Eloah Silveira,eloah.silveira@provedor.com.br,23.0,feminino,Campinas,SP,2024-07-24,1312.0,4,966.0,4.8,True,2024,7,3,Wednesday,Low Value
CUST002931,Eduarda Siqueira,eduarda.siqueira@correio.net,46.0,feminino,Pelotas,RS,2024-07-24,3800.0,7,1358.0,3.2,True,2024,7,3,Wednesday,Medium Value
CUST001349,Maria Cecília Santos,maria.cecilia.santos@provedor.com.br,32.0,feminino,Ribeirão Preto,SP,2024-07-25,5683.0,6,2241.0,3.9,True,2024,7,3,Thursday,High Value
CUST005056,Srta. Vitória Almeida,srta..vitoria.almeida@mail.com,37.0,feminino,Ribeirão Preto,SP,2024-07-25,3691.0,8,1180.0,4.2,True,2024,7,3,Thursday,Low Value
CUST000115,Caroline Ferreira,caroline.ferreira@correio.net,35.0,feminino,Duque de Caxias,RJ,2024-07-25,3666.0,10,2477.0,3.9,True,2024,7,3,Thursday,High Value
CUST001190,Enzo Machado,enzo.machado@provedor.com.br,29.0,masculino,unknown,SP,2024-07-25,1500.0,4,761.0,5.0,True,2024,7,3,Thursday,Low Value
CUST000417,Zoe Carvalho,zoe.carvalho@email.com,27.0,feminino,Niterói,RJ,2024-07-25,4470.0,3,814.0,2.1,True,2024,7,3,Thursday,Low Value
CUST003505,Maria Alice Melo,maria.alice.melo@mail.com,25.0,feminino,Niterói,RJ,2024-07-25,3228.0,10,2794.0,4.5,True,2024,7,3,Thursday,High Value
CUST004658,Lorenzo Freitas,lorenzo.freitas@mail.com,18.0,masculino,Olinda,PE,2024-07-25,1672.0,5,989.0,4.6,True,2024,7,3,Thursday,Low Value
CUST001601,Srta. Olívia Castro,srta..olivia.castro@correio.net,22.0,feminino,Caxias do Sul,RS,2024-07-26,2655.0,4,581.0,4.5,True,2024,7,3,Friday,Low Value
CUST003346,Asafe Moreira,asafe.moreira@webmail.com,60.0,masculino,Contagem,MG,2024-07-26,2955.0,8,1380.0,3.8,True,2024,7,3,Friday,Medium Value
CUST004986,Lunna Dias,lunna.dias@correio.net,42.0,feminino,São Paulo,SP,2024-07-26,1587.0,5,1119.0,4.0,True,2024,7,3,Friday,Low Value
CUST003273,Asafe Sousa,asafe.sousa@email.com,41.0,masculino,Várzea Grande,MT,2024-07-27,1844.0,9,1560.0,4.0,True,2024,7,3,Saturday,Medium Value
CUST003467,Esther Souza,esther.souza@email.com,36.0,feminino,Petrópolis,RJ,2024-07-27,5917.0,5,1431.0,3.6,True,2024,7,3,Saturday,Medium Value
CUST000501,Sr. Theodoro Novais,sr..theodoro.novais@provedor.com.br,38.0,masculino,Petrópolis,RJ,2024-07-28,3357.5,7,1691.0,3.2,True,2024,7,3,Sunday,Medium Value
CUST004245,Brayan Fernandes,brayan.fernandes@mail.com,40.0,masculino,Porto Alegre,RS,2024-07-28,2778.0,7,1916.0,3.0,True,2024,7,3,Sunday,Medium Value
CUST000260,Ayla Da Rocha,ayla.da.rocha@email.com,53.0,feminino,Londrina,PR,2024-07-28,2256.0,6,1273.0,3.3,True,2024,7,3,Sunday,Low Value
CUST003318,Sr. Gustavo Henrique Nogueira,sr..gustavo.henrique.nogueira@correio.net,40.0,outro,Duque de Caxias,RJ,2024-07-28,2793.0,8,1844.0,2.7,True,2024,7,3,Sunday,Medium Value
CUST003012,Olívia Silveira,olivia.silveira@email.com,51.0,feminino,unknown,RJ,2024-07-28,221134.0,5,1795.0,4.2,True,2024,7,3,Sunday,Medium Value
CUST001906,Sr. Vitor Gabriel Vieira,sr..vitor.gabriel.vieira@mail.com,40.0,masculino,Recife,PE,2024-07-28,2430.0,11,2519.0,3.0,True,2024,7,3,Sunday,High Value
CUST002317,Beatriz Moura,beatriz.moura@mail.com,52.0,feminino,Contagem,MG,2024-07-29,6557.0,8,2158.0,3.7,True,2024,7,3,Monday,High Value
CUST002608,Srta. Emilly Fogaça,srta..emilly.fogaca@email.com,47.0,feminino,Caxias do Sul,RS,2024-07-29,6376.0,6,1703.0,3.7,True,2024,7,3,Monday,Medium Value
CUST003205,Emanuel Freitas,emanuel.freitas@webmail.com,28.0,masculino,Petrópolis,RJ,2024-07-29,5268.0,9,223222.0,3.8,True,2024,7,3,Monday,High Value
CUST000897,Mirella Freitas,mirella.freitas@provedor.com.br,54.0,feminino,Sorocaba,SP,2024-07-29,3313.5,7,2300.0,3.9,True,2024,7,3,Monday,High Value
CUST001445,Ana Cecília Novaes,ana.cecilia.novaes@email.com,38.0,feminino,Florianópolis,SC,2024-07-30,7350.0,10,3300.0,5.0,True,2024,7,3,Tuesday,High Value
CUST002852,Valentina Barros,valentina.barros@webmail.com,22.0,feminino,Sorocaba,SP,2024-07-30,927.0,11,1558.0,3.2,True,2024,7,3,Tuesday,Medium Value
CUST001372,João Guilherme Porto,joao.guilherme.porto@email.com,51.0,masculino,Brasília,DF,2024-07-30,6288.0,7,1911.0,5.0,True,2024,7,3,Tuesday,Medium Value
CUST000279,Maysa Fernandes,maysa.fernandes@provedor.com.br,35.0,feminino,Feira de Santana,BA,2024-07-30,2731.0,10,1988.0,4.9,True,2024,7,3,Tuesday,Medium Value
CUST002718,Letícia Azevedo,leticia.azevedo@correio.net,35.0,feminino,Belo Horizonte,MG,2024-07-30,4699.0,7,1401.0,2.5,True,2024,7,3,Tuesday,Medium Value
CUST005005,Davi Lucas Moraes,davi.lucas.moraes@correio.net,38.0,masculino,Londrina,PR,2024-07-30,2697.0,7,1620.0,4.1,True,2024,7,3,Tuesday,Medium Value
CUST001951,Sra. Bella Cavalcante,sra..bella.cavalcante@provedor.com.br,38.0,feminino,Niterói,RJ,2024-07-31,3139.0,7,1761.0,2.1,True,2024,7,3,Wednesday,Medium Value
CUST003277,Maria Vitória Da Cruz,maria.vitoria.da.cruz@webmail.com,24.0,feminino,Rio Verde,GO,2024-07-31,3400.0,8,1203.0,3.7,True,2024,7,3,Wednesday,Low Value
CUST003771,Mariana Mendes,mariana.mendes@provedor.com.br,55.0,feminino,Recife,PE,2024-07-31,3869.0,5,2004.0,4.6,True,2024,7,3,Wednesday,Medium Value
CUST004533,Maitê Cassiano,maite.cassiano@webmail.com,35.0,feminino,Joinville,SC,2024-07-31,1210.0,11,1171.0,1.8,True,2024,7,3,Wednesday,Low Value
CUST004968,Esther Sá,esther.sa@provedor.com.br,32.0,outro,Goiânia,GO,2024-08-01,3400.0,6,1436.0,3.1,True,2024,8,3,Thursday,Medium Value
CUST003435,Camila Moura,camila.moura@email.com,24.0,feminino,Campinas,SP,2024-08-01,4256.0,7,1438.0,3.3,True,2024,8,3,Thursday,Medium Value
CUST003916,Yuri Peixoto,yuri.peixoto@mail.com,32.0,masculino,Juiz de Fora,MG,2024-08-01,2751.0,2,513.0,4.3,True,2024,8,3,Thursday,Low Value
CUST003587,Breno Siqueira,breno.siqueira@email.com,43.0,masculino,Rio Verde,GO,2024-08-01,1785.0,6,1685.0,4.0,True,2024,8,3,Thursday,Medium Value
CUST002268,Dra. Valentina Sá,dra..valentina.sa@webmail.com,22.0,feminino,Ribeirão Preto,SP,2024-08-02,1403.0,11,2791.0,5.0,True,2024,8,3,Friday,High Value
CUST001660,João Guilherme Sousa,joao.guilherme.sousa@mail.com,31.0,masculino,Vitória,ES,2024-08-02,2947.0,7,2149.0,4.0,True,2024,8,3,Friday,High Value
CUST000583,Lívia Vieira,livia.vieira@provedor.com.br,40.0,feminino,Caxias do Sul,RS,2024-08-02,2313.0,9,1992.0,4.6,True,2024,8,3,Friday,Medium Value
CUST000578,Marcela Alves,marcela.alves@webmail.com,48.0,outro,Juazeiro do Norte,CE,2024-08-02,2504.0,9,2078.0,4.5,True,2024,8,3,Friday,High Value
CUST000268,Srta. Luara Campos,srta..luara.campos@correio.net,40.0,feminino,Santos,SP,2024-08-02,4196.0,7,1378.0,3.7,True,2024,8,3,Friday,Medium Value
CUST001727,Ana Júlia Castro,ana.julia.castro@provedor.com.br,27.0,feminino,Rio de Janeiro,RJ,2024-08-02,240054.0,3,704.0,2.2,True,2024,8,3,Friday,Low Value
CUST000967,Sr. Kaique Duarte,sr..kaique.duarte@correio.net,30.0,masculino,Niterói,RJ,2024-08-02,4634.0,10,2701.0,4.0,True,2024,8,3,Friday,High Value
CUST002250,João Pedro Rios,joao.pedro.rios@email.com,51.0,masculino,Ananindeua,PA,2024-08-03,4297.0,4,1210.0,3.6,True,2024,8,3,Saturday,Low Value
CUST003833,Clarice Alves,clarice.alves@webmail.com,40.0,outro,Curitiba,PR,2024-08-03,1328.0,7,1193.0,3.7,True,2024,8,3,Saturday,Low Value
CUST005027,Camila Novaes,camila.novaes@correio.net,21.0,feminino,Ribeirão Preto,SP,2024-08-03,2578.0,5,2636.0,3.0,True,2024,8,3,Saturday,High Value
CUST001050,Pedro Lucas Nogueira,pedro.lucas.nogueira@email.com,32.0,outro,Belém,PA,2024-08-03,9731.0,11,5009.0,4.5,True,2024,8,3,Saturday,High Value
CUST003641,Sr. Pedro Henrique Mendes,sr..pedro.henrique.mendes@mail.com,39.0,masculino,Parintins,AM,2024-08-03,2738.0,2,501.0,3.8,True,2024,8,3,Saturday,Low Value
CUST002179,Ana Clara Caldeira,ana.clara.caldeira@email.com,38.0,feminino,Vitória da Conquista,BA,2024-08-04,3400.0,9,1446.0,4.8,True,2024,8,3,Sunday,Medium Value
CUST004013,Ana Vitória Oliveira,ana.vitoria.oliveira@mail.com,39.0,feminino,Sorocaba,SP,2024-08-04,4323.0,5,1168.0,2.7,True,2024,8,3,Sunday,Low Value
CUST004299,Liz Fonseca,liz.fonseca@email.com,21.0,outro,Ribeirão Preto,SP,2024-08-04,1233.0,5,582.0,2.8,True,2024,8,3,Sunday,Low Value
CUST004878,Sr. Ian Sales,sr..ian.sales@mail.com,31.0,masculino,Sorocaba,SP,2024-08-04,4295.0,7,1911.0,3.9,True,2024,8,3,Sunday,Medium Value
CUST002998,Maria Luísa Camargo,maria.luisa.camargo@correio.net,35.0,outro,Juazeiro do Norte,CE,2024-08-04,1647.0,7,1137.0,4.6,True,2024,8,3,Sunday,Low Value
CUST002844,Rebeca Machado,rebeca.machado@mail.com,49.0,feminino,Contagem,MG,2024-08-04,1356.0,4,793.0,3.7,True,2024,8,3,Sunday,Low Value
CUST000120,Letícia Ribeiro,leticia.ribeiro@correio.net,50.0,feminino,Niterói,RJ,2024-08-04,4778.0,5,1522.0,2.9,True,2024,8,3,Sunday,Medium Value
CUST004832,Srta. Maria Clara Guerra,srta..maria.clara.guerra@mail.com,25.0,feminino,Olinda,PE,2024-08-04,1370.0,6,1275.0,3.6,True,2024,8,3,Sunday,Low Value
CUST004404,Isaque Silva,isaque.silva@mail.com,43.0,masculino,Caxias do Sul,RS,2024-08-04,3793.0,4,613.0,3.9,True,2024,8,3,Sunday,Low Value
CUST000614,Ana Clara Vieira,ana.clara.vieira@webmail.com,27.0,feminino,São Paulo,SP,2024-08-04,2084.0,6,1977.0,3.7,True,2024,8,3,Sunday,Medium Value
CUST002351,Maria Alice Farias,maria.alice.farias@webmail.com,47.0,feminino,Curitiba,PR,2024-08-05,2834.0,4,570.0,4.3,True,2024,8,3,Monday,Low Value
CUST004605,João Gabriel Andrade,joao.gabriel.andrade@correio.net,32.0,masculino,Caxias do Sul,RS,2024-08-05,3448.0,5,1473.0,3.2,True,2024,8,3,Monday,Medium Value
CUST004154,Leonardo Cavalcanti,leonardo.cavalcanti@provedor.com.br,41.0,outro,Juazeiro do Norte,CE,2024-08-05,2241.0,4,920.0,4.8,True,2024,8,3,Monday,Low Value
CUST001338,Letícia Souza,leticia.souza@provedor.com.br,44.0,feminino,São Paulo,SP,2024-08-05,2106.0,11,2014.0,3.6,True,2024,8,3,Monday,Medium Value
CUST001278,Antônio Dias,antonio.dias@mail.com,46.0,masculino,Belém,PA,2024-08-05,2926.0,3,786.0,4.9,True,2024,8,3,Monday,Low Value
CUST000986,Vitor Gabriel Peixoto,vitor.gabriel.peixoto@email.com,38.0,masculino,Contagem,MG,2024-08-06,2616.0,5,954.0,5.0,True,2024,8,3,Tuesday,Low Value
CUST004366,Ana Clara Da Rocha,ana.clara.da.rocha@webmail.com,44.0,feminino,Niterói,RJ,2024-08-06,3588.0,10,2620.0,5.0,True,2024,8,3,Tuesday,High Value
CUST000091,Rafaela Cunha,rafaela.cunha@email.com,59.0,feminino,Sorocaba,SP,2024-08-06,2492.0,6,1502.0,5.0,True,2024,8,3,Tuesday,Medium Value
CUST003945,Valentim Castro,valentim.castro@mail.com,49.0,masculino,Florianópolis,SC,2024-08-07,6062.0,8,3280.0,4.1,True,2024,8,3,Wednesday,High Value
CUST002210,Brenda Ferreira,brenda.ferreira@mail.com,40.0,feminino,Caxias do Sul,RS,2024-08-07,2230.0,6,1196.0,4.1,True,2024,8,3,Wednesday,Low Value
CUST004563,Sr. Vitor Gabriel Marques,sr..vitor.gabriel.marques@webmail.com,28.0,masculino,Vila Velha,ES,2024-08-07,5841.0,667,2659.0,4.4,True,2024,8,3,Wednesday,High Value
CUST000819,Antônio Gonçalves,antonio.goncalves@provedor.com.br,36.0,masculino,Várzea Grande,MT,2024-08-07,4086.0,5,1899.0,4.0,True,2024,8,3,Wednesday,Medium Value
CUST001836,Bella Da Luz,bella.da.luz@mail.com,36.0,feminino,Belo Horizonte,MG,2024-08-07,2851.0,13,791.0,3.4,True,2024,8,3,Wednesday,Low Value
CUST004174,Carolina Guerra,carolina.guerra@webmail.com,18.0,feminino,Niterói,RJ,2024-08-07,3357.5,7,655.0,3.6,True,2024,8,3,Wednesday,Low Value
CUST001184,Srta. Isabela Da Rocha,srta..isabela.da.rocha@email.com,36.0,feminino,Várzea Grande,MT,2024-08-07,7843.0,7,2044.0,4.0,True,2024,8,3,Wednesday,High Value
CUST000661,Isaac Vieira,isaac.vieira@provedor.com.br,61.0,masculino,Juiz de Fora,MG,2024-08-08,4039.0,6,1854.0,5.0,True,2024,8,3,Thursday,Medium Value
CUST000136,Ana Cecília Das Neves,ana.cecilia.das.neves@provedor.com.br,38.0,feminino,Joinville,SC,2024-08-08,4395.0,10,2358.0,3.9,True,2024,8,3,Thursday,High Value
CUST001064,Ana Liz Da Mota,ana.liz.da.mota@provedor.com.br,42.0,feminino,Sorocaba,SP,2024-08-08,3224.0,6,1964.0,4.4,True,2024,8,3,Thursday,Medium Value
CUST003848,Aurora Monteiro,aurora.monteiro@mail.com,23.0,feminino,Anápolis,GO,2024-08-08,1894.0,7,1928.0,3.8,True,2024,8,3,Thursday,Medium Value
CUST000574,Davi Da Paz,davi.da.paz@email.com,38.0,masculino,Porto Alegre,RS,2024-08-09,1546.0,4,293.0,4.2,True,2024,8,3,Friday,Low Value
CUST003086,Anthony Campos,anthony.campos@mail.com,23.0,masculino,Uberlândia,MG,2024-08-09,3813.0,7,1725.0,5.0,True,2024,8,3,Friday,Medium Value
CUST002952,Clarice Oliveira,clarice.oliveira@email.com,33.0,feminino,Fortaleza,CE,2024-08-09,3347.0,4,699.0,3.6,True,2024,8,3,Friday,Low Value
CUST002112,André Da Cruz,andre.da.cruz@email.com,27.0,masculino,Pelotas,RS,2024-08-09,4014.0,7,2108.0,5.0,True,2024,8,3,Friday,High Value
CUST001724,Ian Machado,ian.machado@mail.com,42.0,outro,Santos,SP,2024-08-09,1460.0,5,1325.0,4.4,True,2024,8,3,Friday,Medium Value
CUST000453,Dra. Lunna Garcia,dra..lunna.garcia@email.com,31.0,feminino,Campinas,SP,2024-08-09,1551.0,12,2381.0,3.6,True,2024,8,3,Friday,High Value
CUST004052,Julia Vargas,julia.vargas@email.com,28.0,feminino,Feira de Santana,BA,2024-08-09,3125.0,12,1749.0,5.0,True,2024,8,3,Friday,Medium Value
CUST002029,Yasmin Borges,yasmin.borges@mail.com,40.0,outro,Feira de Santana,BA,2024-08-10,2752.0,7,1599.0,2.8,True,2024,8,3,Saturday,Medium Value
CUST005055,Dra. Bruna Abreu,dra..bruna.abreu@mail.com,33.0,feminino,Sorocaba,SP,2024-08-10,2819.0,8,1470.0,2.8,True,2024,8,3,Saturday,Medium Value
CUST000182,Gael Silva,gael.silva@mail.com,46.0,masculino,Joinville,SC,2024-08-10,1242.0,4,982.0,3.1,True,2024,8,3,Saturday,Low Value
CUST000071,Alana Barbosa,alana.barbosa@mail.com,53.0,feminino,Pelotas,RS,2024-08-11,4220.0,15,3633.0,3.3,True,2024,8,3,Sunday,High Value
CUST001340,Sra. Aurora Correia,sra..aurora.correia@correio.net,22.0,feminino,Sorocaba,SP,2024-08-11,3876.0,8,1339.0,4.1,True,2024,8,3,Sunday,Medium Value
CUST003773,Sr. Matheus Leão,sr..matheus.leao@provedor.com.br,18.0,masculino,Fortaleza,CE,2024-08-11,6899.0,5,1232.0,3.7,True,2024,8,3,Sunday,Low Value
CUST002515,Dr. Lucca Sales,dr..lucca.sales@provedor.com.br,39.0,masculino,Porto Alegre,RS,2024-08-11,3118.0,10,2001.0,4.2,True,2024,8,3,Sunday,Medium Value
CUST002190,Luiza Da Mata,luiza.da.mata@correio.net,51.0,feminino,Contagem,MG,2024-08-11,6212.0,6,2441.0,3.8,True,2024,8,3,Sunday,High Value
CUST004234,Arthur Cavalcanti,arthur.cavalcanti@email.com,26.0,masculino,Duque de Caxias,RJ,2024-08-12,6213.0,8,2480.0,3.8,True,2024,8,3,Monday,High Value
CUST001841,Ana Andrade,ana.andrade@email.com,38.0,feminino,Uberlândia,MG,2024-08-12,2355.0,8,1536.0,3.8,True,2024,8,3,Monday,Medium Value
CUST004610,Olívia Souza,olivia.souza@provedor.com.br,40.0,feminino,Caruaru,PE,2024-08-12,1583.0,9,1808.0,4.0,True,2024,8,3,Monday,Medium Value
CUST004765,Nicole Peixoto,nicole.peixoto@provedor.com.br,18.0,feminino,Maringá,PR,2024-08-13,2661.0,6,752.0,2.1,True,2024,8,3,Tuesday,Low Value
CUST003807,Caleb Moreira,caleb.moreira@email.com,36.0,masculino,unknown,RJ,2024-08-13,4386.0,11,3902.0,3.8,True,2024,8,3,Tuesday,High Value
CUST003313,Alice Fernandes,alice.fernandes@email.com,35.0,feminino,Santos,SP,2024-08-13,1734.0,6,1286.0,3.0,True,2024,8,3,Tuesday,Low Value
CUST004939,Ana Laura Porto,ana.laura.porto@correio.net,51.0,feminino,Cuiabá,MT,2024-08-13,4496.0,7,1476.0,4.7,True,2024,8,3,Tuesday,Medium Value
CUST003572,Beatriz Aragão,beatriz.aragao@webmail.com,20.0,feminino,Goiânia,GO,2024-08-13,3663.0,6,1383.0,2.3,True,2024,8,3,Tuesday,Medium Value
CUST004032,Rafael Monteiro,rafael.monteiro@provedor.com.br,32.0,masculino,Caxias do Sul,RS,2024-08-13,3086.0,5,1370.0,2.7,True,2024,8,3,Tuesday,Medium Value
CUST003494,João Miguel Da Paz,joao.miguel.da.paz@correio.net,45.0,masculino,Niterói,RJ,2024-08-13,4687.0,6,1317.0,3.7,True,2024,8,3,Tuesday,Medium Value
CUST002256,Dra. Mariana Pinto,dra..mariana.pinto@mail.com,38.0,feminino,Niterói,RJ,2024-08-14,4892.0,4,1098.0,3.5,True,2024,8,3,Wednesday,Low Value
CUST004699,Luiz Felipe Mendonça,luiz.felipe.mendonca@email.com,18.0,masculino,Caruaru,PE,2024-08-14,1995.0,4,1079.0,5.0,True,2024,8,3,Wednesday,Low Value
CUST000171,Alexandre Da Rosa,alexandre.da.rosa@provedor.com.br,40.0,masculino,Brasília,DF,2024-08-15,3727.0,5,1242.0,2.7,True,2024,8,3,Thursday,Low Value
CUST001025,Antonella Rocha,antonella.rocha@correio.net,21.0,outro,Caruaru,PE,2024-08-15,1396.0,2,525.0,4.7,True,2024,8,3,Thursday,Low Value
CUST000912,Ana Beatriz Borges,ana.beatriz.borges@email.com,29.0,feminino,unknown,SP,2024-08-16,1801.0,7,1242.0,2.4,True,2024,8,3,Friday,Low Value
CUST002494,Caroline Vieira,caroline.vieira@correio.net,43.0,feminino,Niterói,RJ,2024-08-16,2433.0,6,1457.0,4.6,True,2024,8,3,Friday,Medium Value
CUST000193,Rael Da Luz,rael.da.luz@email.com,45.0,masculino,Maringá,PR,2024-08-16,3379.0,6,1174.0,3.9,True,2024,8,3,Friday,Low Value
CUST003556,Dr. Gael Silva,dr..gael.silva@mail.com,18.0,masculino,Ribeirão Preto,SP,2024-08-16,4518.0,5,1428.0,3.6,True,2024,8,3,Friday,Medium Value
CUST001136,Rafael Pimenta,rafael.pimenta@mail.com,40.0,masculino,Sorocaba,SP,2024-08-16,4037.0,13,1596.0,4.1,True,2024,8,3,Friday,Medium Value
CUST000113,Carlos Eduardo Barbosa,carlos.eduardo.barbosa@webmail.com,45.0,masculino,Campinas,SP,2024-08-16,6118.0,7,2728.0,5.0,True,2024,8,3,Friday,High Value
CUST004233,Brayan Macedo,brayan.macedo@webmail.com,56.0,masculino,Parintins,AM,2024-08-16,3442.0,8,1394.0,5.0,True,2024,8,3,Friday,Medium Value
CUST004884,Ian Da Cruz,ian.da.cruz@mail.com,45.0,masculino,Recife,PE,2024-08-17,4691.0,10,2543.0,3.4,True,2024,8,3,Saturday,High Value
CUST004292,João Miguel Aparecida,joao.miguel.aparecida@email.com,35.0,masculino,Porto Alegre,RS,2024-08-17,2969.0,7,1454.0,4.8,True,2024,8,3,Saturday,Medium Value
CUST004568,Sr. Gael Da Mota,sr..gael.da.mota@email.com,47.0,masculino,Feira de Santana,BA,2024-08-17,3836.0,6,1605.0,2.8,True,2024,8,3,Saturday,Medium Value
CUST000133,Clarice Nogueira,clarice.nogueira@provedor.com.br,31.0,feminino,Juiz de Fora,MG,2024-08-17,4975.0,5,1199.0,2.4,True,2024,8,3,Saturday,Low Value
CUST004056,Ana Vitória Monteiro,ana.vitoria.monteiro@mail.com,30.0,feminino,Campinas,SP,2024-08-17,2709.0,407,3029.0,4.8,True,2024,8,3,Saturday,High Value
CUST000758,Bruno Ferreira,bruno.ferreira@mail.com,35.0,masculino,Curitiba,PR,2024-08-17,5566.0,7,2561.0,4.6,True,2024,8,3,Saturday,High Value
CUST001517,Bella Gomes,bella.gomes@provedor.com.br,55.0,feminino,Porto Alegre,RS,2024-08-18,2636.0,10,1075.0,4.6,True,2024,8,3,Sunday,Low Value
CUST000208,Mariah Nascimento,mariah.nascimento@webmail.com,38.0,feminino,Anápolis,GO,2024-08-18,3168.0,10,2524.0,3.9,True,2024,8,3,Sunday,High Value
CUST001007,Bianca Rocha,bianca.rocha@provedor.com.br,63.0,outro,Várzea Grande,MT,2024-08-18,3771.0,9,2171.0,4.8,True,2024,8,3,Sunday,High Value
CUST004066,Guilherme Vasconcelos,guilherme.vasconcelos@email.com,43.0,masculino,Salvador,BA,2024-08-18,3370.0,9,1918.0,4.3,True,2024,8,3,Sunday,Medium Value
CUST004528,Josué Barros,josue.barros@correio.net,56.0,masculino,Belo Horizonte,MG,2024-08-19,2073.0,6,1519.0,4.0,True,2024,8,3,Monday,Medium Value
CUST004078,Pedro Moraes,pedro.moraes@provedor.com.br,28.0,masculino,Sorocaba,SP,2024-08-19,3313.5,13,2199.0,4.6,True,2024,8,3,Monday,High Value
CUST002140,Marcela Novais,marcela.novais@provedor.com.br,25.0,feminino,Brasília,DF,2024-08-19,3244.0,5,862.0,3.8,True,2024,8,3,Monday,Low Value
CUST004048,Davi Moreira,davi.moreira@provedor.com.br,23.0,masculino,Belo Horizonte,MG,2024-08-19,3170.0,11,2177.0,4.6,True,2024,8,3,Monday,High Value
CUST001227,Lorenzo Gomes,lorenzo.gomes@correio.net,31.0,masculino,Juazeiro do Norte,CE,2024-08-19,10180.0,8,3029.0,5.0,True,2024,8,3,Monday,High Value
CUST002918,Erick Montenegro,erick.montenegro@provedor.com.br,52.0,masculino,Sorocaba,SP,2024-08-19,2030.0,4,1003.0,4.8,True,2024,8,3,Monday,Low Value
CUST001362,Sr. Renan Cardoso,sr..renan.cardoso@email.com,52.0,masculino,Petrópolis,RJ,2024-08-19,1597.0,5,1084.0,3.5,True,2024,8,3,Monday,Low Value
CUST003095,Miguel Camargo,miguel.camargo@provedor.com.br,36.0,masculino,Ribeirão Preto,SP,2024-08-20,8648.0,10,4094.0,4.9,True,2024,8,3,Tuesday,High Value
CUST003284,Camila Freitas,camila.freitas@provedor.com.br,28.0,feminino,São Paulo,SP,2024-08-20,1683.0,5,1274.0,4.7,True,2024,8,3,Tuesday,Low Value
CUST000959,Letícia Mendes,leticia.mendes@correio.net,44.0,feminino,Belém,PA,2024-08-20,3509.0,9,1245.0,5.0,True,2024,8,3,Tuesday,Low Value
CUST003432,Luiz Henrique Farias,luiz.henrique.farias@mail.com,50.0,masculino,Anápolis,GO,2024-08-20,2519.0,3,700.0,3.7,True,2024,8,3,Tuesday,Low Value
CUST004117,Liz Santos,liz.santos@provedor.com.br,18.0,feminino,Goiânia,GO,2024-08-20,2773.0,5,1183.0,3.7,True,2024,8,3,Tuesday,Low Value
CUST001359,Hadassa Câmara,hadassa.camara@webmail.com,43.0,feminino,Manaus,AM,2024-08-20,3146.0,9,2862.0,3.5,True,2024,8,3,Tuesday,High Value
CUST003692,Maria Isis Novais,maria.isis.novais@email.com,40.0,feminino,Duque de Caxias,RJ,2024-08-21,2954.0,6,986.0,4.0,True,2024,8,3,Wednesday,Low Value
CUST002407,Emanuel Rios,emanuel.rios@correio.net,47.0,masculino,Pelotas,RS,2024-08-21,2546.0,13,3691.0,4.5,True,2024,8,3,Wednesday,High Value
CUST001928,João Miguel Duarte,joao.miguel.duarte@webmail.com,45.0,masculino,Londrina,PR,2024-08-22,3358.0,6,1300.0,5.0,True,2024,8,3,Thursday,Low Value
CUST002829,Rhavi Marques,rhavi.marques@correio.net,18.0,masculino,Vila Velha,ES,2024-08-22,3353.0,8,1992.0,2.8,True,2024,8,3,Thursday,Medium Value
CUST000704,Sara Das Neves,sara.das.neves@mail.com,32.0,feminino,Olinda,PE,2024-08-23,2511.0,7,2246.0,2.7,True,2024,8,3,Friday,High Value
CUST000669,Srta. Milena Martins,srta..milena.martins@correio.net,38.0,feminino,Maringá,PR,2024-08-23,3806.0,8,2017.0,4.4,True,2024,8,3,Friday,Medium Value
CUST003687,Eloah Peixoto,eloah.peixoto@provedor.com.br,53.0,feminino,Caxias do Sul,RS,2024-08-24,3465.0,5,1385.0,4.0,True,2024,8,3,Saturday,Medium Value
CUST002657,Julia Monteiro,julia.monteiro@mail.com,40.0,feminino,Sorocaba,SP,2024-08-24,2407.0,4,860.0,2.7,True,2024,8,3,Saturday,Low Value
CUST003532,Davi Lucas Oliveira,davi.lucas.oliveira@mail.com,56.0,masculino,Feira de Santana,BA,2024-08-24,375726.0,12,3179.0,3.5,True,2024,8,3,Saturday,High Value
CUST000393,Dra. Cecilia Pires,dra..cecilia.pires@email.com,55.0,feminino,Cuiabá,MT,2024-08-25,1851.0,10,3168.0,4.2,True,2024,8,3,Sunday,High Value
CUST004957,Maria Sophia Lima,maria.sophia.lima@webmail.com,32.0,feminino,Ribeirão Preto,SP,2024-08-25,1969.0,5,702.0,4.6,True,2024,8,3,Sunday,Low Value
CUST003910,Theodoro Campos,theodoro.campos@correio.net,39.0,masculino,Recife,PE,2024-08-25,3148.0,7,793.0,5.0,True,2024,8,3,Sunday,Low Value
CUST001907,Davi Lucas Mendonça,davi.lucas.mendonca@provedor.com.br,34.0,masculino,Joinville,SC,2024-08-25,2175.0,8,2031.0,3.3,True,2024,8,3,Sunday,High Value
CUST004330,Srta. Caroline Albuquerque,srta..caroline.albuquerque@correio.net,33.0,feminino,Recife,PE,2024-08-26,3319.0,7,1385.0,5.0,True,2024,8,3,Monday,Medium Value
CUST001467,Dra. Ana Liz Castro,dra..ana.liz.castro@correio.net,39.0,feminino,Contagem,MG,2024-08-26,3466.0,3,747.0,4.8,True,2024,8,3,Monday,Low Value
CUST001274,Ísis Garcia,isis.garcia@webmail.com,27.0,feminino,Belo Horizonte,MG,2024-08-26,1850.0,7,160859.0,4.9,True,2024,8,3,Monday,High Value
CUST003820,Anthony Sá,anthony.sa@email.com,35.0,masculino,Manaus,AM,2024-08-26,4429.0,9,2548.0,4.9,True,2024,8,3,Monday,High Value
CUST002922,Raquel Da Luz,raquel.da.luz@provedor.com.br,36.0,feminino,Petrópolis,RJ,2024-08-27,5294.0,9,2684.0,4.7,True,2024,8,3,Tuesday,High Value
CUST000630,Lorena Machado,lorena.machado@provedor.com.br,20.0,feminino,Vitória da Conquista,BA,2024-08-27,2198.0,6,1796.0,4.5,True,2024,8,3,Tuesday,Medium Value
CUST002569,Dr. Calebe Nascimento,dr..calebe.nascimento@webmail.com,47.0,masculino,Anápolis,GO,2024-08-27,3400.0,4,544.0,3.0,True,2024,8,3,Tuesday,Low Value
CUST003736,Alice Vieira,alice.vieira@webmail.com,79.0,feminino,Fortaleza,CE,2024-08-27,5015.0,6,1184.0,4.0,True,2024,8,3,Tuesday,Low Value
CUST004639,Sr. Leonardo Aragão,sr..leonardo.aragao@provedor.com.br,22.0,masculino,Uberlândia,MG,2024-08-27,1396.0,7,2173.0,3.6,True,2024,8,3,Tuesday,High Value
CUST000761,João Gabriel Novais,joao.gabriel.novais@correio.net,30.0,masculino,Pelotas,RS,2024-08-27,2555.0,8,2242.0,3.6,True,2024,8,3,Tuesday,High Value
CUST003954,Maria Helena Alves,maria.helena.alves@correio.net,50.0,outro,Maringá,PR,2024-08-28,4580.0,7,1545.0,4.5,True,2024,8,3,Wednesday,Medium Value
CUST001683,Fernando Moreira,fernando.moreira@correio.net,32.0,masculino,Joinville,SC,2024-08-28,1492.0,12,2586.0,3.9,True,2024,8,3,Wednesday,High Value
CUST003053,Maria Luísa Porto,maria.luisa.porto@webmail.com,35.0,feminino,Belo Horizonte,MG,2024-08-28,4836.0,8,2047.0,5.0,True,2024,8,3,Wednesday,High Value
CUST000308,Anna Liz Peixoto,anna.liz.peixoto@webmail.com,33.0,feminino,Santos,SP,2024-08-28,2249.0,9,1432.0,2.8,True,2024,8,3,Wednesday,Medium Value
CUST004661,Sr. Luiz Henrique Albuquerque,sr..luiz.henrique.albuquerque@mail.com,53.0,masculino,Porto Alegre,RS,2024-08-28,2461.0,9,1065.0,5.0,True,2024,8,3,Wednesday,Low Value
CUST001433,Olívia Sampaio,olivia.sampaio@provedor.com.br,38.0,feminino,Fortaleza,CE,2024-08-28,3462.0,14,2390.0,4.8,True,2024,8,3,Wednesday,High Value
CUST005052,Juan Cardoso,juan.cardoso@correio.net,32.0,masculino,Campinas,SP,2024-08-28,6062.0,5,1772.0,4.7,True,2024,8,3,Wednesday,Medium Value
CUST003900,Bruna Vieira,bruna.vieira@email.com,38.0,feminino,unknown,PR,2024-08-29,6711.0,5,1552.0,3.9,True,2024,8,3,Thursday,Medium Value
CUST003719,Dr. Eduardo Machado,dr..eduardo.machado@provedor.com.br,42.0,masculino,Várzea Grande,MT,2024-08-29,2658.0,8,2041.0,4.1,True,2024,8,3,Thursday,High Value
CUST003884,Sra. Júlia Da Cunha,sra..julia.da.cunha@correio.net,60.0,feminino,Rio Verde,GO,2024-08-29,2020.0,5,957.0,4.2,True,2024,8,3,Thursday,Low Value
CUST002297,Dr. Enzo Costela,dr..enzo.costela@correio.net,34.0,masculino,Sorocaba,SP,2024-08-29,2604.0,6,1190.0,4.0,True,2024,8,3,Thursday,Low Value
CUST002765,Antonella Leão,antonella.leao@correio.net,38.0,feminino,Duque de Caxias,RJ,2024-08-30,2975.0,8,1157.0,5.0,True,2024,8,3,Friday,Low Value
CUST002593,Ana Clara Azevedo,ana.clara.azevedo@mail.com,27.0,feminino,Porto Alegre,RS,2024-08-30,4350.0,5,1090.0,3.8,True,2024,8,3,Friday,Low Value
CUST000702,Luara Correia,luara.correia@email.com,38.0,feminino,Brasília,DF,2024-08-30,2910.0,8,2356.0,3.6,True,2024,8,3,Friday,High Value
CUST004347,Diogo Pinto,diogo.pinto@email.com,31.0,masculino,Maringá,PR,2024-08-31,6261.0,7,2621.0,3.5,True,2024,8,3,Saturday,High Value
CUST002775,Pedro Henrique Vargas,pedro.henrique.vargas@provedor.com.br,24.0,masculino,Sorocaba,SP,2024-08-31,3772.0,11,3524.0,3.4,True,2024,8,3,Saturday,High Value
CUST002899,Juliana Ramos,juliana.ramos@mail.com,36.0,feminino,Uberlândia,MG,2024-08-31,1787.0,5,1199.0,4.2,True,2024,8,3,Saturday,Low Value
CUST002377,Theo Peixoto,theo.peixoto@mail.com,41.0,masculino,Contagem,MG,2024-08-31,2898.0,8,1688.0,2.9,True,2024,8,3,Saturday,Medium Value
CUST002646,Maria Isis Machado,maria.isis.machado@mail.com,33.0,feminino,Niterói,RJ,2024-08-31,3591.0,7,1865.0,4.0,True,2024,8,3,Saturday,Medium Value
CUST004425,Larissa Cavalcante,larissa.cavalcante@correio.net,36.0,feminino,Juiz de Fora,MG,2024-08-31,1401.0,6,292.0,3.9,True,2024,8,3,Saturday,Low Value
CUST003560,Isadora Barbosa,isadora.barbosa@provedor.com.br,18.0,feminino,unknown,SP,2024-09-01,1856.0,5,1302.0,2.2,True,2024,9,3,Sunday,Medium Value
CUST000874,Luna Vasconcelos,luna.vasconcelos@provedor.com.br,65.0,feminino,Parintins,AM,2024-09-01,3355.0,4,1141.0,3.2,True,2024,9,3,Sunday,Low Value
CUST000273,Heloísa Fonseca,heloisa.fonseca@provedor.com.br,54.0,feminino,Uberlândia,MG,2024-09-01,4026.0,10,2692.0,3.5,True,2024,9,3,Sunday,High Value
CUST001398,Gabriela Fernandes,gabriela.fernandes@provedor.com.br,38.0,feminino,Vitória,ES,2024-09-01,1784.0,11,1238.0,3.6,True,2024,9,3,Sunday,Low Value
CUST002530,Anthony Gabriel Da Paz,anthony.gabriel.da.paz@webmail.com,67.0,masculino,Brasília,DF,2024-09-01,3815.0,6,1191.0,5.0,True,2024,9,3,Sunday,Low Value
CUST003374,Larissa Garcia,larissa.garcia@correio.net,65.0,feminino,Caxias do Sul,RS,2024-09-01,2280.0,2,493.0,3.2,True,2024,9,3,Sunday,Low Value
CUST005057,Luan Araújo,luan.araujo@mail.com,37.0,masculino,Juiz de Fora,MG,2024-09-02,1612.0,6,1108.0,5.0,True,2024,9,3,Monday,Low Value
CUST004112,Calebe Brito,calebe.brito@provedor.com.br,48.0,masculino,Brasília,DF,2024-09-02,5048.0,8,2473.0,3.0,True,2024,9,3,Monday,High Value
CUST003648,Bella Sampaio,bella.sampaio@webmail.com,18.0,feminino,Campinas,SP,2024-09-02,3313.5,4,1241.0,2.0,True,2024,9,3,Monday,Low Value
CUST000255,Valentim Correia,valentim.correia@provedor.com.br,67.0,masculino,Brasília,DF,2024-09-02,3220.0,11,2060.0,3.5,True,2024,9,3,Monday,High Value
CUST003958,Joaquim Silveira,joaquim.silveira@mail.com,36.0,masculino,Juiz de Fora,MG,2024-09-02,1720.0,8,3154.0,4.7,True,2024,9,3,Monday,High Value
CUST002731,Ana Laura Mendonça,ana.laura.mendonca@correio.net,23.0,feminino,Várzea Grande,MT,2024-09-02,5596.0,4,690.0,2.3,True,2024,9,3,Monday,Low Value
CUST002325,Dra. Ester Camargo,dra..ester.camargo@mail.com,48.0,feminino,Joinville,SC,2024-09-03,2241.0,6,1069.0,3.1,True,2024,9,3,Tuesday,Low Value
CUST001914,Vitor Hugo Sampaio,vitor.hugo.sampaio@mail.com,38.0,masculino,Juazeiro do Norte,CE,2024-09-04,4047.0,3,899.0,3.9,True,2024,9,3,Wednesday,Low Value
CUST002555,Pedro Henrique Da Luz,pedro.henrique.da.luz@mail.com,34.0,masculino,Niterói,RJ,2024-09-04,5663.0,6,1452.0,3.6,True,2024,9,3,Wednesday,Medium Value
CUST000433,Isabel Farias,isabel.farias@correio.net,38.0,feminino,São Paulo,SP,2024-09-04,4301.0,6,1321.0,4.7,True,2024,9,3,Wednesday,Medium Value
CUST004377,Olivia Ribeiro,olivia.ribeiro@correio.net,35.0,feminino,Ribeirão Preto,SP,2024-09-05,3025.0,7,1836.0,4.2,True,2024,9,3,Thursday,Medium Value
CUST002192,Enzo Gabriel Barbosa,enzo.gabriel.barbosa@provedor.com.br,47.0,masculino,Feira de Santana,BA,2024-09-05,2385.0,5,722.0,3.9,True,2024,9,3,Thursday,Low Value
CUST003139,Bernardo Pastor,bernardo.pastor@email.com,32.0,masculino,Manaus,AM,2024-09-05,2723.0,8,1963.0,3.7,True,2024,9,3,Thursday,Medium Value
CUST001784,Ana Beatriz Montenegro,ana.beatriz.montenegro@mail.com,38.0,feminino,Cuiabá,MT,2024-09-05,2114.0,8,1553.0,3.4,True,2024,9,3,Thursday,Medium Value
CUST002642,Nina Costa,nina.costa@email.com,23.0,feminino,Ribeirão Preto,SP,2024-09-05,5108.0,10,2245.0,3.4,True,2024,9,3,Thursday,High Value
CUST003702,Isaac Da Rocha,isaac.da.rocha@provedor.com.br,41.0,masculino,Porto Alegre,RS,2024-09-06,5364.0,8,2715.0,2.7,True,2024,9,3,Friday,High Value
CUST000032,Heitor Nunes,heitor.nunes@email.com,37.0,masculino,Brasília,DF,2024-09-06,2877.0,10,2378.0,4.0,True,2024,9,3,Friday,High Value
CUST004481,Ana Júlia Da Mata,ana.julia.da.mata@mail.com,47.0,feminino,unknown,MG,2024-09-06,1135.0,5,785.0,5.0,True,2024,9,3,Friday,Low Value
CUST001637,Ana Vitória Siqueira,ana.vitoria.siqueira@mail.com,18.0,feminino,Cuiabá,MT,2024-09-06,3920.0,15,1829.0,3.6,True,2024,9,3,Friday,Medium Value
CUST002206,Joana Fonseca,joana.fonseca@webmail.com,44.0,feminino,Maringá,PR,2024-09-07,1879.0,5,1104.0,1.9,True,2024,9,3,Saturday,Low Value
CUST004814,Enrico Marques,enrico.marques@correio.net,50.0,masculino,Caxias do Sul,RS,2024-09-07,4448.0,9,2130.0,3.5,True,2024,9,3,Saturday,High Value
CUST003565,Kamilly Albuquerque,kamilly.albuquerque@correio.net,54.0,feminino,Santos,SP,2024-09-07,6916.0,10,3635.0,3.2,True,2024,9,3,Saturday,High Value
CUST000904,Dr. Felipe Caldeira,dr..felipe.caldeira@webmail.com,18.0,masculino,Juiz de Fora,MG,2024-09-07,2343.0,11,2676.0,4.0,True,2024,9,3,Saturday,High Value
CUST003468,Léo Cardoso,leo.cardoso@email.com,57.0,masculino,Rio de Janeiro,RJ,2024-09-07,1993.0,10,934.0,3.1,True,2024,9,3,Saturday,Low Value
CUST001714,Maria Luísa Fonseca,maria.luisa.fonseca@provedor.com.br,39.0,feminino,Londrina,PR,2024-09-07,6528.0,7,2675.0,5.0,True,2024,9,3,Saturday,High Value
CUST000074,Théo Da Costa,theo.da.costa@provedor.com.br,31.0,masculino,unknown,PR,2024-09-08,3314.0,7,1669.0,2.4,True,2024,9,3,Sunday,Medium Value
CUST004241,Aurora Pacheco,aurora.pacheco@mail.com,40.0,feminino,Campinas,SP,2024-09-08,5832.0,14,3427.0,4.4,True,2024,9,3,Sunday,High Value
CUST004205,Diogo Alves,diogo.alves@webmail.com,67.0,masculino,Rio de Janeiro,RJ,2024-09-08,5395.0,3,743.0,3.7,True,2024,9,3,Sunday,Low Value
CUST000005,Arthur Gabriel Alves,arthur.gabriel.alves@email.com,42.0,masculino,Goiânia,GO,2024-09-08,1590.0,5,1368.0,4.7,True,2024,9,3,Sunday,Medium Value
CUST002558,Dra. Allana Da Luz,dra..allana.da.luz@mail.com,24.0,feminino,Caruaru,PE,2024-09-08,5246.0,7,2361.0,2.9,True,2024,9,3,Sunday,High Value
CUST000452,Kamilly Pinto,kamilly.pinto@correio.net,35.0,feminino,Maringá,PR,2024-09-08,3345.0,8,2095.0,4.0,True,2024,9,3,Sunday,High Value
CUST004972,Lucca Marques,lucca.marques@provedor.com.br,46.0,masculino,Blumenau,SC,2024-09-08,3756.0,3,722.0,4.9,True,2024,9,3,Sunday,Low Value
CUST003258,Maria Eduarda Moreira,maria.eduarda.moreira@provedor.com.br,22.0,feminino,Brasília,DF,2024-09-09,3181.0,6,1504.0,3.7,True,2024,9,3,Monday,Medium Value
CUST000744,Sr. Davi Miguel Moreira,sr..davi.miguel.moreira@mail.com,27.0,masculino,Pelotas,RS,2024-09-09,5068.0,9,3284.0,3.8,True,2024,9,3,Monday,High Value
CUST000128,Sra. Kamilly Aparecida,sra..kamilly.aparecida@email.com,29.0,feminino,São Paulo,SP,2024-09-09,3313.5,8,1924.0,4.0,True,2024,9,3,Monday,Medium Value
CUST003803,Alexia Gonçalves,alexia.goncalves@provedor.com.br,42.0,feminino,Sorocaba,SP,2024-09-10,2441.0,7,1944.0,3.3,True,2024,9,3,Tuesday,Medium Value
CUST001288,Dr. João Miguel Da Rosa,dr..joao.miguel.da.rosa@mail.com,56.0,masculino,Parintins,AM,2024-09-10,4495.0,6,888.0,5.0,True,2024,9,3,Tuesday,Low Value
CUST003255,Larissa Costela,larissa.costela@webmail.com,23.0,feminino,unknown,SP,2024-09-10,4266.0,10,3130.0,4.0,True,2024,9,3,Tuesday,High Value
CUST003789,Mariana Freitas,mariana.freitas@webmail.com,25.0,feminino,Vitória da Conquista,BA,2024-09-10,3454.0,12,3414.0,5.0,True,2024,9,3,Tuesday,High Value
CUST004675,Maria Liz Pastor,maria.liz.pastor@mail.com,38.0,feminino,Manaus,AM,2024-09-10,4042.0,7,2084.0,3.7,True,2024,9,3,Tuesday,High Value
CUST000033,Sra. Hadassa Rezende,sra..hadassa.rezende@email.com,33.0,feminino,Manaus,AM,2024-09-10,1479.0,7,1569.0,5.0,True,2024,9,3,Tuesday,Medium Value
CUST002123,Bernardo Teixeira,bernardo.teixeira@webmail.com,31.0,masculino,Niterói,RJ,2024-09-11,3964.0,9,2501.0,4.1,True,2024,9,3,Wednesday,High Value
CUST001742,Murilo Fogaça,murilo.fogaca@mail.com,27.0,masculino,Ananindeua,PA,2024-09-11,3771.0,5,1885.0,3.8,True,2024,9,3,Wednesday,Medium Value
CUST001109,Isadora Da Mota,isadora.da.mota@correio.net,38.0,feminino,Porto Alegre,RS,2024-09-11,3492.0,8,2216.0,4.6,True,2024,9,3,Wednesday,High Value
CUST003061,Rael Aparecida,rael.aparecida@email.com,18.0,masculino,Pelotas,RS,2024-09-11,3434.0,0,0.0,2.7,True,2024,9,3,Wednesday,Low Value
CUST000929,Dra. Anna Liz Montenegro,dra..anna.liz.montenegro@email.com,57.0,outro,Vitória da Conquista,BA,2024-09-12,1342.0,4,478.0,5.0,True,2024,9,3,Thursday,Low Value
CUST002681,Sara Porto,sara.porto@webmail.com,43.0,feminino,Contagem,MG,2024-09-12,3313.0,8,2103.0,3.9,True,2024,9,3,Thursday,High Value
CUST001862,Dra. Maria Julia Garcia,dra..maria.julia.garcia@provedor.com.br,50.0,feminino,Olinda,PE,2024-09-12,6890.0,7,2292.0,4.6,True,2024,9,3,Thursday,High Value
CUST002954,Murilo Rodrigues,murilo.rodrigues@webmail.com,42.0,masculino,Rio de Janeiro,RJ,2024-09-13,4228.0,1,107.0,3.8,True,2024,9,3,Friday,Low Value
CUST000294,Ana Vitória Castro,ana.vitoria.castro@email.com,38.0,feminino,Uberlândia,MG,2024-09-13,3626.0,7,1709.0,4.2,True,2024,9,3,Friday,Medium Value
CUST003219,Heloísa Brito,heloisa.brito@mail.com,18.0,feminino,Duque de Caxias,RJ,2024-09-13,2577.0,6,1524.0,4.3,True,2024,9,3,Friday,Medium Value
CUST000231,Bruna Vasconcelos,bruna.vasconcelos@email.com,42.0,feminino,Contagem,MG,2024-09-13,2795.0,6,1451.0,5.0,True,2024,9,3,Friday,Medium Value
CUST004505,Bryan Barbosa,bryan.barbosa@email.com,42.0,masculino,Rio de Janeiro,RJ,2024-09-13,3510.0,4,1362.0,3.9,True,2024,9,3,Friday,Medium Value
CUST000304,João Pedro Macedo,joao.pedro.macedo@correio.net,33.0,masculino,Campinas,SP,2024-09-13,2991.0,5,1186.0,4.1,True,2024,9,3,Friday,Low Value
CUST004628,Sr. Leonardo Da Mota,sr..leonardo.da.mota@provedor.com.br,47.0,masculino,Sorocaba,SP,2024-09-14,2692.0,14,3634.0,3.5,True,2024,9,3,Saturday,High Value
CUST000680,Ayla Montenegro,ayla.montenegro@webmail.com,35.0,feminino,Rio de Janeiro,RJ,2024-09-14,2966.0,6,1118.0,2.8,True,2024,9,3,Saturday,Low Value
CUST003901,Sra. Julia Moreira,sra..julia.moreira@email.com,39.0,feminino,Sorocaba,SP,2024-09-14,5447.0,7,2343.0,4.3,True,2024,9,3,Saturday,High Value
CUST004931,Luan Novais,luan.novais@email.com,54.0,masculino,Joinville,SC,2024-09-14,1809.0,10,2645.0,4.4,True,2024,9,3,Saturday,High Value
CUST002468,Ágatha Camargo,agatha.camargo@correio.net,36.0,feminino,Salvador,BA,2024-09-15,1963.0,1,243.0,4.1,True,2024,9,3,Sunday,Low Value
CUST001011,Maria Luiza Pires,maria.luiza.pires@provedor.com.br,41.0,feminino,Várzea Grande,MT,2024-09-16,5712.0,14,3823.0,4.0,True,2024,9,3,Monday,High Value
CUST000371,Benjamin Da Rocha,benjamin.da.rocha@correio.net,34.0,masculino,Salvador,BA,2024-09-16,4268.0,6,1264.0,5.0,True,2024,9,3,Monday,Low Value
CUST003994,Dr. Liam Pinto,dr..liam.pinto@mail.com,46.0,masculino,Parintins,AM,2024-09-16,2089.0,8,3407.0,4.3,True,2024,9,3,Monday,High Value
CUST002689,Giovanna Ferreira,giovanna.ferreira@email.com,18.0,feminino,unknown,SP,2024-09-16,1538.0,5,715.0,3.4,True,2024,9,3,Monday,Low Value
CUST004583,Ana Vitória Aragão,ana.vitoria.aragao@mail.com,32.0,feminino,unknown,BA,2024-09-16,1913.0,9,2406.0,5.0,True,2024,9,3,Monday,High Value
CUST000072,Dra. Ana Liz Da Conceição,dra..ana.liz.da.conceicao@webmail.com,38.0,feminino,Santos,SP,2024-09-17,5856.0,5,1679.0,5.0,True,2024,9,3,Tuesday,Medium Value
CUST003297,João Lucas Castro,joao.lucas.castro@provedor.com.br,24.0,masculino,São Paulo,SP,2024-09-17,3181.0,10,2568.0,4.1,True,2024,9,3,Tuesday,High Value
CUST003791,Ana Sophia Mendes,ana.sophia.mendes@email.com,23.0,outro,Brasília,DF,2024-09-17,3298.0,6,1671.0,3.7,True,2024,9,3,Tuesday,Medium Value
CUST002508,Melissa Nogueira,melissa.nogueira@correio.net,49.0,feminino,Fortaleza,CE,2024-09-18,4978.0,7,1546.0,4.4,True,2024,9,3,Wednesday,Medium Value
CUST002988,Dra. Maria Luiza Pastor,dra..maria.luiza.pastor@webmail.com,29.0,feminino,Campinas,SP,2024-09-18,6097.0,6,1421.0,4.2,True,2024,9,3,Wednesday,Medium Value
CUST002231,Davi Miguel Pacheco,davi.miguel.pacheco@webmail.com,54.0,masculino,Campinas,SP,2024-09-19,3061.0,7,2480.0,3.9,True,2024,9,3,Thursday,High Value
CUST003639,Isabela Aragão,isabela.aragao@email.com,37.0,feminino,Florianópolis,SC,2024-09-19,1621.0,4,942.0,4.7,True,2024,9,3,Thursday,Low Value
CUST002862,Bruno Vargas,bruno.vargas@webmail.com,42.0,masculino,São Paulo,SP,2024-09-19,1823.0,10,1748.0,3.8,True,2024,9,3,Thursday,Medium Value
CUST001048,Juliana Vasconcelos,juliana.vasconcelos@email.com,28.0,feminino,Belo Horizonte,MG,2024-09-20,3383.0,8,1700.0,4.4,True,2024,9,3,Friday,Medium Value
CUST000733,Amanda Peixoto,amanda.peixoto@webmail.com,51.0,feminino,São Paulo,SP,2024-09-20,1763.0,7,2016.0,4.4,True,2024,9,3,Friday,Medium Value
CUST003682,Otto Novaes,otto.novaes@correio.net,38.0,masculino,Caxias do Sul,RS,2024-09-20,3331.0,7,1360.0,3.3,True,2024,9,3,Friday,Medium Value
CUST001803,Felipe Leão,felipe.leao@mail.com,51.0,masculino,unknown,PA,2024-09-20,6353.0,6,1162.0,3.2,True,2024,9,3,Friday,Low Value
CUST000336,Bárbara Ramos,barbara.ramos@provedor.com.br,37.0,outro,Campinas,SP,2024-09-20,261798.0,10,2404.0,2.5,True,2024,9,3,Friday,High Value
CUST003436,Isadora Freitas,isadora.freitas@webmail.com,41.0,feminino,Petrópolis,RJ,2024-09-21,3783.0,15,1945.0,4.5,True,2024,9,3,Saturday,Medium Value
CUST001912,Isis Aparecida,isis.aparecida@correio.net,49.0,feminino,Ribeirão Preto,SP,2024-09-21,4092.0,9,3288.0,4.0,True,2024,9,3,Saturday,High Value
CUST002723,Vinicius Da Cunha,vinicius.da.cunha@provedor.com.br,51.0,masculino,Ananindeua,PA,2024-09-22,3841.0,5,783.0,4.2,True,2024,9,3,Sunday,Low Value
CUST002375,Rafael Pimenta,rafael.pimenta@correio.net,56.0,masculino,Santos,SP,2024-09-22,3643.0,10,3229.0,3.5,True,2024,9,3,Sunday,High Value
CUST004011,Heitor Moura,heitor.moura@email.com,42.0,masculino,Ribeirão Preto,SP,2024-09-23,4498.0,8,1847.0,4.3,True,2024,9,3,Monday,Medium Value
CUST000769,Maria Luísa Rezende,maria.luisa.rezende@mail.com,26.0,feminino,Maringá,PR,2024-09-23,7951.0,5,1675.0,2.9,True,2024,9,3,Monday,Medium Value
CUST003091,Liz Silva,liz.silva@email.com,21.0,feminino,Vitória da Conquista,BA,2024-09-24,9218.0,6,1969.0,3.4,True,2024,9,3,Tuesday,Medium Value
CUST003912,Maria Fogaça,maria.fogaca@correio.net,75.0,feminino,Sorocaba,SP,2024-09-24,5088.0,14,4347.0,3.6,True,2024,9,3,Tuesday,High Value
CUST001825,Sra. Juliana Pereira,sra..juliana.pereira@mail.com,37.0,feminino,Contagem,MG,2024-09-24,2733.0,8,1525.0,3.8,True,2024,9,3,Tuesday,Medium Value
CUST000952,Bryan Silveira,bryan.silveira@provedor.com.br,29.0,masculino,Maringá,PR,2024-09-24,1160.0,5,1122.0,2.9,True,2024,9,3,Tuesday,Low Value
CUST000185,Srta. Bianca Vasconcelos,srta..bianca.vasconcelos@email.com,52.0,feminino,Vitória da Conquista,BA,2024-09-24,3366.5,12,2656.0,3.7,True,2024,9,3,Tuesday,High Value
CUST004326,Laura Nascimento,laura.nascimento@webmail.com,63.0,outro,Sorocaba,SP,2024-09-24,3586.0,9,3053.0,2.4,True,2024,9,3,Tuesday,High Value
CUST001020,Rebeca Moura,rebeca.moura@correio.net,36.0,feminino,Caruaru,PE,2024-09-25,2749.0,3,620.0,5.0,True,2024,9,3,Wednesday,Low Value
CUST004821,Nicole Montenegro,nicole.montenegro@correio.net,38.0,feminino,Brasília,DF,2024-09-25,4540.0,15,3719.0,4.2,True,2024,9,3,Wednesday,High Value
CUST000679,Liz Pimenta,liz.pimenta@mail.com,41.0,feminino,Parintins,AM,2024-09-25,4163.0,3,623.0,5.0,True,2024,9,3,Wednesday,Low Value
CUST002602,Alice Moura,alice.moura@provedor.com.br,24.0,feminino,Uberlândia,MG,2024-09-26,5323.0,5,1339.0,2.6,True,2024,9,3,Thursday,Medium Value
CUST004642,Noah Câmara,noah.camara@webmail.com,18.0,masculino,Santos,SP,2024-09-26,1893.0,3,730.0,4.0,True,2024,9,3,Thursday,Low Value
CUST003150,Lavínia Freitas,lavinia.freitas@mail.com,42.0,feminino,Caxias do Sul,RS,2024-09-26,1434.0,2,112.0,4.0,True,2024,9,3,Thursday,Low Value
CUST004578,Renan Costela,renan.costela@correio.net,49.0,masculino,Blumenau,SC,2024-09-26,4773.0,7,2685.0,4.0,True,2024,9,3,Thursday,High Value
CUST002163,Júlia Jesus,julia.jesus@email.com,18.0,feminino,Vitória,ES,2024-09-27,2786.0,6,1395.0,4.3,True,2024,9,3,Friday,Medium Value
CUST000643,Pedro Miguel Teixeira,pedro.miguel.teixeira@provedor.com.br,38.0,masculino,Vitória,ES,2024-09-27,3905.0,6,1396.0,4.0,True,2024,9,3,Friday,Medium Value
CUST004893,Pedro Camargo,pedro.camargo@provedor.com.br,55.0,masculino,Sorocaba,SP,2024-09-27,2576.0,7,2005.0,4.6,True,2024,9,3,Friday,Medium Value
CUST003573,Luiza Sá,luiza.sa@correio.net,48.0,feminino,Salvador,BA,2024-09-28,4355.0,9,2461.0,3.8,True,2024,9,3,Saturday,High Value
CUST000082,Beatriz Araújo,beatriz.araujo@mail.com,51.0,feminino,Juazeiro do Norte,CE,2024-09-28,2914.0,8,1411.0,3.6,True,2024,9,3,Saturday,Medium Value
CUST003765,Pietro Silveira,pietro.silveira@email.com,49.0,masculino,Cuiabá,MT,2024-09-28,3109.0,4,947.0,3.6,True,2024,9,3,Saturday,Low Value
CUST003411,Gael Henrique Mendonça,gael.henrique.mendonca@webmail.com,44.0,outro,Goiânia,GO,2024-09-28,5192.0,11,2079.0,4.1,True,2024,9,3,Saturday,High Value
CUST001989,Bryan Melo,bryan.melo@correio.net,47.0,masculino,Rio Verde,GO,2024-09-28,2346.0,10,2882.0,4.7,True,2024,9,3,Saturday,High Value
CUST002504,Sr. Pedro Lucas Da Luz,sr..pedro.lucas.da.luz@mail.com,48.0,outro,Sorocaba,SP,2024-09-29,2059.0,5,1533.0,2.1,True,2024,9,3,Sunday,Medium Value
CUST002356,Ana Cecília Gomes,ana.cecilia.gomes@email.com,46.0,feminino,unknown,DF,2024-09-29,3827.0,6,2095.0,4.1,True,2024,9,3,Sunday,High Value
CUST003354,Sr. Benício Mendonça,sr..benicio.mendonca@webmail.com,60.0,masculino,Santos,SP,2024-09-29,2083.0,8,2419.0,3.1,True,2024,9,3,Sunday,High Value
CUST003806,Sr. Otávio Castro,sr..otavio.castro@correio.net,43.0,masculino,Belém,PA,2024-09-29,2009.0,8,1213.0,4.3,True,2024,9,3,Sunday,Low Value
CUST003894,Sr. Pedro Henrique Fogaça,sr..pedro.henrique.fogaca@email.com,45.0,masculino,Petrópolis,RJ,2024-09-29,3007.0,9,1539.0,3.9,True,2024,9,3,Sunday,Medium Value
CUST001065,Srta. Caroline Da Cruz,srta..caroline.da.cruz@provedor.com.br,42.0,feminino,Recife,PE,2024-09-30,7998.0,10,3569.0,3.4,True,2024,9,3,Monday,High Value
CUST004434,André Mendonça,andre.mendonca@email.com,43.0,masculino,São Paulo,SP,2024-09-30,3120.0,4,128161.0,3.8,True,2024,9,3,Monday,High Value
CUST004428,João Pedro Da Luz,joao.pedro.da.luz@mail.com,49.0,masculino,Duque de Caxias,RJ,2024-09-30,5588.0,11,3314.0,4.4,True,2024,9,3,Monday,High Value
CUST001120,Maria Clara Nogueira,maria.clara.nogueira@correio.net,20.0,feminino,Rio de Janeiro,RJ,2024-10-01,1350.0,10,1598.0,3.6,True,2024,10,4,Tuesday,Medium Value
CUST004903,Raquel Abreu,raquel.abreu@correio.net,20.0,feminino,Curitiba,PR,2024-10-01,3270.0,4,871.0,3.4,True,2024,10,4,Tuesday,Low Value
CUST002908,Dra. Maria Cecília Vieira,dra..maria.cecilia.vieira@correio.net,45.0,feminino,Niterói,RJ,2024-10-01,2552.0,8,1367.0,4.7,True,2024,10,4,Tuesday,Medium Value
CUST004546,Sabrina Cavalcante,sabrina.cavalcante@provedor.com.br,34.0,feminino,Uberlândia,MG,2024-10-01,1993.0,16,1818.0,4.4,True,2024,10,4,Tuesday,Medium Value
CUST000775,Felipe Andrade,felipe.andrade@webmail.com,20.0,masculino,Várzea Grande,MT,2024-10-02,3469.0,10,2495.0,2.9,True,2024,10,4,Wednesday,High Value
CUST001268,João Costela,joao.costela@provedor.com.br,44.0,masculino,Sobral,CE,2024-10-02,4523.0,2,415.0,3.2,True,2024,10,4,Wednesday,Low Value
CUST001746,João Miguel Silveira,joao.miguel.silveira@correio.net,29.0,masculino,Vitória,ES,2024-10-02,3789.0,4,1088.0,4.0,True,2024,10,4,Wednesday,Low Value
CUST000129,Lucas Gabriel Vargas,lucas.gabriel.vargas@correio.net,49.0,masculino,São Paulo,SP,2024-10-02,3456.0,8,1114.0,4.2,True,2024,10,4,Wednesday,Low Value
CUST002712,Gabriela Castro,gabriela.castro@provedor.com.br,71.0,feminino,Santos,SP,2024-10-03,5149.0,3,681.0,4.5,True,2024,10,4,Thursday,Low Value
CUST000118,Liz Pimenta,liz.pimenta@mail.com,60.0,feminino,Rio de Janeiro,RJ,2024-10-03,3302.0,5,773.0,5.0,True,2024,10,4,Thursday,Low Value
CUST000617,Renan Da Cunha,renan.da.cunha@correio.net,47.0,masculino,Petrópolis,RJ,2024-10-03,3724.0,10,2365.0,3.0,True,2024,10,4,Thursday,High Value
CUST001072,Rafael Mendonça,rafael.mendonca@mail.com,18.0,masculino,Curitiba,PR,2024-10-03,3447.0,7,2347.0,4.3,True,2024,10,4,Thursday,High Value
CUST003961,Alícia Porto,alicia.porto@webmail.com,42.0,feminino,Londrina,PR,2024-10-03,4452.0,2,786.0,4.0,True,2024,10,4,Thursday,Low Value
CUST003557,Thomas Pereira,thomas.pereira@webmail.com,47.0,masculino,Juiz de Fora,MG,2024-10-03,3313.0,8,2271.0,4.0,True,2024,10,4,Thursday,High Value
CUST005061,Renan Costela,renan.costela@email.com,50.0,masculino,Blumenau,SC,2024-10-03,4855.0,9,2438.0,3.1,True,2024,10,4,Thursday,High Value
CUST004448,Liam Correia,liam.correia@email.com,37.0,masculino,Rio de Janeiro,RJ,2024-10-04,7659.0,8,1712.0,4.1,True,2024,10,4,Friday,Medium Value
CUST004652,Sra. Giovanna Fernandes,sra..giovanna.fernandes@webmail.com,51.0,feminino,Pelotas,RS,2024-10-04,2006.0,7,2031.0,3.9,True,2024,10,4,Friday,High Value
CUST001103,Sr. Pedro Lucas Ferreira,sr..pedro.lucas.ferreira@mail.com,38.0,masculino,Sorocaba,SP,2024-10-04,7265.0,7,1715.0,4.7,True,2024,10,4,Friday,Medium Value
CUST002338,Bianca Macedo,bianca.macedo@webmail.com,40.0,feminino,Uberlândia,MG,2024-10-04,2382.0,4,1035.0,4.1,True,2024,10,4,Friday,Low Value
CUST003083,Pedro Miguel Rocha,pedro.miguel.rocha@email.com,18.0,masculino,Santos,SP,2024-10-04,1757.0,7,1631.0,3.6,True,2024,10,4,Friday,Medium Value
CUST002713,Catarina Alves,catarina.alves@correio.net,39.0,feminino,Duque de Caxias,RJ,2024-10-05,3496.0,6,1760.0,2.0,True,2024,10,4,Saturday,Medium Value
CUST004092,Dra. Maria Luiza Gonçalves,dra..maria.luiza.goncalves@correio.net,38.0,feminino,Goiânia,GO,2024-10-05,7498.0,3,946.0,3.4,True,2024,10,4,Saturday,Low Value
CUST003684,Dante Lopes,dante.lopes@email.com,27.0,masculino,Rio Verde,GO,2024-10-05,1294.0,6,2012.0,4.3,True,2024,10,4,Saturday,Medium Value
CUST000359,Alice Silveira,alice.silveira@webmail.com,41.0,feminino,Petrópolis,RJ,2024-10-05,2433.0,8,1744.0,3.3,True,2024,10,4,Saturday,Medium Value
CUST000660,Guilherme Vieira,guilherme.vieira@mail.com,31.0,masculino,Rio de Janeiro,RJ,2024-10-05,2591.0,5,900.0,4.9,True,2024,10,4,Saturday,Low Value
CUST003721,Rhavi Borges,rhavi.borges@mail.com,51.0,masculino,Duque de Caxias,RJ,2024-10-05,163241.0,6,1440.0,4.9,True,2024,10,4,Saturday,Medium Value
CUST004574,Srta. Lara Cavalcanti,srta..lara.cavalcanti@email.com,32.0,feminino,Porto Alegre,RS,2024-10-06,2725.0,12,2618.0,4.4,True,2024,10,4,Sunday,High Value
CUST001067,Dr. Samuel Casa Grande,dr..samuel.casa.grande@correio.net,42.0,masculino,Ribeirão Preto,SP,2024-10-06,1471.0,651,2546.0,4.1,True,2024,10,4,Sunday,High Value
CUST003032,Ana Clara Mendonça,ana.clara.mendonca@provedor.com.br,50.0,feminino,Niterói,RJ,2024-10-07,2607.0,5,960.0,2.4,True,2024,10,4,Monday,Low Value
CUST000868,Ana Cecília Barbosa,ana.cecilia.barbosa@mail.com,38.0,feminino,Sorocaba,SP,2024-10-07,2870.0,12,2827.0,4.4,True,2024,10,4,Monday,High Value
CUST000898,Rodrigo Ribeiro,rodrigo.ribeiro@provedor.com.br,38.0,outro,Sorocaba,SP,2024-10-07,1377.0,4,819.0,2.9,True,2024,10,4,Monday,Low Value
CUST004359,Marcelo Rodrigues,marcelo.rodrigues@mail.com,55.0,masculino,Curitiba,PR,2024-10-07,3682.0,16,3678.0,4.0,True,2024,10,4,Monday,High Value
CUST004379,João Felipe Correia,joao.felipe.correia@mail.com,27.0,masculino,Campinas,SP,2024-10-08,4071.0,7,1585.0,3.7,True,2024,10,4,Tuesday,Medium Value
CUST004471,Luiza Ribeiro,luiza.ribeiro@email.com,26.0,feminino,Pelotas,RS,2024-10-08,2227.0,4,1302.0,3.9,True,2024,10,4,Tuesday,Medium Value
CUST002307,Sr. Calebe Nascimento,sr..calebe.nascimento@email.com,39.0,masculino,Florianópolis,SC,2024-10-08,2123.0,5,643.0,4.0,True,2024,10,4,Tuesday,Low Value
CUST004738,Sr. Daniel Fogaça,sr..daniel.fogaca@correio.net,38.0,masculino,Ribeirão Preto,SP,2024-10-08,3047.0,7,1439.0,3.7,True,2024,10,4,Tuesday,Medium Value
CUST004520,Dr. Marcelo Teixeira,dr..marcelo.teixeira@correio.net,25.0,masculino,Campinas,SP,2024-10-08,1691.0,2,345.0,4.0,True,2024,10,4,Tuesday,Low Value
CUST004739,Srta. Yasmin Sousa,srta..yasmin.sousa@webmail.com,48.0,feminino,Rio de Janeiro,RJ,2024-10-09,5733.0,6,1475.0,4.0,True,2024,10,4,Wednesday,Medium Value
CUST004743,Marina Da Mota,marina.da.mota@provedor.com.br,38.0,feminino,Porto Alegre,RS,2024-10-09,6444.0,9,2529.0,5.0,True,2024,10,4,Wednesday,High Value
CUST000061,Carolina Cardoso,carolina.cardoso@correio.net,52.0,feminino,Porto Alegre,RS,2024-10-09,2751.0,5,1387.0,3.6,True,2024,10,4,Wednesday,Medium Value
CUST003427,João Felipe Mendonça,joao.felipe.mendonca@correio.net,47.0,masculino,Ananindeua,PA,2024-10-09,3502.0,6,2631.0,3.4,True,2024,10,4,Wednesday,High Value
CUST000428,Caleb Ribeiro,caleb.ribeiro@email.com,29.0,masculino,Rio de Janeiro,RJ,2024-10-09,2663.0,3,263.0,3.0,True,2024,10,4,Wednesday,Low Value
CUST003668,Liz Camargo,liz.camargo@correio.net,26.0,feminino,Ananindeua,PA,2024-10-09,2561.0,9,2160.0,4.8,True,2024,10,4,Wednesday,High Value
CUST002435,Heloísa Borges,heloisa.borges@mail.com,42.0,outro,unknown,SP,2024-10-10,4733.0,11,2082.0,3.2,True,2024,10,4,Thursday,High Value
CUST001450,Dr. Dom Borges,dr..dom.borges@mail.com,42.0,masculino,Porto Alegre,RS,2024-10-10,3294.0,10,2356.0,4.3,True,2024,10,4,Thursday,High Value
CUST000230,Léo Cavalcante,leo.cavalcante@email.com,38.0,masculino,São Paulo,SP,2024-10-11,2376.0,4,810.0,3.1,True,2024,10,4,Friday,Low Value
CUST001741,Srta. Eduarda Borges,srta..eduarda.borges@email.com,32.0,feminino,Goiânia,GO,2024-10-11,2848.0,6,1140.0,4.0,True,2024,10,4,Friday,Low Value
CUST001075,Dr. Benício Vieira,dr..benicio.vieira@correio.net,37.0,masculino,Pelotas,RS,2024-10-11,6227.0,8,3291.0,4.5,True,2024,10,4,Friday,High Value
CUST000795,Anthony Da Luz,anthony.da.luz@mail.com,38.0,masculino,Duque de Caxias,RJ,2024-10-12,2004.0,7,1274.0,4.8,True,2024,10,4,Saturday,Low Value
CUST003728,Ana Sophia Lima,ana.sophia.lima@correio.net,36.0,feminino,Olinda,PE,2024-10-12,3310.0,7,1897.0,4.0,True,2024,10,4,Saturday,Medium Value
CUST002517,Bruna Das Neves,bruna.das.neves@provedor.com.br,27.0,feminino,Ananindeua,PA,2024-10-12,3143.0,9,2670.0,3.2,True,2024,10,4,Saturday,High Value
CUST001961,Pietro Gonçalves,pietro.goncalves@provedor.com.br,34.0,masculino,São Paulo,SP,2024-10-13,1897.0,5,1189.0,3.6,True,2024,10,4,Sunday,Low Value
CUST001529,Dra. Luna Santos,dra..luna.santos@provedor.com.br,36.0,feminino,Vitória da Conquista,BA,2024-10-13,2536.0,2,430.0,4.0,True,2024,10,4,Sunday,Low Value
CUST003511,Liz Sales,liz.sales@email.com,23.0,feminino,São Paulo,SP,2024-10-13,1538.0,7,1844.0,3.1,True,2024,10,4,Sunday,Medium Value
CUST004886,Zoe Viana,zoe.viana@mail.com,50.0,feminino,Niterói,RJ,2024-10-14,2237.0,6,1857.0,5.0,True,2024,10,4,Monday,Medium Value
CUST000008,Yago Leão,yago.leao@correio.net,57.0,masculino,Belém,PA,2024-10-14,3084.0,3,890.0,4.3,True,2024,10,4,Monday,Low Value
CUST001702,Dr. Vicente Leão,dr..vicente.leao@email.com,31.0,masculino,Sorocaba,SP,2024-10-14,3833.0,8,1799.0,3.8,True,2024,10,4,Monday,Medium Value
CUST003726,Enrico Cavalcanti,enrico.cavalcanti@correio.net,42.0,masculino,São Paulo,SP,2024-10-14,3313.5,2,617.0,4.6,True,2024,10,4,Monday,Low Value
CUST003156,Luigi Correia,luigi.correia@email.com,58.0,masculino,Campinas,SP,2024-10-14,3313.5,5,1962.0,4.0,True,2024,10,4,Monday,Medium Value
CUST004560,Felipe Cassiano,felipe.cassiano@webmail.com,35.0,masculino,Caxias do Sul,RS,2024-10-14,3950.0,6,1900.0,3.2,True,2024,10,4,Monday,Medium Value
CUST000623,Theo Sales,theo.sales@provedor.com.br,27.0,masculino,Petrópolis,RJ,2024-10-14,3317.0,837,1738.0,4.3,True,2024,10,4,Monday,Medium Value
CUST002461,Ana Laura Moraes,ana.laura.moraes@provedor.com.br,39.0,feminino,Belém,PA,2024-10-14,3508.0,8,1495.0,2.9,True,2024,10,4,Monday,Medium Value
CUST004200,Pietra Da Rocha,pietra.da.rocha@email.com,41.0,feminino,Contagem,MG,2024-10-15,900.0,6,970.0,5.0,True,2024,10,4,Tuesday,Low Value
CUST001343,Sophie Vieira,sophie.vieira@correio.net,43.0,feminino,Vitória da Conquista,BA,2024-10-15,2690.0,8,2027.0,2.6,True,2024,10,4,Tuesday,Medium Value
CUST000588,Jade Cunha,jade.cunha@mail.com,32.0,feminino,Pelotas,RS,2024-10-15,2363.0,6,140222.0,4.1,True,2024,10,4,Tuesday,High Value
CUST001948,Srta. Emanuelly Novais,srta..emanuelly.novais@mail.com,35.0,feminino,Juiz de Fora,MG,2024-10-15,2428.0,13,2382.0,4.9,True,2024,10,4,Tuesday,High Value
CUST002058,Amanda Teixeira,amanda.teixeira@provedor.com.br,38.0,feminino,Juazeiro do Norte,CE,2024-10-15,3602.0,5,1542.0,3.9,True,2024,10,4,Tuesday,Medium Value
CUST002932,Pedro Miguel Teixeira,pedro.miguel.teixeira@mail.com,46.0,masculino,Belém,PA,2024-10-15,3509.0,5,1690.0,3.5,True,2024,10,4,Tuesday,Medium Value
CUST003171,Fernanda Da Paz,fernanda.da.paz@webmail.com,38.0,feminino,Vitória da Conquista,BA,2024-10-15,4261.0,3,903.0,2.6,True,2024,10,4,Tuesday,Low Value
CUST003167,Sr. Brayan Fogaça,sr..brayan.fogaca@correio.net,18.0,outro,Fortaleza,CE,2024-10-16,3541.0,12,2795.0,4.5,True,2024,10,4,Wednesday,High Value
CUST000980,Dr. Isaque Da Cunha,dr..isaque.da.cunha@webmail.com,46.0,masculino,unknown,GO,2024-10-16,2656.0,10,3032.0,3.8,True,2024,10,4,Wednesday,High Value
CUST000096,Juan Cunha,juan.cunha@correio.net,36.0,masculino,Niterói,RJ,2024-10-16,3017.0,6,1435.0,4.0,True,2024,10,4,Wednesday,Medium Value
CUST003246,Matteo Garcia,matteo.garcia@correio.net,37.0,masculino,Blumenau,SC,2024-10-16,5521.0,11,139098.0,3.9,True,2024,10,4,Wednesday,High Value
CUST000907,José Fogaça,jose.fogaca@provedor.com.br,36.0,masculino,Ananindeua,PA,2024-10-16,2562.0,3,714.0,3.6,True,2024,10,4,Wednesday,Low Value
CUST000549,Bryan Das Neves,bryan.das.neves@webmail.com,69.0,masculino,Niterói,RJ,2024-10-16,4786.0,11,3133.0,3.8,True,2024,10,4,Wednesday,High Value
CUST000250,Mateus Fernandes,mateus.fernandes@correio.net,38.0,masculino,Maringá,PR,2024-10-16,4021.0,6,1998.0,4.0,True,2024,10,4,Wednesday,Medium Value
CUST000037,Vitor Gabriel Da Luz,vitor.gabriel.da.luz@mail.com,30.0,masculino,Santos,SP,2024-10-16,1722.0,5,1038.0,4.0,True,2024,10,4,Wednesday,Low Value
CUST004503,Sr. Marcos Vinicius Rezende,sr..marcos.vinicius.rezende@mail.com,31.0,masculino,Sorocaba,SP,2024-10-17,6597.0,16,4788.0,3.0,True,2024,10,4,Thursday,High Value
CUST001283,Rodrigo Santos,rodrigo.santos@webmail.com,44.0,masculino,Cuiabá,MT,2024-10-17,3023.0,4,941.0,3.5,True,2024,10,4,Thursday,Low Value
CUST002195,Ravy Rocha,ravy.rocha@mail.com,38.0,masculino,Caruaru,PE,2024-10-17,2292.0,6,616.0,5.0,True,2024,10,4,Thursday,Low Value
CUST000062,Dr. Yan Cavalcante,dr..yan.cavalcante@email.com,18.0,masculino,Sobral,CE,2024-10-17,5013.0,6,1818.0,4.5,True,2024,10,4,Thursday,Medium Value
CUST000434,Alexandre Da Mota,alexandre.da.mota@correio.net,46.0,masculino,São Paulo,SP,2024-10-17,3416.0,8,2449.0,4.0,True,2024,10,4,Thursday,High Value
CUST001791,José Pedro Cirino,jose.pedro.cirino@provedor.com.br,43.0,masculino,Juiz de Fora,MG,2024-10-18,3041.0,11,3145.0,4.3,True,2024,10,4,Friday,High Value
CUST000947,Sophie Jesus,sophie.jesus@email.com,36.0,feminino,Belém,PA,2024-10-18,2765.0,5,1060.0,3.8,True,2024,10,4,Friday,Low Value
CUST001263,Cauã Monteiro,caua.monteiro@webmail.com,20.0,masculino,São Paulo,SP,2024-10-18,4168.0,9,2184.0,2.6,True,2024,10,4,Friday,High Value
CUST002030,Gael Henrique Montenegro,gael.henrique.montenegro@provedor.com.br,59.0,masculino,Ribeirão Preto,SP,2024-10-18,5366.0,13,4438.0,4.3,True,2024,10,4,Friday,High Value
CUST003947,Sr. Thiago Campos,sr..thiago.campos@webmail.com,24.0,masculino,Rio Verde,GO,2024-10-19,4989.0,4,1102.0,2.8,True,2024,10,4,Saturday,Low Value
CUST003650,Sr. Ian Campos,sr..ian.campos@mail.com,46.0,masculino,Juazeiro do Norte,CE,2024-10-19,5510.0,11,3483.0,4.1,True,2024,10,4,Saturday,High Value
CUST003808,Carolina Souza,carolina.souza@webmail.com,37.0,outro,Olinda,PE,2024-10-20,3854.0,10,2349.0,4.7,True,2024,10,4,Sunday,High Value
CUST005038,Rafael Mendonça,rafael.mendonca@correio.net,19.0,masculino,Curitiba,PR,2024-10-20,3462.0,8,2188.0,4.3,True,2024,10,4,Sunday,High Value
CUST000612,Catarina Azevedo,catarina.azevedo@provedor.com.br,18.0,feminino,Duque de Caxias,RJ,2024-10-20,7767.0,10,3485.0,5.0,True,2024,10,4,Sunday,High Value
CUST003172,Henry Da Luz,henry.da.luz@provedor.com.br,44.0,masculino,Curitiba,PR,2024-10-22,1776.0,8,1708.0,5.0,True,2024,10,4,Tuesday,Medium Value
CUST000991,Bianca Albuquerque,bianca.albuquerque@email.com,38.0,outro,Santos,SP,2024-10-22,2537.0,6,880.0,3.8,True,2024,10,4,Tuesday,Low Value
CUST002820,Dra. Hadassa Pacheco,dra..hadassa.pacheco@mail.com,33.0,feminino,Brasília,DF,2024-10-22,4520.0,5,1464.0,4.2,True,2024,10,4,Tuesday,Medium Value
CUST001294,Amanda Costela,amanda.costela@webmail.com,35.0,feminino,Sorocaba,SP,2024-10-22,2727.0,4,1100.0,3.3,True,2024,10,4,Tuesday,Low Value
CUST003372,Emanuella Da Cunha,emanuella.da.cunha@webmail.com,39.0,feminino,Anápolis,GO,2024-10-23,2681.0,8,1749.0,2.6,True,2024,10,4,Wednesday,Medium Value
CUST004231,Ana Luiza Araújo,ana.luiza.araujo@email.com,55.0,feminino,Florianópolis,SC,2024-10-23,7344.0,11,3484.0,3.8,True,2024,10,4,Wednesday,High Value
CUST003075,Sra. Júlia Da Cruz,sra..julia.da.cruz@provedor.com.br,50.0,feminino,Serra,ES,2024-10-23,3164.0,6,817.0,4.3,True,2024,10,4,Wednesday,Low Value
CUST003755,Bryan Aparecida,bryan.aparecida@provedor.com.br,36.0,masculino,Santos,SP,2024-10-24,2163.0,7,958.0,4.9,True,2024,10,4,Thursday,Low Value
CUST003393,Clara Da Cunha,clara.da.cunha@correio.net,46.0,feminino,Brasília,DF,2024-10-24,4523.0,14,2298.0,2.7,True,2024,10,4,Thursday,High Value
CUST003251,Ayla Cavalcante,ayla.cavalcante@webmail.com,33.0,feminino,Joinville,SC,2024-10-24,3527.0,7,2534.0,3.8,True,2024,10,4,Thursday,High Value
CUST002159,Vitor Cavalcante,vitor.cavalcante@webmail.com,24.0,masculino,Serra,ES,2024-10-24,5611.0,5,575.0,5.0,True,2024,10,4,Thursday,Low Value
CUST003509,Sra. Isabelly Andrade,sra..isabelly.andrade@correio.net,54.0,feminino,Fortaleza,CE,2024-10-24,4666.0,7,1721.0,4.3,True,2024,10,4,Thursday,Medium Value
CUST002975,André Marques,andre.marques@webmail.com,28.0,masculino,Manaus,AM,2024-10-24,5401.0,6,1898.0,3.4,True,2024,10,4,Thursday,Medium Value
CUST001022,Bruna Ferreira,bruna.ferreira@mail.com,35.0,feminino,unknown,RJ,2024-10-24,6034.0,5,1199.0,3.5,True,2024,10,4,Thursday,Low Value
CUST000812,Vicente Macedo,vicente.macedo@provedor.com.br,37.0,masculino,Cuiabá,MT,2024-10-24,2094.0,5,1546.0,5.0,True,2024,10,4,Thursday,Medium Value
CUST003013,Davi Lucca Teixeira,davi.lucca.teixeira@email.com,36.0,masculino,Curitiba,PR,2024-10-25,6157.0,9,3185.0,3.5,True,2024,10,4,Friday,High Value
CUST004465,Sra. Maria Alice Nogueira,sra..maria.alice.nogueira@correio.net,48.0,feminino,Vitória da Conquista,BA,2024-10-25,5043.0,7,1965.0,4.0,True,2024,10,4,Friday,Medium Value
CUST000899,Allana Abreu,allana.abreu@email.com,56.0,feminino,Porto Alegre,RS,2024-10-25,5666.0,8,2686.0,4.6,True,2024,10,4,Friday,High Value
CUST001335,Lucca Vieira,lucca.vieira@correio.net,36.0,masculino,Sorocaba,SP,2024-10-26,3543.0,6,1545.0,1.9,True,2024,10,4,Saturday,Medium Value
CUST004774,Dr. Pedro Miguel Cassiano,dr..pedro.miguel.cassiano@provedor.com.br,50.0,outro,Campinas,SP,2024-10-26,3874.0,8,2069.0,4.1,True,2024,10,4,Saturday,High Value
CUST000883,Maria Vitória Da Rocha,maria.vitoria.da.rocha@mail.com,55.0,feminino,Campinas,SP,2024-10-26,2291.0,1,215.0,4.0,True,2024,10,4,Saturday,Low Value
CUST004936,Dr. Ravy Aparecida,dr..ravy.aparecida@provedor.com.br,52.0,masculino,Joinville,SC,2024-10-26,4318.0,17,4278.0,3.6,True,2024,10,4,Saturday,High Value
CUST004246,Vinícius Monteiro,vinicius.monteiro@provedor.com.br,48.0,masculino,Manaus,AM,2024-10-26,4409.0,3,1000.0,4.0,True,2024,10,4,Saturday,Low Value
CUST001941,Dr. Léo Vieira,dr..leo.vieira@correio.net,49.0,masculino,Campinas,SP,2024-10-26,3310.0,11,2984.0,5.0,True,2024,10,4,Saturday,High Value
CUST002564,Lavínia Moura,lavinia.moura@provedor.com.br,54.0,feminino,Brasília,DF,2024-10-26,3148.0,3,605.0,3.8,True,2024,10,4,Saturday,Low Value
CUST000305,Nina Sales,nina.sales@webmail.com,33.0,feminino,Juiz de Fora,MG,2024-10-26,2714.0,9,2269.0,3.1,True,2024,10,4,Saturday,High Value
CUST003869,Srta. Marcela Martins,srta..marcela.martins@mail.com,53.0,feminino,Feira de Santana,BA,2024-10-26,3189.0,6,1762.0,4.9,True,2024,10,4,Saturday,Medium Value
CUST001353,Rebeca Peixoto,rebeca.peixoto@mail.com,39.0,feminino,São Paulo,SP,2024-10-26,2558.0,11,2517.0,5.0,True,2024,10,4,Saturday,High Value
CUST003654,Caleb Aragão,caleb.aragao@webmail.com,41.0,outro,Sorocaba,SP,2024-10-27,2525.0,16,2994.0,3.6,True,2024,10,4,Sunday,High Value
CUST001924,Isabella Duarte,isabella.duarte@mail.com,18.0,feminino,Rio de Janeiro,RJ,2024-10-27,3212.0,7,1171.0,4.3,True,2024,10,4,Sunday,Low Value
CUST003114,Fernanda Cavalcante,fernanda.cavalcante@webmail.com,43.0,feminino,unknown,RS,2024-10-27,4948.0,8,2392.0,4.0,True,2024,10,4,Sunday,High Value
CUST001494,Kevin Moraes,kevin.moraes@mail.com,44.0,masculino,Blumenau,SC,2024-10-27,7112.0,11,2446.0,5.0,True,2024,10,4,Sunday,High Value
CUST002876,Raquel Da Rosa,raquel.da.rosa@provedor.com.br,43.0,feminino,Uberlândia,MG,2024-10-27,3116.0,9,1095.0,4.5,True,2024,10,4,Sunday,Low Value
CUST000816,Caroline Moraes,caroline.moraes@webmail.com,31.0,feminino,Cuiabá,MT,2024-10-27,3980.0,5,1538.0,4.0,True,2024,10,4,Sunday,Medium Value
CUST001605,Dra. Maria Fernanda Albuquerque,dra..maria.fernanda.albuquerque@email.com,37.0,feminino,Caxias do Sul,RS,2024-10-27,5569.0,9,2251.0,3.8,True,2024,10,4,Sunday,High Value
CUST001653,Ryan Da Conceição,ryan.da.conceicao@provedor.com.br,26.0,masculino,Goiânia,GO,2024-10-27,1956.0,8,1883.0,4.8,True,2024,10,4,Sunday,Medium Value
CUST004375,Dra. Mariah Nascimento,dra..mariah.nascimento@email.com,21.0,feminino,Caxias do Sul,RS,2024-10-28,3448.0,6,1250.0,4.0,True,2024,10,4,Monday,Low Value
CUST002960,Pedro Miguel Sampaio,pedro.miguel.sampaio@mail.com,58.0,masculino,Sobral,CE,2024-10-28,9558.0,14,4872.0,4.0,True,2024,10,4,Monday,High Value
CUST004187,Alexandre Cassiano,alexandre.cassiano@webmail.com,49.0,masculino,Feira de Santana,BA,2024-10-28,4052.0,4,1288.0,3.9,True,2024,10,4,Monday,Low Value
CUST000324,Sr. Nathan Moraes,sr..nathan.moraes@correio.net,32.0,outro,Campinas,SP,2024-10-28,2721.0,4,924.0,3.6,True,2024,10,4,Monday,Low Value
CUST002840,Dra. Daniela Campos,dra..daniela.campos@mail.com,24.0,feminino,Campinas,SP,2024-10-29,1779.0,4,1057.0,3.9,True,2024,10,4,Tuesday,Low Value
CUST004156,Cecilia Rodrigues,cecilia.rodrigues@email.com,34.0,feminino,Juiz de Fora,MG,2024-10-29,3873.0,9,1456.0,3.6,True,2024,10,4,Tuesday,Medium Value
CUST003724,Samuel Siqueira,samuel.siqueira@webmail.com,46.0,masculino,Várzea Grande,MT,2024-10-29,2905.0,5,1188.0,3.0,True,2024,10,4,Tuesday,Low Value
CUST000887,Dra. Maitê Da Cunha,dra..maite.da.cunha@webmail.com,36.0,feminino,São Paulo,SP,2024-10-29,4056.0,13,2165.0,4.3,True,2024,10,4,Tuesday,High Value
CUST002720,Sr. Miguel Silveira,sr..miguel.silveira@mail.com,24.0,masculino,Campinas,SP,2024-10-29,2005.0,6,1922.0,4.3,True,2024,10,4,Tuesday,Medium Value
CUST002626,Sr. Enzo Gabriel Azevedo,sr..enzo.gabriel.azevedo@webmail.com,61.0,masculino,Parintins,AM,2024-10-29,4727.0,11,2369.0,3.9,True,2024,10,4,Tuesday,High Value
CUST000954,Eloá Rodrigues,eloa.rodrigues@correio.net,43.0,feminino,São Paulo,SP,2024-10-30,1099.0,5,811.0,2.9,True,2024,10,4,Wednesday,Low Value
CUST002802,Danilo Dias,danilo.dias@provedor.com.br,41.0,masculino,Curitiba,PR,2024-10-30,6822.0,7,1622.0,4.3,True,2024,10,4,Wednesday,Medium Value
CUST000471,Sofia Cunha,sofia.cunha@email.com,19.0,feminino,Curitiba,PR,2024-10-30,2177.0,8,1034.0,4.9,True,2024,10,4,Wednesday,Low Value
CUST002332,Ana Liz Da Luz,ana.liz.da.luz@mail.com,41.0,feminino,Maringá,PR,2024-10-30,2456.0,11,2190.0,3.4,True,2024,10,4,Wednesday,High Value
CUST002136,Gael Abreu,gael.abreu@webmail.com,38.0,masculino,Uberlândia,MG,2024-10-31,4066.0,10,1863.0,4.3,True,2024,10,4,Thursday,Medium Value
CUST004930,Luna Lima,luna.lima@correio.net,29.0,feminino,Porto Alegre,RS,2024-10-31,3071.0,6,1392.0,1.7,True,2024,10,4,Thursday,Medium Value
CUST000299,Isabel Da Luz,isabel.da.luz@email.com,27.0,outro,Vitória da Conquista,BA,2024-10-31,4497.0,6,1108.0,3.6,True,2024,10,4,Thursday,Low Value
CUST003041,Ana Liz Pimenta,ana.liz.pimenta@provedor.com.br,32.0,feminino,Cuiabá,MT,2024-10-31,3782.0,15,3239.0,4.5,True,2024,10,4,Thursday,High Value
CUST003661,Otto Da Cruz,otto.da.cruz@email.com,29.0,masculino,Manaus,AM,2024-10-31,3028.0,5,952.0,3.4,True,2024,10,4,Thursday,Low Value
CUST003904,Gabriel Leão,gabriel.leao@provedor.com.br,34.0,masculino,Vitória da Conquista,BA,2024-11-01,5877.0,1,419.0,4.0,True,2024,11,4,Friday,Low Value
CUST002009,Isabelly Pinto,isabelly.pinto@provedor.com.br,18.0,feminino,Duque de Caxias,RJ,2024-11-01,2362.0,8,2528.0,4.5,True,2024,11,4,Friday,High Value
CUST001438,Cecilia Leão,cecilia.leao@provedor.com.br,22.0,feminino,Parintins,AM,2024-11-02,3677.0,9,2707.0,4.7,True,2024,11,4,Saturday,High Value
CUST001923,Srta. Allana Pinto,srta..allana.pinto@email.com,40.0,outro,Feira de Santana,BA,2024-11-02,2603.0,8,2553.0,3.7,True,2024,11,4,Saturday,High Value
CUST000474,Danilo Teixeira,danilo.teixeira@webmail.com,40.0,masculino,Rio Verde,GO,2024-11-02,2092.0,7,1659.0,3.3,True,2024,11,4,Saturday,Medium Value
CUST004538,Luara Rezende,luara.rezende@provedor.com.br,56.0,feminino,Ribeirão Preto,SP,2024-11-03,2136.0,5,1018.0,2.8,True,2024,11,4,Sunday,Low Value
CUST001734,Dr. Benjamin Vasconcelos,dr..benjamin.vasconcelos@provedor.com.br,67.0,masculino,Brasília,DF,2024-11-03,4924.0,5,1205.0,3.3,True,2024,11,4,Sunday,Low Value
CUST001756,Marcos Vinicius Nunes,marcos.vinicius.nunes@webmail.com,59.0,masculino,Vitória da Conquista,BA,2024-11-03,4830.0,6,1115.0,4.2,True,2024,11,4,Sunday,Low Value
CUST002499,Rafael Cavalcante,rafael.cavalcante@webmail.com,32.0,masculino,Florianópolis,SC,2024-11-03,4828.0,6,1584.0,4.0,True,2024,11,4,Sunday,Medium Value
CUST002223,Srta. Emanuella Ribeiro,srta..emanuella.ribeiro@correio.net,36.0,feminino,Salvador,BA,2024-11-03,4480.0,4,1182.0,3.4,True,2024,11,4,Sunday,Low Value
CUST004657,Sr. Renan Carvalho,sr..renan.carvalho@correio.net,41.0,masculino,Curitiba,PR,2024-11-04,1404.0,9,1651.0,4.9,True,2024,11,4,Monday,Medium Value
CUST003141,José Miguel Fogaça,jose.miguel.fogaca@email.com,36.0,masculino,Sorocaba,SP,2024-11-04,3052.0,7,1870.0,3.7,True,2024,11,4,Monday,Medium Value
CUST004717,Sra. Alexia Mendonça,sra..alexia.mendonca@provedor.com.br,37.0,feminino,Juiz de Fora,MG,2024-11-04,1993.0,13,1225.0,3.1,True,2024,11,4,Monday,Low Value
CUST002643,Theo Mendonça,theo.mendonca@mail.com,40.0,masculino,Pelotas,RS,2024-11-04,1500.0,7,1107.0,3.8,True,2024,11,4,Monday,Low Value
CUST000097,Vitor Hugo Araújo,vitor.hugo.araujo@mail.com,44.0,masculino,Pelotas,RS,2024-11-04,3657.0,10,2100.0,4.7,True,2024,11,4,Monday,High Value
CUST002368,Stephany Marques,stephany.marques@email.com,39.0,feminino,Florianópolis,SC,2024-11-05,4936.0,7,1657.0,1.9,True,2024,11,4,Tuesday,Medium Value
CUST002201,Vitor Barros,vitor.barros@webmail.com,41.0,masculino,Sobral,CE,2024-11-05,2208.0,11,835.0,3.2,True,2024,11,4,Tuesday,Low Value
CUST003921,Aurora Rezende,aurora.rezende@provedor.com.br,36.0,feminino,Belo Horizonte,MG,2024-11-05,900.0,5,794.0,4.7,True,2024,11,4,Tuesday,Low Value
CUST002965,Larissa Cunha,larissa.cunha@mail.com,31.0,feminino,Pelotas,RS,2024-11-05,3955.0,5,1343.0,2.5,True,2024,11,4,Tuesday,Medium Value
CUST003115,Leonardo Azevedo,leonardo.azevedo@provedor.com.br,18.0,masculino,unknown,PR,2024-11-05,3358.0,6,2157.0,3.6,True,2024,11,4,Tuesday,High Value
CUST004427,Maysa Câmara,maysa.camara@mail.com,31.0,feminino,Joinville,SC,2024-11-05,1590.0,4,861.0,2.5,True,2024,11,4,Tuesday,Low Value
CUST001131,Daniela Nascimento,daniela.nascimento@webmail.com,37.0,feminino,Niterói,RJ,2024-11-05,4361.0,10,2873.0,3.7,True,2024,11,4,Tuesday,High Value
CUST001106,Carlos Eduardo Carvalho,carlos.eduardo.carvalho@provedor.com.br,45.0,masculino,Sorocaba,SP,2024-11-05,3670.0,13,3258.0,3.0,True,2024,11,4,Tuesday,High Value
CUST004496,Isadora Albuquerque,isadora.albuquerque@mail.com,47.0,feminino,Londrina,PR,2024-11-05,2527.0,5,1411.0,2.1,True,2024,11,4,Tuesday,Medium Value
CUST004593,Cecília Lopes,cecilia.lopes@email.com,18.0,feminino,São Paulo,SP,2024-11-06,3776.0,11,2924.0,4.1,True,2024,11,4,Wednesday,High Value
CUST002698,Dr. João Felipe Porto,dr..joao.felipe.porto@email.com,46.0,masculino,Porto Alegre,RS,2024-11-06,3182.0,7,2601.0,4.0,True,2024,11,4,Wednesday,High Value
CUST000804,Dr. Vitor Gabriel Rios,dr..vitor.gabriel.rios@email.com,56.0,masculino,Sorocaba,SP,2024-11-06,4056.0,5,1474.0,3.9,True,2024,11,4,Wednesday,Medium Value
CUST004831,Srta. Lavínia Gonçalves,srta..lavinia.goncalves@correio.net,38.0,feminino,Campinas,SP,2024-11-07,4140.0,3,718.0,4.2,True,2024,11,4,Thursday,Low Value
CUST004567,Dra. Heloisa Ferreira,dra..heloisa.ferreira@correio.net,37.0,feminino,unknown,MG,2024-11-08,3509.0,7,1780.0,4.4,True,2024,11,4,Friday,Medium Value
CUST003698,Dra. Valentina Da Luz,dra..valentina.da.luz@email.com,28.0,feminino,Maringá,PR,2024-11-08,2637.0,8,1724.0,4.0,True,2024,11,4,Friday,Medium Value
CUST001780,Samuel Cirino,samuel.cirino@email.com,46.0,masculino,Belém,PA,2024-11-09,2724.0,7,1911.0,2.7,True,2024,11,4,Saturday,Medium Value
CUST004745,Isabelly Siqueira,isabelly.siqueira@webmail.com,21.0,feminino,Juiz de Fora,MG,2024-11-09,1607.0,5,904.0,5.0,True,2024,11,4,Saturday,Low Value
CUST002218,Isabella Pinto,isabella.pinto@email.com,27.0,feminino,Parintins,AM,2024-11-09,2306.0,6,911.0,4.0,True,2024,11,4,Saturday,Low Value
CUST000102,Bernardo Rocha,bernardo.rocha@webmail.com,28.0,masculino,Santos,SP,2024-11-09,5496.0,12,3099.0,4.3,True,2024,11,4,Saturday,High Value
CUST003562,Maria Luísa Azevedo,maria.luisa.azevedo@webmail.com,44.0,feminino,Santos,SP,2024-11-09,4050.0,8,2021.0,3.4,True,2024,11,4,Saturday,Medium Value
CUST000833,Kaique Martins,kaique.martins@provedor.com.br,42.0,masculino,Brasília,DF,2024-11-10,3324.0,7,1689.0,3.5,True,2024,11,4,Sunday,Medium Value
CUST004021,João Miguel Almeida,joao.miguel.almeida@email.com,18.0,masculino,unknown,SP,2024-11-11,5578.0,6,1821.0,5.0,True,2024,11,4,Monday,Medium Value
CUST004662,Mariah Melo,mariah.melo@provedor.com.br,44.0,feminino,Salvador,BA,2024-11-11,4927.0,5,1616.0,2.8,True,2024,11,4,Monday,Medium Value
CUST001054,Aurora Macedo,aurora.macedo@provedor.com.br,31.0,feminino,Uberlândia,MG,2024-11-11,3266.0,5,1783.0,4.3,True,2024,11,4,Monday,Medium Value
CUST004695,Liam Teixeira,liam.teixeira@provedor.com.br,45.0,masculino,Contagem,MG,2024-11-11,6682.0,8,2812.0,4.8,True,2024,11,4,Monday,High Value
CUST003742,Joaquim Araújo,joaquim.araujo@provedor.com.br,41.0,masculino,Feira de Santana,BA,2024-11-11,2728.0,10,2297.0,3.6,True,2024,11,4,Monday,High Value
CUST004607,Isis Da Mota,isis.da.mota@correio.net,55.0,feminino,Caxias do Sul,RS,2024-11-11,2404.0,5,917.0,4.4,True,2024,11,4,Monday,Low Value
CUST001367,Ravi Lucca Da Rosa,ravi.lucca.da.rosa@correio.net,65.0,masculino,Niterói,RJ,2024-11-11,4450.0,10,187255.0,3.7,True,2024,11,4,Monday,High Value
CUST002047,Srta. Ágatha Rodrigues,srta..agatha.rodrigues@provedor.com.br,35.0,feminino,Uberlândia,MG,2024-11-12,1899.0,8,1293.0,2.7,True,2024,11,4,Tuesday,Low Value
CUST000563,Isaac Macedo,isaac.macedo@webmail.com,38.0,masculino,Manaus,AM,2024-11-12,3411.0,11,4211.0,1.8,True,2024,11,4,Tuesday,High Value
CUST002175,Raul Gomes,raul.gomes@provedor.com.br,50.0,masculino,Campinas,SP,2024-11-12,2788.0,6,1978.0,3.5,True,2024,11,4,Tuesday,Medium Value
CUST000595,Antony Pires,antony.pires@webmail.com,27.0,masculino,Florianópolis,SC,2024-11-12,2935.0,10,2249.0,4.0,True,2024,11,4,Tuesday,High Value
CUST003197,Felipe Duarte,felipe.duarte@provedor.com.br,41.0,masculino,unknown,ES,2024-11-12,1683.0,5,822.0,3.4,True,2024,11,4,Tuesday,Low Value
CUST001196,Asafe Cunha,asafe.cunha@webmail.com,32.0,masculino,São Paulo,SP,2024-11-12,1145.0,6,955.0,4.5,True,2024,11,4,Tuesday,Low Value
CUST000139,Luiz Gustavo Vasconcelos,luiz.gustavo.vasconcelos@correio.net,38.0,masculino,São Paulo,SP,2024-11-12,5557.0,4,1228.0,4.5,True,2024,11,4,Tuesday,Low Value
CUST002847,Maria Eduarda Pimenta,maria.eduarda.pimenta@email.com,24.0,feminino,Caxias do Sul,RS,2024-11-13,4761.0,8,2552.0,2.9,True,2024,11,4,Wednesday,High Value
CUST004523,Pietro Freitas,pietro.freitas@email.com,41.0,masculino,Brasília,DF,2024-11-13,3856.0,10,3311.0,4.1,True,2024,11,4,Wednesday,High Value
CUST003319,Paulo Campos,paulo.campos@webmail.com,38.0,masculino,unknown,DF,2024-11-13,3430.0,6,1122.0,4.6,True,2024,11,4,Wednesday,Low Value
CUST000777,Sra. Ana Carolina Albuquerque,sra..ana.carolina.albuquerque@mail.com,45.0,feminino,Petrópolis,RJ,2024-11-14,2746.0,6,1022.0,4.3,True,2024,11,4,Thursday,Low Value
CUST004529,Nathan Pimenta,nathan.pimenta@correio.net,50.0,masculino,Juiz de Fora,MG,2024-11-15,3313.0,6,1483.0,3.7,True,2024,11,4,Friday,Medium Value
CUST004952,Hadassa Cirino,hadassa.cirino@provedor.com.br,48.0,feminino,Caruaru,PE,2024-11-16,7202.0,9,3307.0,4.6,True,2024,11,4,Saturday,High Value
CUST003558,Otto Cassiano,otto.cassiano@mail.com,48.0,masculino,unknown,SP,2024-11-16,7651.0,10,4021.0,4.2,True,2024,11,4,Saturday,High Value
CUST004970,Rael Sousa,rael.sousa@provedor.com.br,36.0,masculino,Uberlândia,MG,2024-11-16,900.0,2,460.0,3.3,True,2024,11,4,Saturday,Low Value
CUST004060,Gustavo Henrique Pastor,gustavo.henrique.pastor@email.com,35.0,masculino,Rio de Janeiro,RJ,2024-11-16,3620.0,7,2296.0,3.2,True,2024,11,4,Saturday,High Value
CUST001308,Mathias Moreira,mathias.moreira@correio.net,35.0,masculino,Caxias do Sul,RS,2024-11-17,3273.0,10,2310.0,4.0,True,2024,11,4,Sunday,High Value
CUST002629,Mariana Silveira,mariana.silveira@mail.com,38.0,feminino,Duque de Caxias,RJ,2024-11-17,6674.0,10,2954.0,2.3,True,2024,11,4,Sunday,High Value
CUST004861,Enzo Gabriel Moura,enzo.gabriel.moura@email.com,50.0,masculino,Santos,SP,2024-11-17,4870.0,6,2122.0,4.5,True,2024,11,4,Sunday,High Value
CUST004951,Levi Fonseca,levi.fonseca@email.com,46.0,masculino,Anápolis,GO,2024-11-17,2702.0,8,1140.0,2.3,True,2024,11,4,Sunday,Low Value
CUST002884,Sr. Caio Da Rosa,sr..caio.da.rosa@email.com,18.0,masculino,unknown,MG,2024-11-19,1744.0,3,480.0,3.0,True,2024,11,4,Tuesday,Low Value
CUST001538,Dr. Gustavo Sá,dr..gustavo.sa@provedor.com.br,38.0,masculino,Vila Velha,ES,2024-11-19,2525.0,5,1174.0,3.5,True,2024,11,4,Tuesday,Low Value
CUST000440,Benjamim Cardoso,benjamim.cardoso@webmail.com,53.0,masculino,unknown,PR,2024-11-19,1574.0,5,1278.0,4.0,True,2024,11,4,Tuesday,Low Value
CUST000981,Sr. Otávio Vieira,sr..otavio.vieira@correio.net,50.0,masculino,Juazeiro do Norte,CE,2024-11-19,1905.0,8,1320.0,4.1,True,2024,11,4,Tuesday,Medium Value
CUST000688,Rodrigo Da Cruz,rodrigo.da.cruz@mail.com,38.0,masculino,Brasília,DF,2024-11-19,2097.0,5,873.0,4.6,True,2024,11,4,Tuesday,Low Value
CUST004813,Dr. Yuri Moraes,dr..yuri.moraes@mail.com,33.0,masculino,unknown,RS,2024-11-19,3440.0,8,1957.0,4.0,True,2024,11,4,Tuesday,Medium Value
CUST000167,Dr. Yuri Cardoso,dr..yuri.cardoso@email.com,26.0,masculino,Recife,PE,2024-11-20,4091.0,4,629.0,4.0,True,2024,11,4,Wednesday,Low Value
CUST000905,Valentina Cassiano,valentina.cassiano@mail.com,42.0,feminino,Manaus,AM,2024-11-21,4595.0,10,2879.0,3.8,True,2024,11,4,Thursday,High Value
CUST000349,Dr. Yuri Teixeira,dr..yuri.teixeira@correio.net,52.0,outro,Juiz de Fora,MG,2024-11-21,4241.0,8,2637.0,4.8,True,2024,11,4,Thursday,High Value
CUST001181,Sr. Calebe Montenegro,sr..calebe.montenegro@email.com,55.0,masculino,Salvador,BA,2024-11-22,2514.0,6,854.0,4.9,True,2024,11,4,Friday,Low Value
CUST002649,Kevin Santos,kevin.santos@webmail.com,49.0,masculino,Niterói,RJ,2024-11-22,4526.0,7,3459.0,4.6,True,2024,11,4,Friday,High Value
CUST000713,Dr. Nathan Fonseca,dr..nathan.fonseca@email.com,44.0,masculino,Porto Alegre,RS,2024-11-22,6206.0,8,1959.0,3.9,True,2024,11,4,Friday,Medium Value
CUST003662,Ana Julia Cirino,ana.julia.cirino@correio.net,30.0,feminino,Duque de Caxias,RJ,2024-11-22,1720.0,3,501.0,3.9,True,2024,11,4,Friday,Low Value
CUST004289,Alice Silveira,alice.silveira@webmail.com,38.0,feminino,Duque de Caxias,RJ,2024-11-22,4137.0,7,2685.0,3.8,True,2024,11,4,Friday,High Value
CUST002581,Cecilia Macedo,cecilia.macedo@provedor.com.br,28.0,feminino,Brasília,DF,2024-11-22,4817.0,12,4534.0,3.2,True,2024,11,4,Friday,High Value
CUST003700,Dr. Yuri Campos,dr..yuri.campos@webmail.com,27.0,masculino,Salvador,BA,2024-11-22,3415.0,687,914.0,4.4,True,2024,11,4,Friday,Low Value
CUST003589,Ana Laura Barros,ana.laura.barros@provedor.com.br,38.0,feminino,Juazeiro do Norte,CE,2024-11-22,6028.0,8,2060.0,5.0,True,2024,11,4,Friday,High Value
CUST004487,Vitor Hugo Almeida,vitor.hugo.almeida@correio.net,36.0,masculino,Niterói,RJ,2024-11-22,1519.0,7,1918.0,3.5,True,2024,11,4,Friday,Medium Value
CUST002329,Luna Da Cunha,luna.da.cunha@provedor.com.br,27.0,feminino,Rio de Janeiro,RJ,2024-11-23,5518.0,13,1376.0,3.4,True,2024,11,4,Saturday,Medium Value
CUST001566,Luiz Fernando Câmara,luiz.fernando.camara@email.com,49.0,masculino,Niterói,RJ,2024-11-23,3404.0,8,2876.0,3.6,True,2024,11,4,Saturday,High Value
CUST003612,Lucas Da Rosa,lucas.da.rosa@mail.com,25.0,masculino,Pelotas,RS,2024-11-23,7655.0,9,2915.0,4.0,True,2024,11,4,Saturday,High Value
CUST002229,Maria Helena Duarte,maria.helena.duarte@webmail.com,56.0,feminino,Duque de Caxias,RJ,2024-11-23,2612.0,8,1865.0,2.6,True,2024,11,4,Saturday,Medium Value
CUST002193,Lucca Nogueira,lucca.nogueira@provedor.com.br,32.0,masculino,Petrópolis,RJ,2024-11-23,1468.0,7,1130.0,5.0,True,2024,11,4,Saturday,Low Value
CUST002315,Alexia Rocha,alexia.rocha@mail.com,38.0,feminino,Curitiba,PR,2024-11-24,6725.0,16,2586.0,4.2,True,2024,11,4,Sunday,High Value
CUST001111,Larissa Vasconcelos,larissa.vasconcelos@mail.com,46.0,feminino,Várzea Grande,MT,2024-11-24,4157.0,7,1446.0,3.5,True,2024,11,4,Sunday,Medium Value
CUST002509,Vitor Da Rosa,vitor.da.rosa@correio.net,33.0,outro,Ananindeua,PA,2024-11-25,3480.0,15,2293.0,3.8,True,2024,11,4,Monday,High Value
CUST004917,Olívia Rezende,olivia.rezende@email.com,56.0,feminino,Porto Alegre,RS,2024-11-25,3099.0,3,662.0,5.0,True,2024,11,4,Monday,Low Value
CUST004242,Aylla Costela,aylla.costela@email.com,50.0,feminino,Salvador,BA,2024-11-25,4949.0,5,1532.0,3.8,True,2024,11,4,Monday,Medium Value
CUST000312,Antônio Teixeira,antonio.teixeira@mail.com,24.0,masculino,Fortaleza,CE,2024-11-25,2734.0,1,280.0,3.1,True,2024,11,4,Monday,Low Value
CUST000229,Nina Sampaio,nina.sampaio@email.com,44.0,feminino,Curitiba,PR,2024-11-25,3358.0,4,1774.0,5.0,True,2024,11,4,Monday,Medium Value
CUST001269,Ana Lívia Ferreira,ana.livia.ferreira@correio.net,19.0,feminino,Belém,PA,2024-11-25,3805.0,9,2463.0,5.0,True,2024,11,4,Monday,High Value
CUST003214,Emanuelly Macedo,emanuelly.macedo@mail.com,51.0,feminino,Fortaleza,CE,2024-11-26,2699.0,13,3077.0,3.6,True,2024,11,4,Tuesday,High Value
CUST000785,Anthony Gabriel Sousa,anthony.gabriel.sousa@mail.com,29.0,masculino,Fortaleza,CE,2024-11-26,2846.0,6,1982.0,4.2,True,2024,11,4,Tuesday,Medium Value
CUST004592,Enzo Porto,enzo.porto@provedor.com.br,62.0,masculino,São Paulo,SP,2024-11-26,2981.0,4,841.0,4.4,True,2024,11,4,Tuesday,Low Value
CUST002811,Ana Carolina Melo,ana.carolina.melo@correio.net,18.0,feminino,Brasília,DF,2024-11-26,3946.0,9,1736.0,4.0,True,2024,11,4,Tuesday,Medium Value
CUST001864,Isaque Moreira,isaque.moreira@webmail.com,40.0,masculino,Manaus,AM,2024-11-27,6796.0,5,1887.0,2.8,True,2024,11,4,Wednesday,Medium Value
CUST000486,Emanuel Sá,emanuel.sa@mail.com,47.0,outro,Duque de Caxias,RJ,2024-11-27,6086.0,3,946.0,5.0,True,2024,11,4,Wednesday,Low Value
CUST001808,Elisa Araújo,elisa.araujo@mail.com,45.0,feminino,Caxias do Sul,RS,2024-11-27,3272.0,12,3411.0,4.3,True,2024,11,4,Wednesday,High Value
CUST000240,Ana Lívia Montenegro,ana.livia.montenegro@provedor.com.br,52.0,feminino,Duque de Caxias,RJ,2024-11-27,3015.0,7,1044.0,1.7,True,2024,11,4,Wednesday,Low Value
CUST001513,Alana Moura,alana.moura@webmail.com,44.0,outro,Florianópolis,SC,2024-11-27,9880.0,12,4602.0,3.8,True,2024,11,4,Wednesday,High Value
CUST002423,Clara Cunha,clara.cunha@webmail.com,66.0,feminino,Várzea Grande,MT,2024-11-27,2494.0,10,1831.0,3.5,True,2024,11,4,Wednesday,Medium Value
CUST001394,Sr. Ravy Correia,sr..ravy.correia@correio.net,43.0,masculino,Santos,SP,2024-11-28,7606.0,20,5437.0,3.8,True,2024,11,4,Thursday,High Value
CUST004086,Cauê Rodrigues,caue.rodrigues@email.com,50.0,masculino,Feira de Santana,BA,2024-11-29,4539.0,5,619.0,3.6,True,2024,11,4,Friday,Low Value
CUST004130,Maria Vitória Da Mota,maria.vitoria.da.mota@email.com,27.0,feminino,Belo Horizonte,MG,2024-11-29,6181.0,7,1508.0,4.0,True,2024,11,4,Friday,Medium Value
CUST000879,Sra. Luiza Costela,sra..luiza.costela@correio.net,19.0,feminino,Ribeirão Preto,SP,2024-11-29,2970.0,7,1578.0,4.0,True,2024,11,4,Friday,Medium Value
CUST001876,Anthony Gabriel Monteiro,anthony.gabriel.monteiro@correio.net,38.0,masculino,São Paulo,SP,2024-11-29,3008.0,4,870.0,2.9,True,2024,11,4,Friday,Low Value
CUST000459,Mirella Guerra,mirella.guerra@provedor.com.br,54.0,feminino,Santos,SP,2024-11-29,8323.0,5,1767.0,4.0,True,2024,11,4,Friday,Medium Value
CUST004046,Clara Sá,clara.sa@email.com,66.0,feminino,Várzea Grande,MT,2024-11-30,3351.0,7,2442.0,4.1,True,2024,11,4,Saturday,High Value
CUST002070,Gabriela Sá,gabriela.sa@email.com,25.0,feminino,Ananindeua,PA,2024-11-30,200645.0,3,819.0,4.7,True,2024,11,4,Saturday,Low Value
CUST002761,Sr. Noah Vieira,sr..noah.vieira@mail.com,49.0,masculino,Recife,PE,2024-11-30,3765.0,4,727.0,3.3,True,2024,11,4,Saturday,Low Value
CUST000319,Cauã Castro,caua.castro@webmail.com,25.0,masculino,Florianópolis,SC,2024-12-01,3278.0,3,722.0,3.5,True,2024,12,4,Sunday,Low Value
CUST001542,Laura Sales,laura.sales@provedor.com.br,36.0,feminino,Petrópolis,RJ,2024-12-01,1749.0,4,446.0,4.9,True,2024,12,4,Sunday,Low Value
CUST004557,Lucas Souza,lucas.souza@correio.net,49.0,masculino,Santos,SP,2024-12-01,4120.0,6,1314.0,4.7,True,2024,12,4,Sunday,Medium Value
CUST002905,Henry Pastor,henry.pastor@webmail.com,19.0,masculino,Feira de Santana,BA,2024-12-01,3366.5,5,1662.0,4.6,True,2024,12,4,Sunday,Medium Value
CUST000087,Josué Barbosa,josue.barbosa@webmail.com,18.0,masculino,São Paulo,SP,2024-12-01,3194.0,6,1347.0,5.0,True,2024,12,4,Sunday,Medium Value
CUST003464,José Pedro Camargo,jose.pedro.camargo@webmail.com,36.0,masculino,Goiânia,GO,2024-12-02,1695.0,5,1615.0,5.0,True,2024,12,4,Monday,Medium Value
CUST003817,Lucas Gabriel Alves,lucas.gabriel.alves@webmail.com,32.0,masculino,Sorocaba,SP,2024-12-02,3313.5,6,864.0,4.2,True,2024,12,4,Monday,Low Value
CUST001280,Eloá Garcia,eloa.garcia@email.com,48.0,feminino,Anápolis,GO,2024-12-02,3676.0,3,611.0,2.1,True,2024,12,4,Monday,Low Value
CUST003047,Isabella Sá,isabella.sa@mail.com,42.0,feminino,Belém,PA,2024-12-03,2599.0,3,908.0,3.0,True,2024,12,4,Tuesday,Low Value
CUST003271,Valentina Farias,valentina.farias@email.com,25.0,feminino,Vitória,ES,2024-12-03,3061.0,5,1018.0,4.4,True,2024,12,4,Tuesday,Low Value
CUST000147,Raul Ferreira,raul.ferreira@correio.net,72.0,masculino,Juiz de Fora,MG,2024-12-03,3498.0,3,904.0,5.0,True,2024,12,4,Tuesday,Low Value
CUST004681,Cecília Ferreira,cecilia.ferreira@correio.net,41.0,feminino,Ribeirão Preto,SP,2024-12-03,1413.0,6,765.0,3.3,True,2024,12,4,Tuesday,Low Value
CUST002484,Alícia Da Rocha,alicia.da.rocha@correio.net,35.0,outro,Niterói,RJ,2024-12-03,3660.0,8,2479.0,5.0,True,2024,12,4,Tuesday,High Value
CUST004457,Bernardo Mendonça,bernardo.mendonca@email.com,38.0,masculino,Rio Verde,GO,2024-12-03,3400.0,9,3387.0,3.4,True,2024,12,4,Tuesday,High Value
CUST000587,André Barros,andre.barros@provedor.com.br,44.0,masculino,Juazeiro do Norte,CE,2024-12-04,4680.0,13,3528.0,2.6,True,2024,12,4,Wednesday,High Value
CUST004527,Gustavo Henrique Mendonça,gustavo.henrique.mendonca@correio.net,31.0,masculino,Sorocaba,SP,2024-12-04,2136.0,8,1639.0,4.9,True,2024,12,4,Wednesday,Medium Value
CUST003500,Sra. Lavínia Casa Grande,sra..lavinia.casa.grande@provedor.com.br,50.0,feminino,São Paulo,SP,2024-12-04,3313.5,7,2668.0,5.0,True,2024,12,4,Wednesday,High Value
CUST002529,Sra. Maria Eduarda Gomes,sra..maria.eduarda.gomes@webmail.com,24.0,feminino,São Paulo,SP,2024-12-04,3417.0,3,1142.0,3.5,True,2024,12,4,Wednesday,Low Value
CUST003407,Maria Vitória Moura,maria.vitoria.moura@email.com,26.0,feminino,Vitória da Conquista,BA,2024-12-04,241829.0,8,2335.0,3.6,True,2024,12,4,Wednesday,High Value
CUST001821,Mariah Pires,mariah.pires@correio.net,36.0,feminino,unknown,BA,2024-12-05,3902.0,6,1398.0,2.4,True,2024,12,4,Thursday,Medium Value
CUST001006,Srta. Alícia Fernandes,srta..alicia.fernandes@correio.net,38.0,feminino,Sorocaba,SP,2024-12-05,2385.0,10,1226.0,4.0,True,2024,12,4,Thursday,Low Value
CUST003767,Paulo Siqueira,paulo.siqueira@webmail.com,50.0,masculino,Porto Alegre,RS,2024-12-05,5013.0,9,2282.0,3.3,True,2024,12,4,Thursday,High Value
CUST005043,Liz Sales,liz.sales@provedor.com.br,22.0,feminino,São Paulo,SP,2024-12-05,1465.0,5,1660.0,3.4,True,2024,12,4,Thursday,Medium Value
CUST004084,Kamilly Moura,kamilly.moura@webmail.com,25.0,feminino,Niterói,RJ,2024-12-05,3064.0,6,1558.0,3.5,True,2024,12,4,Thursday,Medium Value
CUST001641,Joana Nogueira,joana.nogueira@webmail.com,59.0,feminino,Fortaleza,CE,2024-12-06,2564.0,6,1484.0,5.0,True,2024,12,4,Friday,Medium Value
CUST002616,Danilo Gomes,danilo.gomes@webmail.com,50.0,masculino,Duque de Caxias,RJ,2024-12-06,4104.0,1,307.0,5.0,True,2024,12,4,Friday,Low Value
CUST000859,Kaique Santos,kaique.santos@mail.com,38.0,masculino,Salvador,BA,2024-12-06,5504.0,6,2192.0,5.0,True,2024,12,4,Friday,High Value
CUST000635,Ana Vitória Rios,ana.vitoria.rios@mail.com,38.0,feminino,Caruaru,PE,2024-12-07,6936.0,11,2901.0,4.3,True,2024,12,4,Saturday,High Value
CUST000830,Vitor Gabriel Gonçalves,vitor.gabriel.goncalves@correio.net,52.0,masculino,Porto Alegre,RS,2024-12-07,3153.0,6,1465.0,2.9,True,2024,12,4,Saturday,Medium Value
CUST002851,Sr. Eduardo Monteiro,sr..eduardo.monteiro@mail.com,22.0,masculino,Pelotas,RS,2024-12-07,2864.0,3,740.0,3.6,True,2024,12,4,Saturday,Low Value
CUST003964,João Miguel Da Luz,joao.miguel.da.luz@email.com,40.0,masculino,Olinda,PE,2024-12-07,3769.0,6,2169.0,3.7,True,2024,12,4,Saturday,High Value
CUST001189,Bianca Cassiano,bianca.cassiano@mail.com,49.0,feminino,Contagem,MG,2024-12-08,4193.0,4,1071.0,4.8,True,2024,12,4,Sunday,Low Value
CUST004500,João Miguel Da Rosa,joao.miguel.da.rosa@provedor.com.br,35.0,masculino,Caxias do Sul,RS,2024-12-08,3279.0,8,2114.0,5.0,True,2024,12,4,Sunday,High Value
CUST000263,Léo Melo,leo.melo@email.com,42.0,masculino,Olinda,PE,2024-12-08,2260.0,9,3153.0,3.2,True,2024,12,4,Sunday,High Value
CUST003853,Emanuelly Santos,emanuelly.santos@webmail.com,33.0,feminino,Pelotas,RS,2024-12-08,2112.0,8,1491.0,4.4,True,2024,12,4,Sunday,Medium Value
CUST000375,Anna Liz Pimenta,anna.liz.pimenta@email.com,25.0,feminino,Santos,SP,2024-12-09,1394.0,12,2902.0,3.6,True,2024,12,4,Monday,High Value
CUST004238,Rebeca Macedo,rebeca.macedo@correio.net,18.0,feminino,Vitória da Conquista,BA,2024-12-09,6045.0,10,2643.0,3.6,True,2024,12,4,Monday,High Value
CUST002512,Eduardo Abreu,eduardo.abreu@provedor.com.br,47.0,masculino,Ananindeua,PA,2024-12-09,306528.0,5,1761.0,3.9,True,2024,12,4,Monday,Medium Value
CUST004439,Dra. Bárbara Macedo,dra..barbara.macedo@correio.net,61.0,feminino,Vitória,ES,2024-12-09,4084.0,11,3256.0,4.7,True,2024,12,4,Monday,High Value
CUST003259,Eloá Duarte,eloa.duarte@email.com,43.0,feminino,São Paulo,SP,2024-12-09,2488.0,5,1206.0,4.0,True,2024,12,4,Monday,Low Value
CUST000566,Luana Viana,luana.viana@email.com,48.0,feminino,Rio de Janeiro,RJ,2024-12-10,2816.0,2,607.0,2.9,True,2024,12,4,Tuesday,Low Value
CUST000070,Ian Pastor,ian.pastor@correio.net,18.0,masculino,Porto Alegre,RS,2024-12-10,1371.0,4,705.0,4.2,True,2024,12,4,Tuesday,Low Value
CUST001647,Anthony Ribeiro,anthony.ribeiro@email.com,51.0,masculino,Brasília,DF,2024-12-10,1894.0,5,1493.0,4.1,True,2024,12,4,Tuesday,Medium Value
CUST000321,João Pedro Ribeiro,joao.pedro.ribeiro@webmail.com,59.0,masculino,Curitiba,PR,2024-12-11,3656.0,7,1448.0,3.0,True,2024,12,4,Wednesday,Medium Value
CUST000707,Helena Pacheco,helena.pacheco@mail.com,18.0,feminino,Caxias do Sul,RS,2024-12-11,2378.0,6,900.0,2.9,True,2024,12,4,Wednesday,Low Value
CUST001865,João Gabriel Da Paz,joao.gabriel.da.paz@webmail.com,34.0,masculino,Juazeiro do Norte,CE,2024-12-11,4134.0,10,2111.0,3.1,True,2024,12,4,Wednesday,High Value
CUST001493,Agatha Borges,agatha.borges@provedor.com.br,49.0,feminino,Parintins,AM,2024-12-11,392045.0,5,1303.0,2.9,True,2024,12,4,Wednesday,Medium Value
CUST004173,Ana Júlia Sá,ana.julia.sa@provedor.com.br,18.0,feminino,Campinas,SP,2024-12-11,3533.0,5,1206.0,3.3,True,2024,12,4,Wednesday,Low Value
CUST005060,Isabella Pinto,isabella.pinto@provedor.com.br,28.0,feminino,Parintins,AM,2024-12-11,2221.0,5,891.0,4.3,True,2024,12,4,Wednesday,Low Value
CUST000675,Lorenzo Santos,lorenzo.santos@webmail.com,48.0,outro,Duque de Caxias,RJ,2024-12-11,2238.0,7,986.0,5.0,True,2024,12,4,Wednesday,Low Value
CUST002917,Maria Alice Rocha,maria.alice.rocha@email.com,34.0,feminino,Salvador,BA,2024-12-11,3162.0,9,1949.0,4.0,True,2024,12,4,Wednesday,Medium Value
CUST003967,Beatriz Mendonça,beatriz.mendonca@provedor.com.br,43.0,feminino,unknown,MG,2024-12-11,4466.0,8,2676.0,4.6,True,2024,12,4,Wednesday,High Value
CUST003579,Dr. Josué Rocha,dr..josue.rocha@mail.com,43.0,masculino,Várzea Grande,MT,2024-12-13,2415.0,7,1963.0,4.0,True,2024,12,4,Friday,Medium Value
CUST001068,João Felipe Pires,joao.felipe.pires@webmail.com,29.0,masculino,Londrina,PR,2024-12-13,2683.0,5,971.0,4.8,True,2024,12,4,Friday,Low Value
CUST000378,Jade Marques,jade.marques@correio.net,40.0,feminino,Manaus,AM,2024-12-13,2508.0,9,1982.0,3.3,True,2024,12,4,Friday,Medium Value
CUST003551,Jade Da Luz,jade.da.luz@mail.com,41.0,feminino,Anápolis,GO,2024-12-13,7853.0,11,2840.0,3.4,True,2024,12,4,Friday,High Value
CUST001271,Ana Julia Gomes,ana.julia.gomes@correio.net,21.0,feminino,Rio de Janeiro,RJ,2024-12-14,3357.5,11,3078.0,4.0,True,2024,12,4,Saturday,High Value
CUST000724,Ana Clara Andrade,ana.clara.andrade@email.com,21.0,feminino,Porto Alegre,RS,2024-12-14,1470.0,6,1412.0,3.4,True,2024,12,4,Saturday,Medium Value
CUST003766,Ana Lívia Camargo,ana.livia.camargo@webmail.com,55.0,feminino,Parintins,AM,2024-12-15,2987.0,10,3067.0,4.0,True,2024,12,4,Sunday,High Value
CUST002745,Isaac Da Rosa,isaac.da.rosa@email.com,32.0,masculino,Brasília,DF,2024-12-15,3301.0,7,1835.0,3.5,True,2024,12,4,Sunday,Medium Value
CUST003469,Mateus Oliveira,mateus.oliveira@provedor.com.br,48.0,masculino,Campinas,SP,2024-12-15,6996.0,8,1898.0,4.0,True,2024,12,4,Sunday,Medium Value
CUST004912,Kaique Pimenta,kaique.pimenta@provedor.com.br,42.0,masculino,Sorocaba,SP,2024-12-16,2131.0,3,728.0,4.1,True,2024,12,4,Monday,Low Value
CUST001607,Alana Oliveira,alana.oliveira@mail.com,37.0,feminino,Santos,SP,2024-12-16,3909.0,6,1498.0,3.6,True,2024,12,4,Monday,Medium Value
CUST002669,Eloá Almeida,eloa.almeida@email.com,39.0,feminino,São Paulo,SP,2024-12-16,2778.0,3,812.0,3.7,True,2024,12,4,Monday,Low Value
CUST002280,José Pedro Araújo,jose.pedro.araujo@email.com,47.0,masculino,Belo Horizonte,MG,2024-12-16,4093.0,9,1683.0,3.8,True,2024,12,4,Monday,Medium Value
CUST004482,Henry Fernandes,henry.fernandes@webmail.com,46.0,masculino,Petrópolis,RJ,2024-12-16,1871.0,8,1771.0,4.6,True,2024,12,4,Monday,Medium Value
CUST002379,Paulo Fernandes,paulo.fernandes@mail.com,38.0,masculino,Vitória da Conquista,BA,2024-12-18,1826.0,7,1681.0,2.8,True,2024,12,4,Wednesday,Medium Value
CUST000212,Maria Julia Fernandes,maria.julia.fernandes@mail.com,46.0,feminino,Ribeirão Preto,SP,2024-12-19,3076.0,9,2582.0,4.5,True,2024,12,4,Thursday,High Value
CUST003701,Henry Gabriel Aparecida,henry.gabriel.aparecida@email.com,27.0,masculino,Várzea Grande,MT,2024-12-19,3921.0,7,2025.0,2.6,True,2024,12,4,Thursday,Medium Value
CUST001525,Dra. Helena Costa,dra..helena.costa@webmail.com,31.0,feminino,Londrina,PR,2024-12-19,2939.0,5,883.0,4.6,True,2024,12,4,Thursday,Low Value
CUST000739,Sr. Gabriel Almeida,sr..gabriel.almeida@email.com,49.0,masculino,Feira de Santana,BA,2024-12-19,6643.0,9,2863.0,3.2,True,2024,12,4,Thursday,High Value
CUST000955,Enzo Gabriel Carvalho,enzo.gabriel.carvalho@correio.net,65.0,masculino,Belém,PA,2024-12-19,5127.0,8,2297.0,4.7,True,2024,12,4,Thursday,High Value
CUST004047,Maria Sophia Porto,maria.sophia.porto@provedor.com.br,29.0,feminino,Sorocaba,SP,2024-12-20,3094.0,2,478.0,4.4,True,2024,12,4,Friday,Low Value
CUST003718,Gustavo Pacheco,gustavo.pacheco@provedor.com.br,28.0,masculino,Vitória da Conquista,BA,2024-12-20,2359.0,9,2702.0,3.0,True,2024,12,4,Friday,High Value
CUST004273,Srta. Bella Andrade,srta..bella.andrade@correio.net,35.0,feminino,Ananindeua,PA,2024-12-20,6805.0,3,1224.0,3.5,True,2024,12,4,Friday,Low Value
CUST000223,Ana Júlia Ferreira,ana.julia.ferreira@provedor.com.br,52.0,feminino,Sobral,CE,2024-12-21,4827.0,11,2762.0,4.0,True,2024,12,4,Saturday,High Value
CUST000751,Henry Gabriel Da Rosa,henry.gabriel.da.rosa@email.com,33.0,masculino,Caxias do Sul,RS,2024-12-21,1875.0,5,980.0,4.0,True,2024,12,4,Saturday,Low Value
CUST004137,Stephany Da Rocha,stephany.da.rocha@webmail.com,41.0,feminino,Ribeirão Preto,SP,2024-12-21,3016.0,5,852.0,2.2,True,2024,12,4,Saturday,Low Value
CUST004069,Sra. Bella Casa Grande,sra..bella.casa.grande@webmail.com,27.0,feminino,Uberlândia,MG,2024-12-21,3313.0,5,1525.0,3.3,True,2024,12,4,Saturday,Medium Value
CUST002756,Sr. Pedro Miguel Vieira,sr..pedro.miguel.vieira@mail.com,42.0,masculino,Santos,SP,2024-12-21,2570.0,7,2147.0,4.6,True,2024,12,4,Saturday,High Value
CUST002094,Sr. Davi Borges,sr..davi.borges@correio.net,62.0,masculino,Cuiabá,MT,2024-12-21,4274.0,9,3375.0,4.5,True,2024,12,4,Saturday,High Value
CUST002640,Calebe Teixeira,calebe.teixeira@email.com,38.0,masculino,Olinda,PE,2024-12-21,2670.0,7,1540.0,3.9,True,2024,12,4,Saturday,Medium Value
CUST003045,Luna Da Luz,luna.da.luz@provedor.com.br,46.0,outro,Sobral,CE,2024-12-22,4287.0,9,2420.0,3.2,True,2024,12,4,Sunday,High Value
CUST001934,Ana Beatriz Oliveira,ana.beatriz.oliveira@correio.net,54.0,feminino,unknown,SP,2024-12-22,2360.0,10,2331.0,3.3,True,2024,12,4,Sunday,High Value
CUST001309,Vitor Gabriel Rodrigues,vitor.gabriel.rodrigues@email.com,36.0,masculino,Caruaru,PE,2024-12-22,3637.0,6,2159.0,4.3,True,2024,12,4,Sunday,High Value
CUST001381,Sr. Gabriel Fernandes,sr..gabriel.fernandes@email.com,43.0,masculino,unknown,PR,2024-12-22,3113.0,8,1700.0,3.3,True,2024,12,4,Sunday,Medium Value
CUST004706,Pedro Henrique Borges,pedro.henrique.borges@correio.net,18.0,masculino,Sobral,CE,2024-12-22,2848.0,15,1089.0,4.7,True,2024,12,4,Sunday,Low Value
CUST000291,Srta. Giovanna Pires,srta..giovanna.pires@provedor.com.br,38.0,feminino,Niterói,RJ,2024-12-23,4346.0,8,2611.0,3.5,True,2024,12,4,Monday,High Value
CUST003311,Isaque Costa,isaque.costa@email.com,56.0,masculino,Santos,SP,2024-12-23,2151.0,5,1418.0,4.1,True,2024,12,4,Monday,Medium Value
CUST003923,Ísis Brito,isis.brito@correio.net,45.0,feminino,Santos,SP,2024-12-23,7993.0,9,2409.0,4.4,True,2024,12,4,Monday,High Value
CUST002934,Eduardo Ramos,eduardo.ramos@correio.net,36.0,masculino,Pelotas,RS,2024-12-23,2474.0,9,1794.0,2.2,True,2024,12,4,Monday,Medium Value
CUST003455,Matheus Vargas,matheus.vargas@correio.net,45.0,masculino,Feira de Santana,BA,2024-12-23,2557.0,2,542.0,2.9,True,2024,12,4,Monday,Low Value
CUST003630,Ana Beatriz Castro,ana.beatriz.castro@webmail.com,43.0,feminino,Anápolis,GO,2024-12-23,4167.0,7,2180.0,4.2,True,2024,12,4,Monday,High Value
CUST002703,Sra. Maya Jesus,sra..maya.jesus@webmail.com,52.0,feminino,unknown,RS,2024-12-23,4271.0,8,2435.0,3.9,True,2024,12,4,Monday,High Value
CUST001436,Carlos Eduardo Ribeiro,carlos.eduardo.ribeiro@provedor.com.br,49.0,masculino,Recife,PE,2024-12-23,4012.0,6,1071.0,5.0,True,2024,12,4,Monday,Low Value
CUST004189,Josué Costela,josue.costela@webmail.com,61.0,masculino,São Paulo,SP,2024-12-23,3258.0,9,1392.0,4.7,True,2024,12,4,Monday,Medium Value
CUST000653,Ana Sophia Machado,ana.sophia.machado@correio.net,31.0,feminino,Serra,ES,2024-12-24,5281.0,12,2698.0,4.7,True,2024,12,4,Tuesday,High Value
CUST004313,João Lucas Pimenta,joao.lucas.pimenta@provedor.com.br,59.0,masculino,Sorocaba,SP,2024-12-24,6278.0,12,3098.0,3.0,True,2024,12,4,Tuesday,High Value
CUST000462,Maria Fernanda Cassiano,maria.fernanda.cassiano@email.com,62.0,feminino,Petrópolis,RJ,2024-12-24,3660.0,4,674.0,4.3,True,2024,12,4,Tuesday,Low Value
CUST004696,Murilo Vargas,murilo.vargas@correio.net,42.0,masculino,Brasília,DF,2024-12-24,1660.0,8,792.0,4.3,True,2024,12,4,Tuesday,Low Value
CUST002526,Evelyn Mendonça,evelyn.mendonca@webmail.com,44.0,feminino,Brasília,DF,2024-12-24,2005.0,3,790.0,4.4,True,2024,12,4,Tuesday,Low Value
CUST003033,Manuela Lopes,manuela.lopes@mail.com,18.0,feminino,Ananindeua,PA,2024-12-25,2761.0,8,2733.0,4.7,True,2024,12,4,Wednesday,High Value
CUST000456,Carlos Eduardo Vieira,carlos.eduardo.vieira@correio.net,18.0,masculino,Salvador,BA,2024-12-25,3717.0,9,2359.0,3.7,True,2024,12,4,Wednesday,High Value
CUST004090,Yasmin Brito,yasmin.brito@email.com,41.0,feminino,unknown,PE,2024-12-25,4632.0,5,1198.0,3.6,True,2024,12,4,Wednesday,Low Value
CUST001735,Sabrina Macedo,sabrina.macedo@provedor.com.br,22.0,feminino,São Paulo,SP,2024-12-25,5239.0,8,2392.0,4.0,True,2024,12,4,Wednesday,High Value
CUST003569,Sra. Rebeca Brito,sra..rebeca.brito@mail.com,37.0,outro,Londrina,PR,2024-12-26,3500.0,9,2690.0,3.9,True,2024,12,4,Thursday,High Value
CUST001894,Gael Henrique Fonseca,gael.henrique.fonseca@mail.com,49.0,outro,Sorocaba,SP,2024-12-26,3068.0,8,2248.0,5.0,True,2024,12,4,Thursday,High Value
CUST003183,Caroline Vieira,caroline.vieira@provedor.com.br,24.0,feminino,Uberlândia,MG,2024-12-26,7841.0,11,4870.0,3.5,True,2024,12,4,Thursday,High Value
CUST000839,Antony Da Costa,antony.da.costa@provedor.com.br,18.0,masculino,Caruaru,PE,2024-12-26,3481.0,6,2082.0,2.4,True,2024,12,4,Thursday,High Value
CUST004641,Cecilia Nunes,cecilia.nunes@provedor.com.br,31.0,feminino,Rio Verde,GO,2024-12-27,3313.0,9,1985.0,2.8,True,2024,12,4,Friday,Medium Value
CUST005035,Dr. Yuri Cardoso,dr..yuri.cardoso@correio.net,25.0,masculino,Recife,PE,2024-12-27,3911.0,4,575.0,4.3,True,2024,12,4,Friday,Low Value
CUST003583,Kamilly Lima,kamilly.lima@mail.com,51.0,feminino,unknown,SP,2024-12-28,3313.5,10,1923.0,4.1,True,2024,12,4,Saturday,Medium Value
CUST001694,Allana Costa,allana.costa@webmail.com,38.0,feminino,Manaus,AM,2024-12-28,1456.0,3,720.0,4.5,True,2024,12,4,Saturday,Low Value
CUST003657,Paulo Mendes,paulo.mendes@provedor.com.br,25.0,masculino,Parintins,AM,2024-12-28,2191.0,3,725.0,4.9,True,2024,12,4,Saturday,Low Value
CUST000155,João Andrade,joao.andrade@mail.com,42.0,masculino,unknown,AM,2024-12-29,3326.0,472,3280.0,3.8,True,2024,12,4,Sunday,High Value
CUST003106,Stella Martins,stella.martins@provedor.com.br,38.0,feminino,Olinda,PE,2024-12-29,4217.0,8,2042.0,4.7,True,2024,12,4,Sunday,High Value
CUST002316,Ana Lívia Albuquerque,ana.livia.albuquerque@webmail.com,28.0,feminino,unknown,BA,2024-12-29,5761.0,6,1743.0,3.0,True,2024,12,4,Sunday,Medium Value
CUST004131,Gabriel Aparecida,gabriel.aparecida@email.com,18.0,masculino,Sorocaba,SP,2024-12-29,1336.0,5,999.0,3.6,True,2024,12,4,Sunday,Low Value
CUST001177,Samuel Araújo,samuel.araujo@webmail.com,26.0,masculino,Rio de Janeiro,RJ,2024-12-29,2971.0,13,884.0,3.9,True,2024,12,4,Sunday,Low Value
CUST002796,Sra. Caroline Novais,sra..caroline.novais@webmail.com,48.0,feminino,Duque de Caxias,RJ,2024-12-30,5941.0,10,3099.0,3.3,True,2024,12,4,Monday,High Value
CUST002341,Dr. Pietro Almeida,dr..pietro.almeida@mail.com,41.0,masculino,Santos,SP,2024-12-30,7884.0,12,2534.0,4.6,True,2024,12,4,Monday,High Value
CUST002970,Otávio Montenegro,otavio.montenegro@correio.net,46.0,masculino,Pelotas,RS,2024-12-30,2468.0,2,399.0,3.8,True,2024,12,4,Monday,Low Value
CUST004760,Sr. João Guilherme Montenegro,sr..joao.guilherme.montenegro@correio.net,55.0,masculino,Contagem,MG,2024-12-30,7301.0,8,3207.0,4.0,True,2024,12,4,Monday,High Value
CUST002333,Emanuelly Macedo,emanuelly.macedo@webmail.com,51.0,feminino,Belém,PA,2024-12-30,2746.0,6,1167.0,4.0,True,2024,12,4,Monday,Low Value
CUST003077,Lucas Almeida,lucas.almeida@email.com,30.0,masculino,Pelotas,RS,2024-12-31,3448.0,16,1253.0,4.2,True,2024,12,4,Tuesday,Low Value
CUST000942,Bianca Borges,bianca.borges@email.com,28.0,feminino,Joinville,SC,2024-12-31,2019.0,4,876.0,4.3,True,2024,12,4,Tuesday,Low Value
CUST004534,Lorenzo Sales,lorenzo.sales@webmail.com,28.0,masculino,Várzea Grande,MT,2024-12-31,3351.0,7,1052.0,4.6,True,2024,12,4,Tuesday,Low Value
CUST004343,Luara Azevedo,luara.azevedo@mail.com,47.0,feminino,Anápolis,GO,2024-12-31,4558.0,6,1759.0,3.6,True,2024,12,4,Tuesday,Medium Value
CUST001922,Sofia Garcia,sofia.garcia@mail.com,40.0,feminino,Pelotas,RS,2025-01-01,3198.0,9,1540.0,4.0,True,2025,1,1,Wednesday,Medium Value
CUST001299,Mathias Cirino,mathias.cirino@correio.net,42.0,masculino,Sorocaba,SP,2025-01-01,4298.0,10,2163.0,3.4,True,2025,1,1,Wednesday,High Value
CUST004124,Pedro Fonseca,pedro.fonseca@email.com,30.0,masculino,São Paulo,SP,2025-01-01,3213.0,11,3640.0,5.0,True,2025,1,1,Wednesday,High Value
CUST002958,Nathan Machado,nathan.machado@webmail.com,32.0,masculino,Santos,SP,2025-01-01,4828.0,10,2205.0,3.8,True,2025,1,1,Wednesday,High Value
CUST001661,Yago Nunes,yago.nunes@provedor.com.br,18.0,masculino,Ananindeua,PA,2025-01-01,5487.0,7,1583.0,5.0,True,2025,1,1,Wednesday,Medium Value
CUST004545,Danilo Andrade,danilo.andrade@webmail.com,39.0,masculino,Joinville,SC,2025-01-02,2805.0,6,1426.0,3.3,True,2025,1,1,Thursday,Medium Value
CUST000083,Maitê Caldeira,maite.caldeira@webmail.com,60.0,feminino,unknown,PE,2025-01-02,4559.0,7,1790.0,2.7,True,2025,1,1,Thursday,Medium Value
CUST001449,Brenda Oliveira,brenda.oliveira@provedor.com.br,30.0,feminino,Vitória,ES,2025-01-02,2559.0,8,2321.0,4.0,True,2025,1,1,Thursday,High Value
CUST001251,Marcelo Santos,marcelo.santos@mail.com,46.0,masculino,Porto Alegre,RS,2025-01-03,3953.0,6,1630.0,5.0,True,2025,1,1,Friday,Medium Value
CUST004444,Thiago Farias,thiago.farias@mail.com,31.0,masculino,Salvador,BA,2025-01-03,2285.0,5,1084.0,4.6,True,2025,1,1,Friday,Low Value
CUST002955,Dra. Liz Silveira,dra..liz.silveira@email.com,34.0,feminino,Belo Horizonte,MG,2025-01-04,2240.0,3,355.0,4.2,True,2025,1,1,Saturday,Low Value
CUST002349,Agatha Gomes,agatha.gomes@provedor.com.br,43.0,feminino,Uberlândia,MG,2025-01-04,3831.0,9,2000.0,4.2,True,2025,1,1,Saturday,Medium Value
CUST000741,Noah Sales,noah.sales@webmail.com,28.0,masculino,Ribeirão Preto,SP,2025-01-04,2143.0,9,2454.0,4.3,True,2025,1,1,Saturday,High Value
CUST003827,Maria Alice Sá,maria.alice.sa@webmail.com,32.0,feminino,Ananindeua,PA,2025-01-04,3787.0,9,2813.0,5.0,True,2025,1,1,Saturday,High Value
CUST004059,Ryan Caldeira,ryan.caldeira@correio.net,56.0,masculino,Porto Alegre,RS,2025-01-05,2977.0,9,1344.0,4.1,True,2025,1,1,Sunday,Medium Value
CUST004374,Theodoro Oliveira,theodoro.oliveira@email.com,23.0,masculino,Cuiabá,MT,2025-01-05,4738.0,5,1337.0,2.9,True,2025,1,1,Sunday,Medium Value
CUST002417,Luan Da Conceição,luan.da.conceicao@provedor.com.br,47.0,outro,Salvador,BA,2025-01-05,5254.0,8,1791.0,5.0,True,2025,1,1,Sunday,Medium Value
CUST002191,João Miguel Oliveira,joao.miguel.oliveira@provedor.com.br,24.0,masculino,Vitória da Conquista,BA,2025-01-05,1888.0,14,4025.0,4.5,True,2025,1,1,Sunday,High Value
CUST000081,Nina Siqueira,nina.siqueira@webmail.com,38.0,feminino,Caxias do Sul,RS,2025-01-05,4063.0,4,1480.0,4.3,True,2025,1,1,Sunday,Medium Value
CUST004764,Davi Lucca Da Mota,davi.lucca.da.mota@webmail.com,37.0,masculino,Cuiabá,MT,2025-01-05,5771.0,3,711.0,4.9,True,2025,1,1,Sunday,Low Value
CUST002385,Maria Vitória Cavalcante,maria.vitoria.cavalcante@correio.net,33.0,feminino,Anápolis,GO,2025-01-05,6614.0,9,2806.0,3.9,True,2025,1,1,Sunday,High Value
CUST004874,Zoe Barros,zoe.barros@email.com,47.0,feminino,Cuiabá,MT,2025-01-05,3907.0,10,1577.0,4.3,True,2025,1,1,Sunday,Medium Value
CUST000135,Diogo Lopes,diogo.lopes@email.com,55.0,masculino,Brasília,DF,2025-01-06,5621.0,4,1293.0,4.1,True,2025,1,1,Monday,Low Value
CUST001046,Sabrina Novaes,sabrina.novaes@provedor.com.br,25.0,outro,unknown,MT,2025-01-06,3351.0,2,532.0,3.9,True,2025,1,1,Monday,Low Value
CUST004577,Kamilly Sousa,kamilly.sousa@provedor.com.br,40.0,feminino,Serra,ES,2025-01-06,6236.0,6,2722.0,5.0,True,2025,1,1,Monday,High Value
CUST001320,Miguel Novaes,miguel.novaes@correio.net,47.0,masculino,Campinas,SP,2025-01-06,2120.0,15,2412.0,3.7,True,2025,1,1,Monday,High Value
CUST001895,Helena Camargo,helena.camargo@email.com,18.0,feminino,Londrina,PR,2025-01-06,900.0,6,935.0,3.0,True,2025,1,1,Monday,Low Value
CUST004115,Raquel Da Cunha,raquel.da.cunha@email.com,82.0,feminino,Sobral,CE,2025-01-07,5578.0,7,2258.0,4.0,True,2025,1,1,Tuesday,High Value
CUST002063,Sra. Catarina Montenegro,sra..catarina.montenegro@provedor.com.br,18.0,feminino,Rio Verde,GO,2025-01-07,2374.0,8,1982.0,5.0,True,2025,1,1,Tuesday,Medium Value
CUST001122,Allana Pastor,allana.pastor@mail.com,65.0,feminino,Duque de Caxias,RJ,2025-01-07,3610.0,10,2111.0,4.2,True,2025,1,1,Tuesday,High Value
CUST003545,Isaac Andrade,isaac.andrade@email.com,40.0,outro,Niterói,RJ,2025-01-07,4180.0,7,1575.0,4.1,True,2025,1,1,Tuesday,Medium Value
CUST002269,Nina Moreira,nina.moreira@webmail.com,53.0,feminino,Niterói,RJ,2025-01-08,3233.0,8,2559.0,4.2,True,2025,1,1,Wednesday,High Value
CUST001782,Davi Lucas Aragão,davi.lucas.aragao@email.com,61.0,masculino,unknown,SP,2025-01-08,2280.0,12,2568.0,2.9,True,2025,1,1,Wednesday,High Value
CUST001958,Isabella Nunes,isabella.nunes@correio.net,45.0,feminino,Olinda,PE,2025-01-08,7976.0,8,3150.0,3.6,True,2025,1,1,Wednesday,High Value
CUST001113,Sophia Correia,sophia.correia@email.com,32.0,feminino,Santos,SP,2025-01-08,3313.5,7,907.0,4.8,True,2025,1,1,Wednesday,Low Value
CUST000890,Yago Mendonça,yago.mendonca@mail.com,40.0,masculino,Niterói,RJ,2025-01-08,2808.0,9,2348.0,3.2,True,2025,1,1,Wednesday,High Value
CUST000541,João Miguel Gomes,joao.miguel.gomes@correio.net,25.0,masculino,Brasília,DF,2025-01-09,3835.0,5,701.0,4.0,True,2025,1,1,Thursday,Low Value
CUST004863,Alice Rios,alice.rios@webmail.com,31.0,feminino,Salvador,BA,2025-01-10,2638.0,5,814.0,3.3,True,2025,1,1,Friday,Low Value
CUST002276,Olivia Oliveira,olivia.oliveira@webmail.com,61.0,feminino,Duque de Caxias,RJ,2025-01-10,2208.0,2,152852.0,4.0,True,2025,1,1,Friday,High Value
CUST001414,Luana Cardoso,luana.cardoso@mail.com,38.0,feminino,Cuiabá,MT,2025-01-11,1715.0,2,237.0,4.0,True,2025,1,1,Saturday,Low Value
CUST004408,Melissa Jesus,melissa.jesus@provedor.com.br,38.0,feminino,Goiânia,GO,2025-01-11,3764.0,12,3140.0,3.6,True,2025,1,1,Saturday,High Value
CUST004018,Camila Machado,camila.machado@email.com,44.0,feminino,Brasília,DF,2025-01-11,3603.0,11,2397.0,4.0,True,2025,1,1,Saturday,High Value
CUST004354,Sra. Ágatha Silva,sra..agatha.silva@provedor.com.br,70.0,feminino,Brasília,DF,2025-01-11,5758.0,7,1369.0,3.8,True,2025,1,1,Saturday,Medium Value
CUST004403,Luiz Gustavo Cardoso,luiz.gustavo.cardoso@provedor.com.br,58.0,masculino,Olinda,PE,2025-01-12,6282.0,5,1372.0,5.0,True,2025,1,1,Sunday,Medium Value
CUST000922,Ana Beatriz Cavalcanti,ana.beatriz.cavalcanti@email.com,43.0,outro,Ribeirão Preto,SP,2025-01-12,4267.0,6,1580.0,2.0,True,2025,1,1,Sunday,Medium Value
CUST004498,Cauã Montenegro,caua.montenegro@email.com,47.0,masculino,Curitiba,PR,2025-01-12,3020.0,5,1215.0,4.6,True,2025,1,1,Sunday,Low Value
CUST002854,Rhavi Da Rosa,rhavi.da.rosa@email.com,38.0,masculino,Blumenau,SC,2025-01-12,3527.0,7,2358.0,4.3,True,2025,1,1,Sunday,High Value
CUST000290,Bento Pimenta,bento.pimenta@webmail.com,36.0,masculino,Brasília,DF,2025-01-12,3430.0,4,1278.0,3.5,True,2025,1,1,Sunday,Low Value
CUST004235,Bianca Sampaio,bianca.sampaio@email.com,27.0,feminino,Feira de Santana,BA,2025-01-13,4683.0,6,2054.0,5.0,True,2025,1,1,Monday,High Value
CUST001967,Daniela Brito,daniela.brito@provedor.com.br,18.0,feminino,Juiz de Fora,MG,2025-01-13,3193.0,3,779.0,5.0,True,2025,1,1,Monday,Low Value
CUST000154,José Pedro Cavalcanti,jose.pedro.cavalcanti@correio.net,72.0,masculino,Juiz de Fora,MG,2025-01-14,2525.0,8,1525.0,4.7,True,2025,1,1,Tuesday,Medium Value
CUST000693,Cecília Dias,cecilia.dias@webmail.com,33.0,feminino,Brasília,DF,2025-01-14,4819.0,8,2282.0,4.4,True,2025,1,1,Tuesday,High Value
CUST002171,Luigi Mendes,luigi.mendes@provedor.com.br,41.0,masculino,Santos,SP,2025-01-14,4287.0,628,2256.0,4.7,True,2025,1,1,Tuesday,High Value
CUST000047,Manuela Camargo,manuela.camargo@mail.com,18.0,feminino,Serra,ES,2025-01-14,5012.0,8,2967.0,4.3,True,2025,1,1,Tuesday,High Value
CUST001076,Maria Laura Cunha,maria.laura.cunha@mail.com,39.0,feminino,Sobral,CE,2025-01-14,3602.0,15,1795.0,4.9,True,2025,1,1,Tuesday,Medium Value
CUST003200,Maria Liz Porto,maria.liz.porto@provedor.com.br,33.0,feminino,Ribeirão Preto,SP,2025-01-14,5048.0,8,1984.0,4.2,True,2025,1,1,Tuesday,Medium Value
CUST000017,Bruno Novaes,bruno.novaes@correio.net,32.0,masculino,Belém,PA,2025-01-14,4524.0,8,2192.0,3.1,True,2025,1,1,Tuesday,High Value
CUST004221,Dra. Valentina Da Luz,dra..valentina.da.luz@email.com,43.0,feminino,Curitiba,PR,2025-01-14,4755.0,6,1287.0,3.5,True,2025,1,1,Tuesday,Low Value
CUST002531,Luiz Fernando Das Neves,luiz.fernando.das.neves@webmail.com,48.0,masculino,São Paulo,SP,2025-01-15,2487.0,12,3290.0,4.5,True,2025,1,1,Wednesday,High Value
CUST001978,Lívia Ferreira,livia.ferreira@mail.com,48.0,feminino,Goiânia,GO,2025-01-15,5345.0,8,2802.0,4.0,True,2025,1,1,Wednesday,High Value
CUST003356,Srta. Gabrielly Cardoso,srta..gabrielly.cardoso@mail.com,26.0,feminino,Sorocaba,SP,2025-01-15,1350.0,4,771.0,4.8,True,2025,1,1,Wednesday,Low Value
CUST004921,Leandro Farias,leandro.farias@webmail.com,53.0,outro,Caxias do Sul,RS,2025-01-16,2980.0,8,2022.0,4.4,True,2025,1,1,Thursday,Medium Value
CUST000538,Srta. Ana Cecília Da Cruz,srta..ana.cecilia.da.cruz@webmail.com,47.0,feminino,Joinville,SC,2025-01-16,3527.0,5,1267.0,4.8,True,2025,1,1,Thursday,Low Value
CUST001091,Ayla Santos,ayla.santos@email.com,38.0,outro,Feira de Santana,BA,2025-01-16,2405.0,8,2095.0,4.3,True,2025,1,1,Thursday,High Value
CUST002510,Amanda Guerra,amanda.guerra@mail.com,46.0,feminino,Cuiabá,MT,2025-01-18,2547.0,5,1137.0,3.0,True,2025,1,1,Saturday,Low Value
CUST004297,Ísis Costela,isis.costela@email.com,38.0,feminino,Santos,SP,2025-01-18,2714.0,7,1630.0,5.0,True,2025,1,1,Saturday,Medium Value
CUST001037,Davi Luiz Correia,davi.luiz.correia@email.com,33.0,masculino,Juiz de Fora,MG,2025-01-18,2291.0,8,1643.0,4.0,True,2025,1,1,Saturday,Medium Value
CUST003666,Pedro Cirino,pedro.cirino@mail.com,38.0,masculino,Belo Horizonte,MG,2025-01-18,2041.0,10,2027.0,4.0,True,2025,1,1,Saturday,Medium Value
CUST002421,Brayan Melo,brayan.melo@webmail.com,24.0,masculino,Duque de Caxias,RJ,2025-01-19,900.0,7,1839.0,3.3,True,2025,1,1,Sunday,Medium Value
CUST004825,Maria Luísa Moreira,maria.luisa.moreira@mail.com,18.0,feminino,Porto Alegre,RS,2025-01-19,3147.0,6,1299.0,5.0,True,2025,1,1,Sunday,Low Value
CUST002794,Sofia Pinto,sofia.pinto@correio.net,49.0,feminino,unknown,RS,2025-01-19,3689.0,7,1953.0,4.7,True,2025,1,1,Sunday,Medium Value
CUST003050,João Felipe Araújo,joao.felipe.araujo@webmail.com,34.0,masculino,Várzea Grande,MT,2025-01-19,370810.0,8,1211.0,3.6,True,2025,1,1,Sunday,Low Value
CUST002702,Clarice Souza,clarice.souza@webmail.com,20.0,feminino,Juazeiro do Norte,CE,2025-01-19,2853.0,9,1836.0,4.4,True,2025,1,1,Sunday,Medium Value
CUST003275,Manuella Sampaio,manuella.sampaio@provedor.com.br,31.0,feminino,Londrina,PR,2025-01-20,3358.0,4,1132.0,2.3,True,2025,1,1,Monday,Low Value
CUST003288,Ana Clara Martins,ana.clara.martins@correio.net,26.0,feminino,Uberlândia,MG,2025-01-20,1811.0,6,841.0,3.7,True,2025,1,1,Monday,Low Value
CUST000198,Lucas Gabriel Dias,lucas.gabriel.dias@correio.net,29.0,masculino,São Paulo,SP,2025-01-21,3076.0,7,1919.0,3.2,True,2025,1,1,Tuesday,Medium Value
CUST003239,Davi Lucas Das Neves,davi.lucas.das.neves@webmail.com,58.0,masculino,Sorocaba,SP,2025-01-22,4294.0,7,1930.0,4.1,True,2025,1,1,Wednesday,Medium Value
CUST003730,Beatriz Silveira,beatriz.silveira@correio.net,18.0,feminino,Belém,PA,2025-01-22,1976.0,7,754.0,3.2,True,2025,1,1,Wednesday,Low Value
CUST001698,Ana Carolina Viana,ana.carolina.viana@correio.net,48.0,outro,Londrina,PR,2025-01-22,4059.0,5,1367.0,5.0,True,2025,1,1,Wednesday,Medium Value
CUST003207,Juan Macedo,juan.macedo@mail.com,18.0,outro,Brasília,DF,2025-01-23,3177.0,14,2718.0,3.3,True,2025,1,1,Thursday,High Value
CUST004384,Pedro Miguel Siqueira,pedro.miguel.siqueira@correio.net,18.0,masculino,Contagem,MG,2025-01-23,2797.0,6,1163.0,3.9,True,2025,1,1,Thursday,Low Value
CUST003402,Aurora Caldeira,aurora.caldeira@email.com,51.0,feminino,Salvador,BA,2025-01-23,1846.0,6,738.0,5.0,True,2025,1,1,Thursday,Low Value
CUST000598,Maria Da Costa,maria.da.costa@mail.com,38.0,feminino,Brasília,DF,2025-01-24,2399.0,8,2745.0,3.7,True,2025,1,1,Friday,High Value
CUST002403,Nicole Vargas,nicole.vargas@email.com,36.0,feminino,Rio de Janeiro,RJ,2025-01-24,3224.0,5,1371.0,3.9,True,2025,1,1,Friday,Medium Value
CUST003521,Maya Da Rosa,maya.da.rosa@webmail.com,36.0,feminino,Petrópolis,RJ,2025-01-25,3357.5,7,2372.0,4.0,True,2025,1,1,Saturday,High Value
CUST001347,Gabriela Araújo,gabriela.araujo@mail.com,42.0,feminino,Belém,PA,2025-01-25,2464.0,10,1979.0,4.6,True,2025,1,1,Saturday,Medium Value
CUST003675,Aurora Caldeira,aurora.caldeira@mail.com,18.0,outro,Duque de Caxias,RJ,2025-01-25,4371.0,10,3206.0,2.7,True,2025,1,1,Saturday,High Value
CUST003064,Rodrigo Da Mata,rodrigo.da.mata@email.com,39.0,masculino,Manaus,AM,2025-01-25,2967.0,6,2082.0,4.9,True,2025,1,1,Saturday,High Value
CUST002331,Mateus Gomes,mateus.gomes@provedor.com.br,61.0,masculino,Ananindeua,PA,2025-01-26,7024.0,11,3823.0,3.1,True,2025,1,1,Sunday,High Value
CUST003881,Bento Fonseca,bento.fonseca@webmail.com,53.0,masculino,Anápolis,GO,2025-01-26,4362.0,9,1910.0,4.6,True,2025,1,1,Sunday,Medium Value
CUST002781,João Miguel Siqueira,joao.miguel.siqueira@email.com,40.0,masculino,Uberlândia,MG,2025-01-26,7124.0,10,3299.0,3.9,True,2025,1,1,Sunday,High Value
CUST001175,Sra. Lorena Caldeira,sra..lorena.caldeira@email.com,18.0,feminino,Serra,ES,2025-01-27,5049.0,13,3860.0,3.7,True,2025,1,1,Monday,High Value
CUST004212,Luiz Henrique Montenegro,luiz.henrique.montenegro@provedor.com.br,18.0,outro,Brasília,DF,2025-01-28,2782.0,8,1769.0,4.0,True,2025,1,1,Tuesday,Medium Value
CUST000107,Stephany Dias,stephany.dias@webmail.com,30.0,feminino,Ribeirão Preto,SP,2025-01-28,3313.5,8,1367.0,3.8,True,2025,1,1,Tuesday,Medium Value
CUST003327,Henrique Jesus,henrique.jesus@webmail.com,59.0,masculino,Brasília,DF,2025-01-28,7071.0,11,3337.0,3.4,True,2025,1,1,Tuesday,High Value
CUST003729,Rafael Ramos,rafael.ramos@email.com,36.0,masculino,Cuiabá,MT,2025-01-29,2158.0,5,1091.0,4.1,True,2025,1,1,Wednesday,Low Value
CUST000013,Cauã Borges,caua.borges@mail.com,38.0,masculino,Vitória,ES,2025-01-29,4500.0,8,2411.0,4.2,True,2025,1,1,Wednesday,High Value
CUST003709,Nicolas Pimenta,nicolas.pimenta@correio.net,49.0,masculino,Brasília,DF,2025-01-29,4115.0,8,1657.0,4.4,True,2025,1,1,Wednesday,Medium Value
CUST001430,Alícia Aragão,alicia.aragao@email.com,41.0,feminino,Juiz de Fora,MG,2025-01-29,2789.0,3,913.0,4.4,True,2025,1,1,Wednesday,Low Value
CUST004043,Mateus Da Mata,mateus.da.mata@provedor.com.br,53.0,masculino,Belém,PA,2025-01-29,3509.0,5,906.0,4.8,True,2025,1,1,Wednesday,Low Value
CUST000460,Calebe Dias,calebe.dias@correio.net,38.0,masculino,Juazeiro do Norte,CE,2025-01-30,3602.0,6,735.0,4.0,True,2025,1,1,Thursday,Low Value
CUST000026,Srta. Yasmin Siqueira,srta..yasmin.siqueira@provedor.com.br,18.0,feminino,Porto Alegre,RS,2025-01-30,2194.0,7,689.0,5.0,True,2025,1,1,Thursday,Low Value
CUST000411,Luan Pimenta,luan.pimenta@email.com,32.0,masculino,Várzea Grande,MT,2025-01-30,5153.0,5,1655.0,3.1,True,2025,1,1,Thursday,Medium Value
CUST000151,Luiz Fernando Ramos,luiz.fernando.ramos@email.com,23.0,masculino,Santos,SP,2025-01-31,2424.0,5,1114.0,4.2,True,2025,1,1,Friday,Low Value
CUST004087,Josué Camargo,josue.camargo@correio.net,41.0,masculino,São Paulo,SP,2025-02-01,2592.0,7,1655.0,4.9,True,2025,2,1,Saturday,Medium Value
CUST004800,João Pedro Machado,joao.pedro.machado@mail.com,44.0,masculino,Belém,PA,2025-02-01,2775.0,10,2481.0,4.9,True,2025,2,1,Saturday,High Value
CUST004386,Sr. Luiz Miguel Rezende,sr..luiz.miguel.rezende@correio.net,46.0,outro,Londrina,PR,2025-02-02,7420.0,3,1181.0,4.9,True,2025,2,1,Sunday,Low Value
CUST002017,Cecília Sales,cecilia.sales@provedor.com.br,35.0,feminino,Sorocaba,SP,2025-02-02,3598.0,4,1555.0,3.0,True,2025,2,1,Sunday,Medium Value
CUST001769,Juliana Cirino,juliana.cirino@mail.com,24.0,outro,São Paulo,SP,2025-02-02,2753.0,5,1022.0,3.8,True,2025,2,1,Sunday,Low Value
CUST000687,Lavínia Ramos,lavinia.ramos@email.com,45.0,feminino,Caxias do Sul,RS,2025-02-02,5672.0,6,1353.0,4.5,True,2025,2,1,Sunday,Medium Value
CUST001772,Julia Costela,julia.costela@mail.com,43.0,feminino,Rio de Janeiro,RJ,2025-02-03,7272.0,7,2540.0,3.6,True,2025,2,1,Monday,High Value
CUST002691,Marina Ribeiro,marina.ribeiro@correio.net,28.0,feminino,Duque de Caxias,RJ,2025-02-03,8091.0,7,2166.0,3.4,True,2025,2,1,Monday,High Value
CUST000601,Valentina Nogueira,valentina.nogueira@email.com,40.0,feminino,Porto Alegre,RS,2025-02-03,2723.0,9,2071.0,3.4,True,2025,2,1,Monday,High Value
CUST004996,Camila Borges,camila.borges@webmail.com,38.0,feminino,Olinda,PE,2025-02-03,1664.0,10,2993.0,3.5,True,2025,2,1,Monday,High Value
CUST004342,Bruno Da Mota,bruno.da.mota@email.com,32.0,masculino,Goiânia,GO,2025-02-03,6725.0,12,4277.0,4.6,True,2025,2,1,Monday,High Value
CUST004933,Theodoro Macedo,theodoro.macedo@email.com,38.0,masculino,Campinas,SP,2025-02-03,3443.0,6,1834.0,4.2,True,2025,2,1,Monday,Medium Value
CUST004835,Daniel Silveira,daniel.silveira@correio.net,31.0,masculino,Duque de Caxias,RJ,2025-02-03,1775.0,6,1830.0,4.0,True,2025,2,1,Monday,Medium Value
CUST003066,Marcela Pires,marcela.pires@webmail.com,36.0,feminino,Juiz de Fora,MG,2025-02-03,3365.0,8,2288.0,4.0,True,2025,2,1,Monday,High Value
CUST003291,Sra. Evelyn Gonçalves,sra..evelyn.goncalves@email.com,44.0,feminino,Rio de Janeiro,RJ,2025-02-03,1827.0,9,1243.0,4.3,True,2025,2,1,Monday,Low Value
CUST003828,Maria Laura Montenegro,maria.laura.montenegro@provedor.com.br,33.0,feminino,unknown,PR,2025-02-04,3765.0,6,1880.0,4.3,True,2025,2,1,Tuesday,Medium Value
CUST002981,Bella Duarte,bella.duarte@webmail.com,49.0,feminino,Santos,SP,2025-02-04,2971.0,5,1107.0,3.5,True,2025,2,1,Tuesday,Low Value
CUST003516,Bárbara Camargo,barbara.camargo@mail.com,38.0,feminino,Brasília,DF,2025-02-04,1459.0,4,936.0,4.6,True,2025,2,1,Tuesday,Low Value
CUST002288,Anthony Gabriel Sousa,anthony.gabriel.sousa@webmail.com,36.0,masculino,Pelotas,RS,2025-02-05,4779.0,6,1552.0,4.0,True,2025,2,1,Wednesday,Medium Value
CUST002966,Thomas Novaes,thomas.novaes@provedor.com.br,49.0,masculino,Santos,SP,2025-02-05,2928.0,11,4150.0,4.5,True,2025,2,1,Wednesday,High Value
CUST003079,Alana Albuquerque,alana.albuquerque@webmail.com,37.0,feminino,Florianópolis,SC,2025-02-05,10800.0,12,4654.0,4.7,True,2025,2,1,Wednesday,High Value
CUST004817,Laís Azevedo,lais.azevedo@email.com,44.0,feminino,Juazeiro do Norte,CE,2025-02-05,1566.0,7,2022.0,3.9,True,2025,2,1,Wednesday,Medium Value
CUST002619,Maria Luísa Da Rocha,maria.luisa.da.rocha@email.com,40.0,outro,Brasília,DF,2025-02-06,3791.0,12,3518.0,4.0,True,2025,2,1,Thursday,High Value
CUST000056,Samuel Almeida,samuel.almeida@mail.com,34.0,masculino,Caruaru,PE,2025-02-06,2683.0,8,1068.0,5.0,True,2025,2,1,Thursday,Low Value
CUST000956,Liz Da Mata,liz.da.mata@mail.com,52.0,feminino,São Paulo,SP,2025-02-06,3832.0,7,2229.0,4.0,True,2025,2,1,Thursday,High Value
CUST002957,Vitória Pimenta,vitoria.pimenta@webmail.com,60.0,feminino,Juiz de Fora,MG,2025-02-06,3714.0,12,2937.0,2.8,True,2025,2,1,Thursday,High Value
CUST003939,Liam Farias,liam.farias@email.com,25.0,masculino,Fortaleza,CE,2025-02-07,4352.0,9,2109.0,4.2,True,2025,2,1,Friday,High Value
CUST004089,João Felipe Da Costa,joao.felipe.da.costa@email.com,33.0,masculino,Brasília,DF,2025-02-07,2292.0,17,1774.0,3.4,True,2025,2,1,Friday,Medium Value
CUST002929,Sofia Caldeira,sofia.caldeira@correio.net,73.0,feminino,Campinas,SP,2025-02-07,2627.0,9,2792.0,5.0,True,2025,2,1,Friday,High Value
CUST005059,Stephany Dias,stephany.dias@correio.net,29.0,feminino,Ribeirão Preto,SP,2025-02-07,2783.0,9,1357.0,4.0,True,2025,2,1,Friday,Medium Value
CUST004648,Dr. Enzo Gabriel Andrade,dr..enzo.gabriel.andrade@webmail.com,38.0,masculino,Belo Horizonte,MG,2025-02-07,6046.0,7,2471.0,3.7,True,2025,2,1,Friday,High Value
CUST004268,Sr. Isaac Monteiro,sr..isaac.monteiro@mail.com,43.0,outro,Ribeirão Preto,SP,2025-02-07,3023.0,10,1838.0,4.3,True,2025,2,1,Friday,Medium Value
CUST004750,Bruno Fernandes,bruno.fernandes@correio.net,23.0,masculino,Brasília,DF,2025-02-08,4949.0,8,1750.0,4.9,True,2025,2,1,Saturday,Medium Value
CUST000130,Julia Castro,julia.castro@provedor.com.br,32.0,feminino,Maringá,PR,2025-02-08,5713.0,10,2615.0,3.6,True,2025,2,1,Saturday,High Value
CUST001539,Ana Beatriz Fogaça,ana.beatriz.fogaca@correio.net,38.0,feminino,Belo Horizonte,MG,2025-02-09,3596.0,7,2204.0,4.0,True,2025,2,1,Sunday,High Value
CUST003098,Sr. Benício Pastor,sr..benicio.pastor@mail.com,55.0,masculino,Sorocaba,SP,2025-02-09,4625.0,1,243.0,4.3,True,2025,2,1,Sunday,Low Value
CUST002165,Rael Da Rosa,rael.da.rosa@email.com,30.0,masculino,Brasília,DF,2025-02-09,6510.0,8,2050.0,4.0,True,2025,2,1,Sunday,High Value
CUST000057,Luiz Miguel Das Neves,luiz.miguel.das.neves@webmail.com,28.0,masculino,Goiânia,GO,2025-02-09,1498.0,9,1869.0,4.9,True,2025,2,1,Sunday,Medium Value
CUST001346,Ana Cavalcanti,ana.cavalcanti@provedor.com.br,43.0,outro,Caruaru,PE,2025-02-09,12718.0,5,2246.0,3.6,True,2025,2,1,Sunday,High Value
CUST004531,Igor Araújo,igor.araujo@provedor.com.br,37.0,masculino,Campinas,SP,2025-02-10,3281.0,8,1857.0,4.1,True,2025,2,1,Monday,Medium Value
CUST001512,Sofia Carvalho,sofia.carvalho@correio.net,48.0,feminino,Curitiba,PR,2025-02-10,1711.0,6,977.0,4.1,True,2025,2,1,Monday,Low Value
CUST002283,Apollo Da Paz,apollo.da.paz@mail.com,38.0,masculino,Cuiabá,MT,2025-02-10,4027.0,7,2156.0,3.1,True,2025,2,1,Monday,High Value
CUST000038,Dr. Murilo Fonseca,dr..murilo.fonseca@correio.net,30.0,masculino,Joinville,SC,2025-02-10,1696.0,5,1325.0,3.2,True,2025,2,1,Monday,Medium Value
CUST000338,Sophia Santos,sophia.santos@mail.com,51.0,feminino,Manaus,AM,2025-02-10,3928.0,7,1495.0,3.0,True,2025,2,1,Monday,Medium Value
CUST004554,Gabrielly Pimenta,gabrielly.pimenta@provedor.com.br,42.0,feminino,Sobral,CE,2025-02-10,5568.0,9,2542.0,2.4,True,2025,2,1,Monday,High Value
CUST003503,Sr. Diogo Garcia,sr..diogo.garcia@email.com,52.0,masculino,Vitória da Conquista,BA,2025-02-11,2686.0,9,1188.0,3.1,True,2025,2,1,Tuesday,Low Value
CUST003683,Dr. Luiz Felipe Fonseca,dr..luiz.felipe.fonseca@provedor.com.br,41.0,masculino,Porto Alegre,RS,2025-02-11,7905.0,13,4815.0,4.3,True,2025,2,1,Tuesday,High Value
CUST002006,Guilherme Rodrigues,guilherme.rodrigues@provedor.com.br,46.0,masculino,Blumenau,SC,2025-02-11,2848.0,10,1850.0,4.0,True,2025,2,1,Tuesday,Medium Value
CUST004016,Sabrina Monteiro,sabrina.monteiro@email.com,23.0,feminino,Campinas,SP,2025-02-11,4931.0,5,1579.0,4.1,True,2025,2,1,Tuesday,Medium Value
CUST003957,Sr. Kaique Correia,sr..kaique.correia@provedor.com.br,18.0,masculino,Porto Alegre,RS,2025-02-11,900.0,5,1008.0,4.0,True,2025,2,1,Tuesday,Low Value
CUST003652,Evelyn Casa Grande,evelyn.casa.grande@email.com,32.0,feminino,Caruaru,PE,2025-02-11,7838.0,8,2522.0,2.4,True,2025,2,1,Tuesday,High Value
CUST004793,Luiz Gustavo Sá,luiz.gustavo.sa@webmail.com,33.0,masculino,São Paulo,SP,2025-02-13,2426.0,6,1694.0,4.1,True,2025,2,1,Thursday,Medium Value
CUST000289,Lorena Nunes,lorena.nunes@provedor.com.br,29.0,feminino,Ribeirão Preto,SP,2025-02-13,1254.0,7,1999.0,3.4,True,2025,2,1,Thursday,Medium Value
CUST000803,Marcelo Leão,marcelo.leao@correio.net,55.0,masculino,Belém,PA,2025-02-13,2642.0,7,2472.0,3.8,True,2025,2,1,Thursday,High Value
CUST002832,Dra. Caroline Cunha,dra..caroline.cunha@webmail.com,34.0,feminino,Niterói,RJ,2025-02-13,5015.0,4,860.0,3.1,True,2025,2,1,Thursday,Low Value
CUST002044,Daniela Lima,daniela.lima@correio.net,48.0,feminino,unknown,BA,2025-02-13,1711.0,3,833.0,5.0,True,2025,2,1,Thursday,Low Value
CUST000247,Juliana Duarte,juliana.duarte@email.com,43.0,feminino,Ribeirão Preto,SP,2025-02-14,2087.0,5,1558.0,3.6,True,2025,2,1,Friday,Medium Value
CUST003922,Noah Caldeira,noah.caldeira@email.com,49.0,masculino,Uberlândia,MG,2025-02-14,3953.0,5,1237.0,4.7,True,2025,2,1,Friday,Low Value
CUST002106,Alexandre Pinto,alexandre.pinto@provedor.com.br,70.0,masculino,Salvador,BA,2025-02-15,2195.0,5,533.0,5.0,True,2025,2,1,Saturday,Low Value
CUST003595,Esther Souza,esther.souza@correio.net,37.0,outro,Ribeirão Preto,SP,2025-02-15,1141.0,6,1080.0,5.0,True,2025,2,1,Saturday,Low Value
CUST002645,Sr. Arthur Gabriel Lopes,sr..arthur.gabriel.lopes@email.com,24.0,outro,unknown,MG,2025-02-15,2533.0,9,3289.0,4.3,True,2025,2,1,Saturday,High Value
CUST000553,Sr. Luiz Miguel Das Neves,sr..luiz.miguel.das.neves@email.com,32.0,outro,Santos,SP,2025-02-15,3313.5,3,833.0,5.0,True,2025,2,1,Saturday,Low Value
CUST004682,Miguel Cavalcante,miguel.cavalcante@mail.com,50.0,masculino,Brasília,DF,2025-02-15,2098.0,4,626.0,4.8,True,2025,2,1,Saturday,Low Value
CUST000322,Ana Carolina Marques,ana.carolina.marques@correio.net,38.0,feminino,Caxias do Sul,RS,2025-02-16,3882.0,8,2219.0,4.7,True,2025,2,1,Sunday,High Value
CUST003879,Hadassa Dias,hadassa.dias@webmail.com,32.0,feminino,Olinda,PE,2025-02-16,1413.0,6,1329.0,4.0,True,2025,2,1,Sunday,Medium Value
CUST003417,Bianca Porto,bianca.porto@email.com,42.0,feminino,Ribeirão Preto,SP,2025-02-16,5857.0,8,2055.0,3.9,True,2025,2,1,Sunday,High Value
CUST001582,Sr. Gustavo Henrique Rios,sr..gustavo.henrique.rios@provedor.com.br,47.0,masculino,Contagem,MG,2025-02-17,2623.0,6,855.0,5.0,True,2025,2,1,Monday,Low Value
CUST003170,Dr. Augusto Alves,dr..augusto.alves@email.com,36.0,masculino,Brasília,DF,2025-02-17,2796.0,8,1961.0,5.0,True,2025,2,1,Monday,Medium Value
CUST001030,Davi Miguel Oliveira,davi.miguel.oliveira@correio.net,18.0,masculino,Santos,SP,2025-02-18,1395.0,9,1861.0,2.9,True,2025,2,1,Tuesday,Medium Value
CUST002109,Sabrina Da Costa,sabrina.da.costa@email.com,36.0,feminino,Londrina,PR,2025-02-18,4833.0,8,2751.0,4.0,True,2025,2,1,Tuesday,High Value
CUST002865,Matteo Aparecida,matteo.aparecida@webmail.com,45.0,masculino,Contagem,MG,2025-02-18,2896.0,9,2118.0,3.3,True,2025,2,1,Tuesday,High Value
CUST001297,Ravy Mendonça,ravy.mendonca@webmail.com,40.0,masculino,Caxias do Sul,RS,2025-02-18,5862.0,16,6200.0,2.0,True,2025,2,1,Tuesday,High Value
CUST000665,Benício Das Neves,benicio.das.neves@provedor.com.br,35.0,outro,Campinas,SP,2025-02-19,2878.0,8,2248.0,3.8,True,2025,2,1,Wednesday,High Value
CUST004537,Rebeca Nogueira,rebeca.nogueira@mail.com,45.0,feminino,unknown,GO,2025-02-19,4178.0,6,1623.0,3.6,True,2025,2,1,Wednesday,Medium Value
CUST001859,Maria Fernanda Correia,maria.fernanda.correia@email.com,38.0,feminino,Santos,SP,2025-02-19,4924.0,13,3569.0,5.0,True,2025,2,1,Wednesday,High Value
CUST001132,Matteo Pastor,matteo.pastor@correio.net,47.0,masculino,Juazeiro do Norte,CE,2025-02-19,4033.0,9,2990.0,5.0,True,2025,2,1,Wednesday,High Value
CUST001252,Sra. Beatriz Fernandes,sra..beatriz.fernandes@email.com,36.0,feminino,Florianópolis,SC,2025-02-19,2187.0,11,2451.0,3.3,True,2025,2,1,Wednesday,High Value
CUST000205,Antônio Teixeira,antonio.teixeira@mail.com,38.0,masculino,unknown,PE,2025-02-20,3896.0,10,3322.0,3.6,True,2025,2,1,Thursday,High Value
CUST001663,Luiz Otávio Pastor,luiz.otavio.pastor@webmail.com,34.0,masculino,Cuiabá,MT,2025-02-20,4214.0,7,2236.0,4.4,True,2025,2,1,Thursday,High Value
CUST000994,Henry Machado,henry.machado@provedor.com.br,44.0,masculino,Sorocaba,SP,2025-02-20,1630.0,5,1151.0,5.0,True,2025,2,1,Thursday,Low Value
CUST004445,Mirella Pires,mirella.pires@mail.com,46.0,feminino,Rio de Janeiro,RJ,2025-02-21,2614.0,19,2399.0,5.0,True,2025,2,1,Friday,High Value
CUST003316,Augusto Leão,augusto.leao@mail.com,20.0,masculino,São Paulo,SP,2025-02-21,1683.0,4,468.0,5.0,True,2025,2,1,Friday,Low Value
CUST001202,Isadora Brito,isadora.brito@email.com,40.0,feminino,Vitória da Conquista,BA,2025-02-21,2948.0,3,838.0,4.7,True,2025,2,1,Friday,Low Value
CUST003890,Caleb Lima,caleb.lima@mail.com,53.0,masculino,Olinda,PE,2025-02-21,4430.0,9,680.0,4.9,True,2025,2,1,Friday,Low Value
CUST001943,Brayan Da Rosa,brayan.da.rosa@provedor.com.br,43.0,masculino,Sorocaba,SP,2025-02-21,2929.0,6,1593.0,4.4,True,2025,2,1,Friday,Medium Value
CUST000524,Clarice Macedo,clarice.macedo@mail.com,37.0,feminino,Brasília,DF,2025-02-22,5520.0,4,1128.0,4.1,True,2025,2,1,Saturday,Low Value
CUST003634,Carolina Duarte,carolina.duarte@email.com,46.0,outro,Uberlândia,MG,2025-02-23,4918.0,12,4324.0,5.0,True,2025,2,1,Sunday,High Value
CUST002871,Dra. Joana Rocha,dra..joana.rocha@email.com,18.0,feminino,Santos,SP,2025-02-23,5210.0,7,1899.0,4.0,True,2025,2,1,Sunday,Medium Value
CUST004624,Antonella Cavalcanti,antonella.cavalcanti@webmail.com,38.0,feminino,Feira de Santana,BA,2025-02-23,5472.0,9,2119.0,3.9,True,2025,2,1,Sunday,High Value
CUST000633,Maria Pimenta,maria.pimenta@provedor.com.br,33.0,feminino,Campinas,SP,2025-02-23,2503.0,4,227113.0,5.0,True,2025,2,1,Sunday,High Value
CUST004680,Ana Júlia Borges,ana.julia.borges@email.com,38.0,feminino,Curitiba,PR,2025-02-23,1281.0,3,848.0,4.0,True,2025,2,1,Sunday,Low Value
CUST002232,Srta. Clara Ribeiro,srta..clara.ribeiro@webmail.com,22.0,feminino,Caruaru,PE,2025-02-24,4513.0,6,1543.0,5.0,True,2025,2,1,Monday,Medium Value
CUST002152,Maria Sophia Souza,maria.sophia.souza@mail.com,47.0,feminino,Belo Horizonte,MG,2025-02-24,3183.0,5,1264.0,4.9,True,2025,2,1,Monday,Low Value
CUST000430,Isabelly Cardoso,isabelly.cardoso@webmail.com,43.0,feminino,Niterói,RJ,2025-02-24,4721.0,9,2925.0,4.0,True,2025,2,1,Monday,High Value
CUST002666,Sr. Josué Da Costa,sr..josue.da.costa@email.com,53.0,masculino,unknown,RS,2025-02-25,3448.0,5,1463.0,2.4,True,2025,2,1,Tuesday,Medium Value
CUST001691,Luigi Marques,luigi.marques@email.com,28.0,masculino,Feira de Santana,BA,2025-02-25,1862.0,7,2092.0,4.0,True,2025,2,1,Tuesday,High Value
CUST004586,Sarah Teixeira,sarah.teixeira@mail.com,47.0,feminino,Belo Horizonte,MG,2025-02-25,2257.0,7,1369.0,2.8,True,2025,2,1,Tuesday,Medium Value
CUST003705,Isadora Costela,isadora.costela@mail.com,51.0,feminino,Recife,PE,2025-02-25,3481.0,6,1637.0,3.6,True,2025,2,1,Tuesday,Medium Value
CUST002839,Nathan Da Paz,nathan.da.paz@provedor.com.br,48.0,masculino,Ribeirão Preto,SP,2025-02-25,3313.5,3,984.0,2.9,True,2025,2,1,Tuesday,Low Value
CUST002747,Sra. Maria Luísa Vieira,sra..maria.luisa.vieira@email.com,42.0,feminino,Serra,ES,2025-02-26,2237.0,14,1739.0,3.0,True,2025,2,1,Wednesday,Medium Value
CUST000663,Maria Eduarda Martins,maria.eduarda.martins@provedor.com.br,18.0,feminino,Sorocaba,SP,2025-02-26,1816.0,4,1073.0,4.6,True,2025,2,1,Wednesday,Low Value
CUST003782,Bento Ferreira,bento.ferreira@webmail.com,36.0,masculino,Cuiabá,MT,2025-02-26,4060.0,6,1028.0,3.7,True,2025,2,1,Wednesday,Low Value
CUST000300,Dra. Fernanda Lima,dra..fernanda.lima@webmail.com,27.0,feminino,Petrópolis,RJ,2025-02-26,2066.0,4,1106.0,3.8,True,2025,2,1,Wednesday,Low Value
CUST001814,Fernanda Oliveira,fernanda.oliveira@email.com,48.0,feminino,Sobral,CE,2025-02-27,1612.0,8,2505.0,5.0,True,2025,2,1,Thursday,High Value
CUST003449,Kevin Rocha,kevin.rocha@provedor.com.br,18.0,masculino,São Paulo,SP,2025-02-27,1984.0,5,813.0,5.0,True,2025,2,1,Thursday,Low Value
CUST000725,Lucas Gabriel Melo,lucas.gabriel.melo@email.com,57.0,masculino,Caruaru,PE,2025-02-27,4456.0,7,2330.0,4.0,True,2025,2,1,Thursday,High Value
CUST001223,Dra. Isadora Pires,dra..isadora.pires@webmail.com,60.0,feminino,unknown,CE,2025-02-28,5368.0,11,1078.0,4.0,True,2025,2,1,Friday,Low Value
CUST004747,Luan Freitas,luan.freitas@email.com,53.0,masculino,Rio Verde,GO,2025-02-28,4305.0,5,1894.0,3.9,True,2025,2,1,Friday,Medium Value
CUST004844,Joana Nunes,joana.nunes@provedor.com.br,43.0,feminino,São Paulo,SP,2025-03-01,4554.0,8,1944.0,4.4,True,2025,3,1,Saturday,Medium Value
CUST003539,Stella Viana,stella.viana@provedor.com.br,44.0,feminino,Duque de Caxias,RJ,2025-03-02,4009.0,6,1572.0,5.0,True,2025,3,1,Sunday,Medium Value
CUST000656,Ágatha Da Rocha,agatha.da.rocha@mail.com,52.0,feminino,Salvador,BA,2025-03-02,2781.0,6,1258.0,5.0,True,2025,3,1,Sunday,Low Value
CUST000504,Ana Vitória Dias,ana.vitoria.dias@webmail.com,34.0,feminino,Salvador,BA,2025-03-03,6274.0,7,2045.0,2.8,True,2025,3,1,Monday,High Value
CUST000227,Isaque Cardoso,isaque.cardoso@correio.net,18.0,masculino,Blumenau,SC,2025-03-03,2032.0,4,725.0,3.4,True,2025,3,1,Monday,Low Value
CUST000048,Maya Castro,maya.castro@webmail.com,34.0,feminino,Juiz de Fora,MG,2025-03-03,2021.0,8,1255.0,3.6,True,2025,3,1,Monday,Low Value
CUST004521,Bianca Machado,bianca.machado@correio.net,38.0,feminino,Blumenau,SC,2025-03-04,3333.0,4,904.0,4.0,True,2025,3,1,Tuesday,Low Value
CUST001051,Otávio Caldeira,otavio.caldeira@mail.com,69.0,masculino,Rio Verde,GO,2025-03-04,6032.0,9,2744.0,4.1,True,2025,3,1,Tuesday,High Value
CUST002178,Aurora Farias,aurora.farias@mail.com,36.0,feminino,Manaus,AM,2025-03-04,3225.0,8,953.0,3.8,True,2025,3,1,Tuesday,Low Value
CUST002527,Sophia Araújo,sophia.araujo@email.com,45.0,feminino,Duque de Caxias,RJ,2025-03-05,1997.0,11,3369.0,4.3,True,2025,3,1,Wednesday,High Value
CUST000792,José Pedro Gomes,jose.pedro.gomes@webmail.com,64.0,masculino,Juazeiro do Norte,CE,2025-03-05,8160.0,11,3188.0,3.2,True,2025,3,1,Wednesday,High Value
CUST004197,Alícia Cirino,alicia.cirino@provedor.com.br,57.0,feminino,São Paulo,SP,2025-03-06,3505.0,6,1880.0,5.0,True,2025,3,1,Thursday,Medium Value
CUST000307,Vitor Hugo Monteiro,vitor.hugo.monteiro@email.com,39.0,masculino,Recife,PE,2025-03-07,3481.0,3,597.0,3.8,True,2025,3,1,Friday,Low Value
CUST003577,Sr. Davi Lucas Casa Grande,sr..davi.lucas.casa.grande@mail.com,38.0,masculino,Manaus,AM,2025-03-07,2081.0,4,1334.0,4.3,True,2025,3,1,Friday,Medium Value
CUST002025,Dr. Cauê Almeida,dr..caue.almeida@email.com,25.0,masculino,Caxias do Sul,RS,2025-03-07,4677.0,8,2253.0,4.9,True,2025,3,1,Friday,High Value
CUST002516,Pietra Aparecida,pietra.aparecida@provedor.com.br,38.0,feminino,Juazeiro do Norte,CE,2025-03-07,2904.0,4,580.0,4.3,True,2025,3,1,Friday,Low Value
CUST003211,Nina Lopes,nina.lopes@webmail.com,28.0,feminino,unknown,RJ,2025-03-07,3352.0,10,1856.0,5.0,True,2025,3,1,Friday,Medium Value
CUST002651,Leonardo Silva,leonardo.silva@email.com,50.0,masculino,Niterói,RJ,2025-03-08,6739.0,5,1236.0,4.6,True,2025,3,1,Saturday,Low Value
CUST002181,Leonardo Porto,leonardo.porto@provedor.com.br,78.0,masculino,Ribeirão Preto,SP,2025-03-08,3027.0,3,721.0,2.6,True,2025,3,1,Saturday,Low Value
CUST001725,Srta. Beatriz Cunha,srta..beatriz.cunha@correio.net,50.0,feminino,Belém,PA,2025-03-08,3509.0,7,1874.0,3.2,True,2025,3,1,Saturday,Medium Value
CUST003382,Ana Sophia Jesus,ana.sophia.jesus@webmail.com,53.0,feminino,unknown,RS,2025-03-08,6376.0,4,1086.0,3.8,True,2025,3,1,Saturday,Low Value
CUST001300,Maria Helena Freitas,maria.helena.freitas@provedor.com.br,39.0,feminino,Curitiba,PR,2025-03-08,3961.0,9,2478.0,3.1,True,2025,3,1,Saturday,High Value
CUST001264,Luísa Souza,luisa.souza@provedor.com.br,25.0,feminino,Vitória da Conquista,BA,2025-03-09,2549.0,3,729.0,4.4,True,2025,3,1,Sunday,Low Value
CUST001659,Sra. Bella Santos,sra..bella.santos@correio.net,40.0,feminino,Sorocaba,SP,2025-03-09,3448.0,5,1311.0,3.2,True,2025,3,1,Sunday,Medium Value
CUST003228,Maria Luiza Pacheco,maria.luiza.pacheco@webmail.com,47.0,feminino,Petrópolis,RJ,2025-03-09,8341.0,1,318.0,4.6,True,2025,3,1,Sunday,Low Value
CUST000357,Lucas Brito,lucas.brito@correio.net,22.0,masculino,Recife,PE,2025-03-09,3347.0,6,1483.0,5.0,True,2025,3,1,Sunday,Medium Value
CUST004723,Brenda Viana,brenda.viana@email.com,44.0,feminino,Joinville,SC,2025-03-10,3672.0,6,1581.0,4.9,True,2025,3,1,Monday,Medium Value
CUST003525,Vitor Gabriel Viana,vitor.gabriel.viana@webmail.com,55.0,masculino,Londrina,PR,2025-03-10,3590.0,4,976.0,3.7,True,2025,3,1,Monday,Low Value
CUST001256,Dr. Henry Gabriel Rios,dr..henry.gabriel.rios@provedor.com.br,32.0,masculino,Rio de Janeiro,RJ,2025-03-10,4617.0,6,1443.0,3.7,True,2025,3,1,Monday,Medium Value
CUST003272,Rebeca Marques,rebeca.marques@provedor.com.br,40.0,feminino,Brasília,DF,2025-03-11,3430.0,8,1886.0,3.7,True,2025,3,1,Tuesday,Medium Value
CUST001474,Benício Da Luz,benicio.da.luz@email.com,31.0,masculino,Várzea Grande,MT,2025-03-12,4593.0,6,1512.0,4.8,True,2025,3,1,Wednesday,Medium Value
CUST004394,Sabrina Pires,sabrina.pires@mail.com,40.0,feminino,Londrina,PR,2025-03-12,5083.0,8,2443.0,4.0,True,2025,3,1,Wednesday,High Value
CUST002365,Allana Andrade,allana.andrade@email.com,27.0,feminino,Feira de Santana,BA,2025-03-12,3407.0,4,575.0,4.0,True,2025,3,1,Wednesday,Low Value
CUST001931,Ana Clara Cardoso,ana.clara.cardoso@email.com,39.0,feminino,Pelotas,RS,2025-03-13,4022.0,9,2104.0,4.2,True,2025,3,1,Thursday,High Value
CUST002320,Arthur Gabriel Alves,arthur.gabriel.alves@email.com,18.0,masculino,São Paulo,SP,2025-03-13,4224.0,8,1840.0,4.7,True,2025,3,1,Thursday,Medium Value
CUST000409,Marcelo Caldeira,marcelo.caldeira@email.com,37.0,masculino,Florianópolis,SC,2025-03-14,2243.0,1,260.0,4.5,True,2025,3,1,Friday,Low Value
CUST001881,Matteo Barbosa,matteo.barbosa@correio.net,38.0,outro,Duque de Caxias,RJ,2025-03-14,2594.0,5,1294.0,5.0,True,2025,3,1,Friday,Low Value
CUST003409,Enzo Gabriel Cavalcanti,enzo.gabriel.cavalcanti@email.com,30.0,masculino,Londrina,PR,2025-03-15,4224.0,6,1909.0,4.6,True,2025,3,1,Saturday,Medium Value
CUST001563,Vicente Azevedo,vicente.azevedo@email.com,39.0,masculino,Belo Horizonte,MG,2025-03-15,2416.0,9,1258.0,4.2,True,2025,3,1,Saturday,Low Value
CUST003914,Danilo Cavalcanti,danilo.cavalcanti@webmail.com,56.0,masculino,Sobral,CE,2025-03-15,2758.0,9,2611.0,3.1,True,2025,3,1,Saturday,High Value
CUST000358,Beatriz Moura,beatriz.moura@correio.net,38.0,feminino,São Paulo,SP,2025-03-15,2480.0,9,1211.0,4.3,True,2025,3,1,Saturday,Low Value
CUST002031,Alícia Aparecida,alicia.aparecida@provedor.com.br,49.0,feminino,Recife,PE,2025-03-15,2040.0,8,2316.0,3.7,True,2025,3,1,Saturday,High Value
CUST004796,Cauê Rios,caue.rios@correio.net,45.0,masculino,Petrópolis,RJ,2025-03-16,5833.0,6,2004.0,4.4,True,2025,3,1,Sunday,Medium Value
CUST001380,Maria Luiza Gomes,maria.luiza.gomes@email.com,21.0,feminino,Parintins,AM,2025-03-16,2990.0,8,1829.0,2.7,True,2025,3,1,Sunday,Medium Value
CUST002253,Dr. Pedro Henrique Carvalho,dr..pedro.henrique.carvalho@correio.net,39.0,masculino,Vitória da Conquista,BA,2025-03-17,6120.0,14,4698.0,2.9,True,2025,3,1,Monday,High Value
CUST001753,Manuela Camargo,manuela.camargo@correio.net,33.0,feminino,Olinda,PE,2025-03-17,1141.0,9,2707.0,3.8,True,2025,3,1,Monday,High Value
CUST004324,Dra. Ana Laura Caldeira,dra..ana.laura.caldeira@email.com,34.0,feminino,Brasília,DF,2025-03-17,4749.0,9,3852.0,2.5,True,2025,3,1,Monday,High Value
CUST004676,Enrico Moraes,enrico.moraes@webmail.com,45.0,masculino,Juiz de Fora,MG,2025-03-17,226658.0,11,4391.0,4.6,True,2025,3,1,Monday,High Value
CUST002420,Gabriela Garcia,gabriela.garcia@mail.com,39.0,feminino,Petrópolis,RJ,2025-03-18,2882.0,7,1991.0,4.1,True,2025,3,1,Tuesday,Medium Value
CUST004761,Sr. Murilo Cirino,sr..murilo.cirino@provedor.com.br,35.0,masculino,Petrópolis,RJ,2025-03-18,2009.0,8,1426.0,2.5,True,2025,3,1,Tuesday,Medium Value
CUST003978,Arthur Nascimento,arthur.nascimento@webmail.com,41.0,masculino,São Paulo,SP,2025-03-18,6592.0,796,1188.0,3.7,True,2025,3,1,Tuesday,Low Value
CUST000560,Eduardo Castro,eduardo.castro@mail.com,38.0,masculino,Campinas,SP,2025-03-18,6163.0,7,1570.0,5.0,True,2025,3,1,Tuesday,Medium Value
CUST003868,Maria Julia Martins,maria.julia.martins@correio.net,47.0,feminino,Petrópolis,RJ,2025-03-18,2589.0,7,1836.0,4.0,True,2025,3,1,Tuesday,Medium Value
CUST002971,Ana Liz Freitas,ana.liz.freitas@webmail.com,60.0,feminino,São Paulo,SP,2025-03-19,5523.0,10,3463.0,3.8,True,2025,3,1,Wednesday,High Value
CUST002697,Hadassa Ribeiro,hadassa.ribeiro@webmail.com,25.0,feminino,Belém,PA,2025-03-19,2620.0,6,1724.0,4.2,True,2025,3,1,Wednesday,Medium Value
CUST004673,Thiago Caldeira,thiago.caldeira@provedor.com.br,40.0,masculino,Duque de Caxias,RJ,2025-03-19,4565.0,13,3742.0,4.1,True,2025,3,1,Wednesday,High Value
CUST001887,Gael Henrique Marques,gael.henrique.marques@email.com,35.0,masculino,Juiz de Fora,MG,2025-03-19,3404.0,7,1668.0,4.3,True,2025,3,1,Wednesday,Medium Value
CUST002125,Davi Luiz Campos,davi.luiz.campos@mail.com,54.0,masculino,Anápolis,GO,2025-03-19,5912.0,10,2468.0,2.8,True,2025,3,1,Wednesday,High Value
CUST004519,Allana Monteiro,allana.monteiro@correio.net,53.0,feminino,Niterói,RJ,2025-03-19,2541.0,10,2239.0,3.1,True,2025,3,1,Wednesday,High Value
CUST001424,Srta. Hadassa Siqueira,srta..hadassa.siqueira@correio.net,18.0,feminino,Caruaru,PE,2025-03-19,1763.0,12,3557.0,4.6,True,2025,3,1,Wednesday,High Value
CUST001884,Camila Vargas,camila.vargas@webmail.com,38.0,feminino,Niterói,RJ,2025-03-20,3484.0,9,2551.0,4.2,True,2025,3,1,Thursday,High Value
CUST004270,Maria Vitória Peixoto,maria.vitoria.peixoto@webmail.com,51.0,feminino,Vitória da Conquista,BA,2025-03-20,3366.5,10,2881.0,2.9,True,2025,3,1,Thursday,High Value
CUST002843,Sr. Léo Moraes,sr..leo.moraes@mail.com,43.0,masculino,Cuiabá,MT,2025-03-21,2250.0,1,193.0,4.4,True,2025,3,1,Friday,Low Value
CUST002644,José Pedro Nogueira,jose.pedro.nogueira@email.com,65.0,masculino,Juazeiro do Norte,CE,2025-03-21,2368.0,11,1819.0,4.3,True,2025,3,1,Friday,Medium Value
CUST001597,Luiz Henrique Montenegro,luiz.henrique.montenegro@webmail.com,18.0,masculino,Maringá,PR,2025-03-22,3358.0,11,2807.0,3.3,True,2025,3,1,Saturday,High Value
CUST004775,Sara Costela,sara.costela@correio.net,18.0,feminino,Pelotas,RS,2025-03-22,6015.0,2,616.0,4.3,True,2025,3,1,Saturday,Low Value
CUST001873,João Miguel Da Mata,joao.miguel.da.mata@provedor.com.br,49.0,masculino,Duque de Caxias,RJ,2025-03-22,7667.0,10,3001.0,3.4,True,2025,3,1,Saturday,High Value
CUST003819,Cauê Azevedo,caue.azevedo@email.com,57.0,masculino,Pelotas,RS,2025-03-23,2232.0,7,1650.0,4.7,True,2025,3,1,Sunday,Medium Value
CUST003907,Esther Rocha,esther.rocha@correio.net,25.0,feminino,Campinas,SP,2025-03-23,9218.0,10,2150.0,4.7,True,2025,3,1,Sunday,High Value
CUST000856,Maria Luísa Cassiano,maria.luisa.cassiano@mail.com,46.0,feminino,Manaus,AM,2025-03-23,2595.0,3,617.0,2.8,True,2025,3,1,Sunday,Low Value
CUST003120,Manuela Aragão,manuela.aragao@mail.com,49.0,feminino,Caxias do Sul,RS,2025-03-23,6571.0,5,1284.0,4.8,True,2025,3,1,Sunday,Low Value
CUST003596,Otávio Sampaio,otavio.sampaio@provedor.com.br,52.0,masculino,Belém,PA,2025-03-23,4358.0,9,1921.0,4.2,True,2025,3,1,Sunday,Medium Value
CUST002948,Stella Azevedo,stella.azevedo@mail.com,55.0,feminino,Sorocaba,SP,2025-03-23,2122.0,9,710.0,4.3,True,2025,3,1,Sunday,Low Value
CUST000317,Caleb Melo,caleb.melo@correio.net,38.0,masculino,Goiânia,GO,2025-03-24,2222.0,10,998.0,3.7,True,2025,3,1,Monday,Low Value
CUST004880,Juliana Novaes,juliana.novaes@provedor.com.br,40.0,feminino,Campinas,SP,2025-03-24,4128.0,6,2086.0,4.1,True,2025,3,1,Monday,High Value
CUST000817,Mirella Nunes,mirella.nunes@provedor.com.br,38.0,outro,Duque de Caxias,RJ,2025-03-24,3402.0,3,581.0,4.0,True,2025,3,1,Monday,Low Value
CUST001101,Diego Azevedo,diego.azevedo@correio.net,41.0,masculino,unknown,ES,2025-03-25,1279.0,10,2947.0,3.5,True,2025,3,1,Tuesday,High Value
CUST001857,Pedro Da Rocha,pedro.da.rocha@correio.net,42.0,masculino,Caxias do Sul,RS,2025-03-25,4197.0,8,2699.0,3.5,True,2025,3,1,Tuesday,High Value
CUST004686,Isaac Costela,isaac.costela@webmail.com,30.0,masculino,Pelotas,RS,2025-03-25,1361.0,5,1123.0,4.5,True,2025,3,1,Tuesday,Low Value
CUST001464,Mirella Da Mata,mirella.da.mata@email.com,45.0,feminino,Ribeirão Preto,SP,2025-03-26,2401.0,5,1188.0,4.9,True,2025,3,1,Wednesday,Low Value
CUST003085,Luiz Henrique Gomes,luiz.henrique.gomes@provedor.com.br,40.0,masculino,Vitória da Conquista,BA,2025-03-26,4119.0,12,3569.0,3.2,True,2025,3,1,Wednesday,High Value
CUST004367,Amanda Caldeira,amanda.caldeira@email.com,36.0,feminino,Joinville,SC,2025-03-26,3027.0,7,1522.0,4.6,True,2025,3,1,Wednesday,Medium Value
CUST002838,Gustavo Henrique Castro,gustavo.henrique.castro@correio.net,38.0,masculino,Salvador,BA,2025-03-26,4538.0,10,891.0,4.3,True,2025,3,1,Wednesday,Low Value
CUST002571,Davi Miguel Moreira,davi.miguel.moreira@mail.com,40.0,masculino,Maringá,PR,2025-03-27,2514.0,6,1883.0,3.7,True,2025,3,1,Thursday,Medium Value
CUST000049,Alexandre Silveira,alexandre.silveira@email.com,46.0,masculino,Maringá,PR,2025-03-27,3413.0,4,1421.0,4.5,True,2025,3,1,Thursday,Medium Value
CUST002139,Maria Sophia Aparecida,maria.sophia.aparecida@webmail.com,56.0,feminino,unknown,PR,2025-03-28,2382.0,6,1302.0,4.0,True,2025,3,1,Friday,Medium Value
CUST003326,Maria Eduarda Aparecida,maria.eduarda.aparecida@correio.net,48.0,feminino,Brasília,DF,2025-03-29,4591.0,10,2423.0,4.0,True,2025,3,1,Saturday,High Value
CUST002550,Dr. Davi Rezende,dr..davi.rezende@mail.com,50.0,masculino,Porto Alegre,RS,2025-03-30,2895.0,14,2835.0,3.9,True,2025,3,1,Sunday,High Value
CUST003348,Ian Siqueira,ian.siqueira@webmail.com,48.0,masculino,unknown,PE,2025-03-30,3535.0,8,1961.0,3.8,True,2025,3,1,Sunday,Medium Value
CUST000012,Daniela Cunha,daniela.cunha@provedor.com.br,38.0,feminino,Curitiba,PR,2025-03-31,2795.0,6,1133.0,3.7,True,2025,3,1,Monday,Low Value
CUST002668,Leandro Camargo,leandro.camargo@email.com,57.0,masculino,Belém,PA,2025-03-31,5081.0,18,3207.0,5.0,True,2025,3,1,Monday,High Value
CUST004564,Aylla Araújo,aylla.araujo@provedor.com.br,37.0,feminino,Anápolis,GO,2025-04-01,3527.0,15,3578.0,4.1,True,2025,4,2,Tuesday,High Value
CUST001172,Amanda Da Conceição,amanda.da.conceicao@provedor.com.br,37.0,feminino,Juiz de Fora,MG,2025-04-03,4113.0,7,1941.0,3.9,True,2025,4,2,Thursday,Medium Value
CUST000248,Caio Da Mota,caio.da.mota@provedor.com.br,51.0,masculino,São Paulo,SP,2025-04-03,7264.0,5,1774.0,3.7,True,2025,4,2,Thursday,Medium Value
CUST001364,Leandro Silva,leandro.silva@correio.net,37.0,masculino,Porto Alegre,RS,2025-04-04,3181.0,11,2353.0,4.0,True,2025,4,2,Friday,High Value
CUST001192,Zoe Fogaça,zoe.fogaca@provedor.com.br,46.0,feminino,Sorocaba,SP,2025-04-04,3313.5,5,1298.0,4.6,True,2025,4,2,Friday,Low Value
CUST003986,Laís Martins,lais.martins@provedor.com.br,31.0,feminino,Blumenau,SC,2025-04-05,2144.0,6,1316.0,2.9,True,2025,4,2,Saturday,Medium Value
CUST001024,Letícia Pimenta,leticia.pimenta@webmail.com,38.0,feminino,Londrina,PR,2025-04-06,3358.0,10,2945.0,4.6,True,2025,4,2,Sunday,High Value
CUST004899,Théo Da Paz,theo.da.paz@mail.com,35.0,masculino,Rio de Janeiro,RJ,2025-04-06,3447.0,8,3014.0,4.8,True,2025,4,2,Sunday,High Value
CUST004166,Nina Leão,nina.leao@email.com,26.0,feminino,Blumenau,SC,2025-04-06,3680.0,8,1193.0,3.2,True,2025,4,2,Sunday,Low Value
CUST000441,Dr. Vinicius Camargo,dr..vinicius.camargo@correio.net,24.0,masculino,Brasília,DF,2025-04-07,900.0,3,553.0,3.9,True,2025,4,2,Monday,Low Value
CUST000699,Calebe Aragão,calebe.aragao@mail.com,40.0,masculino,Fortaleza,CE,2025-04-07,6410.0,5,1846.0,4.1,True,2025,4,2,Monday,Medium Value
CUST001470,Mateus Vasconcelos,mateus.vasconcelos@mail.com,33.0,masculino,Fortaleza,CE,2025-04-07,4004.0,8,2911.0,5.0,True,2025,4,2,Monday,High Value
CUST004201,Carlos Eduardo Pastor,carlos.eduardo.pastor@mail.com,59.0,masculino,Caxias do Sul,RS,2025-04-07,5812.0,9,3279.0,5.0,True,2025,4,2,Monday,High Value
CUST000365,Dr. Vitor Hugo Andrade,dr..vitor.hugo.andrade@webmail.com,38.0,masculino,Ribeirão Preto,SP,2025-04-08,3453.0,6,1570.0,3.2,True,2025,4,2,Tuesday,Medium Value
CUST004249,Cecilia Azevedo,cecilia.azevedo@webmail.com,24.0,feminino,Vitória da Conquista,BA,2025-04-08,3366.5,9,3675.0,3.6,True,2025,4,2,Tuesday,High Value
CUST004451,Maria Flor Câmara,maria.flor.camara@email.com,45.0,feminino,Brasília,DF,2025-04-09,2891.0,7,1891.0,4.5,True,2025,4,2,Wednesday,Medium Value
CUST002809,Dr. Benjamim Correia,dr..benjamim.correia@mail.com,27.0,masculino,Niterói,RJ,2025-04-09,4940.0,7,1814.0,3.6,True,2025,4,2,Wednesday,Medium Value
CUST000325,Vitor Hugo Martins,vitor.hugo.martins@webmail.com,49.0,masculino,Vila Velha,ES,2025-04-09,3690.0,10,3149.0,4.0,True,2025,4,2,Wednesday,High Value
CUST002129,Vitória Borges,vitoria.borges@email.com,26.0,outro,Vitória,ES,2025-04-09,3353.0,7,2120.0,4.0,True,2025,4,2,Wednesday,High Value
CUST004432,Ana Peixoto,ana.peixoto@mail.com,59.0,feminino,Porto Alegre,RS,2025-04-10,1892.0,6,1121.0,4.0,True,2025,4,2,Thursday,Low Value
CUST004790,Helena Cunha,helena.cunha@correio.net,37.0,feminino,Contagem,MG,2025-04-10,2032.0,8,1834.0,3.4,True,2025,4,2,Thursday,Medium Value
CUST003112,Apollo Sousa,apollo.sousa@provedor.com.br,18.0,masculino,São Paulo,SP,2025-04-10,3313.5,5,1528.0,3.7,True,2025,4,2,Thursday,Medium Value
CUST000984,Yasmin Montenegro,yasmin.montenegro@mail.com,39.0,feminino,Santos,SP,2025-04-10,2584.0,10,2761.0,4.5,True,2025,4,2,Thursday,High Value
CUST000422,Lara Andrade,lara.andrade@email.com,46.0,feminino,Santos,SP,2025-04-10,2227.0,10,3039.0,3.9,True,2025,4,2,Thursday,High Value
CUST004609,Rafael Mendonça,rafael.mendonca@email.com,25.0,masculino,unknown,SP,2025-04-10,1120.0,8,1861.0,4.0,True,2025,4,2,Thursday,Medium Value
CUST001747,Marcela Ferreira,marcela.ferreira@mail.com,52.0,feminino,Uberlândia,MG,2025-04-11,4355.0,10,1577.0,3.0,True,2025,4,2,Friday,Medium Value
CUST004689,Maria Fernanda Abreu,maria.fernanda.abreu@provedor.com.br,31.0,feminino,São Paulo,SP,2025-04-11,6880.0,10,3585.0,4.2,True,2025,4,2,Friday,High Value
CUST000024,Giovanna Rios,giovanna.rios@correio.net,29.0,feminino,Petrópolis,RJ,2025-04-11,2582.0,11,2106.0,4.9,True,2025,4,2,Friday,High Value
CUST001624,Lorena Sales,lorena.sales@correio.net,22.0,feminino,Vitória da Conquista,BA,2025-04-11,3394.0,9,1970.0,3.9,True,2025,4,2,Friday,Medium Value
CUST001100,Dr. Davi Miguel Garcia,dr..davi.miguel.garcia@correio.net,41.0,outro,Olinda,PE,2025-04-11,7076.0,13,4883.0,3.9,True,2025,4,2,Friday,High Value
CUST003335,Igor Montenegro,igor.montenegro@email.com,34.0,masculino,Florianópolis,SC,2025-04-12,7161.0,8,2708.0,3.8,True,2025,4,2,Saturday,High Value
CUST000565,Sra. Isabel Nascimento,sra..isabel.nascimento@correio.net,58.0,feminino,Campinas,SP,2025-04-12,6215.0,8,2604.0,4.0,True,2025,4,2,Saturday,High Value
CUST002749,Ravy Sousa,ravy.sousa@correio.net,30.0,masculino,Petrópolis,RJ,2025-04-12,3348.0,7,1818.0,4.4,True,2025,4,2,Saturday,Medium Value
CUST001405,Eduarda Mendonça,eduarda.mendonca@email.com,38.0,feminino,Belém,PA,2025-04-12,3990.0,15,2814.0,4.3,True,2025,4,2,Saturday,High Value
CUST004981,Daniela Correia,daniela.correia@webmail.com,54.0,feminino,Caruaru,PE,2025-04-13,3540.0,4,805.0,4.2,True,2025,4,2,Sunday,Low Value
CUST002834,Ana Sophia Novaes,ana.sophia.novaes@email.com,38.0,feminino,Brasília,DF,2025-04-13,3914.0,7,1602.0,5.0,True,2025,4,2,Sunday,Medium Value
CUST000286,Heloisa Vasconcelos,heloisa.vasconcelos@mail.com,51.0,feminino,Belo Horizonte,MG,2025-04-13,4649.0,5,1743.0,4.9,True,2025,4,2,Sunday,Medium Value
CUST001225,Sra. Pietra Nogueira,sra..pietra.nogueira@mail.com,26.0,feminino,Santos,SP,2025-04-13,3252.0,8,1889.0,4.8,True,2025,4,2,Sunday,Medium Value
CUST000236,Dra. Isabelly Caldeira,dra..isabelly.caldeira@email.com,38.0,feminino,Niterói,RJ,2025-04-13,1836.0,5,1339.0,5.0,True,2025,4,2,Sunday,Medium Value
CUST004044,Srta. Cecilia Pacheco,srta..cecilia.pacheco@webmail.com,55.0,feminino,Rio de Janeiro,RJ,2025-04-14,1848.0,14,4692.0,3.8,True,2025,4,2,Monday,High Value
CUST003097,Yuri Correia,yuri.correia@mail.com,44.0,masculino,Pelotas,RS,2025-04-14,3405.0,9,3226.0,3.7,True,2025,4,2,Monday,High Value
CUST003218,Bruno Viana,bruno.viana@provedor.com.br,56.0,masculino,Petrópolis,RJ,2025-04-14,5360.0,14,5478.0,4.0,True,2025,4,2,Monday,High Value
CUST001547,Henry Gabriel Porto,henry.gabriel.porto@email.com,53.0,masculino,Belo Horizonte,MG,2025-04-14,3057.0,3,276.0,3.5,True,2025,4,2,Monday,Low Value
CUST000031,Murilo Da Mata,murilo.da.mata@email.com,51.0,masculino,Campinas,SP,2025-04-15,1784.0,8,1092.0,5.0,True,2025,4,2,Tuesday,Low Value
CUST001221,João Lucas Gomes,joao.lucas.gomes@provedor.com.br,47.0,masculino,Campinas,SP,2025-04-15,2967.0,7,998.0,4.1,True,2025,4,2,Tuesday,Low Value
CUST000999,Danilo Siqueira,danilo.siqueira@correio.net,38.0,masculino,Campinas,SP,2025-04-16,1947.0,4,720.0,3.4,True,2025,4,2,Wednesday,Low Value
CUST000386,Luiz Henrique Oliveira,luiz.henrique.oliveira@email.com,55.0,masculino,São Paulo,SP,2025-04-16,2880.0,2,451.0,3.3,True,2025,4,2,Wednesday,Low Value
CUST000450,Brayan Barros,brayan.barros@mail.com,25.0,masculino,Vitória da Conquista,BA,2025-04-17,1609.0,10,1677.0,4.7,True,2025,4,2,Thursday,Medium Value
CUST001244,Henry Almeida,henry.almeida@mail.com,26.0,masculino,Campinas,SP,2025-04-17,1321.0,5,1328.0,4.7,True,2025,4,2,Thursday,Medium Value
CUST000088,Beatriz Aragão,beatriz.aragao@email.com,34.0,feminino,Goiânia,GO,2025-04-17,3808.0,3,745.0,3.2,True,2025,4,2,Thursday,Low Value
CUST002964,Carolina Moreira,carolina.moreira@correio.net,48.0,feminino,Rio Verde,GO,2025-04-17,6172.0,6,1467.0,4.1,True,2025,4,2,Thursday,Medium Value
CUST000878,Nina Brito,nina.brito@provedor.com.br,36.0,feminino,Petrópolis,RJ,2025-04-17,2273.0,11,2846.0,2.7,True,2025,4,2,Thursday,High Value
CUST002662,Apollo Teixeira,apollo.teixeira@mail.com,38.0,masculino,Blumenau,SC,2025-04-18,4600.0,9,1470.0,3.7,True,2025,4,2,Friday,Medium Value
CUST002064,Olivia Silva,olivia.silva@email.com,38.0,feminino,Caxias do Sul,RS,2025-04-18,4385.0,9,3111.0,3.8,True,2025,4,2,Friday,High Value
CUST004372,Srta. Maria Helena Teixeira,srta..maria.helena.teixeira@provedor.com.br,23.0,feminino,São Paulo,SP,2025-04-18,6015.0,5,1787.0,4.0,True,2025,4,2,Friday,Medium Value
CUST002352,Dr. Murilo Araújo,dr..murilo.araujo@correio.net,25.0,masculino,Vila Velha,ES,2025-04-19,1035.0,6,588.0,4.0,True,2025,4,2,Saturday,Low Value
CUST002183,João Pedro Da Mota,joao.pedro.da.mota@mail.com,28.0,masculino,Brasília,DF,2025-04-20,2055.0,12,2048.0,2.3,True,2025,4,2,Sunday,High Value
CUST000646,Sra. Isadora Camargo,sra..isadora.camargo@webmail.com,23.0,feminino,unknown,SP,2025-04-20,1831.0,6,1263.0,3.6,True,2025,4,2,Sunday,Low Value
CUST002780,Gustavo Peixoto,gustavo.peixoto@email.com,43.0,masculino,São Paulo,SP,2025-04-21,6775.0,7,2792.0,3.0,True,2025,4,2,Monday,High Value
CUST001696,Clarice Pereira,clarice.pereira@provedor.com.br,42.0,feminino,Pelotas,RS,2025-04-21,6804.0,15,6546.0,5.0,True,2025,4,2,Monday,High Value
CUST004566,Bernardo Ferreira,bernardo.ferreira@email.com,34.0,masculino,Petrópolis,RJ,2025-04-21,4267.0,8,2434.0,4.7,True,2025,4,2,Monday,High Value
CUST002656,Thiago Araújo,thiago.araujo@correio.net,30.0,masculino,Santos,SP,2025-04-21,3313.5,2,228.0,3.8,True,2025,4,2,Monday,Low Value
CUST002418,Luan Da Conceição,luan.da.conceicao@email.com,58.0,masculino,Blumenau,SC,2025-04-22,5337.0,5,120641.0,5.0,True,2025,4,2,Tuesday,High Value
CUST000380,Yago Castro,yago.castro@mail.com,41.0,masculino,Brasília,DF,2025-04-22,5296.0,5,1838.0,4.0,True,2025,4,2,Tuesday,Medium Value
CUST000515,Srta. Vitória Moraes,srta..vitoria.moraes@correio.net,25.0,feminino,Duque de Caxias,RJ,2025-04-22,1992.0,3,580.0,3.5,True,2025,4,2,Tuesday,Low Value
CUST000416,Bruna Brito,bruna.brito@correio.net,30.0,feminino,Brasília,DF,2025-04-23,3430.0,8,1910.0,3.1,True,2025,4,2,Wednesday,Medium Value
CUST002719,Maria Clara Rios,maria.clara.rios@provedor.com.br,48.0,outro,unknown,SP,2025-04-23,4715.0,7,2642.0,3.1,True,2025,4,2,Wednesday,High Value
CUST000516,Luiz Fernando Ferreira,luiz.fernando.ferreira@webmail.com,34.0,masculino,Caxias do Sul,RS,2025-04-24,4998.0,7,1800.0,3.0,True,2025,4,2,Thursday,Medium Value
CUST004232,Isis Camargo,isis.camargo@provedor.com.br,33.0,feminino,Salvador,BA,2025-04-25,5012.0,6,2000.0,5.0,True,2025,4,2,Friday,Medium Value
CUST003886,Kamilly Guerra,kamilly.guerra@correio.net,46.0,feminino,Belém,PA,2025-04-25,3882.0,5,1145.0,2.5,True,2025,4,2,Friday,Low Value
CUST002133,Sara Moreira,sara.moreira@email.com,47.0,feminino,unknown,SP,2025-04-25,4383.0,5,1498.0,5.0,True,2025,4,2,Friday,Medium Value
CUST004093,Carlos Eduardo Câmara,carlos.eduardo.camara@mail.com,35.0,masculino,Juazeiro do Norte,CE,2025-04-26,6146.0,5,1798.0,3.5,True,2025,4,2,Saturday,Medium Value
CUST004995,Gabrielly Vargas,gabrielly.vargas@correio.net,31.0,feminino,Recife,PE,2025-04-27,1566.0,5,631.0,3.8,True,2025,4,2,Sunday,Low Value
CUST000973,Maria Júlia Fonseca,maria.julia.fonseca@email.com,18.0,feminino,Ribeirão Preto,SP,2025-04-27,1225.0,3,429.0,5.0,True,2025,4,2,Sunday,Low Value
CUST001440,Bárbara Da Paz,barbara.da.paz@email.com,27.0,feminino,Brasília,DF,2025-04-27,4442.0,6,1568.0,4.6,True,2025,4,2,Sunday,Medium Value
CUST000755,Yago Garcia,yago.garcia@webmail.com,44.0,masculino,Curitiba,PR,2025-04-27,2649.0,4,840.0,4.6,True,2025,4,2,Sunday,Low Value
CUST002920,Danilo Pinto,danilo.pinto@provedor.com.br,47.0,masculino,Petrópolis,RJ,2025-04-28,2695.0,6,1288.0,3.8,True,2025,4,2,Monday,Low Value
CUST000682,Dra. Maitê Nunes,dra..maite.nunes@provedor.com.br,18.0,feminino,Ananindeua,PA,2025-04-28,3007.0,18,1876.0,4.9,True,2025,4,2,Monday,Medium Value
CUST002898,Luara Novaes,luara.novaes@email.com,70.0,feminino,Ribeirão Preto,SP,2025-04-28,2778.0,5,1386.0,3.5,True,2025,4,2,Monday,Medium Value
CUST000065,Sr. Leonardo Guerra,sr..leonardo.guerra@provedor.com.br,43.0,masculino,Juazeiro do Norte,CE,2025-04-28,1507.0,6,1291.0,4.9,True,2025,4,2,Monday,Low Value
CUST004712,Stella Caldeira,stella.caldeira@correio.net,30.0,feminino,Contagem,MG,2025-04-29,12229.0,10,3886.0,3.5,True,2025,4,2,Tuesday,High Value
CUST004229,Isabela Caldeira,isabela.caldeira@mail.com,42.0,feminino,Petrópolis,RJ,2025-04-30,3869.0,7,1877.0,3.0,True,2025,4,2,Wednesday,Medium Value
CUST003378,André Albuquerque,andre.albuquerque@correio.net,44.0,masculino,Várzea Grande,MT,2025-05-01,3327.0,6,549.0,5.0,True,2025,5,2,Thursday,Low Value
CUST003190,Ana Júlia Pires,ana.julia.pires@mail.com,29.0,feminino,Ananindeua,PA,2025-05-01,5418.0,5,1497.0,4.5,True,2025,5,2,Thursday,Medium Value
CUST000767,Carlos Eduardo Rodrigues,carlos.eduardo.rodrigues@webmail.com,45.0,masculino,Feira de Santana,BA,2025-05-02,3022.0,7,124291.0,4.4,True,2025,5,2,Friday,High Value
CUST001406,Caroline Pimenta,caroline.pimenta@provedor.com.br,24.0,feminino,Londrina,PR,2025-05-02,2018.0,6,1750.0,5.0,True,2025,5,2,Friday,Medium Value
CUST003999,Maria Luísa Da Rocha,maria.luisa.da.rocha@correio.net,40.0,feminino,Sorocaba,SP,2025-05-02,6996.0,12,2707.0,4.6,True,2025,5,2,Friday,High Value
CUST002846,Otávio Borges,otavio.borges@email.com,32.0,masculino,Contagem,MG,2025-05-03,3621.0,12,4149.0,4.4,True,2025,5,2,Saturday,High Value
CUST001061,João Vitor Da Rocha,joao.vitor.da.rocha@correio.net,27.0,masculino,Santos,SP,2025-05-03,2370.0,7,1647.0,4.3,True,2025,5,2,Saturday,Medium Value
CUST001185,Levi Gonçalves,levi.goncalves@correio.net,20.0,masculino,Vitória da Conquista,BA,2025-05-04,6841.0,9,2751.0,3.3,True,2025,5,2,Sunday,High Value
CUST003088,Alexia Câmara,alexia.camara@webmail.com,29.0,feminino,Salvador,BA,2025-05-04,2851.0,7,1858.0,4.0,True,2025,5,2,Sunday,Medium Value
CUST003690,Srta. Maria Laura Monteiro,srta..maria.laura.monteiro@mail.com,38.0,feminino,Niterói,RJ,2025-05-04,1180.0,5,1073.0,3.3,True,2025,5,2,Sunday,Low Value
CUST001015,Mathias Abreu,mathias.abreu@email.com,40.0,masculino,Ribeirão Preto,SP,2025-05-05,1811.0,9,2456.0,4.3,True,2025,5,2,Monday,High Value
CUST000568,Dra. Maysa Martins,dra..maysa.martins@email.com,33.0,feminino,Sorocaba,SP,2025-05-05,2878.0,10,1815.0,5.0,True,2025,5,2,Monday,Medium Value
CUST000586,Ravy Machado,ravy.machado@webmail.com,40.0,masculino,Sorocaba,SP,2025-05-06,1422.0,6,1196.0,3.4,True,2025,5,2,Tuesday,Low Value
CUST000808,Breno Nunes,breno.nunes@webmail.com,18.0,masculino,Campinas,SP,2025-05-06,1903.0,8,913.0,3.7,True,2025,5,2,Tuesday,Low Value
CUST002911,Sr. Rodrigo Cardoso,sr..rodrigo.cardoso@mail.com,39.0,masculino,Petrópolis,RJ,2025-05-06,2801.0,6,1398.0,3.6,True,2025,5,2,Tuesday,Medium Value
CUST004356,Breno Montenegro,breno.montenegro@email.com,24.0,masculino,Rio Verde,GO,2025-05-07,2259.0,15,3394.0,4.3,True,2025,5,2,Wednesday,High Value
CUST003643,Mariane Da Cruz,mariane.da.cruz@webmail.com,56.0,feminino,Ribeirão Preto,SP,2025-05-07,2197.0,4,660.0,4.3,True,2025,5,2,Wednesday,Low Value
CUST001390,Otto Viana,otto.viana@provedor.com.br,31.0,masculino,Curitiba,PR,2025-05-08,3411.0,6,1685.0,4.3,True,2025,5,2,Thursday,Medium Value
CUST002196,Cauê Gomes,caue.gomes@email.com,22.0,masculino,Sorocaba,SP,2025-05-08,2837.0,8,1794.0,3.3,True,2025,5,2,Thursday,Medium Value
CUST001013,Sra. Maria Laura Alves,sra..maria.laura.alves@correio.net,50.0,feminino,unknown,MG,2025-05-09,3313.0,8,2963.0,3.2,True,2025,5,2,Friday,High Value
CUST002857,Laís Nunes,lais.nunes@email.com,65.0,feminino,Joinville,SC,2025-05-09,7495.0,11,2926.0,2.6,True,2025,5,2,Friday,High Value
CUST003100,Ian Moreira,ian.moreira@webmail.com,49.0,masculino,Joinville,SC,2025-05-10,2616.0,4,742.0,4.8,True,2025,5,2,Saturday,Low Value
CUST004001,Arthur Camargo,arthur.camargo@email.com,28.0,masculino,Olinda,PE,2025-05-10,3935.0,9,2692.0,3.9,True,2025,5,2,Saturday,High Value
CUST003462,Marcos Vinicius Silva,marcos.vinicius.silva@provedor.com.br,56.0,masculino,Vila Velha,ES,2025-05-11,3855.0,5,1187.0,3.8,True,2025,5,2,Sunday,Low Value
CUST000581,Anna Liz Freitas,anna.liz.freitas@correio.net,36.0,feminino,Duque de Caxias,RJ,2025-05-11,3267.0,7,2019.0,5.0,True,2025,5,2,Sunday,Medium Value
CUST003739,Rhavi Teixeira,rhavi.teixeira@email.com,38.0,masculino,Duque de Caxias,RJ,2025-05-11,2594.0,1,286.0,5.0,True,2025,5,2,Sunday,Low Value
CUST001018,Luiz Otávio Duarte,luiz.otavio.duarte@correio.net,37.0,outro,Duque de Caxias,RJ,2025-05-11,2121.0,9,1669.0,4.0,True,2025,5,2,Sunday,Medium Value
CUST001708,Antonella Da Paz,antonella.da.paz@email.com,54.0,feminino,Joinville,SC,2025-05-12,2472.0,5,1401.0,4.0,True,2025,5,2,Monday,Medium Value
CUST003135,Beatriz Fernandes,beatriz.fernandes@webmail.com,32.0,feminino,Porto Alegre,RS,2025-05-12,2441.0,5,1441.0,3.7,True,2025,5,2,Monday,Medium Value
CUST003993,Otávio Peixoto,otavio.peixoto@mail.com,27.0,masculino,Vitória,ES,2025-05-12,2113.0,4,706.0,3.5,True,2025,5,2,Monday,Low Value
CUST000691,Maria Vitória Mendes,maria.vitoria.mendes@correio.net,41.0,feminino,Pelotas,RS,2025-05-13,1432.0,6,1092.0,3.0,True,2025,5,2,Tuesday,Low Value
CUST002532,Aurora Cunha,aurora.cunha@correio.net,25.0,feminino,unknown,PA,2025-05-13,191780.0,7,2721.0,3.5,True,2025,5,2,Tuesday,High Value
CUST005036,Anna Liz Freitas,anna.liz.freitas@provedor.com.br,35.0,feminino,Duque de Caxias,RJ,2025-05-13,3152.0,6,1856.0,4.8,True,2025,5,2,Tuesday,Medium Value
CUST003533,Enrico Borges,enrico.borges@email.com,23.0,masculino,Anápolis,GO,2025-05-14,2582.0,4,737.0,4.0,True,2025,5,2,Wednesday,Low Value
CUST004896,Nicolas Peixoto,nicolas.peixoto@mail.com,33.0,masculino,Fortaleza,CE,2025-05-14,4127.0,9,2321.0,3.8,True,2025,5,2,Wednesday,High Value
CUST002568,Liz Da Mata,liz.da.mata@email.com,27.0,feminino,Ananindeua,PA,2025-05-15,4428.0,9,2548.0,4.0,True,2025,5,2,Thursday,High Value
CUST001315,Evelyn Cardoso,evelyn.cardoso@provedor.com.br,37.0,feminino,São Paulo,SP,2025-05-15,2599.0,8,1964.0,2.9,True,2025,5,2,Thursday,Medium Value
CUST004192,Camila Da Rosa,camila.da.rosa@email.com,38.0,feminino,Cuiabá,MT,2025-05-16,3133.0,10,1640.0,3.4,True,2025,5,2,Friday,Medium Value
CUST001759,Ana Mendes,ana.mendes@mail.com,25.0,feminino,Campinas,SP,2025-05-16,2492.0,7,2113.0,4.0,True,2025,5,2,Friday,High Value
CUST001930,Vicente Ribeiro,vicente.ribeiro@mail.com,44.0,outro,Rio de Janeiro,RJ,2025-05-16,2493.0,7,965.0,3.3,True,2025,5,2,Friday,Low Value
CUST003276,Sra. Maria Júlia Pimenta,sra..maria.julia.pimenta@mail.com,41.0,feminino,Manaus,AM,2025-05-17,2350.0,5,1263.0,3.8,True,2025,5,2,Saturday,Low Value
CUST002772,Clarice Borges,clarice.borges@email.com,54.0,feminino,Pelotas,RS,2025-05-17,1357.0,4,667.0,4.7,True,2025,5,2,Saturday,Low Value
CUST001028,Marcelo Sales,marcelo.sales@email.com,57.0,masculino,Contagem,MG,2025-05-19,4617.0,4,1755.0,2.6,True,2025,5,2,Monday,Medium Value
CUST000461,Luara Rios,luara.rios@mail.com,31.0,feminino,São Paulo,SP,2025-05-19,4661.0,6,1377.0,5.0,True,2025,5,2,Monday,Medium Value
CUST001331,Maria Liz Andrade,maria.liz.andrade@mail.com,26.0,feminino,Sobral,CE,2025-05-19,4118.0,4,1046.0,2.2,True,2025,5,2,Monday,Low Value
CUST003185,Marcelo Dias,marcelo.dias@mail.com,24.0,masculino,São Paulo,SP,2025-05-20,2642.0,7,2290.0,3.3,True,2025,5,2,Tuesday,High Value
CUST003420,Ana Luiza Fernandes,ana.luiza.fernandes@webmail.com,39.0,feminino,Santos,SP,2025-05-20,5679.0,5,1375.0,3.6,True,2025,5,2,Tuesday,Medium Value
CUST003699,Henry Da Rocha,henry.da.rocha@webmail.com,51.0,masculino,Niterói,RJ,2025-05-20,4766.0,12,4421.0,4.3,True,2025,5,2,Tuesday,High Value
CUST004054,Isabelly Ribeiro,isabelly.ribeiro@email.com,40.0,feminino,Ribeirão Preto,SP,2025-05-21,2199.0,7,970.0,3.1,True,2025,5,2,Wednesday,Low Value
CUST001573,Mateus Vieira,mateus.vieira@email.com,36.0,masculino,Recife,PE,2025-05-21,3481.0,7,1290.0,3.5,True,2025,5,2,Wednesday,Low Value
CUST000179,Diogo Alves,diogo.alves@provedor.com.br,22.0,masculino,Pelotas,RS,2025-05-22,4177.0,5,1196.0,4.0,True,2025,5,2,Thursday,Low Value
CUST000025,Brayan Pereira,brayan.pereira@email.com,48.0,masculino,Brasília,DF,2025-05-22,5001.0,7,2096.0,4.0,True,2025,5,2,Thursday,High Value
CUST002812,Enrico Santos,enrico.santos@webmail.com,36.0,masculino,Brasília,DF,2025-05-23,3019.0,5,1522.0,3.6,True,2025,5,2,Friday,Medium Value
CUST002048,Cecilia Das Neves,cecilia.das.neves@provedor.com.br,24.0,feminino,Uberlândia,MG,2025-05-23,6456.0,7,2109.0,3.1,True,2025,5,2,Friday,High Value
CUST001105,Melina Cunha,melina.cunha@provedor.com.br,18.0,feminino,Campinas,SP,2025-05-23,900.0,5,1477.0,2.4,True,2025,5,2,Friday,Medium Value
CUST004079,Ana Júlia Macedo,ana.julia.macedo@provedor.com.br,44.0,feminino,Londrina,PR,2025-05-24,3358.0,10,1841.0,3.8,True,2025,5,2,Saturday,Medium Value
CUST002734,Renan Rodrigues,renan.rodrigues@correio.net,36.0,masculino,Ribeirão Preto,SP,2025-05-25,6006.0,12,3579.0,3.0,True,2025,5,2,Sunday,High Value
CUST004985,Vitor Hugo Ferreira,vitor.hugo.ferreira@provedor.com.br,59.0,masculino,Contagem,MG,2025-05-27,5884.0,9,3250.0,4.0,True,2025,5,2,Tuesday,High Value
CUST001974,Rafaela Cavalcanti,rafaela.cavalcanti@webmail.com,58.0,feminino,Maringá,PR,2025-05-27,3030.0,7,1101.0,4.1,True,2025,5,2,Tuesday,Low Value
CUST000662,Amanda Fonseca,amanda.fonseca@provedor.com.br,48.0,feminino,Juazeiro do Norte,CE,2025-05-28,4150.0,6,1877.0,4.6,True,2025,5,2,Wednesday,Medium Value
CUST001260,Maria Júlia Vargas,maria.julia.vargas@mail.com,44.0,feminino,Ribeirão Preto,SP,2025-05-28,5390.0,9,3333.0,3.2,True,2025,5,2,Wednesday,High Value
CUST002479,Anna Liz Gonçalves,anna.liz.goncalves@correio.net,18.0,feminino,unknown,BA,2025-05-28,5390.0,7,1816.0,4.2,True,2025,5,2,Wednesday,Medium Value
CUST005044,Letícia Pimenta,leticia.pimenta@provedor.com.br,38.0,feminino,Londrina,PR,2025-05-28,1808.0,8,3209.0,4.4,True,2025,5,2,Wednesday,High Value
CUST000752,Giovanna Sales,giovanna.sales@webmail.com,22.0,feminino,Ananindeua,PA,2025-05-30,1804.0,6,1461.0,4.7,True,2025,5,2,Friday,Medium Value
CUST002632,Maria Luiza Mendonça,maria.luiza.mendonca@email.com,37.0,feminino,Serra,ES,2025-05-30,4874.0,10,107153.0,2.9,True,2025,5,2,Friday,High Value
CUST001385,Emilly Da Rocha,emilly.da.rocha@mail.com,52.0,feminino,Manaus,AM,2025-05-30,3181.0,7,1356.0,3.1,True,2025,5,2,Friday,Medium Value
CUST000672,Pedro Montenegro,pedro.montenegro@webmail.com,30.0,masculino,Belém,PA,2025-05-31,2419.0,4,865.0,2.5,True,2025,5,2,Saturday,Low Value
CUST002833,Larissa Duarte,larissa.duarte@provedor.com.br,26.0,feminino,Petrópolis,RJ,2025-06-04,4173.0,7,1918.0,3.4,True,2025,6,2,Wednesday,Medium Value
CUST004031,Ana Julia Gonçalves,ana.julia.goncalves@webmail.com,26.0,feminino,Sorocaba,SP,2025-06-05,2086.0,5,1272.0,4.1,True,2025,6,2,Thursday,Low Value
CUST001152,Bruna Da Conceição,bruna.da.conceicao@provedor.com.br,42.0,outro,Londrina,PR,2025-06-05,5720.0,8,1998.0,4.4,True,2025,6,2,Thursday,Medium Value
CUST001168,Isabelly Martins,isabelly.martins@email.com,41.0,feminino,Vitória da Conquista,BA,2025-06-05,3766.0,8,1459.0,3.3,True,2025,6,2,Thursday,Medium Value
CUST002904,Pedro Lucas Da Conceição,pedro.lucas.da.conceicao@email.com,38.0,masculino,Parintins,AM,2025-06-06,7929.0,6,2475.0,4.4,True,2025,6,2,Friday,High Value
CUST002739,Srta. Isabella Da Cunha,srta..isabella.da.cunha@email.com,47.0,feminino,Recife,PE,2025-06-07,2782.0,7,2017.0,2.9,True,2025,6,2,Saturday,Medium Value
CUST003775,Thales Nascimento,thales.nascimento@webmail.com,43.0,masculino,Sorocaba,SP,2025-06-07,11746.0,10,3399.0,4.6,True,2025,6,2,Saturday,High Value
CUST001999,Aurora Camargo,aurora.camargo@provedor.com.br,33.0,feminino,Petrópolis,RJ,2025-06-07,5300.0,3,708.0,3.8,True,2025,6,2,Saturday,Low Value
CUST004017,Kamilly Leão,kamilly.leao@email.com,37.0,feminino,Niterói,RJ,2025-06-08,3421.0,9,2048.0,4.7,True,2025,6,2,Sunday,High Value
CUST001298,Dr. Caleb Ramos,dr..caleb.ramos@provedor.com.br,47.0,masculino,Pelotas,RS,2025-06-08,1179.0,5,884.0,4.8,True,2025,6,2,Sunday,Low Value
CUST003584,Heloísa Das Neves,heloisa.das.neves@provedor.com.br,40.0,feminino,Petrópolis,RJ,2025-06-09,3904.0,6,2409.0,3.4,True,2025,6,2,Monday,High Value
CUST001828,Eloah Cirino,eloah.cirino@provedor.com.br,31.0,feminino,Sobral,CE,2025-06-09,3968.0,5,1266.0,3.5,True,2025,6,2,Monday,Low Value
CUST002382,Hadassa Teixeira,hadassa.teixeira@provedor.com.br,35.0,feminino,Sorocaba,SP,2025-06-10,2482.0,6,1493.0,4.7,True,2025,6,2,Tuesday,Medium Value
CUST000528,Leonardo Martins,leonardo.martins@webmail.com,18.0,masculino,São Paulo,SP,2025-06-12,6711.0,9,2403.0,4.0,True,2025,6,2,Thursday,High Value
CUST000846,Isabel Siqueira,isabel.siqueira@mail.com,44.0,feminino,Serra,ES,2025-06-13,5055.0,8,1090.0,4.4,True,2025,6,2,Friday,Low Value
CUST000275,Sr. João Guilherme Aparecida,sr..joao.guilherme.aparecida@mail.com,35.0,masculino,Salvador,BA,2025-06-13,3512.0,4,1039.0,4.8,True,2025,6,2,Friday,Low Value
CUST001176,Vinícius Da Costa,vinicius.da.costa@provedor.com.br,63.0,masculino,Olinda,PE,2025-06-13,2387.0,13,3309.0,4.9,True,2025,6,2,Friday,High Value
CUST000845,Davi Miguel Montenegro,davi.miguel.montenegro@email.com,48.0,masculino,Petrópolis,RJ,2025-06-13,4058.0,4,851.0,3.9,True,2025,6,2,Friday,Low Value
CUST002758,Lorena Dias,lorena.dias@mail.com,38.0,feminino,Recife,PE,2025-06-14,3811.0,7,1468.0,4.5,True,2025,6,2,Saturday,Medium Value
CUST003274,Laura Ramos,laura.ramos@correio.net,51.0,feminino,São Paulo,SP,2025-06-14,5481.0,13,3725.0,2.9,True,2025,6,2,Saturday,High Value
CUST001838,Sra. Luana Da Conceição,sra..luana.da.conceicao@provedor.com.br,44.0,feminino,Olinda,PE,2025-06-14,3481.0,6,1084.0,4.1,True,2025,6,2,Saturday,Low Value
CUST004573,Eduardo Caldeira,eduardo.caldeira@webmail.com,38.0,masculino,Juazeiro do Norte,CE,2025-06-14,2529.0,5,1250.0,4.0,True,2025,6,2,Saturday,Low Value
CUST004989,Isabel Cunha,isabel.cunha@mail.com,41.0,feminino,Londrina,PR,2025-06-14,1890.0,9,1299.0,3.4,True,2025,6,2,Saturday,Low Value
CUST004479,Dr. Noah Gonçalves,dr..noah.goncalves@correio.net,40.0,masculino,Cuiabá,MT,2025-06-14,2272.0,9,1361.0,4.0,True,2025,6,2,Saturday,Medium Value
CUST002433,Emanuel Vieira,emanuel.vieira@correio.net,22.0,masculino,Ribeirão Preto,SP,2025-06-15,916.0,6,1242.0,3.4,True,2025,6,2,Sunday,Low Value
CUST001569,Vinícius Melo,vinicius.melo@mail.com,48.0,masculino,Caxias do Sul,RS,2025-06-17,3236.0,9,2900.0,2.9,True,2025,6,2,Tuesday,High Value
CUST000806,Bruno Moura,bruno.moura@correio.net,18.0,masculino,Curitiba,PR,2025-06-17,4115.0,1,270.0,3.9,True,2025,6,2,Tuesday,Low Value
CUST003035,Liam Garcia,liam.garcia@mail.com,59.0,masculino,Cuiabá,MT,2025-06-17,2728.0,3,712.0,4.2,True,2025,6,2,Tuesday,Low Value
CUST000902,Vitor Gabriel Da Paz,vitor.gabriel.da.paz@provedor.com.br,19.0,masculino,Vila Velha,ES,2025-06-18,1708.0,3,501.0,3.2,True,2025,6,2,Wednesday,Low Value
CUST002416,Dr. Luan Leão,dr..luan.leao@email.com,55.0,masculino,Salvador,BA,2025-06-19,2694.0,8,945.0,4.8,True,2025,6,2,Thursday,Low Value
CUST002413,Emanuel Viana,emanuel.viana@webmail.com,32.0,masculino,Rio de Janeiro,RJ,2025-06-20,1939.0,17,1852.0,3.1,True,2025,6,2,Friday,Medium Value
CUST003365,Anna Liz Fonseca,anna.liz.fonseca@provedor.com.br,57.0,feminino,Cuiabá,MT,2025-06-20,3278.0,10,3030.0,3.2,True,2025,6,2,Friday,High Value
CUST000513,Sra. Hellena Farias,sra..hellena.farias@mail.com,34.0,outro,Uberlândia,MG,2025-06-21,4116.0,8,2748.0,3.6,True,2025,6,2,Saturday,High Value
CUST003735,Antonella Da Mata,antonella.da.mata@email.com,61.0,feminino,Cuiabá,MT,2025-06-21,8536.0,10,3227.0,3.6,True,2025,6,2,Saturday,High Value
CUST003976,Stephany Sousa,stephany.sousa@provedor.com.br,40.0,feminino,Caxias do Sul,RS,2025-06-21,4048.0,7,1084.0,4.2,True,2025,6,2,Saturday,Low Value
CUST001963,Antony Moreira,antony.moreira@mail.com,50.0,masculino,Santos,SP,2025-06-22,2496.0,12,2245.0,4.8,True,2025,6,2,Sunday,High Value
CUST003512,Emanuella Rezende,emanuella.rezende@correio.net,63.0,feminino,Brasília,DF,2025-06-25,4509.0,6,1907.0,3.1,True,2025,6,2,Wednesday,Medium Value
CUST003036,Caleb Camargo,caleb.camargo@provedor.com.br,31.0,masculino,Rio de Janeiro,RJ,2025-06-26,2944.0,4,726.0,3.0,True,2025,6,2,Thursday,Low Value
CUST003696,Alexia Vieira,alexia.vieira@provedor.com.br,44.0,feminino,Brasília,DF,2025-06-26,3362.0,5,971.0,3.2,True,2025,6,2,Thursday,Low Value
CUST000644,Davi Miguel Moura,davi.miguel.moura@webmail.com,40.0,masculino,Sorocaba,SP,2025-06-27,3436.0,8,2549.0,4.7,True,2025,6,2,Friday,High Value
CUST003523,Sr. Vitor Gabriel Cirino,sr..vitor.gabriel.cirino@email.com,47.0,outro,Recife,PE,2025-06-27,3481.0,5,960.0,4.0,True,2025,6,2,Friday,Low Value
CUST001781,João Lucas Gonçalves,joao.lucas.goncalves@webmail.com,66.0,masculino,Juiz de Fora,MG,2025-06-28,3358.0,7,1805.0,4.8,True,2025,6,2,Saturday,Medium Value
CUST001082,Raul Almeida,raul.almeida@provedor.com.br,38.0,masculino,Campinas,SP,2025-06-28,2280.0,4,1048.0,4.4,True,2025,6,2,Saturday,Low Value
CUST004524,Bianca Ramos,bianca.ramos@provedor.com.br,38.0,feminino,Brasília,DF,2025-06-29,3430.0,13,1675.0,4.0,True,2025,6,2,Sunday,Medium Value
CUST000164,Davi Silveira,davi.silveira@mail.com,37.0,masculino,Belém,PA,2025-06-29,8012.0,4,1593.0,5.0,True,2025,6,2,Sunday,Medium Value
CUST000105,Ana Cecília Pinto,ana.cecilia.pinto@webmail.com,37.0,feminino,Caruaru,PE,2025-06-29,4735.0,7,1947.0,4.4,True,2025,6,2,Sunday,Medium Value
CUST001375,Stella Teixeira,stella.teixeira@correio.net,42.0,feminino,Olinda,PE,2025-06-30,5346.0,9,3215.0,4.4,True,2025,6,2,Monday,High Value
CUST004512,Sr. Kevin Da Mota,sr..kevin.da.mota@webmail.com,21.0,masculino,Ananindeua,PA,2025-07-01,2009.0,8,2274.0,3.1,True,2025,7,3,Tuesday,High Value
CUST001473,Noah Macedo,noah.macedo@provedor.com.br,27.0,masculino,Juiz de Fora,MG,2025-07-03,2063.0,5,1674.0,2.6,True,2025,7,3,Thursday,Medium Value
CUST002041,Srta. Aurora Siqueira,srta..aurora.siqueira@mail.com,38.0,feminino,Londrina,PR,2025-07-04,2417.0,8,1918.0,3.9,True,2025,7,3,Friday,Medium Value
CUST000673,Camila Moreira,camila.moreira@correio.net,18.0,feminino,Rio de Janeiro,RJ,2025-07-04,2092.0,5,246253.0,4.2,True,2025,7,3,Friday,High Value
CUST002032,Vinícius Das Neves,vinicius.das.neves@correio.net,29.0,masculino,Petrópolis,RJ,2025-07-04,1703.0,8,1472.0,4.3,True,2025,7,3,Friday,Medium Value
CUST003836,Clarice Rodrigues,clarice.rodrigues@provedor.com.br,55.0,feminino,Contagem,MG,2025-07-04,6180.0,8,1915.0,4.0,True,2025,7,3,Friday,Medium Value
CUST000233,Apollo Das Neves,apollo.das.neves@correio.net,30.0,masculino,Cuiabá,MT,2025-07-05,2771.0,8,1358.0,4.2,True,2025,7,3,Saturday,Medium Value
CUST003863,Ana Cecília Pinto,ana.cecilia.pinto@mail.com,48.0,feminino,Sobral,CE,2025-07-07,2543.0,5,912.0,3.7,True,2025,7,3,Monday,Low Value
CUST001222,Mariah Costa,mariah.costa@correio.net,26.0,feminino,Várzea Grande,MT,2025-07-09,1263.0,8,1724.0,4.1,True,2025,7,3,Wednesday,Medium Value
CUST002505,Francisco Costela,francisco.costela@correio.net,24.0,masculino,Campinas,SP,2025-07-10,1633.0,5,822.0,2.5,True,2025,7,3,Thursday,Low Value
CUST004977,Dom Da Luz,dom.da.luz@mail.com,32.0,masculino,Sorocaba,SP,2025-07-10,2448.0,4,1036.0,3.4,True,2025,7,3,Thursday,Low Value
CUST001355,Marcela Ferreira,marcela.ferreira@webmail.com,38.0,feminino,Santos,SP,2025-07-11,5853.0,846,2777.0,4.4,True,2025,7,3,Friday,High Value
CUST003571,João Miguel Novaes,joao.miguel.novaes@correio.net,46.0,masculino,Campinas,SP,2025-07-11,3540.0,5,1184.0,4.4,True,2025,7,3,Friday,Low Value
CUST000389,Benicio Pereira,benicio.pereira@webmail.com,31.0,masculino,Várzea Grande,MT,2025-07-11,3351.0,7,1597.0,4.0,True,2025,7,3,Friday,Medium Value
CUST004024,Vitor Moura,vitor.moura@email.com,33.0,masculino,Juiz de Fora,MG,2025-07-14,2848.0,7,1684.0,4.5,True,2025,7,3,Monday,Medium Value
CUST004944,Sra. Clarice Cassiano,sra..clarice.cassiano@provedor.com.br,18.0,outro,Anápolis,GO,2025-07-14,1524.0,7,1151.0,4.0,True,2025,7,3,Monday,Low Value
CUST000664,Caroline Pimenta,caroline.pimenta@correio.net,32.0,outro,Contagem,MG,2025-07-14,4443.0,7,1702.0,4.6,True,2025,7,3,Monday,Medium Value
CUST003438,Gabriel Abreu,gabriel.abreu@email.com,46.0,masculino,Vila Velha,ES,2025-07-14,3411.0,5,223938.0,4.0,True,2025,7,3,Monday,High Value
CUST001548,Dra. Maria Eduarda Sá,dra..maria.eduarda.sa@email.com,39.0,feminino,Santos,SP,2025-07-15,1851.0,4,1571.0,5.0,True,2025,7,3,Tuesday,Medium Value
CUST000141,Srta. Isabela Castro,srta..isabela.castro@email.com,57.0,outro,Caruaru,PE,2025-07-15,3481.0,6,1503.0,3.4,True,2025,7,3,Tuesday,Medium Value
CUST003149,Luana Pereira,luana.pereira@provedor.com.br,42.0,feminino,Campinas,SP,2025-07-16,3313.0,6,1377.0,3.8,True,2025,7,3,Wednesday,Medium Value
CUST000861,Noah Leão,noah.leao@provedor.com.br,46.0,masculino,Uberlândia,MG,2025-07-17,1934.0,8,1625.0,3.6,True,2025,7,3,Thursday,Medium Value
CUST001617,Ana Sophia Da Rocha,ana.sophia.da.rocha@provedor.com.br,29.0,feminino,Vitória da Conquista,BA,2025-07-17,2843.0,9,1962.0,4.1,True,2025,7,3,Thursday,Medium Value
CUST003501,Henrique Souza,henrique.souza@provedor.com.br,38.0,masculino,Porto Alegre,RS,2025-07-18,3576.0,7,1543.0,4.1,True,2025,7,3,Friday,Medium Value
CUST001732,Ana Carolina Silveira,ana.carolina.silveira@email.com,42.0,feminino,Duque de Caxias,RJ,2025-07-18,5854.0,5,1293.0,4.0,True,2025,7,3,Friday,Low Value
CUST000621,Pedro Henrique Guerra,pedro.henrique.guerra@mail.com,48.0,masculino,Vila Velha,ES,2025-07-19,2436.0,9,3256.0,4.0,True,2025,7,3,Saturday,High Value
CUST004783,Ana Cassiano,ana.cassiano@provedor.com.br,19.0,feminino,Feira de Santana,BA,2025-07-19,1843.0,9,2163.0,4.5,True,2025,7,3,Saturday,High Value
CUST003437,Olívia Moraes,olivia.moraes@correio.net,53.0,feminino,Parintins,AM,2025-07-19,3568.0,6,1242.0,4.3,True,2025,7,3,Saturday,Low Value
CUST003381,Sra. Maria Isis Mendonça,sra..maria.isis.mendonca@correio.net,43.0,feminino,Curitiba,PR,2025-07-20,3358.0,8,1732.0,4.4,True,2025,7,3,Sunday,Medium Value
CUST000496,Liz Cunha,liz.cunha@mail.com,52.0,feminino,Rio Verde,GO,2025-07-20,2380.0,6,834.0,4.8,True,2025,7,3,Sunday,Low Value
CUST000218,Luan Cunha,luan.cunha@correio.net,50.0,masculino,Belo Horizonte,MG,2025-07-20,4005.0,10,2753.0,4.7,True,2025,7,3,Sunday,High Value
CUST000762,Dr. Davi Miguel Caldeira,dr..davi.miguel.caldeira@webmail.com,38.0,masculino,Niterói,RJ,2025-07-22,3244.0,9,3415.0,3.1,True,2025,7,3,Tuesday,High Value
CUST002393,Carolina Costela,carolina.costela@correio.net,31.0,outro,Pelotas,RS,2025-07-23,4431.0,10,3142.0,3.9,True,2025,7,3,Wednesday,High Value
CUST000170,Liz Guerra,liz.guerra@correio.net,18.0,feminino,Niterói,RJ,2025-07-23,3196.0,1,303.0,2.9,True,2025,7,3,Wednesday,Low Value
CUST001005,Kaique Aparecida,kaique.aparecida@webmail.com,59.0,masculino,Ananindeua,PA,2025-07-24,4765.0,3,225561.0,4.0,True,2025,7,3,Thursday,High Value
CUST002627,Fernanda Fernandes,fernanda.fernandes@mail.com,43.0,feminino,Rio de Janeiro,RJ,2025-07-26,6767.0,6,1594.0,4.5,True,2025,7,3,Saturday,Medium Value
CUST001312,Srta. Sarah Oliveira,srta..sarah.oliveira@email.com,24.0,feminino,Maringá,PR,2025-07-27,2391.0,9,1675.0,3.2,True,2025,7,3,Sunday,Medium Value
CUST000104,Isadora Pacheco,isadora.pacheco@email.com,39.0,feminino,Cuiabá,MT,2025-07-27,3176.0,8,1451.0,5.0,True,2025,7,3,Sunday,Medium Value
CUST002675,Maria Julia Duarte,maria.julia.duarte@provedor.com.br,30.0,feminino,unknown,BA,2025-07-28,1256.0,4,332.0,4.4,True,2025,7,3,Monday,Low Value
CUST003514,Maria Helena Da Mota,maria.helena.da.mota@webmail.com,40.0,feminino,Parintins,AM,2025-07-28,2881.0,5,1369.0,4.7,True,2025,7,3,Monday,Medium Value
CUST003065,José Rodrigues,jose.rodrigues@webmail.com,44.0,masculino,Brasília,DF,2025-07-29,2758.0,4,1160.0,4.3,True,2025,7,3,Tuesday,Low Value
CUST002449,Maria Alice Da Rocha,maria.alice.da.rocha@mail.com,43.0,feminino,Brasília,DF,2025-07-29,3144.0,8,1738.0,3.4,True,2025,7,3,Tuesday,Medium Value
CUST001179,Isabel Moreira,isabel.moreira@email.com,38.0,feminino,Brasília,DF,2025-07-29,3319.0,5,1070.0,4.4,True,2025,7,3,Tuesday,Low Value
CUST002979,Cecilia Silva,cecilia.silva@provedor.com.br,41.0,feminino,Maringá,PR,2025-07-29,3358.0,7,1248.0,3.2,True,2025,7,3,Tuesday,Low Value
CUST004390,Davi Miguel Pereira,davi.miguel.pereira@mail.com,40.0,masculino,Caruaru,PE,2025-07-30,2980.0,4,179164.0,5.0,True,2025,7,3,Wednesday,High Value
CUST002447,Bryan Novais,bryan.novais@correio.net,38.0,masculino,Curitiba,PR,2025-07-30,4731.0,6,1646.0,3.5,True,2025,7,3,Wednesday,Medium Value
CUST004075,Dante Novaes,dante.novaes@email.com,18.0,masculino,Duque de Caxias,RJ,2025-08-01,4364.0,12,3451.0,5.0,True,2025,8,3,Friday,High Value
CUST004218,Sra. Maria Júlia Azevedo,sra..maria.julia.azevedo@email.com,29.0,feminino,Belém,PA,2025-08-01,1925.0,12,2623.0,5.0,True,2025,8,3,Friday,High Value
CUST000910,Isabelly Sampaio,isabelly.sampaio@email.com,44.0,outro,unknown,RS,2025-08-02,301348.0,13,1369.0,4.0,True,2025,8,3,Saturday,Medium Value
CUST000866,Vitor Gabriel Silveira,vitor.gabriel.silveira@correio.net,27.0,masculino,unknown,SP,2025-08-03,2055.0,6,1080.0,4.0,True,2025,8,3,Sunday,Low Value
CUST001870,Dr. Gabriel Duarte,dr..gabriel.duarte@correio.net,38.0,masculino,Campinas,SP,2025-08-03,3146.0,4,1176.0,5.0,True,2025,8,3,Sunday,Low Value
CUST000780,Valentina Monteiro,valentina.monteiro@mail.com,34.0,outro,Rio de Janeiro,RJ,2025-08-04,3768.0,4,880.0,4.0,True,2025,8,3,Monday,Low Value
CUST004581,Clara Casa Grande,clara.casa.grande@email.com,31.0,feminino,Sorocaba,SP,2025-08-05,3551.0,12,409.0,5.0,True,2025,8,3,Tuesday,Low Value
CUST004041,Brenda Aragão,brenda.aragao@mail.com,44.0,feminino,Belém,PA,2025-08-07,2527.0,3,677.0,5.0,True,2025,8,3,Thursday,Low Value
CUST001947,Evelyn Moura,evelyn.moura@email.com,45.0,feminino,Ribeirão Preto,SP,2025-08-08,2628.0,7,1466.0,4.3,True,2025,8,3,Friday,Medium Value
CUST001506,Fernanda Correia,fernanda.correia@email.com,28.0,feminino,Manaus,AM,2025-08-09,3326.0,5,1170.0,3.7,True,2025,8,3,Saturday,Low Value
CUST002788,Miguel Rodrigues,miguel.rodrigues@webmail.com,50.0,masculino,Feira de Santana,BA,2025-08-12,2879.0,6,730.0,3.0,True,2025,8,3,Tuesday,Low Value
CUST004085,Sabrina Moreira,sabrina.moreira@correio.net,34.0,feminino,Blumenau,SC,2025-08-14,2574.0,6,2260.0,5.0,True,2025,8,3,Thursday,High Value
CUST004145,Ana Julia Da Cunha,ana.julia.da.cunha@mail.com,41.0,feminino,Joinville,SC,2025-08-15,4338.0,6,915.0,2.6,True,2025,8,3,Friday,Low Value
CUST001916,Ísis Ferreira,isis.ferreira@correio.net,30.0,feminino,Salvador,BA,2025-08-16,5494.0,7,2295.0,3.6,True,2025,8,3,Saturday,High Value
CUST004613,Eduardo Santos,eduardo.santos@email.com,42.0,masculino,Porto Alegre,RS,2025-08-19,4976.0,5,1296.0,3.2,True,2025,8,3,Tuesday,Low Value
CUST001062,João Felipe Moraes,joao.felipe.moraes@correio.net,18.0,masculino,Santos,SP,2025-08-19,1902.0,19,1866.0,3.9,True,2025,8,3,Tuesday,Medium Value
CUST002735,João Lucas Viana,joao.lucas.viana@webmail.com,46.0,masculino,Serra,ES,2025-08-20,1785.0,7,1951.0,3.7,True,2025,8,3,Wednesday,Medium Value
CUST003679,Manuela Da Rosa,manuela.da.rosa@webmail.com,47.0,feminino,Niterói,RJ,2025-08-20,4539.0,8,1691.0,2.7,True,2025,8,3,Wednesday,Medium Value
CUST001026,Luara Campos,luara.campos@provedor.com.br,24.0,feminino,Uberlândia,MG,2025-08-22,3207.0,2,491.0,4.5,True,2025,8,3,Friday,Low Value
CUST002264,Ana Beatriz Andrade,ana.beatriz.andrade@correio.net,38.0,feminino,Várzea Grande,MT,2025-08-24,4619.0,5,1202.0,3.0,True,2025,8,3,Sunday,Low Value
CUST002982,Gael Vasconcelos,gael.vasconcelos@correio.net,39.0,masculino,Florianópolis,SC,2025-08-24,4118.0,10,2569.0,4.1,True,2025,8,3,Sunday,High Value
CUST001363,Sr. Anthony Câmara,sr..anthony.camara@provedor.com.br,43.0,masculino,Santos,SP,2025-08-26,3234.0,12,2945.0,4.0,True,2025,8,3,Tuesday,High Value
CUST001329,Dr. Renan Andrade,dr..renan.andrade@correio.net,51.0,masculino,Santos,SP,2025-08-27,5403.0,6,1847.0,3.4,True,2025,8,3,Wednesday,Medium Value
CUST002391,Caio Santos,caio.santos@mail.com,42.0,masculino,Rio Verde,GO,2025-08-28,5430.0,10,1797.0,4.6,True,2025,8,3,Thursday,Medium Value
CUST002497,João Pedro Vargas,joao.pedro.vargas@mail.com,37.0,masculino,Vitória da Conquista,BA,2025-08-31,5888.0,9,2878.0,4.0,True,2025,8,3,Sunday,High Value
CUST002500,Enrico Silva,enrico.silva@provedor.com.br,25.0,masculino,Parintins,AM,2025-08-31,3220.0,2,504.0,4.0,True,2025,8,3,Sunday,Low Value
CUST001379,Juan Da Luz,juan.da.luz@correio.net,31.0,masculino,Manaus,AM,2025-09-02,6431.0,8,3282.0,4.7,True,2025,9,3,Tuesday,High Value
CUST002704,Benício Porto,benicio.porto@correio.net,38.0,masculino,Brasília,DF,2025-09-03,1947.0,6,903.0,5.0,True,2025,9,3,Wednesday,Low Value
CUST001880,Diogo Araújo,diogo.araujo@mail.com,61.0,masculino,Parintins,AM,2025-09-03,2955.0,7,1707.0,4.2,True,2025,9,3,Wednesday,Medium Value
CUST004770,Dr. Otto Porto,dr..otto.porto@email.com,39.0,masculino,Brasília,DF,2025-09-03,1883.0,4,774.0,4.0,True,2025,9,3,Wednesday,Low Value
CUST002212,Luiz Fernando Pereira,luiz.fernando.pereira@mail.com,22.0,masculino,Ribeirão Preto,SP,2025-09-03,1836.0,4,1195.0,2.7,True,2025,9,3,Wednesday,Low Value
CUST001153,Sr. Augusto Albuquerque,sr..augusto.albuquerque@mail.com,41.0,masculino,Sorocaba,SP,2025-09-04,2254.0,3,734.0,5.0,True,2025,9,3,Thursday,Low Value
CUST003344,Melina Sousa,melina.sousa@provedor.com.br,46.0,feminino,Porto Alegre,RS,2025-09-06,3024.0,7,1580.0,4.0,True,2025,9,3,Saturday,Medium Value
CUST000901,Vinícius Silveira,vinicius.silveira@email.com,27.0,masculino,Santos,SP,2025-09-07,7644.0,5,2018.0,5.0,True,2025,9,3,Sunday,Medium Value
CUST003800,Dra. Alice Da Paz,dra..alice.da.paz@webmail.com,58.0,feminino,Joinville,SC,2025-09-07,3257.0,5,1646.0,4.4,True,2025,9,3,Sunday,Medium Value
CUST002883,Isaque Lopes,isaque.lopes@correio.net,43.0,masculino,Sorocaba,SP,2025-09-07,5213.0,10,1803.0,3.6,True,2025,9,3,Sunday,Medium Value
CUST001645,Theodoro Moraes,theodoro.moraes@email.com,18.0,masculino,Serra,ES,2025-09-10,3538.0,19,890.0,3.0,True,2025,9,3,Wednesday,Low Value
CUST003478,Sra. Clara Peixoto,sra..clara.peixoto@mail.com,22.0,feminino,Várzea Grande,MT,2025-09-10,1622.0,22,3034.0,2.6,True,2025,9,3,Wednesday,High Value
CUST004604,José Montenegro,jose.montenegro@mail.com,30.0,masculino,Blumenau,SC,2025-09-12,11236.0,9,3804.0,4.2,True,2025,9,3,Friday,High Value
CUST001481,Sr. Thiago Melo,sr..thiago.melo@correio.net,51.0,masculino,Contagem,MG,2025-09-12,4166.0,473,1221.0,4.0,True,2025,9,3,Friday,Low Value
CUST003861,Maria Fernanda Barros,maria.fernanda.barros@provedor.com.br,38.0,feminino,Belo Horizonte,MG,2025-09-13,3991.0,5,1405.0,4.0,True,2025,9,3,Saturday,Medium Value
CUST003510,Isaque Gonçalves,isaque.goncalves@webmail.com,23.0,masculino,Contagem,MG,2025-09-13,3615.0,3,891.0,4.5,True,2025,9,3,Saturday,Low Value
CUST004272,Davi Lucca Da Mata,davi.lucca.da.mata@mail.com,57.0,masculino,Salvador,BA,2025-09-14,5686.0,5,1776.0,3.2,True,2025,9,3,Sunday,Medium Value
CUST001479,Matheus Cassiano,matheus.cassiano@mail.com,46.0,masculino,Santos,SP,2025-09-14,3588.0,6,1494.0,3.7,True,2025,9,3,Sunday,Medium Value
CUST001625,Daniela Nunes,daniela.nunes@webmail.com,44.0,feminino,Santos,SP,2025-09-15,3242.0,11,2020.0,3.3,True,2025,9,3,Monday,Medium Value
CUST000298,Mirella Barbosa,mirella.barbosa@correio.net,36.0,feminino,Maringá,PR,2025-09-16,2636.0,7,1540.0,5.0,True,2025,9,3,Tuesday,Medium Value
CUST004387,Ian Machado,ian.machado@webmail.com,79.0,masculino,Ribeirão Preto,SP,2025-09-16,3221.0,8,1599.0,3.9,True,2025,9,3,Tuesday,Medium Value
CUST001705,Maria Helena Ferreira,maria.helena.ferreira@correio.net,18.0,feminino,São Paulo,SP,2025-09-17,5271.0,4,1303.0,3.2,True,2025,9,3,Wednesday,Medium Value
CUST004042,Ana Vitória Da Luz,ana.vitoria.da.luz@provedor.com.br,34.0,feminino,Feira de Santana,BA,2025-09-18,2237.0,6,1467.0,5.0,True,2025,9,3,Thursday,Medium Value
CUST003320,Heitor Caldeira,heitor.caldeira@email.com,33.0,masculino,Belo Horizonte,MG,2025-09-18,3851.0,7,1739.0,4.0,True,2025,9,3,Thursday,Medium Value
CUST002914,Sabrina Da Rosa,sabrina.da.rosa@webmail.com,46.0,feminino,Contagem,MG,2025-09-19,3426.0,9,2963.0,3.5,True,2025,9,3,Friday,High Value
CUST002045,Lucas Machado,lucas.machado@webmail.com,56.0,masculino,Feira de Santana,BA,2025-09-20,5826.0,8,2186.0,4.1,True,2025,9,3,Saturday,High Value
CUST002328,João Guilherme Vargas,joao.guilherme.vargas@email.com,38.0,masculino,Pelotas,RS,2025-09-21,3187.0,12,3270.0,3.5,True,2025,9,3,Sunday,High Value
CUST004266,Bento Carvalho,bento.carvalho@webmail.com,28.0,masculino,Santos,SP,2025-09-22,4026.0,6,714.0,4.0,True,2025,9,3,Monday,Low Value
CUST003834,Maria Helena Mendes,maria.helena.mendes@webmail.com,49.0,feminino,Várzea Grande,MT,2025-09-23,3055.0,6,958.0,4.5,True,2025,9,3,Tuesday,Low Value
CUST001267,Lucas Gabriel Machado,lucas.gabriel.machado@correio.net,28.0,masculino,Curitiba,PR,2025-09-23,3358.0,12,2602.0,3.4,True,2025,9,3,Tuesday,High Value
CUST001305,Sr. Bryan Rios,sr..bryan.rios@webmail.com,19.0,masculino,unknown,BA,2025-09-23,2589.0,7,1664.0,4.8,True,2025,9,3,Tuesday,Medium Value
CUST001119,Mathias Nunes,mathias.nunes@provedor.com.br,18.0,masculino,São Paulo,SP,2025-09-24,1590.0,6,1243.0,4.2,True,2025,9,3,Wednesday,Low Value
CUST001169,Sabrina Vargas,sabrina.vargas@webmail.com,51.0,feminino,Florianópolis,SC,2025-09-28,4253.0,9,2339.0,4.2,True,2025,9,3,Sunday,High Value
CUST000067,Rael Campos,rael.campos@webmail.com,18.0,masculino,Niterói,RJ,2025-09-28,1413.0,8,1127.0,4.3,True,2025,9,3,Sunday,Low Value
CUST001233,Josué Ribeiro,josue.ribeiro@mail.com,53.0,masculino,São Paulo,SP,2025-09-29,6153.0,6,1724.0,2.9,True,2025,9,3,Monday,Medium Value
CUST004833,Dra. Maysa Lima,dra..maysa.lima@provedor.com.br,42.0,feminino,Santos,SP,2025-09-30,4224.0,8,1504.0,5.0,True,2025,9,3,Tuesday,Medium Value
CUST002522,Hellena Viana,hellena.viana@webmail.com,43.0,outro,Campinas,SP,2025-10-01,188348.0,12,3038.0,4.0,True,2025,10,4,Wednesday,High Value
CUST000770,Rhavi Rezende,rhavi.rezende@email.com,39.0,masculino,unknown,BA,2025-10-02,2297.0,7,1457.0,4.6,True,2025,10,4,Thursday,Medium Value
CUST002823,Josué Vargas,josue.vargas@mail.com,38.0,masculino,Vitória da Conquista,BA,2025-10-02,3561.0,6,1459.0,5.0,True,2025,10,4,Thursday,Medium Value
CUST002554,Maria Cecília Pacheco,maria.cecilia.pacheco@mail.com,18.0,feminino,Ribeirão Preto,SP,2025-10-02,2322.0,5,813.0,3.1,True,2025,10,4,Thursday,Low Value
CUST004193,Rodrigo Cirino,rodrigo.cirino@email.com,32.0,masculino,Duque de Caxias,RJ,2025-10-02,17623.0,10,5303.0,3.5,True,2025,10,4,Thursday,High Value
CUST003997,Ana Luiza Machado,ana.luiza.machado@mail.com,33.0,outro,Cuiabá,MT,2025-10-03,1574.0,3,365.0,4.4,True,2025,10,4,Friday,Low Value
CUST004170,Kevin Viana,kevin.viana@email.com,41.0,masculino,Belém,PA,2025-10-03,2919.0,7,2306.0,5.0,True,2025,10,4,Friday,High Value
CUST002438,Anthony Gabriel Siqueira,anthony.gabriel.siqueira@email.com,30.0,masculino,Porto Alegre,RS,2025-10-04,2676.0,10,1516.0,4.8,True,2025,10,4,Saturday,Medium Value
CUST004929,Dr. Juan Freitas,dr..juan.freitas@provedor.com.br,41.0,masculino,Ribeirão Preto,SP,2025-10-04,2464.0,8,2806.0,4.6,True,2025,10,4,Saturday,High Value
CUST003489,Kaique Ribeiro,kaique.ribeiro@correio.net,54.0,masculino,Belo Horizonte,MG,2025-10-07,1897.0,7,1174.0,5.0,True,2025,10,4,Tuesday,Low Value
CUST003575,Dr. Rhavi Pastor,dr..rhavi.pastor@mail.com,52.0,masculino,Caxias do Sul,RS,2025-10-07,2631.0,7,1908.0,4.0,True,2025,10,4,Tuesday,Medium Value
CUST003025,Vicente Correia,vicente.correia@correio.net,33.0,masculino,Rio de Janeiro,RJ,2025-10-07,3753.0,6,965.0,3.9,True,2025,10,4,Tuesday,Low Value
CUST000029,Sr. Luan Vargas,sr..luan.vargas@mail.com,42.0,masculino,Santos,SP,2025-10-08,2370.0,8,1853.0,4.8,True,2025,10,4,Wednesday,Medium Value
CUST004502,Srta. Ana Beatriz Da Mata,srta..ana.beatriz.da.mata@webmail.com,33.0,outro,Olinda,PE,2025-10-11,2143.0,8,2200.0,4.3,True,2025,10,4,Saturday,High Value
CUST001475,Sra. Alice Santos,sra..alice.santos@webmail.com,36.0,feminino,Contagem,MG,2025-10-12,3893.0,10,2027.0,4.0,True,2025,10,4,Sunday,Medium Value
CUST001483,Lorenzo Da Costa,lorenzo.da.costa@correio.net,43.0,masculino,Juiz de Fora,MG,2025-10-12,3482.0,12,2787.0,2.8,True,2025,10,4,Sunday,High Value
CUST001676,Rhavi Costela,rhavi.costela@mail.com,38.0,masculino,Caruaru,PE,2025-10-12,2406.0,4,678.0,3.9,True,2025,10,4,Sunday,Low Value
CUST004443,Sr. Breno Duarte,sr..breno.duarte@mail.com,39.0,masculino,Santos,SP,2025-10-17,1296.0,7,718.0,4.0,True,2025,10,4,Friday,Low Value
CUST003331,Dr. Davi Luiz Farias,dr..davi.luiz.farias@provedor.com.br,42.0,masculino,Feira de Santana,BA,2025-10-17,171489.0,6,838.0,3.8,True,2025,10,4,Friday,Low Value
CUST000106,Otto Ribeiro,otto.ribeiro@provedor.com.br,18.0,masculino,Juiz de Fora,MG,2025-10-20,3259.0,5,1019.0,3.9,True,2025,10,4,Monday,Low Value
CUST002722,Sarah Campos,sarah.campos@email.com,39.0,feminino,Santos,SP,2025-10-20,2052.0,6,868.0,4.0,True,2025,10,4,Monday,Low Value
CUST002187,Alice Pinto,alice.pinto@correio.net,58.0,feminino,Duque de Caxias,RJ,2025-10-22,5664.0,4,1321.0,4.2,True,2025,10,4,Wednesday,Medium Value
CUST000896,Alexia Cunha,alexia.cunha@provedor.com.br,38.0,feminino,Serra,ES,2025-10-25,1486.0,7,1278.0,5.0,True,2025,10,4,Saturday,Low Value
CUST002973,Ana Julia Sá,ana.julia.sa@webmail.com,42.0,feminino,Caxias do Sul,RS,2025-10-28,2325.0,7,725.0,4.0,True,2025,10,4,Tuesday,Low Value
CUST004992,Pedro Miguel Souza,pedro.miguel.souza@webmail.com,37.0,masculino,Manaus,AM,2025-10-31,5793.0,7,2256.0,4.9,True,2025,10,4,Friday,High Value
CUST002800,Luiza Santos,luiza.santos@provedor.com.br,31.0,feminino,Feira de Santana,BA,2025-11-01,4004.0,13,1274.0,3.1,True,2025,11,4,Saturday,Low Value
CUST002983,Dr. Carlos Eduardo Casa Grande,dr..carlos.eduardo.casa.grande@email.com,33.0,outro,Goiânia,GO,2025-11-02,1623.0,5,815.0,4.6,True,2025,11,4,Sunday,Low Value
CUST003590,Dr. Yuri Monteiro,dr..yuri.monteiro@webmail.com,31.0,masculino,Blumenau,SC,2025-11-03,3073.0,5,915.0,3.9,True,2025,11,4,Monday,Low Value
CUST003845,Breno Cassiano,breno.cassiano@provedor.com.br,34.0,masculino,Maringá,PR,2025-11-04,2046.0,6,1675.0,3.6,True,2025,11,4,Tuesday,Medium Value
CUST000145,Bianca Garcia,bianca.garcia@provedor.com.br,28.0,feminino,Ribeirão Preto,SP,2025-11-04,3313.5,14,1430.0,3.5,True,2025,11,4,Tuesday,Medium Value
CUST000052,Dr. Thiago Pereira,dr..thiago.pereira@mail.com,62.0,masculino,Belém,PA,2025-11-05,6070.0,4,1014.0,3.9,True,2025,11,4,Wednesday,Low Value
CUST000206,Mateus Mendes,mateus.mendes@mail.com,34.0,masculino,Ribeirão Preto,SP,2025-11-07,4931.0,5,1305.0,5.0,True,2025,11,4,Friday,Medium Value
CUST002430,Nina Marques,nina.marques@webmail.com,57.0,feminino,Santos,SP,2025-11-07,3988.0,2,523.0,3.7,True,2025,11,4,Friday,Low Value
CUST001419,Valentina Fernandes,valentina.fernandes@correio.net,43.0,feminino,Rio de Janeiro,RJ,2025-11-08,3922.0,7,2477.0,3.9,True,2025,11,4,Saturday,High Value
CUST001212,Marina Silveira,marina.silveira@email.com,49.0,feminino,São Paulo,SP,2025-11-08,3870.0,12,4350.0,4.7,True,2025,11,4,Saturday,High Value
CUST002576,Valentina Nascimento,valentina.nascimento@webmail.com,26.0,feminino,Juiz de Fora,MG,2025-11-09,3219.0,6,1366.0,3.6,True,2025,11,4,Sunday,Medium Value
CUST002635,Samuel Monteiro,samuel.monteiro@correio.net,49.0,masculino,São Paulo,SP,2025-11-15,8289.0,7,2088.0,4.3,True,2025,11,4,Saturday,High Value
CUST001228,Fernando Alves,fernando.alves@mail.com,47.0,masculino,Caxias do Sul,RS,2025-11-15,4389.0,6,1501.0,2.4,True,2025,11,4,Saturday,Medium Value
CUST001621,Sr. Carlos Eduardo Da Paz,sr..carlos.eduardo.da.paz@webmail.com,26.0,masculino,Brasília,DF,2025-11-20,3552.0,7,2164.0,5.0,True,2025,11,4,Thursday,High Value
CUST004109,Allana Nunes,allana.nunes@email.com,32.0,feminino,Sobral,CE,2025-11-22,2723.0,6,791.0,3.6,True,2025,11,4,Saturday,Low Value
CUST001971,Letícia Borges,leticia.borges@webmail.com,32.0,feminino,Olinda,PE,2025-11-24,3891.0,10,1577.0,4.1,True,2025,11,4,Monday,Medium Value
CUST004022,Dra. Alana Martins,dra..alana.martins@mail.com,41.0,feminino,Santos,SP,2025-11-26,5894.0,9,1810.0,2.5,True,2025,11,4,Wednesday,Medium Value
CUST001905,Srta. Ana Liz Fogaça,srta..ana.liz.fogaca@provedor.com.br,35.0,feminino,Ribeirão Preto,SP,2025-11-26,3719.0,5,947.0,3.5,True,2025,11,4,Wednesday,Low Value
CUST003212,Léo Monteiro,leo.monteiro@mail.com,35.0,masculino,Campinas,SP,2025-12-02,2411.0,7,755.0,4.6,True,2025,12,4,Tuesday,Low Value
CUST004942,Ravy Carvalho,ravy.carvalho@webmail.com,33.0,masculino,Juiz de Fora,MG,2025-12-03,5188.0,6,2210.0,3.9,True,2025,12,4,Wednesday,High Value
CUST000363,Sra. Anna Liz Farias,sra..anna.liz.farias@mail.com,36.0,feminino,Niterói,RJ,2025-12-05,2828.0,7,1988.0,3.5,True,2025,12,4,Friday,Medium Value
CUST001703,Augusto Sampaio,augusto.sampaio@provedor.com.br,32.0,masculino,Cuiabá,MT,2025-12-06,3059.0,6,1548.0,3.2,True,2025,12,4,Saturday,Medium Value
CUST004693,Sra. Nicole Santos,sra..nicole.santos@provedor.com.br,63.0,feminino,Salvador,BA,2025-12-07,3914.0,8,2636.0,4.3,True,2025,12,4,Sunday,High Value
CUST004409,Sra. Maya Da Rocha,sra..maya.da.rocha@correio.net,48.0,feminino,Belém,PA,2025-12-18,5346.0,7,2201.0,4.5,True,2025,12,4,Thursday,High Value
CUST005002,Sra. Anna Liz Farias,sra..anna.liz.farias@provedor.com.br,35.0,feminino,Niterói,RJ,2025-12-19,2965.0,8,2123.0,3.8,True,2025,12,4,Friday,High Value
CUST003846,Sara Brito,sara.brito@correio.net,59.0,feminino,Santos,SP,2026-01-10,6193.0,18,1959.0,4.6,True,2026,1,1,Saturday,Medium Value
CUST001499,Sra. Milena Camargo,sra..milena.camargo@webmail.com,66.0,feminino,Campinas,SP,2026-04-03,3005.0,12,1053.0,4.5,True,2026,4,2,Friday,Low Value
CUST003136,Dra. Amanda Marques,dra..amanda.marques@provedor.com.br,40.0,feminino,Pelotas,RS,2026-04-17,2844.0,9,798.0,3.2,True,2026,4,2,Friday,Low Value
CUST002939,Eloá Barros,eloa.barros@email.com,38.0,feminino,Blumenau,SC,2026-07-24,2325.0,6,585.0,4.9,True,2026,7,3,Friday,Low Value
