Customer ID,Customer Name,Email,Age,Gender,City,State,Signup Date,Income,Purchase Count,Total Spent,Satisfaction Score
CUST001385,Emilly da Rocha,emilly.da.rocha@mail.com,52.0,Fem,Manaus,amazonas,2025/05/30,3181,7,"R$ 1.356,00",3.1
CUST000466,Bento Pastor,BENTO.PASTOR@CORREIO.NET,61.0,Masc,,sp,17/03/2023,4.888,6,1724,5.0
CUST001552,Ana Vitória Cirino,ana.vitoria.cirino@webmail.com,29.0,Fem,Fortaleza,CE,2023/08/08,6726,14,"R$ 2.934,00",5.0
CUST003355,gael aragão,gael.aragao@correio.net,27.0,male,Uberlândia,mg,12/08/2023,"R$ 2.574,00",6,1448,3.8
CUST001680,Enrico Carvalho,ENRICO.CARVALHO@WEBMAIL.COM,23.0,male,Duque de Caxias,RJ,29-06-2024,,8,"R$ 2.324,00",4.4
CUST000379,Anthony Martins,anthony.martins@correio.net,34.0,MASCULINO,Brasília,DF,2024-07-14,2643,7,1097,4.5
CUST001653,Ryan da Conceição,ryan.da.conceicao@provedor.com.br,26.0,Masc,Goiânia,Goiás,2024/10/27,1956,8,1883,4.8
CUST000436,Erick Camargo,ERICK.CAMARGO@PROVEDOR.COM.BR,30.0,Não binário,Contagem,MG,12-04-2024,,7,1.713,2.9
CUST000412,Ana Luiza Porto, ana.luiza.porto@email.com ,44.0,Fem,Feira de Santana,bahia,2024-01-09,2746,6,"R$ 714,00",3.5
CUST002550,Dr. Davi Rezende,dr..davi.rezende@mail.com,50.0,Masculino,Porto Alegre,rio grande do sul,30-03-2025,2895,14,2835,3.9
CUST004566,BERNARDO FERREIRA, bernardo.ferreira@email.com ,34.0,Masculino,Petrópolis,RJ,2025/04/21,4267,8,2.434,4.7
CUST004788,Davi Lucca Garcia,davi.lucca.garcia@correio.net,47.0,male,Juiz de Fora,Minas Gerais,2022-01-01,5.784,5,"R$ 1.893,00",4.0
CUST002660,Arthur Pastor,arthur.pastor@mail.com,28.0,M,Joinville,Santa Catarina,25-06-2022,3.088,7,1.643,3.8
CUST005039,cecilia moraes,cecilia.moraes@webmail.com,37.0,fem,Pelotas,RS,2023-07-10,2.126,4,667,3.6
CUST000200,ISABEL GOMES,ISABEL.GOMES@EMAIL.COM,35.0,fem,Manaus,AM,2024/06/25,"R$ 2.171,00",10,1.642,4.4
CUST004482,henry fernandes,henry.fernandes@webmail.com,46.0,Masculino,Petrópolis,RJ,16/12/2024,1.871,8,1771,4.6
CUST004441,Davi Miguel da Mota,DAVI.MIGUEL.DA.MOTA@MAIL.COM,30.0,MASCULINO,Porto Alegre,rio grande do sul,2023-04-25,"R$ 5.066,00",6,"R$ 1.929,00",3.7
CUST002457,SRA. VITÓRIA ANDRADE,sra. .vitoria.andrade@correio.net,53.0,F,Vitória da Conquista,BA ,24-06-2021,2.636,7,1798,3.3
CUST004699,Luiz Felipe Mendonça, luiz.felipe.mendonca@email.com ,18.0,MASCULINO,Caruaru,PE,2024/08/14,1.995,4,1079,5.0
CUST002914,Sabrina da Rosa,SABRINA.DA.ROSA@WEBMAIL.COM,46.0,female,Contagem,Minas Gerais,19/09/2025,"R$ 3.426,00",9,"R$ 2.963,00",3.5
CUST002865,MATTEO APARECIDA,MATTEO.APARECIDA@WEBMAIL.COM,45.0,Masc,Contagem,MG,2025-02-18,"R$ 2.896,00",9,2.118,3.3
CUST000138,Josué Rios, josue.rios@mail.com ,18.0,M,Duque de Caxias,RJ ,20/10/2022,2383,7,"R$ 1.973,00",4.2
CUST002343,Sr. Arthur Miguel Rios,sr..arthur.miguel.rios@provedor.com.br,39.0,Masc,Vitória da Conquista,BA ,2023-11-18,"R$ 3.401,00",5,1.245,5.0
CUST002086,Valentim Casa Grande,valentim.casa.grande@webmail.com,37.0,male,Ananindeua,Para,2024/01/21,"R$ 4.538,00",5,"R$ 1.534,00",3.7
CUST001872,Antônio Cirino,antonio.cirino@mail.com,,masc,Blumenau,sc,2023/01/01,"R$ 4.430,00",9,1741,3.4
CUST003832,sarah brito,sarah.brito@mail.com,27.0,Feminino,Sorocaba,Sao Paulo,16/06/2024,2.854,11,3.422,3.4
CUST004791,LAVÍNIA CAVALCANTI,LAVINIA.CAVALCANTI@PROVEDOR.COM.BR,63.0,F,Sorocaba,SP,2023/02/25,5365,3,792,3.8
CUST003025,VICENTE CORREIA,vicente.correia@correio.net,33.0,Masc,Rio de Janeiro,RJ,07/10/2025,3753,6,965,3.9
CUST000078,Maria Luísa Correia,maria.luisa.correia@email.com,20.0,Feminino,Campinas,Sao Paulo,2022/02/15,2.408,5,"R$ 1.058,00",4.0
CUST003303,MARIA ALICE CAVALCANTI, maria.alice.cavalcanti@provedor.com.br ,33.0,fem,Uberlândia,mg,2024/02/10,1946,6,"R$ 467,00",2.9
CUST004835,daniel silveira,daniel.silveira@correio.net,31.0,M,Duque de Caxias,Rio De Janeiro,2025/02/03,1.775,6,1830,
CUST000941,srta. maria julia dias,srta. .maria.julia.dias@correio.net,49.0,FEMININO,Blumenau,sc,2023/12/16,4256,7,1386,4.7
CUST003663,Agatha Aragão,agatha.aragao@correio.net,18.0,female,Salvador,BA ,09/06/2023,1403,3,874,4.8
CUST004747,Luan Freitas, luan.freitas@email.com ,53.0,MASCULINO,Rio Verde,Goiás,2025/02/28,4305,5,1894,3.9
CUST005056,SRTA. VITÓRIA ALMEIDA,srta..vitoria.almeida@mail.com,37.0,Feminino,Ribeirão Preto,SP,25/07/2024,"R$ 3.691,00",8,"R$ 1.180,00",4.2
CUST004998,sr. enrico sá,sr..enrico.sa@webmail.com,18.0,masc,Pelotas,rio grande do sul,2024-07-23,,6,"R$ 1.803,00",3.8
CUST002181,leonardo porto,leonardo.porto@provedor.com.br,78.0,M,Ribeirão Preto,SÃO PAULO,2025-03-08,3027,3,721,2.6
CUST001426,Maria Clara Silva,maria.clara.silva@mail.com,50.0,FEMININO,Contagem,Minas Gerais,21-02-2023,3.077,7,1523,3.4
CUST002631,Dr. Murilo Fogaça,DR..MURILO.FOGACA@EMAIL.COM,47.0,M,São Paulo,sp,05/02/2024,3.314,6,1162,3.6
CUST002549,KAIQUE PORTO, kaique.porto@webmail.com ,29.0,Masculino,Juazeiro do Norte,ce,2022-08-12,2230,2,"R$ 444,00",2.8
CUST002834,ana sophia novaes,ANA.SOPHIA.NOVAES@EMAIL.COM,,Fem,Brasília,Distrito Federal,2025-04-13,"R$ 3.914,00",7,1.602,5.0
CUST000745,Lunna Ribeiro,LUNNA.RIBEIRO@PROVEDOR.COM.BR,40.0,Fem,Ananindeua,Para,04-06-2024,"R$ 2.276,00",3,844,4.2
CUST002069,joão gabriel jesus,joao.gabriel.jesus@provedor.com.br,52.0,Masculino,Rio de Janeiro,RJ ,2024/06/22,3.398,7,"R$ 2.139,00",4.9
CUST003617,Vitória Moraes,vitoria.moraes@email.com,41.0,fem,Ananindeua,Pará,2024/01/10,3.672,5,1157,4.0
CUST002378,HENRY AZEVEDO,HENRY.AZEVEDO@WEBMAIL.COM,18.0,masc,,bahia,2023-03-03,1.549,5,"R$ 1.078,00",3.8
CUST002588,Otávio Sales,OTAVIO.SALES@PROVEDOR.COM.BR,37.0,M,Recife,Pernambuco,09/10/2023,3.444,4,1.236,3.4
CUST003335,Igor Montenegro,IGOR.MONTENEGRO@EMAIL.COM,34.0,masc,Florianópolis,SC,2025-04-12,7.161,8,"R$ 2.708,00",3.8
CUST001705,MARIA HELENA FERREIRA,MARIA.HELENA.FERREIRA@CORREIO.NET,18.0,fem,São Paulo,SÃO PAULO,2025/09/17,"R$ 5.271,00",4,1.303,3.2
CUST000894,Noah Carvalho,NOAH.CARVALHO@MAIL.COM,48.0,MASCULINO,Santos,São Paulo,11/08/2023,5243,10,"R$ 3.234,00",3.7
CUST004500,joão miguel da rosa,joao.miguel.da.rosa@provedor.com.br,35.0,Masc,Caxias do Sul,rs,2024-12-08,3.279,8,2114,5.0
CUST002344,Juliana Cassiano,juliana.cassiano@webmail.com,27.0,F,Petrópolis,Rio de Janeiro,24/04/2024,1946,8,1402,3.7
CUST002965,Larissa Cunha,larissa.cunha@mail.com,31.0,Fem,Pelotas,Rio Grande do Sul,05-11-2024,3.955,5,"R$ 1.343,00",2.5
CUST002777,GUSTAVO CORREIA,gustavo.correia@email.com,,male,Londrina,PR,2024-01-21,7.901,14,2438,2.8
CUST002357,Srta. Letícia Sampaio,SRTA..LETICIA.SAMPAIO@PROVEDOR.COM.BR,55.0,Feminino,Juazeiro do Norte,Ceará,25/11/2023,"R$ 5.596,00",5,"R$ 1.164,00",4.5
CUST000354,Dr. Mateus Gomes,dr..mateus.gomes@webmail.com,44.0,masc,Pelotas,Rio Grande do Sul,2021/07/21,6.611,3,1.144,
CUST002061,IGOR RODRIGUES,igor.rodrigues@email.com,39.0,M,Uberlândia,mg,02/06/2023,"R$ 3.636,00",8,2325,
CUST002532,aurora cunha,aurora.cunha@correio.net,25.0,Feminino,,Pará,13-05-2025,191780,7,2721,3.5
CUST002382,Hadassa Teixeira, hadassa.teixeira@provedor.com.br ,35.0,F,Sorocaba,Sao Paulo,10-06-2025,"R$ 2.482,00",6,1.493,4.7
CUST001748,Heloisa Pereira,heloisa.pereira@provedor.com.br,39.0,Feminino,Duque de Caxias,Rio de Janeiro,2023-08-18,1809,7,2.179,4.6
CUST002899,Juliana Ramos,JULIANA.RAMOS@MAIL.COM,36.0,FEMININO,Uberlândia,mg,2024/08/31,"R$ 1.787,00",5,1.199,4.2
CUST003166,Ester Abreu,ESTER.ABREU@PROVEDOR.COM.BR,35.0,fem,Porto Alegre,Rio Grande do Sul,24/01/2022,3.076,7,"R$ 1.384,00",4.9
CUST001084,Agatha Lima,agatha. lima@correio.net,28.0,F,Duque de Caxias,Rio De Janeiro,06/07/2023,"R$ 1.226,00",8,"R$ 1.367,00",3.0
CUST002201,vitor barros,VITOR.BARROS@WEBMAIL.COM,41.0,masc,Sobral,ce,2024-10-11,2.208,5,835,3.2
CUST003264,GABRIELLY DAS NEVES,gabrielly.das.neves@provedor.com.br,31.0,Fem,Duque de Caxias,RJ ,21-12-2023,1905,9,"R$ 1.701,00",4.1
CUST003593,Sophie Rodrigues,SOPHIE.RODRIGUES@MAIL.COM,28.0,FEMININO,Juazeiro do Norte,Ceara,2023/08/22,3381,7,"R$ 1.106,00",3.4
CUST004005,marcelo casa grande,marcelo.casa.grande@correio.net,39.0,masc,Caruaru,PE,25/04/2023,1269,2,103.551,3.9
CUST003176,antônio rocha,antonio. rocha@provedor.com.br,28.0,Masc,Santos,SÃO PAULO,2023-09-07,"R$ 2.366,00",11,"R$ 3.083,00",3.9
CUST003960,kamilly barros,kamilly. barros@provedor.com.br,36.0,fem,Santos,SÃO PAULO,2024/03/08,"R$ 1.145,00",2,186,4.6
CUST002047,Srta. Ágatha Rodrigues,SRTA..AGATHA.RODRIGUES@PROVEDOR.COM.BR,35.0,fem,Uberlândia,Minas Gerais,12-11-2024,"R$ 1.899,00",8,"R$ 1.293,00",2.7
CUST002283,Apollo da Paz,apollo.da.paz@mail.com,,male,Cuiabá,MT,2025-02-10,4027,7,2.156,3.1
CUST005057,luan araújo,luan. araujo@mail.com,37.0,M,Juiz de Fora,minas gerais,2024/09/02,1.612,6,"R$ 1.108,00",5.0
CUST004177,Ana Laura da Mata,ANA.LAURA.DA.MATA@PROVEDOR.COM.BR,35.0,FEMININO,Salvador,BA,25/07/2023,"R$ 2.469,00",6,977,2.3
CUST003420,Ana Luiza Fernandes,ANA.LUIZA.FERNANDES@WEBMAIL.COM,39.0,Fem,Santos,sp,2025/05/20,5679,5,"R$ 1.375,00",3.6
CUST000101,anna liz cirino,anna.liz.cirino@email.com,18.0,Fem,Vitória,ES,23-01-2024,"R$ 3.398,00",8,1.508,4.5
CUST000210,Raquel Câmara,raquel.camara@provedor.com.br,26.0,Fem,Belém,PA,2024-03-24,6.227,10,"R$ 2.437,00",4.6
CUST003388,Matheus Lima,matheus.lima@webmail.com,31.0,masc,Londrina,PR,2023-02-27,1754,3,851,3.5
CUST000371,benjamin da rocha,benjamin.da.rocha@correio.net,34.0,Masculino,Salvador,BA ,16/09/2024,"R$ 4.268,00",6,"R$ 1.264,00",5.0
CUST001117,ana sophia moura,ANA.SOPHIA.MOURA@WEBMAIL.COM,-5.0,prefer not to say,Joinville,SC,2022/06/20,2530,5,"R$ 1.360,00",2.8
CUST001790,Luan Fonseca,luan.fonseca@provedor.com.br,46.0,masc,Sobral,Ceara,2024/04/09,"R$ 8.473,00",10,3976,3.5
CUST004940,Kamilly Nascimento, kamilly.nascimento@correio.net ,29.0,female,,rs,10-11-2023,,6,1006,4.8
CUST003733,alícia camargo,ALICIA.CAMARGO@EMAIL.COM,150.0,fem,Petrópolis,Rio De Janeiro,13/03/2024,,7,"R$ 2.077,00",3.0
CUST001788,Anthony Gabriel Rocha,anthony.gabriel.rocha@correio.net,27.0,MASCULINO,Porto Alegre,rs,2022-01-20,"R$ 5.117,00",9,"R$ 2.463,00",4.3
CUST002282,João Vitor Sousa, joao.vitor.sousa@mail.com ,27.0,Masculino,Feira de Santana,BA,15/03/2024,1941,8,"R$ 1.299,00",5.0
CUST004992,pedro miguel souza, pedro.miguel.souza@webmail.com ,37.0,MASCULINO,Manaus,Amazonas,31-10-2025,5793,7,"R$ 2.256,00",4.9
CUST003412,Theodoro Camargo,theodoro.camargo@webmail.com,42.0,M,Campinas,SÃO PAULO,15/12/2023,5.261,4,859,2.9
CUST001885,Sr. Matheus Vargas, sr..matheus.vargas@webmail.com ,42.0,M,Juazeiro do Norte,Ceará,26-08-2021,4927,3,691,4.6
CUST002526,Evelyn Mendonça,EVELYN.MENDONCA@WEBMAIL.COM,44.0,Fem,Brasília,distrito federal,24-12-2024,2005,3,790,4.4
CUST000103,MARIA LUIZA CAMPOS,maria.luiza.campos@mail.com,27.0,FEMININO,Florianópolis,santa catarina,13/12/2023,,6,1565,4.0
CUST000542,Maitê Rocha,maite. rocha@correio.net,49.0,female,Joinville,SC,2024/05/21,4.303,5,1417,2.3
CUST000992,José Pedro Câmara, jose.pedro.camara@email.com ,49.0,masc,Ribeirão Preto,São Paulo,2023/02/27,"R$ 3.143,00",6,925,3.9
CUST003695,Eduarda Oliveira,eduarda.oliveira@correio.net,18.0,fem,Duque de Caxias,rio de janeiro,2021-03-18,3.571,9,"R$ 946,00",3.4
CUST000053,Daniela Freitas,DANIELA.FREITAS@WEBMAIL.COM,38.0,F,Pelotas,Rio Grande do Sul,27/01/2022,3.259,4,"R$ 1.597,00",3.1
CUST003709,nicolas pimenta,NICOLAS.PIMENTA@CORREIO.NET,49.0,male,Brasília,distrito federal,2025-01-29,4.115,8,"R$ 1.657,00",4.4
CUST001217,Arthur Gabriel Pimenta, arthur.gabriel.pimenta@email.com ,44.0,M,Juiz de Fora,mg,2024/06/03,"R$ 3.790,00",5,663,3.3
CUST001615,Ana Júlia Sá,ana.julia.sa@webmail.com,82.0,FEMININO,Anápolis,Goias,2024-07-10,"R$ 3.967,00",10,"R$ 2.401,00",4.9
CUST002291,Joana Viana,JOANA.VIANA@MAIL.COM,,F,Contagem,minas gerais,2024-05-24,4.812,4,871,4.9
CUST003802,SR. ERICK MONTENEGRO,sr. .erick.montenegro@mail.com,,Masc,Recife,PE,23-02-2023,,8,1.814,4.1
CUST003472,Otávio Dias,otavio. dias@webmail.com,,male,Belo Horizonte,MG,2022-01-21,2.943,7,2.268,
CUST003000,Asafe Moreira,asafe. moreira@provedor.com.br,48.0,M,Caruaru,pernambuco,06/07/2023,"R$ 1.943,00",9,1.896,4.0
CUST004416,Dr. Calebe da Conceição,dr..calebe.da.conceicao@webmail.com,28.0,masc,Juazeiro do Norte,Ceara,2024-04-03,1.425,10,3067,3.6
CUST000361,ANA VITÓRIA MELO,ANA.VITORIA.MELO@WEBMAIL.COM,53.0,female,Vitória da Conquista,BA ,2024/04/27,"R$ 4.069,00",10,"R$ 2.483,00",4.6
CUST000591,Camila Aragão,CAMILA.ARAGAO@CORREIO.NET,33.0,Feminino,Campinas,São Paulo,08-12-2021,"R$ 3.670,00",11,2.372,
CUST002234,Maria Julia Pimenta,maria. julia.pimenta@correio.net,28.0,FEMININO,Maringá,Paraná,2024/02/03,"R$ 4.034,00",3,"R$ 863,00",3.6
CUST002131,LUIZA DA LUZ, luiza.da.luz@webmail.com ,39.0,Feminino,Rio Verde,go,06/07/2024,3.450,7,"R$ 1.810,00",3.9
CUST003378,André Albuquerque,andre.albuquerque@correio.net,44.0,male,Várzea Grande,MT,01/05/2025,3327,6,"R$ 549,00",5.0
CUST003338,Mariane Sá,mariane.sa@email.com,50.0,F,,Santa Catarina,08-11-2022,"R$ 2.526,00",5,"R$ 1.313,00",2.8
CUST004335,Isis Viana, isis.viana@email.com ,42.0,fem,Vitória da Conquista,bahia,12/10/2023,"R$ 3.623,00",8,2.247,4.6
CUST001259,Agatha Sampaio, agatha.sampaio@webmail.com ,60.0,F,Florianópolis,sc,2024-04-23,2.462,6,"R$ 976,00",3.2
CUST002693,Murilo da Cunha,murilo. da.cunha@provedor.com.br,25.0,MASCULINO,Curitiba,Parana,04-04-2024,3020,8,"R$ 2.026,00",3.8
CUST004376,Sr. Vinícius Aragão,sr. .vinicius.aragao@correio.net,31.0,Masculino,Sorocaba,sp,2024/01/22,"R$ 1.879,00",5,"R$ 1.030,00",3.0
CUST004094,Dr. Thales Costela,dr..thales.costela@webmail.com,39.0,M,Pelotas,Rio Grande do Sul,2023-10-29,3.320,14,"R$ 3.686,00",2.7
CUST004868,natália nunes,NATALIA.NUNES@CORREIO.NET,53.0,FEMININO,Belém,PA,2022-07-17,2.976,6,"R$ 1.691,00",3.7
CUST003610,Raquel Araújo,raquel.araujo@correio.net,41.0,N/I,,Sao Paulo,18/12/2022,"R$ 5.832,00",13,5.935,4.1
CUST000251,Thales Duarte,THALES.DUARTE@PROVEDOR.COM.BR,36.0,Masculino,Ribeirão Preto,Sao Paulo,02-06-2023,"R$ 2.151,00",5,"R$ 243,00",3.7
CUST001743,Sra. Maria Luiza Pastor,sra..maria.luiza.pastor@correio.net,46.0,fem,Manaus,amazonas,01/12/2023,"R$ 5.330,00",7,1.661,2.6
CUST002006,Guilherme Rodrigues,guilherme.rodrigues@provedor.com.br,46.0,M,Blumenau,sc,11-02-2025,2848,10,"R$ 1.850,00",
CUST004417,Thales Fernandes,thales.fernandes@provedor.com.br,48.0,male,Goiânia,go,19-07-2023,4698,6,1.375,3.4
CUST001851,luiz otávio jesus,luiz.otavio.jesus@provedor.com.br,54.0,N/I,Sorocaba,sp,2022-06-18,3434,9,1.469,2.9
CUST001719,Maria Sophia Novaes, maria.sophia.novaes@correio.net ,33.0,FEMININO,,Mato Grosso,2023/07/28,"R$ 212.277,00",3,1.044,4.1
CUST001262,Liam Pimenta,liam.pimenta@correio.net,44.0,MASCULINO,Campinas,SÃO PAULO,03/03/2022,2.639,8,2355,4.0
CUST004046,CLARA SÁ,clara. sa@email.com,66.0,Feminino,Várzea Grande,mato grosso,30-11-2024,,7,2442,4.1
CUST003309,André Aragão,andre. aragao@provedor.com.br,48.0,M,Petrópolis,Rio de Janeiro,2023/09/09,2402,6,1.131,3.5
CUST002800,LUIZA SANTOS,luiza.santos@provedor.com.br,31.0,female,Feira de Santana,BA,01-11-2025,4.004,13,1.274,3.1
CUST004338,MELINA MARTINS, melina.martins@mail.com ,43.0,Fem,Sorocaba,SP,27/06/2022,2.569,6,1487,4.2
CUST003306,Srta. Stephany Ramos,srta..stephany.ramos@email.com,53.0,Fem,Goiânia,Goiás,15-01-2023,5.274,7,1.723,3.4
CUST003212,Léo Monteiro,leo.monteiro@mail.com,35.0,male,Campinas,São Paulo,2025-12-02,"R$ 2.411,00",7,755,4.6
CUST004509,Matteo Correia,matteo.correia@webmail.com,43.0,Masc,Curitiba,PR,19-08-2023,2583,9,"R$ 1.042,00",4.4
CUST001057,Cecilia Viana, cecilia.viana@mail.com ,44.0,female,São Paulo,SP,27/05/2024,4803,9,3031,4.5
CUST004363,Lucas Gabriel Jesus,lucas.gabriel.jesus@correio.net,20.0,MASCULINO,Fortaleza,CE,2024/03/28,4.731,4,1.039,3.9
CUST003536,LETÍCIA FONSECA,leticia.fonseca@mail.com,35.0,fem,Curitiba,Paraná,2021-10-29,3.454,6,"R$ 2.711,00",4.4
CUST003298,Allana Pereira,allana. pereira@mail.com,,FEMININO,Petrópolis,RJ ,2023/11/08,3.395,5,"R$ 1.009,00",5.0
CUST004450,srta. isabelly carvalho,srta..isabelly.carvalho@provedor.com.br,18.0,Feminino,Londrina,pr,2022/07/10,"R$ 1.383,00",9,1450,2.6
CUST004024,VITOR MOURA,vitor. moura@email.com,33.0,masc,Juiz de Fora,minas gerais,2025/07/14,"R$ 2.848,00",7,"R$ 1.684,00",4.5
CUST000490,maria vitória da mata,maria.vitoria.da.mata@mail.com,45.0,Feminino,Duque de Caxias,RJ,05/05/2022,"R$ 2.997,00",7,1.337,2.8
CUST003540,Yasmin Macedo,yasmin.macedo@webmail.com,18.0,F,Campinas,Sao Paulo,26-07-2023,"R$ 3.076,00",9,2251,1.6
CUST000027,Enrico Martins, enrico.martins@webmail.com ,43.0,M,Contagem,mg,12-03-2022,2.681,4,"R$ 1.069,00",4.7
CUST001541,Sr. Mathias da Costa,SR..MATHIAS.DA.COSTA@EMAIL.COM,37.0,M,Anápolis,Goias,11-04-2022,2387,3,650,4.5
CUST001500,henry abreu,HENRY.ABREU@CORREIO.NET,21.0,MASCULINO,Caxias do Sul,Rio Grande do Sul,10-04-2024,4.490,9,1719,3.4
CUST003062,Ravi Pinto,ravi. pinto@correio.net,38.0,Masculino,Campinas,sp,2023/09/04,6.572,10,2454,2.4
CUST004461,Isaac Porto,isaac.porto@provedor.com.br,30.0,M,Duque de Caxias,RJ ,2023-11-25,2.404,7,1604,4.8
CUST001157,dr. henry gabriel duarte, dr..henry.gabriel.duarte@correio.net ,44.0,M,Caxias do Sul,rs,2023-10-06,"R$ 5.843,00",6,"R$ 2.221,00",4.0
CUST000907,José Fogaça,jose.fogaca@provedor.com.br,36.0,Masculino,Ananindeua,Pará,16-10-2024,2.562,3,"R$ 714,00",3.6
CUST003157,dr. ravi lucca peixoto, dr..ravi.lucca.peixoto@email.com ,34.0,M,Belo Horizonte,Minas Gerais,2024-05-09,"R$ 5.903,00",13,4680,3.8
CUST003757,Vitória Farias,VITORIA.FARIAS@PROVEDOR.COM.BR,42.0,Feminino,Caxias do Sul,rs,21/03/2022,"R$ 3.033,00",7,969,3.8
CUST002727,SRA. ISABELA LIMA,sra..isabela.lima@correio.net,38.0,N/I,Parintins,amazonas,2023/05/31,4.737,9,2320,3.9
CUST000370,Sra. Ana Aparecida, sra..ana.aparecida@provedor.com.br ,29.0,Fem,Brasília,distrito federal,01/11/2022,,10,1.840,5.0
CUST004588,Marcos Vinicius Vasconcelos,marcos.vinicius.vasconcelos@email.com,27.0,Masculino,,Para,06/10/2022,1.631,9,1528,5.0
CUST004160,Ravi Nogueira,RAVI.NOGUEIRA@EMAIL.COM,18.0,Masc,Juazeiro do Norte,Ceará,2024-05-01,"R$ 4.772,00",10,3282,3.5
CUST000768,André Novaes,andre.novaes@provedor.com.br,55.0,Masculino,Maringá,Paraná,07-01-2023,,5,"R$ 693,00",4.8
CUST004183,thales carvalho,thales.carvalho@provedor.com.br,40.0,Masc,Vitória da Conquista,BA,2022-12-09,2.639,7,1.661,4.2
CUST000168,OTTO RIOS,otto.rios@email.com,35.0,Masculino,Ribeirão Preto,sp,2024-01-06,2.031,4,1.012,4.0
CUST001629,Pedro Henrique da Mota,pedro.henrique.da.mota@correio.net,48.0,Masc,Petrópolis,rio de janeiro,2022/10/14,2.239,6,2.015,2.6
CUST002079,stella nascimento,stella.nascimento@mail.com,42.0,FEMININO,Santos,sp,2022-08-29,5.811,5,132.408,3.3
CUST002772,Clarice Borges,CLARICE.BORGES@EMAIL.COM,54.0,Feminino,Pelotas,RS,17/05/2025,1357,4,667,4.7
CUST001933,Raquel Correia,raquel.correia@mail.com,21.0,female,Santos,SÃO PAULO,2023/06/13,,2,343,4.9
CUST004937,DR. RYAN DA CRUZ,dr. .ryan.da.cruz@mail.com,30.0,masc,Santos,SÃO PAULO,2023-09-13,4633,4,994,5.0
CUST004463,Srta. Letícia da Conceição,srta..leticia.da.conceicao@correio.net,37.0,female,,Ceará,2022-05-01,"R$ 1.960,00",8,"R$ 1.756,00",4.7
CUST002902,Dr. Antônio Castro, dr..antonio.castro@provedor.com.br ,50.0,masc,Brasília,distrito federal,2022-10-31,2712,7,"R$ 2.322,00",4.0
CUST000863,isabelly da cunha,isabelly. da.cunha@email.com,25.0,prefer not to say,Ribeirão Preto,SP,18-08-2022,2035,7,1381,5.0
CUST000645,Miguel Dias,miguel. dias@mail.com,61.0,MASCULINO,Rio de Janeiro,Rio De Janeiro,2024/02/03,4.518,10,"R$ 2.386,00",4.6
CUST003175,felipe da luz,felipe.da.luz@email.com,29.0,Não binário,Porto Alegre,RS,2021/03/19,2.114,8,"R$ 1.697,00",2.3
CUST004564,AYLLA ARAÚJO, aylla.araujo@provedor.com.br ,37.0,FEMININO,Anápolis,Goiás,2024-02-28,3.527,14,3.578,4.1
CUST000576,Sophie Casa Grande,sophie.casa.grande@provedor.com.br,52.0,Fem,Feira de Santana,Bahia,2022-08-04,3.702,7,1604,3.4
CUST002921,Dante Novais,dante.novais@provedor.com.br,31.0,Masculino,Fortaleza,Ceará,17/09/2021,"R$ 4.111,00",9,2.009,
CUST001645,Theodoro Moraes,THEODORO.MORAES@EMAIL.COM,18.0,M,Serra,es,10/09/2025,3538,19,890,3.0
CUST001322,Anthony Gabriel Viana,ANTHONY.GABRIEL.VIANA@PROVEDOR.COM.BR,29.0,Masc,,sp,2021/05/03,"R$ 3.273,00",6,1.250,4.2
CUST003754,Lívia Campos,LIVIA.CAMPOS@EMAIL.COM,31.0,Fem,Pelotas,RS,15/07/2024,2.791,8,1.510,4.7
CUST003139,Bernardo Pastor,bernardo.pastor@email.com,32.0,M,Manaus,amazonas,2024/09/05,2723,8,1963,3.7
CUST000789,caio guerra,caio.guerra@provedor.com.br,58.0,male,Duque de Caxias,Rio De Janeiro,11/06/2024,,11,2726,4.6
CUST003524,Antônio Gonçalves, antonio.goncalves@provedor.com.br ,33.0,MASCULINO,,SÃO PAULO,2023/03/02,"R$ 1.665,00",8,1.733,4.7
CUST004816,gabriela duarte, gabriela.duarte@mail.com ,50.0,Feminino,Salvador,Bahia,15/09/2022,3.386,6,1.366,3.9
CUST004560,FELIPE CASSIANO,felipe.cassiano@webmail.com,35.0,MASCULINO,Caxias do Sul,rio grande do sul,14/10/2024,"R$ 3.950,00",6,1.900,3.2
CUST003375,RODRIGO BARBOSA,rodrigo.barbosa@email.com,48.0,masc,Brasília,Distrito Federal,28/06/2024,1.675,5,724,3.5
CUST000771,João Pedro Duarte,joao.pedro.duarte@correio.net,52.0,M,Ribeirão Preto,São Paulo,31/10/2021,4.818,11,"R$ 2.649,00",5.0
CUST002647,MARIA FLOR MACEDO, maria.flor.macedo@mail.com ,26.0,Fem,Porto Alegre,rs,2022/05/20,3.380,10,2473,4.3
CUST004136,SRTA. NINA RODRIGUES,srta..nina.rodrigues@mail.com,28.0,Feminino,Belo Horizonte,Minas Gerais,2024/06/17,2743,8,"R$ 1.703,00",4.2
CUST004789,CAMILA BRITO,camila.brito@mail.com,40.0,Feminino,Anápolis,go,2022-04-08,2648,5,798,4.3
CUST002841,Samuel Lopes,samuel.lopes@correio.net,43.0,male,Brasília,df,26-08-2022,,4,"R$ 983,00",3.2
CUST004420,Luna Gomes,LUNA.GOMES@CORREIO.NET,45.0,female,Pelotas,Rio Grande do Sul,11-02-2023,5903,9,3.177,3.9
CUST004621,Dr. Oliver Rios,dr..oliver.rios@email.com,43.0,M,,mg,25-02-2024,3105,4,769,3.2
CUST000097,vitor hugo araújo,vitor.hugo.araujo@mail.com,44.0,masc,Pelotas,Rio Grande do Sul,2024-11-04,"R$ 3.657,00",10,2.100,4.7
CUST002316,Ana Lívia Albuquerque,ana.livia.albuquerque@webmail.com,28.0,fem,,bahia,29/12/2024,"R$ 5.761,00",6,1.743,3.0
CUST000116,Joaquim Freitas,joaquim.freitas@correio.net,54.0,Masc,Goiânia,Goiás,29/01/2023,"R$ 3.726,00",10,2395,4.0
CUST003250,Rael Porto,RAEL.PORTO@CORREIO.NET,61.0,male,Curitiba,pr,2024-01-25,"R$ 3.647,00",4,863,2.8
CUST004576,MATHEUS FARIAS,matheus.farias@correio.net,27.0,Masculino,Campinas,São Paulo,2022-06-20,"R$ 4.962,00",5,2.059,3.9
CUST004761,Sr. Murilo Cirino,sr..murilo.cirino@provedor.com.br,35.0,male,Petrópolis,Rio de Janeiro,2025/03/18,2009,8,1426,2.5
CUST003884,Sra. Júlia da Cunha,sra..julia.da.cunha@correio.net,60.0,Feminino,Rio Verde,GO,2024/08/29,"R$ 2.020,00",5,"R$ 957,00",4.2
CUST001517,Bella Gomes, bella.gomes@provedor.com.br ,55.0,fem,Porto Alegre,rio grande do sul,2024/08/18,2.636,10,1075,4.6
CUST000202,maria luísa farias,maria.luisa.farias@correio.net,19.0,F,São Paulo,SP,2023/09/28,,5,656,5.0
CUST000773,Igor Nascimento,IGOR.NASCIMENTO@WEBMAIL.COM,18.0,M,São Paulo,SP,16/06/2023,1.160,7,1474,4.5
CUST001598,Lavínia Viana, lavinia.viana@correio.net ,31.0,fem,Blumenau,sc,27-05-2023,2.697,9,1482,3.1
CUST004784,Eloah Pinto,ELOAH.PINTO@CORREIO.NET,66.0,F,Santos,SÃO PAULO,2024-04-29,4.864,11,3.065,3.6
CUST003101,SRA. EVELYN ROCHA, sra..evelyn.rocha@correio.net ,22.0,female,Vitória,Espírito Santo,16-11-2023,"R$ 1.756,00",10,2.012,3.3
CUST003562,maria luísa azevedo,maria.luisa.azevedo@webmail.com,44.0,fem,Santos,sp,2024-11-09,"R$ 4.050,00",8,2.021,3.4
CUST000015,Julia Aparecida,julia.aparecida@provedor.com.br,28.0,FEMININO,Campinas,Sao Paulo,2024/04/28,1731,7,"R$ 1.871,00",3.8
CUST002486,Luiz Felipe Leão,luiz. felipe.leao@webmail.com,43.0,male,Campinas,SP,2023/11/27,"R$ 5.185,00",2,"R$ 527,00",3.9
CUST002480,Laura Barbosa,laura.barbosa@webmail.com,35.0,Feminino,Ribeirão Preto,SP,21-10-2023,3.653,8,2215,3.2
CUST000772,ana liz vargas,ana.liz.vargas@mail.com,24.0,Fem,Juiz de Fora,minas gerais,06-04-2023,,9,"R$ 2.994,00",4.6
CUST000105,Ana Cecília Pinto,ANA.CECILIA.PINTO@WEBMAIL.COM,37.0,Fem,Caruaru,Pernambuco,2025-06-29,4.735,7,"R$ 1.947,00",4.4
CUST003009,oliver mendes,OLIVER.MENDES@EMAIL.COM,26.0,masc,Santos,São Paulo,2023-09-13,2578,6,"R$ 1.306,00",3.5
CUST001942,Srta. Juliana Moura,SRTA..JULIANA.MOURA@PROVEDOR.COM.BR,42.0,FEMININO,Campinas,São Paulo,23-04-2024,3061,3,592,3.1
CUST004108,Ravy Camargo,ravy. camargo@provedor.com.br,34.0,MASCULINO,Olinda,PE,02-07-2022,"R$ 2.828,00",8,1.188,4.0
CUST000758,Bruno Ferreira,BRUNO.FERREIRA@MAIL.COM,35.0,Masculino,Curitiba,Paraná,17-08-2024,5.566,7,2561,4.6
CUST003989,Gael Henrique Rodrigues,gael.henrique.rodrigues@correio.net,37.0,MASCULINO,Brasília,Distrito Federal,14-12-2022,"R$ 2.811,00",8,1.094,3.3
CUST000649,julia vasconcelos,julia.vasconcelos@webmail.com,35.0,F,Santos,São Paulo,2023-01-12,"R$ 8.119,00",307,"R$ 3.334,00",
CUST003075,Sra. Júlia da Cruz,sra..julia.da.cruz@provedor.com.br,50.0,F,Serra,es,23-10-2024,3.164,6,817,4.3
CUST002230,Bento Borges,bento.borges@provedor.com.br,999.0,M,Niterói,rio de janeiro,25/12/2023,2719,5,1402,4.1
CUST003071,Cecilia Silveira,CECILIA.SILVEIRA@PROVEDOR.COM.BR,59.0,FEMININO,Brasília,Distrito Federal,2023-10-29,"R$ 3.032,00",7,1978,4.4
CUST001919,Vinícius Cassiano, vinicius.cassiano@mail.com ,26.0,MASCULINO,São Paulo,SÃO PAULO,07-09-2023,2.779,4,696,3.5
CUST003530,SR. ANDRÉ NOVAIS,sr..andre.novais@mail.com,48.0,Masc,Maringá,pr,17-03-2021,5037,12,3.756,3.8
CUST001910,Antônio Sales, antonio.sales@mail.com ,18.0,Masculino,Duque de Caxias,Rio De Janeiro,2024-07-07,"R$ 3.169,00",3,717,3.4
CUST002877,Maria Cecília Sales,MARIA.CECILIA.SALES@MAIL.COM,40.0,F,Juiz de Fora,minas gerais,14-07-2024,"R$ 1.947,00",10,2.281,4.5
CUST000710,Dra. Olivia da Paz,dra..olivia.da.paz@provedor.com.br,27.0,FEMININO,Londrina,PR,11/10/2023,4.604,4,1052,4.3
CUST000973,maria júlia fonseca, maria.julia.fonseca@email.com ,18.0,fem,Ribeirão Preto,SP,27-04-2025,1.225,3,"R$ 429,00",5.0
CUST001373,KAMILLY DA LUZ,KAMILLY.DA.LUZ@CORREIO.NET,22.0,FEMININO,Ananindeua,Pará,2023-03-21,2621,5,1150,4.7
CUST005032,Srta. Liz Nascimento,SRTA..LIZ.NASCIMENTO@EMAIL.COM,20.0,F,Juazeiro do Norte,Ceará,2021/05/01,2176,6,1.842,4.4
CUST000820,ALEXANDRE SOUZA, alexandre.souza@correio.net ,51.0,outro,Santos,Sao Paulo,24/04/2023,4.270,8,1842,3.4
CUST001775,Bárbara Barros,barbara.barros@email.com,-5.0,Fem,,rs,2021/07/14,1.307,5,1.161,3.8
CUST004399,Davi Lucas Andrade,davi. lucas.andrade@correio.net,29.0,M,Caxias do Sul,rs,05/06/2021,3377,8,1.682,3.3
CUST002788,Miguel Rodrigues,miguel.rodrigues@webmail.com,50.0,masc,Feira de Santana,BA,2025/08/12,"R$ 2.879,00",6,730,3.0
CUST002312,DRA. ISABELLA SIQUEIRA,dra..isabella.siqueira@webmail.com,26.0,F,Porto Alegre,rs,26/04/2024,3416,6,1.000,4.3
CUST000725,Lucas Gabriel Melo,lucas.gabriel.melo@email.com,57.0,M,Caruaru,pernambuco,2025-02-27,4456,7,2330,
CUST000404,Miguel Novais,miguel.novais@webmail.com,36.0,prefer not to say,Porto Alegre,Rio Grande do Sul,28/08/2022,2.672,10,2.072,2.7
CUST004114,Luiz Fernando Nogueira,LUIZ.FERNANDO.NOGUEIRA@MAIL.COM,,masc,Sorocaba,Sao Paulo,2024-07-13,"R$ 2.084,00",5,"R$ 527,00",2.2
CUST003211,Nina Lopes,nina.lopes@webmail.com,28.0,F,,RJ ,2025/03/07,3.352,10,"R$ 1.856,00",5.0
CUST004286,Isabela da Conceição,isabela. da.conceicao@webmail.com,61.0,F,Belém,Para,11/07/2024,"R$ 5.997,00",8,3204,3.2
CUST004821,Nicole Montenegro,NICOLE.MONTENEGRO@CORREIO.NET,,FEMININO,Brasília,distrito federal,2024/09/25,"R$ 4.540,00",15,"R$ 3.719,00",4.2
CUST003732,BEATRIZ GARCIA,beatriz.garcia@mail.com,34.0,F,Juiz de Fora,MG,2023/02/22,288.510,7,"R$ 2.656,00",3.0
CUST004694,Calebe Gomes, calebe.gomes@provedor.com.br ,36.0,masc,Ananindeua,Para,2024-05-02,"R$ 3.038,00",4,"R$ 718,00",
CUST002377,Theo Peixoto,THEO.PEIXOTO@MAIL.COM,41.0,MASCULINO,Contagem,minas gerais,31-08-2024,2898,8,1688,2.9
CUST003530,SR. ANDRÉ NOVAIS,sr..andre.novais@mail.com,48.0,Masc,Maringá,pr,30/03/2021,5037,20,3.756,3.8
CUST004495,Lucas Jesus,LUCAS.JESUS@WEBMAIL.COM,42.0,Masc,Rio Verde,GO,05/08/2023,,8,1533,4.5
CUST003585,Srta. Lorena Jesus,srta..lorena.jesus@provedor.com.br,31.0,fem,Juazeiro do Norte,Ceará,2022/12/22,2563,7,"R$ 1.916,00",
CUST001063,Sr. Davi Luiz Sá,sr..davi.luiz.sa@provedor.com.br,35.0,Masculino,Londrina,Parana,2022/10/22,,5,976,2.2
CUST004341,Henrique Jesus,henrique.jesus@webmail.com,18.0,M,Niterói,RJ ,14/09/2023,4.838,12,4.016,4.4
CUST003441,Melina da Conceição,melina.da.conceicao@provedor.com.br,53.0,female,Sobral,Ceara,2023/11/23,"R$ 4.688,00",3,90607,
CUST002405,Daniel Vieira,daniel.vieira@mail.com,47.0,prefer not to say,Sorocaba,SP,05/07/2024,3313,7,964,
CUST002314,Fernando Dias,FERNANDO.DIAS@CORREIO.NET,46.0,Masc,Cuiabá,MT,2023-03-07,"R$ 11.487,00",9,3639,3.9
CUST000287,Maria Helena Machado,maria.helena.machado@mail.com,46.0,Fem,Cuiabá,mato grosso,2023-01-17,"R$ 2.997,00",4,1.452,4.0
CUST004465,Sra. Maria Alice Nogueira,sra. .maria.alice.nogueira@correio.net,48.0,fem,Vitória da Conquista,BA ,2024/10/25,5.043,7,"R$ 1.965,00",
CUST004474,SAMUEL PEIXOTO, samuel.peixoto@mail.com ,28.0,male,Rio Verde,GO,2023/10/25,,10,3048,5.0
CUST000362,Lucca Pinto, lucca.pinto@correio.net ,51.0,MASCULINO,Juiz de Fora,minas gerais,2024/07/21,"R$ 2.651,00",7,1729,4.6
CUST003551,jade da luz,jade.da.luz@mail.com,41.0,F,Anápolis,go,2024/12/13,7853,11,"R$ 2.840,00",3.4
CUST000943,Lorena Macedo,LORENA.MACEDO@EMAIL.COM,26.0,Feminino,Brasília,df,2023-12-03,4.039,6,1936,3.0
CUST003935,isabella abreu,isabella.abreu@webmail.com,35.0,F,Belo Horizonte,minas gerais,2024/01/11,3.363,5,1.306,5.0
CUST003828,Maria Laura Montenegro,maria.laura.montenegro@provedor.com.br,33.0,female,,Parana,2025-02-04,"R$ 3.765,00",6,"R$ 1.880,00",4.3
CUST000158,Bruna Gomes,bruna.gomes@provedor.com.br,44.0,fem,Santos,Sao Paulo,2022-01-28,4.696,9,1.580,2.7
CUST004746,raul aparecida,RAUL.APARECIDA@MAIL.COM,44.0,MASCULINO,Ribeirão Preto,SÃO PAULO,28/10/2022,4085,4,970,
CUST001204,camila albuquerque,camila. albuquerque@webmail.com,38.0,fem,Olinda,pernambuco,15-11-2021,3.808,7,2.155,3.7
CUST004909,Isabel Cunha, isabel.cunha@correio.net ,43.0,Feminino,Contagem,Minas Gerais,2024/02/21,2799,8,2206,5.0
CUST000458,Heloísa Jesus,HELOISA.JESUS@PROVEDOR.COM.BR,33.0,fem,Ribeirão Preto,São Paulo,2023/04/19,991,4,"R$ 1.045,00",3.8
CUST000073,ANA BEATRIZ FARIAS,ana.beatriz.farias@provedor.com.br,44.0,Fem,São Paulo,Sao Paulo,2022-02-01,"R$ 3.516,00",6,"R$ 1.888,00",3.2
CUST001463,Danilo Guerra,danilo. guerra@correio.net,18.0,male,Maringá,PR,03/07/2021,7113,3,694,4.3
CUST004446,Sr. Levi Andrade,SR..LEVI.ANDRADE@EMAIL.COM,32.0,male,Santos,São Paulo,2023-09-06,"R$ 1.151,00",7,1.759,4.2
CUST000364,Dr. Liam Pires,dr..liam.pires@mail.com,40.0,MASCULINO,Sorocaba,São Paulo,2023-07-29,3462,8,2.382,3.5
CUST001050,pedro lucas nogueira,pedro.lucas.nogueira@email.com,32.0,N/I,Belém,Pará,2024-08-03,"R$ 9.731,00",11,5.009,4.5
CUST001943,Brayan da Rosa,brayan. da.rosa@provedor.com.br,43.0,masc,Sorocaba,Sao Paulo,21/02/2025,2.929,6,1.593,4.4
CUST001372,João Guilherme Porto,joao.guilherme.porto@email.com,51.0,M,Brasília,df,2024-07-30,6.288,7,1.911,5.0
CUST004106,Maria Melo, maria.melo@email.com ,30.0,female,Salvador,Bahia,26-01-2022,1535,4,1276,3.1
CUST004457,BERNARDO MENDONÇA,bernardo.mendonca@email.com,999.0,Masculino,Rio Verde,Goias,2024-12-03,,9,3.387,3.4
CUST000384,Gael Henrique Gomes,gael.henrique.gomes@webmail.com,33.0,MASCULINO,Porto Alegre,rio grande do sul,2024-02-02,3.846,7,"R$ 2.084,00",3.8
CUST002597,DR. ARTHUR BORGES,dr..arthur.borges@correio.net,50.0,Masculino,Olinda,PE ,22-11-2022,2.271,4,"R$ 937,00",5.0
CUST003097,Yuri Correia,YURI.CORREIA@MAIL.COM,44.0,male,Pelotas,Rio Grande do Sul,2025/04/14,3405,9,3.226,3.7
CUST000157,Sra. Maya Pereira,sra..maya.pereira@provedor.com.br,37.0,Fem,Curitiba,Paraná,09-04-2023,2741,7,"R$ 2.044,00",4.4
CUST002332,ana liz da luz, ana.liz.da.luz@mail.com ,41.0,FEMININO,Maringá,pr,2024-10-30,2.456,11,2.190,3.4
CUST003213,João Gabriel Garcia,joao.gabriel.garcia@email.com,24.0,male,Rio de Janeiro,RJ ,2023-01-27,"R$ 5.317,00",10,"R$ 2.323,00",4.3
CUST002732,Marcelo Sampaio,marcelo.sampaio@correio.net,45.0,Masculino,Caxias do Sul,rio grande do sul,2024/02/11,"R$ 2.900,00",5,1.046,3.2
CUST002293,Ana Beatriz Fernandes,ANA.BEATRIZ.FERNANDES@WEBMAIL.COM,42.0,fem,Campinas,SP,2021/12/18,4662,16,2.734,3.4
CUST001948,SRTA. EMANUELLY NOVAIS,srta..emanuelly.novais@mail.com,35.0,FEMININO,Juiz de Fora,Minas Gerais,2024-10-15,2428,13,2382,4.9
CUST003117,Pedro Alves,pedro.alves@webmail.com,25.0,MASCULINO,Petrópolis,Rio De Janeiro,04-11-2022,5.081,9,2.532,4.7
CUST004322,Luigi Silveira,luigi.silveira@mail.com,34.0,masc,Salvador,BA ,2024-04-20,,6,"R$ 1.394,00",4.2
CUST001482,enzo barbosa,ENZO.BARBOSA@CORREIO.NET,35.0,Masc,Porto Alegre,rio grande do sul,2024-07-18,1372,6,995,4.0
CUST000495,benjamin abreu,BENJAMIN.ABREU@MAIL.COM,42.0,M,Ribeirão Preto,São Paulo,11-04-2024,3026,8,"R$ 2.556,00",3.9
CUST002928,Cauã Novais, caua.novais@mail.com ,52.0,masc,Brasília,df,2024-01-22,4721,5,1986,2.3
CUST004820,Dr. Isaque Vieira,dr..isaque.vieira@correio.net,52.0,Masculino,Niterói,rio de janeiro,16-01-2023,8520,10,"R$ 4.756,00",3.7
CUST002372,Joaquim Sampaio, joaquim.sampaio@provedor.com.br ,24.0,M,Pelotas,RS,2022/10/01,368.922,6,1573,4.2
CUST000130,Julia Castro, julia.castro@provedor.com.br ,32.0,F,Maringá,PR,08-02-2025,5.713,10,"R$ 2.615,00",3.6
CUST000898,Rodrigo Ribeiro,rodrigo.ribeiro@provedor.com.br,38.0,N/I,Sorocaba,sp,2024/10/07,"R$ 1.377,00",4,819,2.9
CUST004497,Antônio Sá,antonio. sa@mail.com,39.0,Não binário,Campinas,São Paulo,2024-07-01,4.472,5,"R$ 799,00",3.7
CUST001560,Dra. Liz Mendonça,dra..liz.mendonca@mail.com,42.0,FEMININO,Serra,es,2024-02-16,3355,4,997,2.4
CUST000752,giovanna sales,giovanna. sales@webmail.com,22.0,Feminino,Ananindeua,Para,30-05-2025,"R$ 1.804,00",6,"R$ 1.461,00",4.7
CUST004806,Esther Porto,esther.porto@email.com,46.0,Fem,Juiz de Fora,minas gerais,2024-07-13,3945,7,1.811,3.5
CUST004575,Bella Cardoso,bella.cardoso@email.com,33.0,Fem,Belém,Para,2023-12-29,"R$ 3.374,00",4,1.242,
CUST003609,Sophie Andrade,sophie. andrade@email.com,60.0,Não binário,Caxias do Sul,Rio Grande do Sul,2023/06/19,,5,"R$ 1.353,00",4.6
CUST001526,Lavínia Rodrigues,LAVINIA.RODRIGUES@PROVEDOR.COM.BR,48.0,Fem,Vitória da Conquista,bahia,2022-08-08,"R$ 4.790,00",9,"R$ 2.383,00",3.1
CUST002297,Dr. Enzo Costela,dr..enzo.costela@correio.net,34.0,Masculino,Sorocaba,SP,2024/08/29,2.604,6,1190,
CUST004922,sra. luara machado,sra..luara.machado@mail.com,30.0,F,Niterói,Rio de Janeiro,2024/05/24,"R$ 2.390,00",7,1341,4.1
CUST002209,ARTHUR AZEVEDO,arthur.azevedo@provedor.com.br,47.0,M,Santos,SP,2022/02/21,7.295,9,2.525,4.1
CUST002889,milena pacheco,milena.pacheco@webmail.com,44.0,Feminino,Juiz de Fora,MG,2021-08-19,"R$ 1.590,00",12,3462,3.3
CUST002240,Juan Araújo,juan.araujo@correio.net,51.0,Masculino,Fortaleza,Ceará,27-06-2024,5.284,6,1533,
CUST000614,ANA CLARA VIEIRA,ANA.CLARA.VIEIRA@WEBMAIL.COM,27.0,fem,São Paulo,SÃO PAULO,2024-08-04,2084,6,"R$ 1.977,00",3.7
CUST001114,Dr. Juan Ramos,dr..juan.ramos@provedor.com.br,53.0,Masc,,minas gerais,2021/08/06,2560,6,1199,3.3
CUST001842,Sra. Lunna Melo,sra..lunna.melo@mail.com,49.0,fem,Pelotas,rio grande do sul,10/01/2023,2805,1,277,4.2
CUST000938,Juan da Cruz,JUAN.DA.CRUZ@WEBMAIL.COM,45.0,male,Porto Alegre,rio grande do sul,2023-04-18,4.240,6,"R$ 965,00",2.3
CUST003113,mariana barbosa,MARIANA.BARBOSA@PROVEDOR.COM.BR,49.0,fem,Duque de Caxias,Rio De Janeiro,2023-12-16,4.342,10,"R$ 3.474,00",2.6
CUST002911,Sr. Rodrigo Cardoso,sr..rodrigo.cardoso@mail.com,39.0,masc,Petrópolis,Rio De Janeiro,2025/05/06,2801,6,1.398,3.6
CUST004942,Ravy Carvalho,ravy. carvalho@webmail.com,33.0,masc,Juiz de Fora,mg,03/12/2025,5188,6,"R$ 2.210,00",3.9
CUST000434,Alexandre da Mota,alexandre.da.mota@correio.net,46.0,male,São Paulo,SP,2024/10/17,3.416,8,"R$ 2.449,00",4.0
CUST000489,Dr. Ryan Pereira,dr..ryan.pereira@webmail.com,23.0,Masc,Caruaru,PE,2023/09/23,"R$ 3.481,00",8,1631,4.3
CUST004113,LUCAS GABRIEL MACHADO,lucas.gabriel.machado@email.com,20.0,male,Sobral,ce,2024-01-20,"R$ 2.569,00",7,2.082,4.4
CUST001239,Luiz Gustavo Nunes,luiz. gustavo.nunes@mail.com,34.0,outro,Juazeiro do Norte,Ceara,2024/01/05,4186,8,956,4.4
CUST003257,Ana Lívia Marques,ana.livia.marques@provedor.com.br,29.0,female,Porto Alegre,Rio Grande do Sul,30-05-2023,,4,1.218,4.4
CUST000025,Brayan Pereira, brayan.pereira@email.com ,48.0,Masculino,Brasília,distrito federal,22-05-2025,5.001,7,2.096,
CUST003343,isabela silveira,isabela. silveira@email.com,45.0,FEMININO,Cuiabá,MT,2024-03-23,6.864,2,"R$ 777,00",3.2
CUST000062,Dr. Yan Cavalcante,DR..YAN.CAVALCANTE@EMAIL.COM,18.0,M,Sobral,Ceará,2024-10-17,5.013,6,1818,4.5
CUST004175,Srta. Nicole Teixeira,srta..nicole.teixeira@correio.net,33.0,female,Santos,SP,02/11/2023,3860,8,2870,3.4
CUST004293,LUIZ FERNANDO PEREIRA,luiz.fernando.pereira@webmail.com,45.0,male,Parintins,AM,14/12/2023,"R$ 5.524,00",14,4377,3.9
CUST002112,André da Cruz,andre.da.cruz@email.com,27.0,Masculino,Pelotas,rio grande do sul,2024/08/09,"R$ 4.014,00",7,2.108,5.0
CUST004233,Brayan Macedo,BRAYAN.MACEDO@WEBMAIL.COM,56.0,MASCULINO,Parintins,amazonas,16/08/2024,"R$ 3.442,00",8,1.394,5.0
CUST000522,Pietro Rodrigues,pietro. rodrigues@provedor.com.br,44.0,masc,Campinas,Sao Paulo,2023-02-17,3.461,7,"R$ 1.948,00",4.4
CUST000402,MAITÊ CAMARGO,maite.camargo@mail.com,44.0,F,Campinas,Sao Paulo,14-02-2024,5290,10,"R$ 4.169,00",3.5
CUST002980,Stephany Sousa,stephany.sousa@correio.net,39.0,female,Florianópolis,Santa Catarina,2023-04-02,2.453,5,"R$ 1.374,00",4.6
CUST000299,Isabel da Luz,ISABEL.DA.LUZ@EMAIL.COM,27.0,prefer not to say,Vitória da Conquista,bahia,31/10/2024,4.497,6,1.108,3.6
CUST001309,Vitor Gabriel Rodrigues,vitor.gabriel.rodrigues@email.com,36.0,male,Caruaru,PE ,2024/12/22,"R$ 3.637,00",6,2159,4.3
CUST002669,Eloá Almeida,ELOA.ALMEIDA@EMAIL.COM,39.0,F,São Paulo,sp,16-12-2024,2778,3,812,3.7
CUST000803,Marcelo Leão, marcelo.leao@correio.net ,55.0,Masc,Belém,Para,2025/02/13,"R$ 2.642,00",7,2472,3.8
CUST002444,Arthur Gabriel Lima,ARTHUR.GABRIEL.LIMA@WEBMAIL.COM,40.0,male,Ribeirão Preto,São Paulo,2023/05/04,"R$ 4.345,00",6,1.404,4.4
CUST004880,Juliana Novaes,JULIANA.NOVAES@PROVEDOR.COM.BR,40.0,Fem,Campinas,SÃO PAULO,2025-03-24,4128,6,2086,4.1
CUST000966,Lucas Gabriel Lopes,LUCAS.GABRIEL.LOPES@CORREIO.NET,57.0,MASCULINO,Contagem,mg,2023-01-05,5730,8,2438,4.4
CUST001381,Sr. Gabriel Fernandes,SR..GABRIEL.FERNANDES@EMAIL.COM,43.0,M,,Parana,22/12/2024,3.113,8,1700,3.3
CUST002138,Sr. Gustavo Henrique Pimenta,sr..gustavo.henrique.pimenta@correio.net,36.0,male,Juiz de Fora,MG,17-09-2023,,4,"R$ 957,00",3.6
CUST003188,Esther Nascimento,esther.nascimento@provedor.com.br,,Feminino,Porto Alegre,rs,03/01/2024,3.305,3,"R$ 975,00",5.0
CUST003174,Felipe Costa,FELIPE.COSTA@MAIL.COM,34.0,male,São Paulo,SP,2023/02/18,4229,13,1924,4.3
CUST003020,Melina Sousa, melina.sousa@mail.com ,21.0,F,Maringá,Parana,09/12/2023,"R$ 2.404,00",5,1.404,3.6
CUST003334,PIETRO GARCIA,pietro.garcia@provedor.com.br,,MASCULINO,Caxias do Sul,Rio Grande do Sul,2023/09/09,3181,6,1.900,3.7
CUST000142,Maria Sophia Alves,MARIA.SOPHIA.ALVES@MAIL.COM,43.0,Feminino,Petrópolis,Rio De Janeiro,29-02-2024,"R$ 2.011,00",3,"R$ 856,00",3.5
CUST002785,MILENA DA CRUZ,milena.da.cruz@provedor.com.br,42.0,Fem,Recife,pernambuco,2024-04-24,2.044,8,"R$ 809,00",3.6
CUST000600,Sr. Vinicius Fonseca,sr..vinicius.fonseca@webmail.com,,Masc,Contagem,Minas Gerais,2022/09/04,"R$ 8.395,00",10,"R$ 2.560,00",
CUST000220,João Lucas Sá,joao.lucas.sa@webmail.com,34.0,Masc,Duque de Caxias,rio de janeiro,07/06/2024,,9,1.718,3.0
CUST004379,João Felipe Correia,joao.felipe.correia@mail.com,27.0,Masc,Campinas,São Paulo,08-10-2024,"R$ 4.071,00",7,1.585,3.7
CUST002644,José Pedro Nogueira,jose. pedro.nogueira@email.com,65.0,MASCULINO,Juazeiro do Norte,Ceará,2025-03-21,2.368,11,1.819,4.3
CUST000974,Gabriela Pastor,GABRIELA.PASTOR@WEBMAIL.COM,30.0,Fem,Caruaru,pernambuco,2023-11-06,,7,2.007,3.6
CUST000273,HELOÍSA FONSECA,HELOISA.FONSECA@PROVEDOR.COM.BR,54.0,fem,Uberlândia,minas gerais,01-09-2024,4.026,10,"R$ 2.692,00",3.5
CUST003871,Antonella Cirino,antonella.cirino@webmail.com,36.0,FEMININO,,DF,30/09/2023,3.173,4,"R$ 1.196,00",2.4
CUST000323,Levi da Cunha,levi.da.cunha@mail.com,25.0,Masc,Curitiba,PR,2023/11/12,2153,8,1740,3.8
CUST002249,Luiz Miguel Leão,LUIZ.MIGUEL.LEAO@PROVEDOR.COM.BR,25.0,masc,Anápolis,go,16-12-2023,2724,4,796,3.9
CUST004228,Lorenzo Teixeira,lorenzo. teixeira@webmail.com,34.0,MASCULINO,Fortaleza,Ceara,04-08-2023,"R$ 3.786,00",7,"R$ 1.829,00",4.1
CUST000795,Anthony da Luz,ANTHONY.DA.LUZ@MAIL.COM,,MASCULINO,Duque de Caxias,Rio de Janeiro,20-05-2024,2.004,4,1274,4.8
CUST000983,rhavi pacheco,rhavi.pacheco@webmail.com,40.0,M,Fortaleza,CE,01-02-2024,3278,5,1505,4.5
CUST002876,Raquel da Rosa,raquel.da.rosa@provedor.com.br,43.0,fem,Uberlândia,mg,2024-10-27,"R$ 3.116,00",9,1.095,4.5
CUST001471,Arthur Rodrigues, arthur.rodrigues@correio.net ,18.0,M,Duque de Caxias,RJ ,2021/11/18,"R$ 1.766,00",15,1420,4.7
CUST004404,Isaque Silva,ISAQUE.SILVA@MAIL.COM,43.0,M,Caxias do Sul,RS,04-08-2024,"R$ 3.793,00",4,613,3.9
CUST002897,Srta. Vitória Almeida,srta..vitoria.almeida@correio.net,36.0,female,Ribeirão Preto,SP,2024-06-29,"R$ 3.540,00",6,"R$ 1.139,00",4.1
CUST004647,Luiz Fernando Vargas,LUIZ.FERNANDO.VARGAS@WEBMAIL.COM,36.0,male,Rio de Janeiro,RJ ,2024-03-04,"R$ 5.098,00",8,1676,4.6
CUST003424,ANA CECÍLIA BRITO,ANA.CECILIA.BRITO@PROVEDOR.COM.BR,43.0,F,São Paulo,São Paulo,2024/03/16,6013,8,2152,2.4
CUST002946,maria cecília alves,maria.cecilia.alves@mail.com,74.0,Feminino,Sorocaba,Sao Paulo,26-05-2021,"R$ 3.572,00",6,1802,3.2
CUST003170,Dr. Augusto Alves,DR..AUGUSTO.ALVES@EMAIL.COM,36.0,male,Brasília,distrito federal,2025-02-17,2.796,8,"R$ 1.961,00",5.0
CUST000433,Isabel Farias,isabel.farias@correio.net,38.0,fem,São Paulo,Sao Paulo,04/09/2024,"R$ 4.301,00",6,1321,4.7
CUST003032,Ana Clara Mendonça,ana. clara.mendonca@provedor.com.br,50.0,Fem,Niterói,rio de janeiro,07/10/2024,2.607,5,"R$ 960,00",2.4
CUST003505,Maria Alice Melo,maria.alice.melo@mail.com,25.0,Fem,Niterói,RJ,25-07-2024,3.228,10,2.794,4.5
CUST000034,Maria Laura Ramos,MARIA.LAURA.RAMOS@WEBMAIL.COM,64.0,Fem,Porto Alegre,RS,2023-08-15,7.908,7,"R$ 2.812,00",2.6
CUST003469,Mateus Oliveira, mateus.oliveira@provedor.com.br ,48.0,masc,Campinas,SP,15-12-2024,6.996,8,"R$ 1.898,00",
CUST003242,Otávio Rodrigues,otavio.rodrigues@correio.net,30.0,Masculino,Uberlândia,mg,2023/02/13,,5,1.678,2.9
CUST001337,Carlos Eduardo da Conceição,carlos.eduardo.da.conceicao@webmail.com,42.0,male,São Paulo,São Paulo,17-08-2021,"R$ 3.254,00",10,"R$ 3.222,00",4.9
CUST003587,Breno Siqueira,breno.siqueira@email.com,43.0,MASCULINO,Rio Verde,GO,01/08/2024,1.785,6,1685,4.0
CUST001042,Ana Vieira,ana.vieira@email.com,51.0,fem,Caruaru,PE,18/05/2024,"R$ 3.113,00",3,944,3.6
CUST003347,Laura Sá,LAURA.SA@EMAIL.COM,47.0,fem,Santos,São Paulo,2024-05-17,3.217,8,"R$ 1.554,00",4.3
CUST004822,Srta. Luísa Castro, srta..luisa.castro@mail.com ,21.0,Fem,Salvador,BA,2024-01-27,1.855,5,"R$ 1.435,00",
CUST002386,sra. eloah macedo,sra..eloah.macedo@provedor.com.br,25.0,F,Rio de Janeiro,Rio de Janeiro,2021-05-04,,9,2.395,3.3
CUST003909,Antony da Rosa,antony.da.rosa@email.com,56.0,Masc,Rio de Janeiro,Rio de Janeiro,2023-07-28,2784,4,726,5.0
CUST002537,Kevin Melo,kevin.melo@correio.net,,Masculino,Rio de Janeiro,Rio de Janeiro,2022/03/26,3.697,8,1297,
CUST001651,Clara Sousa,clara.sousa@webmail.com,34.0,N/I,Ribeirão Preto,sp,29-04-2024,"R$ 5.461,00",10,"R$ 3.486,00",
CUST003452,Sr. Joaquim Cunha,sr..joaquim.cunha@mail.com,48.0,MASCULINO,Vitória,es,2023-09-24,"R$ 3.482,00",9,"R$ 1.991,00",4.6
CUST001668,Sarah Carvalho,sarah.carvalho@webmail.com,25.0,F,Campinas,sp,2021/05/11,"R$ 3.812,00",11,2.100,
CUST004251,Brayan Nunes,brayan.nunes@mail.com,52.0,MASCULINO,Florianópolis,sc,2021/12/31,4.021,9,2620,4.1
CUST000472,Rafaela Câmara,rafaela.camara@provedor.com.br,18.0,Feminino,Sorocaba,São Paulo,12/12/2023,"R$ 3.293,00",5,"R$ 1.174,00",
CUST001472,srta. rafaela mendonça,SRTA..RAFAELA.MENDONCA@WEBMAIL.COM,30.0,FEMININO,Belo Horizonte,Minas Gerais,16/03/2024,2443,8,1.805,3.3
CUST001618,SR. JOSÉ BRITO,SR..JOSE.BRITO@MAIL.COM,76.0,MASCULINO,Duque de Caxias,RJ,2022/10/10,3.049,8,1.631,3.6
CUST002548,alexandre cassiano,alexandre.cassiano@webmail.com,57.0,M,Uberlândia,mg,17/03/2024,"R$ 4.053,00",8,1.875,4.1
CUST002850,Manuela Martins,MANUELA.MARTINS@MAIL.COM,29.0,fem,Sorocaba,SÃO PAULO,08-01-2024,2.668,7,"R$ 1.715,00",3.4
CUST003434,sra. cecilia alves,sra..cecilia.alves@mail.com,26.0,Feminino,Salvador,BA ,26-12-2022,"R$ 2.032,00",4,"R$ 923,00",4.5
CUST000553,sr. luiz miguel das neves,sr..luiz.miguel.das.neves@email.com,32.0,N/I,Santos,sp,15/02/2025,,3,"R$ 833,00",5.0
CUST000834,dra. ísis lima, dra..isis.lima@provedor.com.br ,51.0,F,Campinas,São Paulo,2022/04/16,"R$ 5.363,00",8,"R$ 1.969,00",3.3
CUST003259,Eloá Duarte,eloa.duarte@email.com,43.0,F,São Paulo,São Paulo,2024-12-09,2.488,5,1206,4.0
CUST003628,ana cecília carvalho, ana.cecilia.carvalho@correio.net ,42.0,Feminino,Duque de Caxias,Rio De Janeiro,24-09-2023,"R$ 2.068,00",7,1.548,3.6
CUST003734,augusto cardoso, augusto.cardoso@provedor.com.br ,22.0,MASCULINO,Santos,SP,2023-12-24,4852,5,"R$ 1.618,00",4.9
CUST002014,Hadassa Costela,hadassa. costela@provedor.com.br,37.0,FEMININO,Sobral,Ceará,07-06-2023,"R$ 4.246,00",10,"R$ 3.152,00",3.4
CUST002004,Pedro Miguel Pinto,pedro. miguel.pinto@email.com,59.0,male,Curitiba,PR,07-07-2024,1.854,4,1153,2.4
CUST001181,Sr. Calebe Montenegro, sr..calebe.montenegro@email.com ,55.0,Masc,Salvador,bahia,22/11/2024,"R$ 2.514,00",6,"R$ 854,00",4.9
CUST003753,Larissa Fogaça,larissa.fogaca@correio.net,47.0,female,Salvador,BA ,2022/11/13,2.143,5,1336,3.5
CUST004165,Sra. Nina Fogaça,sra. .nina.fogaca@provedor.com.br,18.0,FEMININO,Ribeirão Preto,São Paulo,2021-10-03,2.673,13,"R$ 3.689,00",2.8
CUST002779,Maria Helena Cardoso,maria. helena.cardoso@email.com,38.0,Feminino,Anápolis,Goias,10/06/2023,1752,4,689,3.7
CUST002747,Sra. Maria Luísa Vieira,SRA..MARIA.LUISA.VIEIRA@EMAIL.COM,42.0,FEMININO,Serra,ES,2025/02/26,"R$ 2.237,00",14,"R$ 1.739,00",3.0
CUST000246,Rodrigo Martins,rodrigo.martins@correio.net,57.0,masc,Duque de Caxias,RJ ,20-06-2024,"R$ 2.888,00",8,"R$ 2.694,00",4.9
CUST004536,Gustavo Henrique Sá,gustavo.henrique.sa@provedor.com.br,27.0,MASCULINO,Porto Alegre,RS,2023/10/30,"R$ 2.574,00",9,2.716,3.0
CUST000596,Isaque Silva,ISAQUE.SILVA@WEBMAIL.COM,24.0,MASCULINO,Anápolis,Goiás,2022/05/09,4867,4,912,4.4
CUST001766,Manuela Barbosa,manuela. barbosa@correio.net,28.0,N/I,,sp,27/07/2022,"R$ 2.598,00",3,714,2.8
CUST000763,Isabella da Cruz,isabella.da.cruz@webmail.com,-5.0,F,Niterói,rio de janeiro,05-05-2022,7.984,5,1870,5.0
CUST003001,Dante Freitas, dante.freitas@provedor.com.br ,45.0,M,Niterói,RJ ,2023/12/07,2.509,340,1.611,3.2
CUST002511,CLARA MARQUES,clara.marques@webmail.com,19.0,outro,Goiânia,Goiás,13/10/2023,4.007,6,1593,2.4
CUST002141,Srta. Alexia Porto, srta..alexia.porto@email.com ,24.0,female,Ribeirão Preto,sp,15-11-2023,,5,1559,4.0
CUST003294,DR. RYAN MARTINS,DR..RYAN.MARTINS@EMAIL.COM,29.0,MASCULINO,Caxias do Sul,RS,2024/04/02,2.060,9,2319,4.4
CUST000132,Alexia Camargo,alexia.camargo@webmail.com,,female,Santos,São Paulo,2023/11/01,"R$ 4.219,00",8,2.747,3.9
CUST001533,VICENTE CALDEIRA,vicente.caldeira@correio.net,45.0,Masc,,sp,2023-07-13,2611,9,2219,4.8
CUST000672,PEDRO MONTENEGRO,pedro.montenegro@webmail.com,30.0,male,Belém,pa,31/05/2025,2.419,4,865,2.5
CUST004948,JOANA NOVAIS, joana.novais@provedor.com.br ,32.0,Fem,,SÃO PAULO,23-05-2022,3150,5,746,4.2
CUST003417,Bianca Porto,BIANCA.PORTO@EMAIL.COM,42.0,F,Ribeirão Preto,sp,16-02-2025,5857,8,2055,3.9
CUST000322,ANA CAROLINA MARQUES, ana.carolina.marques@correio.net ,,fem,Caxias do Sul,rio grande do sul,2025/02/16,"R$ 3.882,00",8,"R$ 2.219,00",4.7
CUST002867,LUARA PASTOR, luara.pastor@email.com ,23.0,Feminino,Duque de Caxias,rio de janeiro,30/12/2022,315.536,5,"R$ 1.276,00",4.9
CUST004034,Ana Câmara,ANA.CAMARA@CORREIO.NET,44.0,Feminino,,mg,28/03/2022,2.700,6,1.788,5.0
CUST004955,josé pedro da cunha,JOSE.PEDRO.DA.CUNHA@CORREIO.NET,73.0,Masc,Vitória,Espírito Santo,06/03/2023,"R$ 4.051,00",8,2.370,3.4
CUST000028,Júlia Porto,julia.porto@mail.com,19.0,prefer not to say,Santos,SÃO PAULO,2023/11/12,"R$ 1.274,00",10,1873,4.0
CUST003046,Bárbara Aragão,BARBARA.ARAGAO@CORREIO.NET,63.0,Feminino,Porto Alegre,Rio Grande do Sul,19/03/2023,"R$ 8.909,00",8,"R$ 3.780,00",4.7
CUST004406,Cauê Silveira, caue.silveira@email.com ,64.0,M,Sobral,CE,21-04-2024,2.883,5,981,3.7
CUST002517,Bruna das Neves, bruna.das.neves@provedor.com.br ,27.0,fem,Ananindeua,pa,12/10/2024,3.143,9,"R$ 2.670,00",3.2
CUST000525,Ravy Macedo,ravy.macedo@webmail.com,46.0,M,Brasília,Distrito Federal,2024/05/12,,14,4.280,3.6
CUST001693,Matheus Cardoso,matheus.cardoso@webmail.com,53.0,male,,rs,27-03-2024,1998,9,1948,3.6
CUST002117,LETÍCIA FARIAS,LETICIA.FARIAS@MAIL.COM,18.0,F,Ribeirão Preto,sp,28-01-2024,,5,1.344,3.0
CUST004431,sophia sá,sophia.sa@webmail.com,32.0,female,Duque de Caxias,RJ ,05/12/2021,4.396,10,"R$ 2.417,00",3.4
CUST001311,BRUNO GONÇALVES,bruno.goncalves@provedor.com.br,24.0,Não binário,Sorocaba,SP,2024/03/13,4321,5,1587,2.9
CUST001546,Guilherme Pinto,guilherme.pinto@email.com,27.0,Masc,Petrópolis,Rio De Janeiro,2023-02-26,,14,3695,3.2
CUST003134,Ravi Vieira, ravi.vieira@mail.com ,58.0,MASCULINO,Belém,Pará,13-04-2023,"R$ 3.550,00",6,873,2.7
CUST003692,Maria Isis Novais,maria.isis.novais@email.com,40.0,fem,Duque de Caxias,Rio De Janeiro,21/08/2024,2954,6,"R$ 986,00",4.0
CUST000767,Carlos Eduardo Rodrigues,carlos. eduardo.rodrigues@webmail.com,45.0,MASCULINO,Feira de Santana,BA,2025/05/02,3022,7,124.291,4.4
CUST002193,Lucca Nogueira,lucca.nogueira@provedor.com.br,32.0,Masc,Petrópolis,Rio De Janeiro,23-11-2024,"R$ 1.468,00",7,1.130,5.0
CUST001303,Henry Gabriel da Mata,henry. gabriel.da.mata@provedor.com.br,44.0,male,Brasília,distrito federal,07/10/2022,6.065,9,2.880,2.6
CUST003024,ágatha oliveira,agatha.oliveira@mail.com,,Não binário,Rio de Janeiro,Rio De Janeiro,2024/06/18,3096,3,753,2.8
CUST003393,Clara da Cunha,CLARA.DA.CUNHA@CORREIO.NET,46.0,Fem,Brasília,DF,2024-10-24,4.523,14,2298,2.7
CUST002810,Benjamim da Conceição,benjamim.da.conceicao@correio.net,39.0,MASCULINO,Anápolis,Goiás,2024-06-02,"R$ 4.291,00",7,2.250,3.1
CUST004628,Sr. Leonardo da Mota,SR..LEONARDO.DA.MOTA@PROVEDOR.COM.BR,47.0,Masculino,Sorocaba,Sao Paulo,14-09-2024,2692,14,3634,3.5
CUST003748,AMANDA DA CONCEIÇÃO, amanda.da.conceicao@correio.net ,25.0,fem,Parintins,amazonas,29/01/2024,2991,8,"R$ 2.088,00",
CUST004270,maria vitória peixoto,maria.vitoria.peixoto@webmail.com,51.0,F,Vitória da Conquista,BA,20-03-2025,,10,2881,2.9
CUST001224,allana garcia,ALLANA.GARCIA@CORREIO.NET,43.0,Feminino,Juazeiro do Norte,ce,2023/03/22,"R$ 3.129,00",6,"R$ 2.050,00",3.9
CUST005058,noah andrade,noah.andrade@email.com,41.0,Masculino,Vila Velha,Espírito Santo,19/09/2022,3902,9,"R$ 1.669,00",4.0
CUST003701,HENRY GABRIEL APARECIDA,henry.gabriel.aparecida@email.com,27.0,Masc,Várzea Grande,mt,2024-12-19,3.921,7,2025,2.6
CUST000152,Maria Liz Rocha,MARIA.LIZ.ROCHA@WEBMAIL.COM,999.0,Fem,Curitiba,Paraná,2022/01/02,3.980,9,1.911,3.5
CUST004367,Amanda Caldeira,amanda.caldeira@email.com,36.0,F,Joinville,SC,2025-03-26,"R$ 3.027,00",7,1.522,4.6
CUST000669,Srta. Milena Martins,srta..milena.martins@correio.net,-5.0,F,Maringá,pr,2024-08-23,3.806,8,2017,4.4
CUST000619,Ana Julia Rezende, ana.julia.rezende@mail.com ,47.0,fem,,Rio De Janeiro,2022-05-29,"R$ 220.764,00",10,"R$ 2.557,00",4.3
CUST002627,fernanda fernandes,fernanda.fernandes@mail.com,43.0,Feminino,Rio de Janeiro,Rio de Janeiro,2025/07/26,"R$ 6.767,00",6,1.594,4.5
CUST000312,antônio teixeira,antonio.teixeira@mail.com,24.0,MASCULINO,Fortaleza,CE,25-11-2024,2.734,1,280,3.1
CUST002365,Allana Andrade,ALLANA.ANDRADE@EMAIL.COM,27.0,fem,Feira de Santana,bahia,12-03-2025,3.407,4,575,
CUST003783,Davi Miguel da Rocha,davi.miguel.da.rocha@webmail.com,32.0,male,Maringá,PR,03/06/2024,"R$ 4.099,00",5,"R$ 1.539,00",4.3
CUST000899,Allana Abreu, allana.abreu@email.com ,56.0,Feminino,Porto Alegre,Rio Grande do Sul,2024-10-25,"R$ 5.666,00",8,"R$ 2.686,00",4.6
CUST001246,Guilherme Cardoso, guilherme.cardoso@correio.net ,27.0,Masculino,Salvador,BA ,2022-06-03,"R$ 3.932,00",7,"R$ 1.550,00",4.2
CUST001342,dr. valentim freitas,DR..VALENTIM.FREITAS@CORREIO.NET,40.0,masc,Pelotas,rio grande do sul,2022/11/17,"R$ 3.522,00",5,"R$ 1.685,00",
CUST004522,Amanda Gonçalves,amanda.goncalves@mail.com,31.0,fem,Rio de Janeiro,Rio De Janeiro,2024-01-19,4868,5,1635,
CUST002295,THALES SÁ, thales.sa@provedor.com.br ,41.0,M,Petrópolis,Rio de Janeiro,08/05/2024,2002,4,"R$ 798,00",5.0
CUST002471,theodoro rodrigues,theodoro.rodrigues@mail.com,48.0,masc,Joinville,santa catarina,23/12/2023,3.145,10,2.722,3.7
CUST005007,CATARINA MORAES,catarina.moraes@mail.com,46.0,Fem,Belém,Para,19/04/2024,"R$ 3.510,00",6,663,3.9
CUST002963,Zoe Farias, zoe.farias@mail.com ,46.0,Fem,Sorocaba,sp,2022-08-04,2116,5,1321,3.5
CUST002752,Sra. Sofia Azevedo,sra. .sofia.azevedo@email.com,18.0,fem,Salvador,bahia,2024/05/22,,10,2089,3.1
CUST003094,Giovanna Abreu,giovanna.abreu@provedor.com.br,37.0,N/I,Campinas,SÃO PAULO,2023/08/21,"R$ 3.144,00",5,1.663,4.7
CUST003477,Hellena Monteiro, hellena.monteiro@mail.com ,44.0,F,Rio de Janeiro,RJ ,2023/05/10,3576,11,"R$ 2.738,00",4.1
CUST004048,Davi Moreira,davi. moreira@provedor.com.br,23.0,Masculino,Belo Horizonte,MG,19/08/2024,3.170,11,2177,4.6
CUST001312,Srta. Sarah Oliveira,srta..sarah.oliveira@email.com,24.0,Fem,Maringá,pr,27/07/2025,2.391,9,"R$ 1.675,00",3.2
CUST003707,Dr. Léo Duarte,dr..leo.duarte@correio.net,46.0,MASCULINO,Sobral,CE,13/09/2023,9699,8,2.769,
CUST002438,ANTHONY GABRIEL SIQUEIRA, anthony.gabriel.siqueira@email.com ,30.0,male,Porto Alegre,Rio Grande do Sul,04-10-2025,2676,10,"R$ 1.516,00",4.8
CUST002194,Benicio Cardoso,BENICIO.CARDOSO@EMAIL.COM,68.0,Masc,Parintins,Amazonas,27-02-2024,2830,6,2.098,4.6
CUST005053,Isabella Oliveira,isabella.oliveira@mail.com,45.0,Fem,Campinas,sp,2022-10-30,"R$ 4.964,00",6,3.010,4.6
CUST004704,Srta. Cecilia Monteiro,SRTA..CECILIA.MONTEIRO@WEBMAIL.COM,45.0,Feminino,Petrópolis,rio de janeiro,29-10-2023,3.207,10,2763,4.1
CUST000984,yasmin montenegro,yasmin.montenegro@mail.com,39.0,F,Santos,São Paulo,10-04-2025,2.584,10,2.761,4.5
CUST002929,Sofia Caldeira,SOFIA.CALDEIRA@CORREIO.NET,73.0,F,Campinas,sp,07-02-2025,2.627,9,2792,5.0
CUST001182,Matteo Barbosa,matteo.barbosa@webmail.com,39.0,MASCULINO,Juazeiro do Norte,Ceara,31/05/2022,"R$ 3.385,00",6,"R$ 1.845,00",5.0
CUST004529,Nathan Pimenta,nathan.pimenta@correio.net,50.0,MASCULINO,Juiz de Fora,MG,2024-11-15,,6,"R$ 1.483,00",3.7
CUST004812,maria eduarda almeida,MARIA.EDUARDA.ALMEIDA@EMAIL.COM,22.0,fem,Santos,SP,2022-05-18,2162,5,1186,4.9
CUST004734,Apollo Nogueira,APOLLO.NOGUEIRA@CORREIO.NET,24.0,MASCULINO,,rio de janeiro,2024-06-23,1.723,4,1.148,2.9
CUST004832,srta. maria clara guerra,srta..maria.clara.guerra@mail.com,25.0,fem,Olinda,PE ,04-08-2024,1370,6,1275,3.6
CUST001976,Dr. Arthur Miguel Siqueira,dr. .arthur.miguel.siqueira@provedor.com.br,33.0,male,Olinda,Pernambuco,2024-05-18,1323,2,358,3.5
CUST001440,Bárbara da Paz, barbara.da.paz@email.com ,27.0,Feminino,Brasília,DF,27-04-2025,4442,6,"R$ 1.568,00",4.6
CUST001261,Ana Beatriz Cirino,ana. beatriz.cirino@provedor.com.br,22.0,Feminino,Parintins,amazonas,2022/01/19,3.564,5,1.102,4.7
CUST001605,Dra. Maria Fernanda Albuquerque,DRA..MARIA.FERNANDA.ALBUQUERQUE@EMAIL.COM,37.0,Feminino,Caxias do Sul,RS,27-10-2024,5.569,9,2.251,3.8
CUST004049,isabella oliveira,isabella. oliveira@webmail.com,44.0,FEMININO,Campinas,São Paulo,12-09-2022,5.171,8,2797,4.5
CUST000051,Thiago Caldeira,thiago.caldeira@provedor.com.br,24.0,Masc,Anápolis,GO,16/09/2023,1.214,8,1631,2.9
CUST000064,HEITOR NOGUEIRA,heitor.nogueira@email.com,37.0,masc,Sobral,ce,2023-06-10,4.452,7,1.977,3.6
CUST001602,Hellena Carvalho, hellena.carvalho@webmail.com ,56.0,Feminino,Florianópolis,SC,2022-05-17,"R$ 4.442,00",4,1017,
CUST000331,Raquel Campos,RAQUEL.CAMPOS@PROVEDOR.COM.BR,30.0,Fem,Blumenau,sc,22/03/2023,2445,10,"R$ 2.456,00",3.6
CUST001376,ana laura peixoto,ana.laura.peixoto@webmail.com,41.0,Fem,Salvador,bahia,18-03-2024,4311,9,"R$ 2.216,00",3.0
CUST002007,DANIELA SÁ,DANIELA.SA@CORREIO.NET,,FEMININO,Uberlândia,Minas Gerais,2021/09/02,4.133,5,1.626,4.2
CUST000908,Maria Laura Barros,maria.laura.barros@webmail.com,44.0,F,Feira de Santana,BA,07/07/2024,"R$ 5.947,00",10,3.787,3.5
CUST004488,Srta. Maria Helena Borges,srta..maria.helena.borges@mail.com,,Fem,Pelotas,Rio Grande do Sul,2024/02/25,4.779,7,2237,4.8
CUST000970,João Vitor Sousa,joao.vitor.sousa@webmail.com,32.0,male,Curitiba,PR,14-08-2021,"R$ 1.143,00",7,"R$ 1.886,00",3.9
CUST000052,Dr. Thiago Pereira,dr..thiago.pereira@mail.com,62.0,male,Belém,Pará,2025-11-05,"R$ 6.070,00",4,1.014,3.9
CUST000266,Sra. Júlia das Neves,sra..julia.das.neves@mail.com,24.0,fem,Juiz de Fora,MG,2022/01/16,5.380,8,2259,4.3
CUST004804,beatriz gomes,beatriz.gomes@correio.net,35.0,FEMININO,Ananindeua,Pará,08/07/2024,3649,9,2.284,3.5
CUST003602,maria helena cavalcante,maria.helena.cavalcante@provedor.com.br,39.0,F,Porto Alegre,Rio Grande do Sul,2023/03/13,4189,5,851,4.4
CUST003451,Bruna Mendes,bruna.mendes@webmail.com,47.0,female,Porto Alegre,rs,24-04-2024,5571,5,1.418,4.4
CUST003830,LUIZ HENRIQUE CARDOSO,LUIZ.HENRIQUE.CARDOSO@PROVEDOR.COM.BR,29.0,MASCULINO,Juiz de Fora,MG,30/10/2023,4057,5,1043,5.0
CUST001242,emanuella mendonça,emanuella. mendonca@webmail.com,34.0,Fem,Londrina,PR,11-06-2024,4.190,12,3.519,3.8
CUST000403,BRENO CASA GRANDE,breno. casa.grande@webmail.com,27.0,M,Joinville,SC,2023/05/07,,11,2474,
CUST004658,Lorenzo Freitas,lorenzo.freitas@mail.com,18.0,M,Olinda,pernambuco,2024/07/25,"R$ 1.672,00",5,989,4.6
CUST003207,Juan Macedo,JUAN.MACEDO@MAIL.COM,18.0,outro,Brasília,distrito federal,23/01/2025,3177,14,2.718,3.3
CUST005012,Dr. João Guilherme Albuquerque,dr..joao.guilherme.albuquerque@mail.com,50.0,Masculino,Ribeirão Preto,SP,2023/10/19,5208,3,1419,2.7
CUST004797,Dr. Theodoro Nascimento,DR..THEODORO.NASCIMENTO@PROVEDOR.COM.BR,32.0,MASCULINO,Maringá,Paraná,27/05/2024,3606,7,"R$ 2.480,00",4.1
CUST004182,Sr. Gustavo Moreira,sr..gustavo.moreira@mail.com,23.0,M,São Paulo,São Paulo,2022/02/18,1.499,6,657,3.4
CUST003352,SR. MATEUS MOREIRA,SR..MATEUS.MOREIRA@MAIL.COM,999.0,Masc,Contagem,mg,2024-04-21,3190,6,208.131,4.5
CUST003643,Mariane da Cruz,MARIANE.DA.CRUZ@WEBMAIL.COM,56.0,fem,Ribeirão Preto,São Paulo,2025/05/07,2.197,4,660,4.3
CUST002058,AMANDA TEIXEIRA,AMANDA.TEIXEIRA@PROVEDOR.COM.BR,38.0,Fem,Juazeiro do Norte,CE,2024-10-15,,5,1.542,3.9
CUST001640,heitor andrade, heitor.andrade@email.com ,50.0,male,Goiânia,GO,15/12/2023,"R$ 4.770,00",4,771,3.0
CUST000700,Maria Isis Pimenta, maria.isis.pimenta@mail.com ,58.0,Fem,Porto Alegre,rs,23/08/2023,3258,3,"R$ 875,00",4.4
CUST004249,Cecilia Azevedo,cecilia.azevedo@webmail.com,24.0,F,Vitória da Conquista,BA,08/04/2025,,9,3.675,3.6
CUST003574,Fernando Ferreira, fernando.ferreira@mail.com ,51.0,masc,Cuiabá,MT,06-11-2023,"R$ 3.632,00",6,1611,3.9
CUST004907,Luigi Porto,LUIGI.PORTO@EMAIL.COM,18.0,M,Salvador,bahia,11/07/2024,"R$ 4.239,00",6,1698,4.6
CUST003890,Caleb Lima, caleb.lima@mail.com ,53.0,Masc,Olinda,PE ,2024-06-22,4430,3,680,4.9
CUST003445,Juan Pereira,juan. pereira@provedor.com.br,57.0,MASCULINO,Rio de Janeiro,Rio de Janeiro,2021-06-25,2.923,10,2.701,3.9
CUST003952,daniela alves,daniela.alves@webmail.com,55.0,FEMININO,Sobral,CE,16/10/2023,3.676,5,1.054,4.4
CUST003854,Joana Melo,joana.melo@provedor.com.br,44.0,outro,Feira de Santana,bahia,2022/12/28,"R$ 2.336,00",6,"R$ 894,00",4.1
CUST003051,nicole novaes, nicole.novaes@email.com ,38.0,Feminino,Caxias do Sul,RS,2021/05/13,175.186,4,808,4.2
CUST003958,Joaquim Silveira,joaquim.silveira@mail.com,36.0,male,Juiz de Fora,MG,02-09-2024,1720,8,"R$ 3.154,00",4.7
CUST003003,RAQUEL ALVES,raquel.alves@mail.com,24.0,female,Londrina,PR,2023-11-20,2.609,6,"R$ 1.082,00",
CUST004447,beatriz santos, beatriz.santos@correio.net ,53.0,Feminino,Curitiba,Paraná,2023/03/05,"R$ 2.740,00",11,"R$ 2.538,00",2.9
CUST000563,isaac macedo,isaac.macedo@webmail.com,38.0,Masculino,Manaus,AM,2024-11-12,3411,11,4211,1.8
CUST000011,mariana fernandes,MARIANA.FERNANDES@PROVEDOR.COM.BR,0.0,fem,Duque de Caxias,rio de janeiro,2021-11-05,2.525,10,1711,3.5
CUST004361,LARISSA CASA GRANDE, larissa.casa.grande@email.com ,54.0,Fem,Vitória da Conquista,BA ,2023/01/19,11.426,7,3313,4.4
CUST001829,Davi Lucas Siqueira, davi.lucas.siqueira@email.com ,,prefer not to say,Vitória,Espirito Santo,2022-04-07,"R$ 2.945,00",4,605,3.9
CUST001061,joão vitor da rocha,joao.vitor.da.rocha@correio.net,27.0,male,Santos,Sao Paulo,03/05/2025,2.370,7,1647,4.3
CUST004987,giovanna costa,giovanna.costa@mail.com,30.0,fem,Rio de Janeiro,Rio de Janeiro,12/04/2023,,8,797,3.7
CUST003410,Francisco Santos, francisco.santos@webmail.com ,33.0,male,Várzea Grande,mt,25/02/2021,2.610,7,990,3.9
CUST004300,João Vitor Rezende,joao.vitor.rezende@email.com,54.0,Masc,Recife,pernambuco,09/05/2022,5.361,9,1.627,4.2
CUST002572,MARIA FERNANDA VASCONCELOS,maria.fernanda.vasconcelos@email.com,72.0,FEMININO,Vila Velha,Espirito Santo,23/03/2024,8569,8,2613,2.7
CUST004761,Sr. Murilo Cirino,sr..murilo.cirino@provedor.com.br,35.0,male,Petrópolis,Rio de Janeiro,2025/03/18,2009,8,1426,2.5
CUST004572,Gabriela Barbosa,gabriela. barbosa@webmail.com,44.0,Não binário,Maringá,Paraná,02-09-2023,4.144,8,1547,3.6
CUST004676,Enrico Moraes,enrico.moraes@webmail.com,45.0,M,Juiz de Fora,Minas Gerais,2025/03/17,226658,11,4391,4.6
CUST004091,Heloisa Pinto,heloisa.pinto@webmail.com,46.0,Fem,Rio Verde,Goiás,02/12/2023,3592,11,"R$ 851,00",3.9
CUST001774,Maria Alice Cassiano, maria.alice.cassiano@mail.com ,30.0,Outro,Sobral,ce,17-03-2024,2.853,8,1778,3.8
CUST004364,MARIA FERNANDA MELO,maria.fernanda.melo@mail.com,30.0,Outro,Goiânia,GO,2023-06-30,1455,6,413,3.7
CUST000749,Dr. Rodrigo Correia,dr. .rodrigo.correia@correio.net,27.0,Outro,Santos,sp,04/01/2023,6.954,8,2715,4.3
CUST000685,OLIVER PINTO,oliver.pinto@provedor.com.br,34.0,Masc,Londrina,pr,31-12-2023,4133,5,"R$ 1.750,00",2.7
CUST001711,Sr. Vicente Campos,sr. .vicente.campos@webmail.com,47.0,MASCULINO,,SÃO PAULO,28-07-2023,"R$ 3.585,00",6,"R$ 1.901,00",3.7
CUST002699,maya nunes, maya.nunes@email.com ,46.0,N/I,Santos,Sao Paulo,2021-12-29,3.559,5,"R$ 884,00",5.0
CUST002262,Sarah da Mata,sarah.da.mata@mail.com,46.0,Fem,Ananindeua,pa,2021-10-04,3.034,6,"R$ 2.354,00",
CUST000291,Srta. Giovanna Pires,SRTA..GIOVANNA.PIRES@PROVEDOR.COM.BR,,female,Niterói,Rio de Janeiro,23-12-2024,"R$ 4.346,00",8,2.611,3.5
CUST001310,Isabela Melo,isabela.melo@correio.net,27.0,F,Ananindeua,Pará,2024/02/15,7552,6,"R$ 2.388,00",4.8
CUST000895,SR. BERNARDO SANTOS,sr..bernardo.santos@provedor.com.br,31.0,Masc,Campinas,SÃO PAULO,2022/11/23,2.281,8,1.950,3.5
CUST003611,Alana Pimenta,alana.pimenta@webmail.com,47.0,FEMININO,Olinda,PE,31-07-2023,"R$ 10.790,00",8,4.303,4.1
CUST004515,Mariane Borges, mariane.borges@mail.com ,49.0,F,Ribeirão Preto,SP,04-07-2024,3.520,4,"R$ 1.106,00",3.9
CUST003521,Maya da Rosa,MAYA.DA.ROSA@WEBMAIL.COM,36.0,Fem,Petrópolis,RJ ,25-01-2025,,7,2372,
CUST003376,Davi Luiz Silva, davi.luiz.silva@mail.com ,27.0,MASCULINO,Manaus,am,25-04-2022,"R$ 2.047,00",8,"R$ 986,00",3.0
CUST003204,Mariana Garcia,MARIANA.GARCIA@WEBMAIL.COM,47.0,fem,Duque de Caxias,Rio De Janeiro,2022-05-10,3.892,5,1.274,
CUST001335,Lucca Vieira, lucca.vieira@correio.net ,36.0,masc,Sorocaba,São Paulo,2024/10/26,3.543,6,1.545,1.9
CUST000847,Luiza Oliveira, luiza.oliveira@correio.net ,35.0,Fem,Duque de Caxias,RJ,31-07-2021,,11,3.955,3.8
CUST002656,Thiago Araújo,thiago.araujo@correio.net,30.0,Masculino,Santos,SP,2025-04-21,,2,228,3.8
CUST002153,stephany da rosa,STEPHANY.DA.ROSA@EMAIL.COM,39.0,Fem,Ribeirão Preto,sp,2021/03/20,1032,6,"R$ 1.886,00",3.7
CUST001069,MARIA FLOR MACHADO,maria.flor.machado@provedor.com.br,40.0,F,Rio Verde,go,27-12-2023,1.368,6,"R$ 1.267,00",4.3
CUST003535,Bryan Campos,BRYAN.CAMPOS@PROVEDOR.COM.BR,44.0,male,Duque de Caxias,RJ ,27/03/2023,4695,10,"R$ 1.880,00",5.0
CUST003903,Sra. Aylla Andrade,sra..aylla.andrade@email.com,47.0,female,Pelotas,Rio Grande do Sul,2022/05/03,3.642,7,"R$ 398,00",3.7
CUST002048,Cecilia das Neves, cecilia.das.neves@provedor.com.br ,24.0,female,Uberlândia,MG,23/05/2025,6456,7,2.109,3.1
CUST002310,Carlos Eduardo da Cunha,CARLOS.EDUARDO.DA.CUNHA@CORREIO.NET,0.0,Masc,Juazeiro do Norte,CE,22/09/2023,"R$ 1.431,00",4,938,5.0
CUST000038,Dr. Murilo Fonseca,dr..murilo.fonseca@correio.net,30.0,Masculino,Joinville,santa catarina,2025/02/10,1.696,5,"R$ 1.325,00",3.2
CUST004238,REBECA MACEDO,rebeca.macedo@correio.net,18.0,Fem,Vitória da Conquista,BA ,2024/12/09,6045,10,"R$ 2.643,00",3.6
CUST002917,MARIA ALICE ROCHA,maria.alice.rocha@email.com,34.0,fem,Salvador,bahia,2024/12/11,3.162,9,1949,4.0
CUST001318,JOSÉ PEDRO DIAS,jose.pedro.dias@webmail.com,46.0,Masculino,Joinville,SC,08/02/2024,7.242,10,"R$ 4.719,00",3.1
CUST003674,gustavo henrique pacheco, gustavo.henrique.pacheco@mail.com ,39.0,male,Santos,Sao Paulo,07-01-2024,5.717,4,1.432,3.4
CUST003625,Maria Souza,MARIA.SOUZA@EMAIL.COM,31.0,Fem,Petrópolis,Rio de Janeiro,2021/10/14,3359,7,2.212,5.0
CUST000149,gael guerra, gael.guerra@correio.net ,33.0,Masc,Uberlândia,minas gerais,02-05-2023,4.554,4,1048,3.4
CUST004915,ENZO GABRIEL CASTRO,ENZO.GABRIEL.CASTRO@MAIL.COM,42.0,male,,Sao Paulo,2022/09/17,3220,4,1195,5.0
CUST001920,Laís da Luz,LAIS.DA.LUZ@MAIL.COM,44.0,fem,Sorocaba,SÃO PAULO,01/11/2023,5145,6,"R$ 1.288,00",4.1
CUST001247,Felipe Duarte,FELIPE.DUARTE@PROVEDOR.COM.BR,47.0,male,Florianópolis,SC,15-05-2023,3.857,4,"R$ 995,00",3.3
CUST001871,Clarice Aragão,clarice.aragao@provedor.com.br,40.0,FEMININO,Blumenau,santa catarina,2023/11/08,"R$ 3.286,00",5,"R$ 1.258,00",4.7
CUST002738,Dra. Ana Beatriz Sousa,DRA..ANA.BEATRIZ.SOUSA@WEBMAIL.COM,48.0,female,Várzea Grande,Mato Grosso,14/01/2023,2596,7,"R$ 1.220,00",3.8
CUST004345,Joana Monteiro,joana.monteiro@webmail.com,30.0,female,Caruaru,PE ,2022/05/23,,5,1292,4.5
CUST003038,Cecília Cirino, cecilia.cirino@provedor.com.br ,24.0,Fem,Maringá,Paraná,11-12-2023,2.359,4,"R$ 859,00",3.9
CUST003429,Maitê Freitas,maite.freitas@provedor.com.br,39.0,Fem,Blumenau,SC,11-10-2022,5.564,3,"R$ 872,00",4.8
CUST001420,CATARINA FERNANDES,catarina.fernandes@provedor.com.br,43.0,FEMININO,Blumenau,SC,14/07/2023,"R$ 3.860,00",8,2545,2.3
CUST004323,Pedro Henrique Lima,PEDRO.HENRIQUE.LIMA@MAIL.COM,35.0,masc,Salvador,BA ,03-12-2022,5.490,10,"R$ 3.180,00",5.0
CUST002367,Srta. Maria Luiza Campos,srta..maria.luiza.campos@webmail.com,31.0,FEMININO,Maringá,pr,03/11/2021,"R$ 4.505,00",9,2.842,5.0
CUST002817,Ayla Costela, ayla.costela@webmail.com ,50.0,female,Petrópolis,RJ ,22-12-2022,"R$ 8.072,00",12,3.187,3.9
CUST000781,thiago martins,thiago.martins@correio.net,63.0,MASCULINO,Vitória da Conquista,BA ,2022-10-13,3408,8,991,3.8
CUST001955,Luiz Gustavo Dias,luiz.gustavo.dias@mail.com,33.0,M,Duque de Caxias,RJ,2022-07-28,1.841,7,1882,5.0
CUST001978,Lívia Ferreira,livia.ferreira@mail.com,48.0,female,Goiânia,GO,2025-01-15,5.345,8,"R$ 2.802,00",
CUST002123,Bernardo Teixeira, bernardo.teixeira@webmail.com ,31.0,Masc,Niterói,Rio de Janeiro,11-09-2024,3964,9,2.501,4.1
CUST003430,Dr. Levi da Costa,dr..levi.da.costa@mail.com,38.0,male,Ribeirão Preto,Sao Paulo,2024-01-02,4925,8,"R$ 1.116,00",4.4
CUST000793,Pietro Sá,PIETRO.SA@EMAIL.COM,55.0,MASCULINO,Olinda,pernambuco,2024-07-18,5069,10,2852,3.4
CUST002005,MAYSA APARECIDA, maysa.aparecida@mail.com ,39.0,female,Parintins,am,01/09/2021,2.636,5,193.223,3.5
CUST000184,clara rezende,CLARA.REZENDE@PROVEDOR.COM.BR,46.0,F,Joinville,SC,14/07/2024,"R$ 1.875,00",7,1.747,4.7
CUST001172,Amanda da Conceição,amanda.da.conceicao@provedor.com.br,37.0,Feminino,Juiz de Fora,mg,2025/04/03,"R$ 4.113,00",7,1.941,3.9
CUST003749,Maria Isis Casa Grande,MARIA.ISIS.CASA.GRANDE@EMAIL.COM,41.0,Feminino,,São Paulo,21-09-2022,2.846,7,1925,
CUST001684,antony silveira,ANTONY.SILVEIRA@CORREIO.NET,25.0,MASCULINO,Goiânia,GO,20/08/2021,1735,4,1043,4.4
CUST002690,kevin montenegro,kevin.montenegro@provedor.com.br,44.0,masc,Ribeirão Preto,SP,2023-09-13,6822,4,1.180,4.7
CUST005050,jade abreu,jade.abreu@email.com,28.0,female,Maringá,pr,2022/05/29,"R$ 1.922,00",6,"R$ 1.715,00",3.9
CUST000174,Melina Rocha,melina.rocha@email.com,38.0,fem,Parintins,Amazonas,2021/12/08,1.585,6,758,3.8
CUST004432,Ana Peixoto,ana.peixoto@mail.com,59.0,female,Porto Alegre,RS,2025/04/10,1.892,6,"R$ 1.121,00",
CUST003219,Heloísa Brito,HELOISA.BRITO@MAIL.COM,18.0,female,Duque de Caxias,RJ ,2024-09-13,2577,6,"R$ 1.524,00",4.3
CUST003835,Ana Carolina da Rocha,ana.carolina.da.rocha@email.com,44.0,Feminino,São Paulo,Sao Paulo,05/11/2023,2.982,5,"R$ 1.443,00",4.5
CUST004137,stephany da rocha,stephany.da.rocha@webmail.com,41.0,Fem,Ribeirão Preto,São Paulo,21-12-2024,"R$ 3.016,00",5,852,2.2
CUST002780,Gustavo Peixoto,gustavo.peixoto@email.com,43.0,MASCULINO,São Paulo,São Paulo,2025/04/21,"R$ 6.775,00",7,2.792,3.0
CUST000691,Maria Vitória Mendes,maria. vitoria.mendes@correio.net,41.0,female,Pelotas,rio grande do sul,2025/05/13,1.432,6,"R$ 1.092,00",3.0
CUST003129,Benjamin Novais,BENJAMIN.NOVAIS@MAIL.COM,61.0,N/I,Niterói,rio de janeiro,2024/06/02,"R$ 2.982,00",7,"R$ 1.831,00",
CUST001432,Camila Novaes, camila.novaes@correio.net ,21.0,Fem,Ribeirão Preto,São Paulo,2024-06-09,2603,7,2.472,3.0
CUST002632,MARIA LUIZA MENDONÇA, maria.luiza.mendonca@email.com ,37.0,FEMININO,Serra,Espírito Santo,30-05-2025,"R$ 4.874,00",10,"R$ 107.153,00",2.9
CUST000439,ALLANA CAVALCANTI, allana.cavalcanti@email.com ,46.0,F,Sorocaba,SÃO PAULO,13-11-2022,"R$ 1.463,00",10,1865,5.0
CUST002783,Diogo Alves,diogo.alves@webmail.com,43.0,MASCULINO,Brasília,distrito federal,12/11/2022,2822,5,1.604,5.0
CUST003389,Sr. Joaquim Mendes,SR..JOAQUIM.MENDES@CORREIO.NET,37.0,masc,Olinda,pernambuco,17-12-2022,2.834,3,"R$ 595,00",4.8
CUST002527,Sophia Araújo,sophia.araujo@email.com,45.0,female,Duque de Caxias,Rio De Janeiro,2025-03-05,1997,11,"R$ 3.369,00",4.3
CUST003436,Isadora Freitas,ISADORA.FREITAS@WEBMAIL.COM,41.0,Feminino,Petrópolis,RJ ,21/09/2024,3.783,15,"R$ 1.945,00",4.5
CUST001822,NATHAN BARBOSA, nathan.barbosa@webmail.com ,20.0,Masculino,Belém,Pará,01/11/2022,"R$ 2.907,00",10,"R$ 3.125,00",
CUST001745,Dra. Ana Lívia Borges,dra. .ana.livia.borges@email.com,51.0,FEMININO,São Paulo,SP,2024-05-01,,3,595,3.2
CUST000385,Bianca da Costa,BIANCA.DA.COSTA@CORREIO.NET,49.0,Feminino,Niterói,RJ ,17/04/2023,2.207,2,454,5.0
CUST003030,pedro miguel barros,pedro. miguel.barros@mail.com,31.0,M,Brasília,distrito federal,27/05/2023,4581,7,1.578,3.9
CUST002026,Matheus da Conceição,MATHEUS.DA.CONCEICAO@PROVEDOR.COM.BR,41.0,outro,Brasília,distrito federal,2023-05-26,"R$ 289.997,00",8,"R$ 2.267,00",3.5
CUST002494,caroline vieira, caroline.vieira@correio.net ,43.0,FEMININO,Niterói,RJ,2024-02-25,2433,5,1.457,4.6
CUST002553,Kamilly Monteiro,kamilly.monteiro@mail.com,36.0,F,Pelotas,rio grande do sul,2023-10-18,5.160,6,1.644,5.0
CUST003557,thomas pereira,THOMAS.PEREIRA@WEBMAIL.COM,47.0,masc,Juiz de Fora,mg,2024-10-03,,8,2271,
CUST004231,Ana Luiza Araújo,ana.luiza.araujo@email.com,55.0,fem,Florianópolis,SC,2024/10/23,"R$ 7.344,00",11,3.484,3.8
CUST000163,LUCAS PINTO,LUCAS.PINTO@MAIL.COM,48.0,M,Juazeiro do Norte,Ceará,2023/10/03,2.480,5,"R$ 1.227,00",4.2
CUST003402,Aurora Caldeira,aurora.caldeira@email.com,51.0,FEMININO,Salvador,BA,23/01/2025,"R$ 1.846,00",6,738,5.0
CUST004494,Sr. João Vitor Castro, sr..joao.vitor.castro@webmail.com ,34.0,MASCULINO,Santos,SP,10-11-2022,3526,11,3.187,4.5
CUST004727,JOANA COSTA,joana.costa@mail.com,24.0,Outro,Anápolis,Goias,2024-07-07,"R$ 5.448,00",7,1898,2.8
CUST001953,Lucca Ribeiro,LUCCA.RIBEIRO@PROVEDOR.COM.BR,24.0,Masculino,,Santa Catarina,2023/02/28,"R$ 3.448,00",5,1.374,
CUST001037,Davi Luiz Correia,davi. luiz.correia@email.com,33.0,Masculino,Juiz de Fora,Minas Gerais,18-01-2025,2.291,8,1.643,
CUST002791,bento aragão,bento.aragao@provedor.com.br,46.0,MASCULINO,Campinas,SÃO PAULO,28-05-2023,2.166,6,"R$ 1.336,00",
CUST004618,ANTONY FARIAS,ANTONY.FARIAS@EMAIL.COM,26.0,M,Caruaru,PE ,17-09-2022,"R$ 2.895,00",9,2232,4.4
CUST000982,Brayan Machado, brayan.machado@correio.net ,49.0,Masculino,Joinville,sc,2023/01/19,3.337,7,"R$ 2.045,00",3.4
CUST001091,Ayla Santos,ayla. santos@email.com,,Não binário,Feira de Santana,Bahia,16/01/2025,"R$ 2.405,00",8,"R$ 2.095,00",4.3
CUST000099,Rhavi Montenegro,rhavi. montenegro@correio.net,56.0,Masc,Caxias do Sul,Rio Grande do Sul,07/03/2024,"R$ 1.993,00",9,2142,3.6
CUST001306,Vitor Hugo Jesus,vitor.hugo.jesus@email.com,18.0,male,Sobral,CE,25-12-2022,1626,5,1115,
CUST000671,emilly vargas,emilly. vargas@webmail.com,29.0,Feminino,Vitória da Conquista,BA ,26/04/2022,"R$ 3.009,00",4,"R$ 1.157,00",3.2
CUST003983,davi lucas da mata,davi. lucas.da.mata@webmail.com,36.0,Masc,Santos,sp,2022/04/16,2.643,4,"R$ 824,00",
CUST001079,yan oliveira,YAN.OLIVEIRA@MAIL.COM,34.0,masc,Uberlândia,Minas Gerais,11/01/2024,1919,6,1020,3.8
CUST001291,Maria Cecília Abreu,MARIA.CECILIA.ABREU@WEBMAIL.COM,30.0,Fem,Brasília,DF,2024-05-11,"R$ 3.493,00",11,2913,3.8
CUST000286,Heloisa Vasconcelos,HELOISA.VASCONCELOS@MAIL.COM,51.0,F,Belo Horizonte,MG,2025-04-13,4.649,5,1743,4.9
CUST004189,Josué Costela, josue.costela@webmail.com ,61.0,M,São Paulo,Sao Paulo,23/12/2024,3258,9,"R$ 1.392,00",4.7
CUST000850,HELLENA JESUS,hellena.jesus@mail.com,31.0,F,Feira de Santana,bahia,28/12/2021,2184,7,"R$ 1.149,00",4.4
CUST000701,ISADORA CASTRO,isadora.castro@correio.net,,female,Feira de Santana,bahia,19/06/2023,"R$ 4.815,00",10,2544,5.0
CUST002521,Evelyn Pacheco,evelyn.pacheco@webmail.com,58.0,female,Sorocaba,São Paulo,10-03-2023,5524,13,"R$ 3.631,00",4.8
CUST002410,josé farias,jose.farias@mail.com,28.0,MASCULINO,Recife,PE ,03-07-2021,2.603,7,1.656,3.3
CUST000267,Isabel Campos,isabel. campos@mail.com,43.0,Feminino,Duque de Caxias,rio de janeiro,14/05/2024,"R$ 2.245,00",7,"R$ 1.276,00",5.0
CUST002774,Anthony Gabriel Silva, anthony.gabriel.silva@mail.com ,31.0,Masculino,Sobral,CE,2022-02-07,,6,1721,4.1
CUST001046,Sabrina Novaes,sabrina.novaes@provedor.com.br,25.0,N/I,,mt,2025-01-06,,2,532,3.9
CUST001237,Isaac Pastor,isaac.pastor@webmail.com,37.0,Masculino,Fortaleza,ce,2024-06-28,8.453,11,"R$ 4.485,00",
CUST004877,Emilly Sales,EMILLY.SALES@CORREIO.NET,41.0,Fem,Petrópolis,RJ ,07/05/2023,4351,6,"R$ 1.677,00",3.6
CUST004968,Esther Sá,esther.sa@provedor.com.br,32.0,Outro,Goiânia,go,2024-08-01,,6,1436,3.1
CUST002518,Murilo Pinto,murilo.pinto@provedor.com.br,25.0,Masc,Sorocaba,sp,2022-04-07,6.378,10,3.152,3.4
CUST000521,Dr. Ravi Sá,dr..ravi.sa@email.com,45.0,Masc,Sobral,ce,12-10-2023,"R$ 10.509,00",8,"R$ 3.659,00",4.2
CUST004584,THOMAS MACEDO,thomas.macedo@webmail.com,52.0,masc,Caruaru,pernambuco,15/06/2024,1.394,3,"R$ 485,00",2.7
CUST001196,ASAFE CUNHA,ASAFE.CUNHA@WEBMAIL.COM,32.0,Masc,São Paulo,SP,12/11/2024,"R$ 1.145,00",6,955,4.5
CUST000732,Srta. Maria Vitória Pacheco,srta..maria.vitoria.pacheco@correio.net,46.0,female,Ananindeua,pa,2023-08-28,4.050,10,2444,3.4
CUST001286,CARLOS EDUARDO FARIAS, carlos.eduardo.farias@webmail.com ,44.0,Masc,Ribeirão Preto,Sao Paulo,24-06-2022,"R$ 2.213,00",10,2640,4.4
CUST000280,ana júlia da cunha,ANA.JULIA.DA.CUNHA@WEBMAIL.COM,43.0,female,Belo Horizonte,minas gerais,16/07/2022,,6,"R$ 1.641,00",4.0
CUST004561,ANA LÍVIA ABREU,ana.livia.abreu@mail.com,21.0,fem,Vitória da Conquista,BA ,11-07-2023,1597,6,"R$ 1.773,00",4.8
CUST004606,SRA. PIETRA GONÇALVES,SRA..PIETRA.GONCALVES@CORREIO.NET,62.0,fem,Sorocaba,Sao Paulo,2023-01-10,,9,2.872,4.2
CUST002482,Clara Monteiro, clara.monteiro@provedor.com.br ,45.0,fem,Juazeiro do Norte,ce,11/05/2022,1.808,5,975,4.7
CUST003478,Sra. Clara Peixoto,sra..clara.peixoto@mail.com,22.0,fem,Várzea Grande,Mato Grosso,2024-11-03,1.622,15,"R$ 3.034,00",2.6
CUST001834,AMANDA VARGAS,amanda.vargas@provedor.com.br,31.0,fem,Ribeirão Preto,Sao Paulo,01-06-2021,5.236,6,1367,5.0
CUST001868,brenda porto,brenda.porto@webmail.com,32.0,Fem,Brasília,DF,15/07/2023,7720,5,1.604,3.7
CUST004027,OLIVER SILVEIRA,oliver.silveira@correio.net,32.0,MASCULINO,Vila Velha,ES,04/09/2023,,7,1.380,3.1
CUST002425,Marcelo Carvalho,MARCELO.CARVALHO@CORREIO.NET,35.0,M,Belo Horizonte,Minas Gerais,2023-12-12,4099,7,2.315,2.9
CUST001647,Anthony Ribeiro, anthony.ribeiro@email.com ,51.0,Masculino,Brasília,DF,2024/12/10,1.894,5,1493,4.1
CUST004314,Thales Almeida,THALES.ALMEIDA@WEBMAIL.COM,64.0,Masc,Pelotas,Rio Grande do Sul,16-06-2024,"R$ 4.360,00",8,"R$ 2.370,00",
CUST003697,Rafael Montenegro,rafael.montenegro@email.com,30.0,male,Joinville,santa catarina,2022-03-06,3.888,7,2.240,4.2
CUST003827,MARIA ALICE SÁ,MARIA.ALICE.SA@WEBMAIL.COM,32.0,Fem,Ananindeua,pa,04-01-2025,3787,9,"R$ 2.813,00",5.0
CUST004653,Dra. Juliana Borges,dra. .juliana.borges@provedor.com.br,37.0,Outro,Salvador,BA ,13/11/2023,5717,5,1.381,5.0
CUST002825,Larissa Rodrigues, larissa.rodrigues@provedor.com.br ,50.0,FEMININO,Sobral,Ceara,2023/12/15,3.165,11,2.630,4.5
CUST000988,Maria Cavalcante, maria.cavalcante@email.com ,41.0,Feminino,Contagem,MG,05/05/2023,"R$ 4.398,00",5,"R$ 1.725,00",3.9
CUST001281,Ana Vitória Novaes,ana. vitoria.novaes@mail.com,49.0,FEMININO,Londrina,Parana,14-12-2022,2887,3,884,3.0
CUST001627,ELOÁ ABREU,ELOA.ABREU@MAIL.COM,52.0,FEMININO,Belo Horizonte,minas gerais,2021-09-08,3.220,7,2239,5.0
CUST003786,Benjamin Souza,benjamin.souza@webmail.com,53.0,Masculino,Juazeiro do Norte,Ceará,2023-02-25,5750,2,464,4.5
CUST001739,Srta. Eloá Rocha,srta..eloa.rocha@provedor.com.br,50.0,Feminino,Curitiba,PR,21/09/2022,4.511,8,"R$ 1.619,00",3.1
CUST000737,Maria Helena Casa Grande,MARIA.HELENA.CASA.GRANDE@EMAIL.COM,55.0,outro,Parintins,am,2023/05/03,"R$ 1.975,00",6,933,4.7
CUST002274,MANUELA NASCIMENTO, manuela.nascimento@correio.net ,22.0,F,Rio de Janeiro,Rio de Janeiro,2023/05/05,1134,2,"R$ 489,00",
CUST000733,Amanda Peixoto,amanda.peixoto@webmail.com,51.0,Feminino,São Paulo,sp,20/09/2024,1763,7,"R$ 2.016,00",4.4
CUST003900,Bruna Vieira,bruna.vieira@email.com,,female,,PR,2024-08-29,6.711,5,"R$ 1.552,00",3.9
CUST004121,Srta. Clara Jesus, srta..clara.jesus@email.com ,43.0,female,Porto Alegre,rs,2024-02-09,"R$ 3.747,00",8,2.333,3.7
CUST001657,MATHIAS MELO,MATHIAS.MELO@CORREIO.NET,61.0,M,Manaus,Amazonas,06-09-2023,"R$ 3.338,00",7,2348,3.4
CUST000147,RAUL FERREIRA,raul.ferreira@correio.net,72.0,male,Juiz de Fora,Minas Gerais,2024-12-03,"R$ 3.498,00",3,"R$ 904,00",5.0
CUST002753,mariah pereira,MARIAH.PEREIRA@WEBMAIL.COM,20.0,FEMININO,Salvador,BA ,18-08-2021,"R$ 2.127,00",4,716,5.0
CUST000020,sr. joão vitor barros, sr..joao.vitor.barros@provedor.com.br ,69.0,male,Ribeirão Preto,Sao Paulo,28-09-2022,"R$ 8.327,00",9,2702,5.0
CUST001245,pietra abreu, pietra.abreu@webmail.com ,47.0,Outro,Ribeirão Preto,SP,14/07/2023,5166,8,"R$ 2.153,00",3.8
CUST003652,Evelyn Casa Grande,evelyn.casa.grande@email.com,32.0,F,Caruaru,Pernambuco,2025/02/11,7.838,8,2522,2.4
CUST000164,DAVI SILVEIRA,davi.silveira@mail.com,37.0,male,Belém,pa,2025/06/29,8.012,4,1.593,5.0
CUST004856,anthony gabriel da luz,anthony. gabriel.da.luz@correio.net,48.0,male,Maringá,Parana,2024/06/20,2.700,6,1.642,5.0
CUST001066,LORENZO DA CRUZ,LORENZO.DA.CRUZ@WEBMAIL.COM,32.0,Outro,Uberlândia,MG,2024-02-05,,2,535,
CUST004626,fernanda sales,fernanda. sales@correio.net,18.0,F,Belém,PA,07/05/2023,,6,1.626,4.9
CUST000795,Anthony da Luz,ANTHONY.DA.LUZ@MAIL.COM,,MASCULINO,Duque de Caxias,Rio de Janeiro,2024-10-12,2.004,7,1274,4.8
CUST003218,Bruno Viana, bruno.viana@provedor.com.br ,56.0,male,Petrópolis,Rio de Janeiro,14-04-2025,5.360,14,5478,
CUST003993,otávio peixoto, otavio.peixoto@mail.com ,27.0,M,Vitória,Espírito Santo,12/05/2025,2.113,4,706,3.5
CUST002400,EVELYN CAMPOS,evelyn.campos@webmail.com,150.0,Feminino,Salvador,BA ,2022/01/28,2.751,5,"R$ 1.667,00",5.0
CUST003242,Otávio Rodrigues,otavio.rodrigues@correio.net,30.0,Masculino,Uberlândia,mg,2023-12-04,,10,1.678,2.9
CUST001912,Isis Aparecida,isis.aparecida@correio.net,49.0,F,Ribeirão Preto,sp,21-09-2024,"R$ 4.092,00",9,"R$ 3.288,00",4.0
CUST000879,sra. luiza costela,SRA..LUIZA.COSTELA@CORREIO.NET,19.0,FEMININO,Ribeirão Preto,sp,29/11/2024,2970,7,1.578,
CUST000428,CALEB RIBEIRO, caleb.ribeiro@email.com ,29.0,Masc,Rio de Janeiro,RJ ,2024-10-09,2663,3,263,3.0
CUST002628,Nathan Campos,nathan.campos@webmail.com,54.0,Masc,Contagem,Minas Gerais,2024-05-23,3.187,6,"R$ 2.013,00",4.7
CUST003225,Cecilia Sá,cecilia. sa@mail.com,36.0,Fem,Goiânia,GO,27-01-2022,4.072,3,1013,
CUST004938,Maria Flor Araújo, maria.flor.araujo@email.com ,18.0,FEMININO,São Paulo,SÃO PAULO,2022-04-14,1.816,9,1804,4.4
CUST000111,Sra. Natália Dias,sra..natalia.dias@email.com,54.0,female,Olinda,PE ,2022-02-14,"R$ 7.052,00",423,2012,3.6
CUST002898,luara novaes,luara.novaes@email.com,70.0,Fem,Ribeirão Preto,Sao Paulo,2025-04-28,2778,5,"R$ 1.386,00",3.5
CUST002590,Pedro Aparecida,pedro.aparecida@mail.com,54.0,masc,Belém,Para,2023-09-14,2836,4,"R$ 1.016,00",4.1
CUST004762,Sra. Júlia Abreu,sra. .julia.abreu@email.com,43.0,F,Ribeirão Preto,sp,2021/10/25,"R$ 4.610,00",6,1.796,4.3
CUST003426,MARIA FLOR PEREIRA,maria.flor.pereira@email.com,28.0,FEMININO,Manaus,AM,11-07-2022,4.158,4,1.311,4.4
CUST003367,Maysa Lima,MAYSA.LIMA@WEBMAIL.COM,32.0,Feminino,Niterói,rio de janeiro,11-07-2023,2747,8,1437,4.5
CUST000799,Leonardo Sales,leonardo.sales@correio.net,44.0,male,Rio de Janeiro,Rio de Janeiro,05-01-2022,"R$ 2.262,00",3,832,4.8
CUST000357,LUCAS BRITO, lucas.brito@correio.net ,22.0,M,Recife,PE ,09-03-2025,3.347,6,1.483,5.0
CUST001298,Dr. Caleb Ramos,dr..caleb.ramos@provedor.com.br,47.0,masc,Pelotas,rs,08-06-2025,1.179,5,884,4.8
CUST003078,Srta. Agatha Pereira, srta..agatha.pereira@correio.net ,0.0,Feminino,Vitória da Conquista,Bahia,27/12/2023,"R$ 1.740,00",4,"R$ 1.100,00",3.4
CUST004280,Benjamim Gomes,benjamim.gomes@webmail.com,38.0,Masc,,BA ,22/09/2023,3389,13,3.974,3.4
CUST001905,Srta. Ana Liz Fogaça,srta..ana.liz.fogaca@provedor.com.br,35.0,FEMININO,Ribeirão Preto,sp,26/11/2025,3.719,5,947,3.5
CUST003034,Oliver Alves,OLIVER.ALVES@EMAIL.COM,56.0,Masculino,Brasília,DF,2023-03-06,"R$ 5.227,00",6,1344,3.7
CUST002733,Luiza Nogueira,LUIZA.NOGUEIRA@WEBMAIL.COM,41.0,female,Campinas,sp,2023-11-20,"R$ 5.629,00",2,"R$ 678,00",5.0
CUST001408,PIETRA GOMES,PIETRA.GOMES@EMAIL.COM,30.0,F,Londrina,Paraná,2023/03/10,3997,10,2020,3.9
CUST001594,VITOR ABREU,vitor.abreu@webmail.com,38.0,masc,Juazeiro do Norte,CE,13-03-2023,"R$ 4.608,00",7,2.808,4.3
CUST002755,Sr. Benjamim Ramos,SR..BENJAMIM.RAMOS@CORREIO.NET,34.0,Masc,Duque de Caxias,Rio De Janeiro,2022-10-18,3.563,6,"R$ 1.477,00",3.2
CUST004203,Matteo Gomes,MATTEO.GOMES@EMAIL.COM,33.0,Masc,Duque de Caxias,rio de janeiro,26/05/2024,5.621,7,3.080,4.8
CUST001048,JULIANA VASCONCELOS,juliana.vasconcelos@email.com,28.0,Fem,Belo Horizonte,minas gerais,20-09-2024,3.383,8,1.700,4.4
CUST001564,Emanuel Leão,emanuel. leao@provedor.com.br,53.0,masc,Sorocaba,sp,2021/11/15,2.565,7,1300,3.0
CUST002720,Sr. Miguel Silveira,SR..MIGUEL.SILVEIRA@MAIL.COM,24.0,M,Campinas,SÃO PAULO,29/10/2024,2005,6,"R$ 1.922,00",4.3
CUST004574,Srta. Lara Cavalcanti,SRTA..LARA.CAVALCANTI@EMAIL.COM,32.0,female,Porto Alegre,rio grande do sul,2024-10-06,2.725,12,2.618,4.4
CUST003082,Ana Vitória Nascimento,ANA.VITORIA.NASCIMENTO@PROVEDOR.COM.BR,55.0,F,Salvador,bahia,17-12-2022,6.720,6,1713,5.0
CUST002286,JOSÉ CARDOSO, jose.cardoso@webmail.com ,46.0,Masc,Londrina,Parana,03-06-2022,1198,4,1.179,4.0
CUST000154,José Pedro Cavalcanti,JOSE.PEDRO.CAVALCANTI@CORREIO.NET,72.0,MASCULINO,Juiz de Fora,mg,14-01-2025,2.525,8,"R$ 1.525,00",4.7
CUST002190,luiza da mata,luiza. da.mata@correio.net,51.0,fem,Contagem,Minas Gerais,11-08-2024,6212,6,2441,3.8
CUST005010,Sr. Anthony Gabriel Costela,sr. .anthony.gabriel.costela@mail.com,48.0,male,Vitória,ES,27/03/2024,"R$ 2.775,00",8,540,3.9
CUST003479,Diogo Souza,diogo.souza@webmail.com,,M,Santos,sp,06-07-2022,2.741,7,2538,
CUST003226,Dr. Anthony Vargas,DR..ANTHONY.VARGAS@CORREIO.NET,39.0,M,Uberlândia,minas gerais,06-10-2023,2.525,6,"R$ 1.376,00",4.0
CUST000414,Bruna Carvalho, bruna.carvalho@mail.com ,21.0,female,Fortaleza,CE,2023-03-06,1006,2,"R$ 455,00",4.2
CUST002419,Isabela Sousa,isabela.sousa@correio.net,28.0,FEMININO,Várzea Grande,mt,2022/07/23,900,5,1.252,4.1
CUST003288,ana clara martins, ana.clara.martins@correio.net ,26.0,FEMININO,Uberlândia,Minas Gerais,2025/01/20,"R$ 1.811,00",6,841,3.7
CUST004072,ESTER DA MATA, ester.da.mata@provedor.com.br ,32.0,Fem,Londrina,PR,29/01/2022,2.309,8,"R$ 3.003,00",3.8
CUST002515,dr. lucca sales,dr..lucca.sales@provedor.com.br,39.0,M,Porto Alegre,rs,11-08-2024,3.118,10,"R$ 2.001,00",4.2
CUST001699,Theodoro Sá,THEODORO.SA@WEBMAIL.COM,59.0,M,Cuiabá,mato grosso,2024/06/14,,10,2.455,4.3
CUST000321,João Pedro Ribeiro, joao.pedro.ribeiro@webmail.com ,59.0,Masculino,Curitiba,pr,2024-12-11,"R$ 3.656,00",7,"R$ 1.448,00",3.0
CUST003381,sra. maria isis mendonça,sra..maria.isis.mendonca@correio.net,43.0,female,Curitiba,pr,2025-07-20,,8,1.732,4.4
CUST000853,Sra. Sabrina Aragão,sra..sabrina.aragao@email.com,34.0,fem,Anápolis,Goiás,2024-01-26,1301,7,1.322,3.4
CUST004521,Bianca Machado,bianca.machado@correio.net,38.0,F,Blumenau,sc,04/03/2025,3333,4,"R$ 904,00",
CUST002859,CAUÊ MORAES,caue.moraes@email.com,35.0,masc,Maringá,pr,2024/04/17,"R$ 4.476,00",6,1396,4.0
CUST002806,Valentim Dias,valentim.dias@mail.com,26.0,masc,Cuiabá,Mato Grosso,22-01-2023,"R$ 6.863,00",10,"R$ 3.356,00",5.0
CUST000172,Gustavo Henrique Lopes,gustavo.henrique.lopes@mail.com,44.0,Masculino,Vitória da Conquista,BA,07-03-2024,3.522,4,1309,4.4
CUST004184,Daniela da Rosa,daniela.da.rosa@mail.com,45.0,Fem,Joinville,sc,2022-06-20,4142,12,"R$ 4.049,00",3.7
CUST003629,Mariah Souza,mariah.souza@webmail.com,32.0,female,Belo Horizonte,Minas Gerais,21/08/2023,2.557,5,"R$ 1.533,00",3.9
CUST003730,Beatriz Silveira, beatriz.silveira@correio.net ,18.0,F,Belém,PA,2025-01-22,1976,7,754,3.2
CUST000135,Diogo Lopes, diogo.lopes@email.com ,55.0,MASCULINO,Brasília,Distrito Federal,2025/01/06,5621,4,1293,4.1
CUST002587,giovanna cardoso, giovanna.cardoso@email.com ,31.0,female,Salvador,BA ,17/01/2023,4.458,13,"R$ 2.354,00",3.3
CUST002443,OLIVIA SIQUEIRA, olivia.siqueira@provedor.com.br ,18.0,female,Contagem,minas gerais,2024/01/16,"R$ 1.950,00",8,2461,4.0
CUST000440,benjamim cardoso, benjamim.cardoso@webmail.com ,53.0,M,,Parana,19/11/2024,"R$ 1.574,00",5,"R$ 1.278,00",4.0
CUST000949,Ayla Peixoto, ayla.peixoto@email.com ,60.0,F,Caxias do Sul,Rio Grande do Sul,04-06-2024,"R$ 2.092,00",4,1.025,3.6
CUST000035,Cecília da Luz,cecilia. da.luz@provedor.com.br,40.0,FEMININO,Feira de Santana,bahia,2023/05/26,1290,9,"R$ 1.849,00",4.3
CUST002856,Josué Moreira,josue.moreira@webmail.com,38.0,prefer not to say,Porto Alegre,Rio Grande do Sul,21-06-2024,,6,"R$ 1.577,00",4.5
CUST002247,emanuella melo,emanuella.melo@correio.net,59.0,FEMININO,Cuiabá,Mato Grosso,13-08-2022,"R$ 3.620,00",5,"R$ 982,00",4.0
CUST003369,Rodrigo Almeida,RODRIGO.ALMEIDA@WEBMAIL.COM,56.0,MASCULINO,São Paulo,sp,2023-03-25,2450,5,813,3.7
CUST004191,Melina Gonçalves,melina. goncalves@provedor.com.br,42.0,Fem,São Paulo,sp,05-04-2023,3.048,6,"R$ 843,00",3.7
CUST002331,Mateus Gomes, mateus.gomes@provedor.com.br ,61.0,Masc,Ananindeua,pa,26-01-2025,7.024,11,3823,3.1
CUST001207,Sr. José Pedro Barbosa,sr..jose.pedro.barbosa@webmail.com,66.0,Masc,Pelotas,Rio Grande do Sul,25-10-2021,"R$ 5.079,00",10,"R$ 3.385,00",
CUST000058,benjamin da costa,benjamin.da.costa@webmail.com,66.0,MASCULINO,Anápolis,Goiás,2024-02-11,5.158,7,1.298,4.4
CUST004842,Manuela da Rocha,manuela.da.rocha@webmail.com,23.0,fem,Curitiba,pr,2024-06-20,,3,"R$ 974,00",4.3
CUST003790,BIANCA RIBEIRO,bianca.ribeiro@correio.net,41.0,Fem,Porto Alegre,rs,13-09-2023,4.017,12,2.125,3.7
CUST004460,dr. mateus pires,DR..MATEUS.PIRES@WEBMAIL.COM,42.0,Masculino,Sorocaba,sp,24/04/2024,"R$ 2.664,00",8,1810,3.9
CUST002477,maria eduarda rocha,maria.eduarda.rocha@provedor.com.br,40.0,Feminino,Brasília,df,2023/01/22,"R$ 3.167,00",3,851,3.9
CUST001685,DR. BRYAN CUNHA,DR..BRYAN.CUNHA@EMAIL.COM,41.0,M,Porto Alegre,RS,2024-04-20,"R$ 2.707,00",7,1.400,3.6
CUST000339,Oliver Mendes,oliver.mendes@correio.net,41.0,MASCULINO,Manaus,amazonas,2023/05/08,"R$ 1.417,00",4,456,3.0
CUST001985,Matteo Machado, matteo.machado@correio.net ,18.0,masc,Brasília,df,31-03-2022,1.769,5,968,4.3
CUST004487,Vitor Hugo Almeida,vitor.hugo.almeida@correio.net,36.0,male,Niterói,Rio de Janeiro,2024/11/22,1519,7,1.918,3.5
CUST003595,ESTHER SOUZA,ESTHER.SOUZA@CORREIO.NET,37.0,Outro,Ribeirão Preto,sp,15/02/2025,"R$ 1.141,00",6,"R$ 1.080,00",5.0
CUST000860,Ravi Araújo,ravi.araujo@webmail.com,58.0,MASCULINO,Florianópolis,santa catarina,12/04/2024,5513,19,3450,4.1
CUST004430,Dr. Diego Brito,dr. .diego.brito@provedor.com.br,48.0,MASCULINO,Juiz de Fora,Minas Gerais,2023/10/31,"R$ 6.830,00",6,2.769,3.7
CUST000483,luigi castro,luigi.castro@email.com,45.0,male,Sorocaba,sp,24/06/2024,"R$ 4.747,00",9,2940,2.9
CUST001934,Ana Beatriz Oliveira, ana.beatriz.oliveira@correio.net ,54.0,FEMININO,,sp,22/12/2024,2.360,10,2331,3.3
CUST002449,maria alice da rocha,maria.alice.da.rocha@mail.com,43.0,Fem,Brasília,DF,29-07-2025,3.144,8,1738,3.4
CUST003057,Nicolas Machado,nicolas.machado@email.com,53.0,M,Florianópolis,santa catarina,2024/03/17,"R$ 6.553,00",4,1100,3.6
CUST002884,Sr. Caio da Rosa,SR..CAIO.DA.ROSA@EMAIL.COM,18.0,Masculino,,Minas Gerais,2024-11-19,1.744,3,480,3.0
CUST001460,Sr. Lucas Fogaça, sr..lucas.fogaca@correio.net ,38.0,M,Niterói,RJ ,2024/02/13,3.468,6,1.895,5.0
CUST000095,Ryan Cassiano,ryan.cassiano@provedor.com.br,35.0,M,Ananindeua,Para,16-07-2024,4.150,6,1909,2.7
CUST002613,THALES TEIXEIRA,thales.teixeira@mail.com,38.0,masc,Rio de Janeiro,RJ ,19-05-2023,4.259,2,498,2.7
CUST004544,Sr. Enzo Costa,sr..enzo.costa@correio.net,51.0,male,Santos,São Paulo,2023-03-07,"R$ 2.031,00",5,"R$ 1.104,00",4.1
CUST004219,Dr. Marcos Vinicius Melo,DR..MARCOS.VINICIUS.MELO@WEBMAIL.COM,30.0,Masculino,Vitória da Conquista,BA ,09-06-2024,1.316,7,1.890,4.3
CUST000629,luan ribeiro,LUAN.RIBEIRO@WEBMAIL.COM,19.0,Não binário,Rio Verde,Goiás,2023/05/21,"R$ 5.441,00",7,1935,5.0
CUST000833,kaique martins,kaique.martins@provedor.com.br,42.0,Masculino,Brasília,Distrito Federal,10-11-2024,3324,7,"R$ 1.689,00",3.5
CUST004260,ISAQUE MOREIRA,isaque.moreira@webmail.com,37.0,Masculino,Rio de Janeiro,Rio de Janeiro,19/09/2023,3.366,10,3.233,3.6
CUST004331,JOÃO GUILHERME BARROS, joao.guilherme.barros@provedor.com.br ,21.0,masc,Ananindeua,Para,13/02/2023,"R$ 1.022,00",7,1294,2.7
CUST000705,Alícia Borges,alicia.borges@webmail.com,28.0,Feminino,Serra,ES,01/06/2024,4.304,4,963,2.8
CUST003895,Dra. Maria Julia Albuquerque, dra..maria.julia.albuquerque@email.com ,,fem,São Paulo,SÃO PAULO,25-01-2024,"R$ 2.100,00",8,1442,2.8
CUST003287,josé costela, jose.costela@correio.net ,41.0,Masc,Sobral,CE,2023-04-16,3476,4,840,4.6
CUST000686,sr. theo pires,sr..theo.pires@webmail.com,49.0,male,Juazeiro do Norte,Ceará,2023/05/04,2.822,5,1.060,3.8
CUST004213,Giovanna Ferreira, giovanna.ferreira@correio.net ,30.0,Fem,Pelotas,RS,26/10/2021,2636,7,"R$ 1.707,00",5.0
CUST000049,alexandre silveira,alexandre.silveira@email.com,46.0,M,Maringá,Paraná,2025/03/27,3.413,4,"R$ 1.421,00",4.5
CUST004565,Nina Peixoto,nina. peixoto@mail.com,54.0,female,Porto Alegre,Rio Grande do Sul,09/12/2022,3090,6,1.469,
CUST000146,Olivia Câmara,olivia.camara@webmail.com,53.0,FEMININO,Recife,PE ,15-06-2021,1885,6,"R$ 894,00",4.1
CUST001671,Hadassa Cassiano,HADASSA.CASSIANO@EMAIL.COM,18.0,female,Santos,São Paulo,2024-05-23,1857,9,"R$ 497,00",3.8
CUST003502,anthony fonseca,anthony.fonseca@mail.com,18.0,Masculino,Goiânia,Goiás,03-03-2023,"R$ 1.246,00",4,1.165,4.1
CUST005018,BEATRIZ GOMES,beatriz.gomes@provedor.com.br,36.0,Fem,Ananindeua,Para,12-07-2024,3712,9,2.246,3.3
CUST000582,ana dias,ANA.DIAS@CORREIO.NET,47.0,F,Salvador,Bahia,27-05-2023,"R$ 3.459,00",7,1.608,3.9
CUST004679,caroline ribeiro,CAROLINE.RIBEIRO@WEBMAIL.COM,41.0,FEMININO,Porto Alegre,rs,2022-12-04,3122,8,"R$ 2.551,00",4.9
CUST001026,Luara Campos,LUARA.CAMPOS@PROVEDOR.COM.BR,24.0,F,Uberlândia,minas gerais,2025/08/22,3207,2,491,4.5
CUST002485,VITOR HUGO CARDOSO, vitor.hugo.cardoso@correio.net ,43.0,MASCULINO,Petrópolis,Rio de Janeiro,2024/03/02,3314,6,2233,4.3
CUST003647,Srta. Mariane Costa, srta..mariane.costa@provedor.com.br ,999.0,Não binário,,Rio de Janeiro,02-09-2022,5067,6,2530,3.9
CUST004589,Olívia Fogaça, olivia.fogaca@provedor.com.br ,38.0,fem,Contagem,Minas Gerais,2024-05-15,2097,9,"R$ 2.186,00",
CUST004790,Helena Cunha, helena.cunha@correio.net ,37.0,F,Contagem,MG,2025/04/10,2032,8,1.834,3.4
CUST000707,HELENA PACHECO,helena. pacheco@mail.com,18.0,Feminino,Caxias do Sul,Rio Grande do Sul,2024/12/11,2378,6,"R$ 900,00",2.9
CUST002031,Alícia Aparecida,ALICIA.APARECIDA@PROVEDOR.COM.BR,49.0,F,Recife,pernambuco,15/03/2025,2040,8,2316,3.7
CUST004115,RAQUEL DA CUNHA,raquel.da.cunha@email.com,82.0,fem,Sobral,CE,2025/01/07,5.578,7,"R$ 2.258,00",4.0
CUST002795,liz gonçalves, liz.goncalves@webmail.com ,46.0,Feminino,Santos,SÃO PAULO,2023/07/14,3.978,6,2.105,3.4
CUST000438,Isabela Pastor,isabela.pastor@webmail.com,43.0,Fem,Petrópolis,Rio de Janeiro,18-10-2023,4903,4,1.071,5.0
CUST000593,natália azevedo,natalia.azevedo@provedor.com.br,35.0,FEMININO,Caxias do Sul,rs,04/12/2023,"R$ 3.869,00",558,"R$ 1.793,00",3.8
CUST000350,MARIA FLOR MARQUES,maria.flor.marques@webmail.com,,Não binário,Várzea Grande,mt,2023/11/01,6395,6,"R$ 2.042,00",4.7
CUST004632,Caleb Cirino,caleb. cirino@webmail.com,19.0,M,Sobral,Ceara,14/04/2022,3488,9,2545,3.8
CUST004478,lorenzo da luz,lorenzo.da.luz@provedor.com.br,25.0,MASCULINO,Pelotas,RS,25/11/2023,,6,"R$ 1.473,00",4.5
CUST002905,Henry Pastor, henry.pastor@webmail.com ,19.0,Masc,Feira de Santana,BA,01/12/2024,,5,1.662,4.6
CUST002161,Danilo Viana,danilo.viana@provedor.com.br,49.0,Masculino,Porto Alegre,RS,2023/04/01,"R$ 7.164,00",8,2.263,
CUST000400,Theodoro da Mata, theodoro.da.mata@mail.com ,35.0,M,Blumenau,sc,2021-05-11,1711,6,1.861,4.6
CUST002838,Gustavo Henrique Castro,GUSTAVO.HENRIQUE.CASTRO@CORREIO.NET,,male,Salvador,bahia,27/11/2024,4538,5,891,4.3
CUST001203,cauã vieira,caua. vieira@mail.com,,Masculino,Niterói,RJ,28-10-2022,1.792,9,"R$ 2.108,00",5.0
CUST004173,Ana Júlia Sá,ana.julia.sa@provedor.com.br,18.0,fem,Campinas,São Paulo,11-12-2024,"R$ 3.533,00",5,1206,3.3
CUST001898,Dante Gonçalves,dante.goncalves@correio.net,30.0,M,Campinas,Sao Paulo,2023/04/26,5564,8,1523,4.1
CUST001507,Matteo Cunha,matteo.cunha@webmail.com,27.0,MASCULINO,Santos,SÃO PAULO,18-04-2024,5114,9,2.867,2.9
CUST000841,ana beatriz machado, ana.beatriz.machado@correio.net ,34.0,Feminino,Juiz de Fora,minas gerais,2023-08-02,"R$ 3.931,00",4,785,3.3
CUST002680,Maria Clara Lopes,maria. clara.lopes@webmail.com,48.0,F,Salvador,bahia,05/03/2024,4035,4,"R$ 1.366,00",4.3
CUST000112,Anthony Marques,anthony.marques@correio.net,20.0,Masc,Campinas,sp,2023/02/26,1678,5,1423,
CUST004099,Isaque Cavalcante,isaque.cavalcante@mail.com,36.0,M,Santos,SP,2023-04-03,5202,6,1.499,2.5
CUST003899,DIOGO MONTEIRO,diogo. monteiro@mail.com,45.0,male,Pelotas,rio grande do sul,2023/06/07,"R$ 1.695,00",10,"R$ 3.441,00",4.8
CUST000039,Cecilia Moraes,cecilia. moraes@webmail.com,36.0,F,Pelotas,rs,24-05-2023,2.093,4,"R$ 633,00",3.5
CUST002961,Nathan Vasconcelos,NATHAN.VASCONCELOS@PROVEDOR.COM.BR,32.0,male,Salvador,Bahia,2022/09/01,2.662,6,1003,4.2
CUST002862,Bruno Vargas,bruno.vargas@webmail.com,42.0,Masc,São Paulo,sp,2024/09/19,"R$ 1.823,00",10,1748,3.8
CUST001626,maria clara dias, maria.clara.dias@correio.net ,24.0,FEMININO,Campinas,sp,2023-07-16,1094,7,1.395,2.8
CUST001044,henry gabriel nascimento,henry.gabriel.nascimento@provedor.com.br,30.0,MASCULINO,Porto Alegre,rs,2023/03/07,"R$ 1.912,00",8,1.970,5.0
CUST002868,Sra. Milena Pinto,sra. .milena.pinto@provedor.com.br,26.0,Outro,Brasília,Distrito Federal,2022/03/11,2137,8,1.976,4.4
CUST003281,Srta. Isabella Castro,srta..isabella.castro@webmail.com,27.0,F,Londrina,Parana,2022/03/01,2897,6,1357,3.4
CUST004826,Maria Isis Barbosa, maria.isis.barbosa@provedor.com.br ,41.0,female,Brasília,DF,2024/07/09,"R$ 3.703,00",7,"R$ 1.504,00",2.9
CUST004143,Lorena Abreu, lorena.abreu@correio.net ,34.0,Fem,Serra,Espírito Santo,2022/03/20,2.137,8,"R$ 1.058,00",5.0
CUST002022,dra. júlia aragão,DRA..JULIA.ARAGAO@CORREIO.NET,63.0,female,Curitiba,Parana,2023/05/30,6.617,6,"R$ 1.476,00",3.6
CUST004332,Ágatha da Rocha,AGATHA.DA.ROCHA@MAIL.COM,42.0,Fem,,Ceara,2023/10/12,3.343,4,1093,4.6
CUST001518,dra. luna montenegro,dra..luna.montenegro@email.com,41.0,Fem,Maringá,Parana,02-10-2023,3332,4,703,3.9
CUST002623,Maria Laura Macedo,maria.laura.macedo@mail.com,35.0,Feminino,Uberlândia,mg,2023/02/23,"R$ 1.275,00",8,1818,3.5
CUST000849,Diego Ribeiro,diego. ribeiro@mail.com,29.0,Masc,Campinas,SP,2023-01-14,"R$ 7.158,00",4,1.764,4.3
CUST002962,kevin barros,kevin.barros@provedor.com.br,52.0,Não binário,Petrópolis,RJ,07/04/2022,5.434,8,1.502,3.5
CUST002323,Srta. Bárbara Borges,SRTA..BARBARA.BORGES@WEBMAIL.COM,42.0,female,Porto Alegre,RS,2021/08/20,"R$ 2.169,00",12,3657,4.6
CUST003659,Srta. Liz Camargo,srta. .liz.camargo@email.com,32.0,female,Maringá,Parana,2024/04/22,"R$ 2.154,00",6,"R$ 1.292,00",2.4
CUST002187,Alice Pinto,ALICE.PINTO@CORREIO.NET,58.0,female,Duque de Caxias,Rio De Janeiro,22-10-2025,"R$ 5.664,00",4,1321,4.2
CUST003026,Theodoro Almeida,THEODORO.ALMEIDA@WEBMAIL.COM,,masc,Campinas,sp,2024/07/11,9.280,5,"R$ 1.479,00",3.7
CUST001404,gustavo henrique teixeira,GUSTAVO.HENRIQUE.TEIXEIRA@MAIL.COM,43.0,Masc,Salvador,Bahia,12/03/2023,3822,8,2275,5.0
CUST001213,Theo Alves,theo.alves@mail.com,35.0,Masculino,Sorocaba,SP,30-06-2024,2.302,6,1520,4.6
CUST003064,RODRIGO DA MATA,rodrigo.da.mata@email.com,39.0,male,Manaus,AM,2025-01-25,"R$ 2.967,00",6,2.082,4.9
CUST002903,Gael Melo, gael.melo@correio.net ,24.0,male,Salvador,Bahia,07-10-2022,"R$ 2.058,00",6,1164,
CUST004117,LIZ SANTOS,liz. santos@provedor.com.br,18.0,FEMININO,Goiânia,Goiás,2024-08-20,2.773,5,1183,3.7
CUST003498,Natália Rezende,NATALIA.REZENDE@CORREIO.NET,36.0,Fem,Petrópolis,rio de janeiro,06/07/2022,2193,11,"R$ 2.892,00",4.1
CUST000501,Sr. Theodoro Novais,sr..theodoro.novais@provedor.com.br,38.0,MASCULINO,Petrópolis,Rio de Janeiro,2024/07/28,,7,1691,3.2
CUST001082,Raul Almeida,raul.almeida@provedor.com.br,38.0,Masc,Campinas,Sao Paulo,28-06-2025,2280,4,"R$ 1.048,00",4.4
CUST000337,Sara Silva,SARA.SILVA@PROVEDOR.COM.BR,18.0,Feminino,Feira de Santana,BA ,17/10/2023,4422,5,1391,5.0
CUST002854,Rhavi da Rosa, rhavi.da.rosa@email.com ,,male,Blumenau,sc,2025-01-12,,7,2358,4.3
CUST002434,Dra. Eloá Oliveira,dra..eloa.oliveira@mail.com,27.0,Fem,Joinville,sc,24-03-2023,1.880,7,"R$ 770,00",4.2
CUST003702,Isaac da Rocha,ISAAC.DA.ROCHA@PROVEDOR.COM.BR,41.0,MASCULINO,Porto Alegre,RS,2024/09/06,5364,8,"R$ 2.715,00",2.7
CUST004129,Sra. Luísa Gonçalves,sra..luisa.goncalves@correio.net,33.0,Fem,Pelotas,rio grande do sul,2024-06-28,3.218,7,2382,3.8
CUST000744,SR. DAVI MIGUEL MOREIRA,SR..DAVI.MIGUEL.MOREIRA@MAIL.COM,27.0,Masc,Pelotas,rs,2024/09/09,5.068,9,3284,3.8
CUST001059,Marcela Nascimento,marcela.nascimento@correio.net,25.0,Feminino,Londrina,PR,2023/02/09,2092,7,"R$ 934,00",3.7
CUST001208,Benício Costa, benicio.costa@correio.net ,34.0,M,Ribeirão Preto,São Paulo,22-10-2023,2832,8,1632,2.9
CUST004237,Dra. Gabriela Costa,dra..gabriela.costa@correio.net,55.0,Feminino,Duque de Caxias,Rio de Janeiro,2023-10-05,"R$ 4.144,00",6,"R$ 1.572,00",4.2
CUST004197,Alícia Cirino,alicia. cirino@provedor.com.br,57.0,F,São Paulo,Sao Paulo,2025-03-06,3.505,6,"R$ 1.880,00",5.0
CUST001961,Pietro Gonçalves,PIETRO.GONCALVES@PROVEDOR.COM.BR,34.0,male,São Paulo,Sao Paulo,2024/10/13,"R$ 1.897,00",5,1189,3.6
CUST003051,nicole novaes, nicole.novaes@email.com ,38.0,Feminino,Caxias do Sul,RS,2021/12/03,175.186,14,808,4.2
CUST001354,Felipe Melo,FELIPE.MELO@EMAIL.COM,44.0,Masc,Duque de Caxias,RJ,17-04-2022,"R$ 3.832,00",5,1278,3.7
CUST001473,Noah Macedo,noah.macedo@provedor.com.br,27.0,MASCULINO,Juiz de Fora,Minas Gerais,2025-07-03,"R$ 2.063,00",5,"R$ 1.674,00",2.6
CUST004635,Anthony Cunha,ANTHONY.CUNHA@EMAIL.COM,31.0,M,Campinas,SÃO PAULO,25/12/2023,"R$ 1.943,00",3,741,3.6
CUST002675,MARIA JULIA DUARTE, maria.julia.duarte@provedor.com.br ,30.0,female,,Bahia,28-07-2025,1.256,4,332,4.4
CUST001115,Isaque Monteiro, isaque.monteiro@mail.com ,45.0,male,Florianópolis,santa catarina,03/03/2022,"R$ 5.071,00",6,2.154,
CUST003613,Bianca Abreu,BIANCA.ABREU@CORREIO.NET,28.0,Feminino,Belém,PA,03-07-2022,,5,720,3.4
CUST001759,ANA MENDES,ana. mendes@mail.com,25.0,female,Campinas,SP,16/05/2025,2492,7,2.113,
CUST000232,LEONARDO CALDEIRA,leonardo. caldeira@correio.net,44.0,MASCULINO,Petrópolis,Rio de Janeiro,19/04/2024,,11,"R$ 3.459,00",4.8
CUST004044,srta. cecilia pacheco,SRTA..CECILIA.PACHECO@WEBMAIL.COM,55.0,Feminino,Rio de Janeiro,RJ ,2025-04-14,1848,14,4692,3.8
CUST001508,esther silva,esther. silva@correio.net,55.0,F,Santos,São Paulo,01/02/2023,"R$ 2.835,00",2,632,4.6
CUST000975,FERNANDO RODRIGUES,FERNANDO.RODRIGUES@PROVEDOR.COM.BR,39.0,male,Maringá,Paraná,26-03-2023,,8,2.562,3.8
CUST001669,eloah da conceição, eloah.da.conceicao@mail.com ,38.0,Não binário,Ribeirão Preto,sp,23/05/2024,3126,4,"R$ 1.190,00",3.0
CUST002827,Bianca Duarte,BIANCA.DUARTE@EMAIL.COM,44.0,female,Campinas,SP,2024-05-15,4120,8,"R$ 2.017,00",4.3
CUST000208,Mariah Nascimento,MARIAH.NASCIMENTO@WEBMAIL.COM,,fem,Anápolis,Goias,2024/08/18,3.168,10,"R$ 2.524,00",3.9
CUST003523,sr. vitor gabriel cirino,sr..vitor.gabriel.cirino@email.com,47.0,Não binário,Recife,PE,2025-06-27,,5,960,
CUST002744,José Miguel da Rosa,jose.miguel.da.rosa@email.com,32.0,Masc,Cuiabá,Mato Grosso,2023-11-08,3.080,7,1010,3.2
CUST002336,Dr. Cauê Casa Grande,dr..caue.casa.grande@mail.com,37.0,male,Brasília,Distrito Federal,19/04/2021,4493,9,"R$ 2.197,00",2.6
CUST005013,benicio freitas,benicio.freitas@mail.com,40.0,male,Campinas,Sao Paulo,06/06/2022,2.289,7,"R$ 1.408,00",3.1
CUST003409,Enzo Gabriel Cavalcanti,enzo.gabriel.cavalcanti@email.com,30.0,MASCULINO,Londrina,Paraná,15-03-2025,4.224,6,1.909,4.6
CUST003965,Caleb Barbosa,CALEB.BARBOSA@WEBMAIL.COM,44.0,masc,Vila Velha,Espirito Santo,2024/06/25,2.479,2,"R$ 503,00",3.4
CUST002611,LUARA CAMPOS, luara.campos@correio.net ,31.0,Feminino,Ribeirão Preto,sp,13/03/2023,1.475,4,323,5.0
CUST004180,Luísa Araújo, luisa.araujo@correio.net ,57.0,female,Brasília,df,2023/09/06,"R$ 3.410,00",9,3443,4.0
CUST003845,Breno Cassiano,breno.cassiano@provedor.com.br,34.0,male,Maringá,pr,04/11/2025,"R$ 2.046,00",6,"R$ 1.675,00",3.6
CUST004452,Srta. Julia Melo,SRTA..JULIA.MELO@PROVEDOR.COM.BR,31.0,Feminino,Ribeirão Preto,sp,19-03-2024,"R$ 1.616,00",4,"R$ 395,00",3.9
CUST003136,Dra. Amanda Marques,DRA..AMANDA.MARQUES@PROVEDOR.COM.BR,40.0,Fem,Pelotas,Rio Grande do Sul,17-04-2026,2.844,9,798,3.2
CUST002145,bruna rodrigues,bruna.rodrigues@mail.com,29.0,female,Salvador,BA,2022-09-30,"R$ 1.572,00",5,"R$ 1.119,00",3.5
CUST001013,Sra. Maria Laura Alves,sra..maria.laura.alves@correio.net,50.0,F,,minas gerais,2025/05/09,,8,2963,3.2
CUST001405,Eduarda Mendonça,EDUARDA.MENDONCA@EMAIL.COM,38.0,Fem,Belém,PA,12-04-2025,"R$ 3.990,00",15,"R$ 2.814,00",4.3
CUST000087,Josué Barbosa, josue.barbosa@webmail.com ,18.0,Masc,São Paulo,São Paulo,01-12-2024,3194,6,"R$ 1.347,00",5.0
CUST004957,Maria Sophia Lima,MARIA.SOPHIA.LIMA@WEBMAIL.COM,32.0,F,Ribeirão Preto,sp,25-08-2024,1.969,5,"R$ 702,00",4.6
CUST003838,Isabel Cunha,isabel.cunha@provedor.com.br,39.0,Feminino,Campinas,SÃO PAULO,2023-02-23,,7,"R$ 1.428,00",3.7
CUST003011,LUCCA VIANA,lucca.viana@email.com,41.0,male,Caxias do Sul,rs,01/06/2024,"R$ 3.135,00",7,1437,3.7
CUST004764,Davi Lucca da Mota,DAVI.LUCCA.DA.MOTA@WEBMAIL.COM,37.0,masc,Cuiabá,Mato Grosso,2025/01/05,5.771,3,"R$ 711,00",4.9
CUST002637,Ana Júlia Azevedo,ana.julia.azevedo@webmail.com,29.0,female,Ribeirão Preto,sp,27-05-2023,2608,7,1.903,3.8
CUST000693,Cecília Dias,cecilia.dias@webmail.com,33.0,FEMININO,Brasília,DF,2025/01/14,4.819,8,"R$ 2.282,00",4.4
CUST003243,Vitor Gabriel da Rosa, vitor.gabriel.da.rosa@mail.com ,22.0,male,Contagem,MG,2023/09/22,"R$ 1.259,00",6,"R$ 1.226,00",4.3
CUST004403,Luiz Gustavo Cardoso,luiz. gustavo.cardoso@provedor.com.br,58.0,male,Olinda,pernambuco,12-01-2025,6282,5,1.372,5.0
CUST005025,BERNARDO APARECIDA,BERNARDO.APARECIDA@CORREIO.NET,33.0,Masculino,Porto Alegre,Rio Grande do Sul,2024-04-25,3.291,6,810,4.5
CUST000262,LEANDRO RIBEIRO, leandro.ribeiro@provedor.com.br ,34.0,masc,Uberlândia,MG,06/06/2024,"R$ 2.393,00",9,1609,2.7
CUST002546,kevin monteiro, kevin.monteiro@provedor.com.br ,49.0,Outro,,PR,03-01-2023,4100,7,"R$ 2.828,00",3.1
CUST002493,Natália da Rosa,natalia.da.rosa@webmail.com,18.0,F,Blumenau,sc,2022/07/18,"R$ 2.289,00",6,861,3.6
CUST002531,Luiz Fernando das Neves,LUIZ.FERNANDO.DAS.NEVES@WEBMAIL.COM,48.0,MASCULINO,São Paulo,SP,2025-01-15,2487,12,3290,4.5
CUST003031,Luna Guerra,luna.guerra@webmail.com,49.0,fem,Juiz de Fora,MG,10-08-2023,1778,9,1247,2.2
CUST004633,Srta. Ester Dias,srta..ester.dias@email.com,,female,Porto Alegre,RS,2022/05/19,4936,5,1.567,3.5
CUST000675,lorenzo santos, lorenzo.santos@webmail.com ,48.0,Outro,Duque de Caxias,Rio de Janeiro,2024/12/11,"R$ 2.238,00",7,986,5.0
CUST003169,Pedro Lucas Correia,PEDRO.LUCAS.CORREIA@PROVEDOR.COM.BR,21.0,M,São Paulo,sp,20/04/2024,3209,8,1.919,4.4
CUST001606,Cecília Campos, cecilia.campos@webmail.com ,26.0,N/I,Petrópolis,Rio De Janeiro,2023/01/04,3.902,6,1.755,4.4
CUST003328,Theo Caldeira,theo.caldeira@provedor.com.br,44.0,MASCULINO,Juazeiro do Norte,Ceara,06/03/2022,"R$ 2.464,00",588,1602,2.7
CUST001418,Rafael Siqueira,rafael.siqueira@email.com,60.0,Outro,Vitória da Conquista,BA,2023-06-29,4000,10,"R$ 2.439,00",2.0
CUST000042,Srta. Mariana Peixoto,srta..mariana.peixoto@correio.net,,Feminino,Sorocaba,SÃO PAULO,14-02-2024,2.267,8,"R$ 2.056,00",4.2
CUST004155,Pedro Henrique Rocha,PEDRO.HENRIQUE.ROCHA@WEBMAIL.COM,18.0,Masc,Belo Horizonte,mg,09-09-2023,2.386,10,3508,4.3
CUST002513,Dr. Juan Melo,dr..juan.melo@correio.net,27.0,Masc,Campinas,sp,2022-11-07,1.965,3,844,4.2
CUST004742,Diogo Porto,diogo.porto@webmail.com,40.0,M,,santa catarina,26-07-2023,"R$ 1.783,00",12,2.822,3.4
CUST004959,Bento Moraes,BENTO.MORAES@PROVEDOR.COM.BR,,masc,,MG,22-06-2023,2772,6,"R$ 993,00",3.1
CUST003780,GABRIELLY ALMEIDA, gabrielly.almeida@email.com ,60.0,Feminino,,Sao Paulo,2022-04-22,"R$ 3.029,00",9,"R$ 2.589,00",4.9
CUST003544,Beatriz Ribeiro,beatriz.ribeiro@email.com,37.0,Fem,Caruaru,PE ,26-08-2023,5.756,5,1.263,
CUST005036,Anna Liz Freitas,ANNA.LIZ.FREITAS@PROVEDOR.COM.BR,35.0,FEMININO,Duque de Caxias,RJ ,13-05-2025,"R$ 3.152,00",6,1.856,4.8
CUST002392,Dr. Oliver Sales,DR..OLIVER.SALES@MAIL.COM,40.0,male,São Paulo,SP,09-04-2023,"R$ 11.186,00",10,4.157,4.6
CUST003108,heloisa aragão,heloisa. aragao@webmail.com,44.0,Fem,Contagem,mg,02-07-2024,2.714,5,1.307,5.0
CUST004640,Laura Cavalcanti,LAURA.CAVALCANTI@WEBMAIL.COM,18.0,Feminino,Santos,SP,2024-06-12,1.764,10,"R$ 2.140,00",
CUST004993,Srta. Maria Helena Aragão,SRTA..MARIA.HELENA.ARAGAO@WEBMAIL.COM,,Fem,Vitória,es,2023-09-14,"R$ 1.334,00",11,1473,2.4
CUST004454,Dr. João Miguel Cardoso,dr..joao.miguel.cardoso@email.com,32.0,Masculino,Belém,Pará,2023-12-26,4.763,7,2079,4.9
CUST000552,SR. OTÁVIO MORAES,sr..otavio.moraes@provedor.com.br,51.0,masc,Belo Horizonte,MG,05-02-2023,16449,6,"R$ 2.606,00",4.4
CUST003977,Davi Correia,davi.correia@email.com,38.0,Masculino,Maringá,pr,21/11/2023,4.004,12,3397,3.9
CUST002412,Benjamim Nascimento,benjamim.nascimento@correio.net,32.0,Masc,Sorocaba,Sao Paulo,07-08-2021,"R$ 2.664,00",9,1609,3.5
CUST002364,THEO NASCIMENTO,theo.nascimento@webmail.com,47.0,Masculino,Juazeiro do Norte,CE,2021/06/17,5.156,5,1.354,3.2
CUST004109,Allana Nunes,allana.nunes@email.com,32.0,FEMININO,Sobral,CE,22-11-2025,2723,6,"R$ 791,00",3.6
CUST001830,josé souza,jose.souza@provedor.com.br,59.0,Masculino,Contagem,MG,01-09-2022,4206,4,"R$ 1.078,00",4.4
CUST000131,Dr. Yuri Santos,dr..yuri.santos@correio.net,64.0,Masc,Caruaru,pernambuco,08-09-2022,"R$ 2.688,00",9,2.003,4.8
CUST000091,rafaela cunha,RAFAELA.CUNHA@EMAIL.COM,59.0,Fem,Sorocaba,SÃO PAULO,06-08-2024,2492,6,1.502,5.0
CUST001734,Dr. Benjamin Vasconcelos,DR..BENJAMIN.VASCONCELOS@PROVEDOR.COM.BR,67.0,Masc,Brasília,DF,2024-11-03,4.924,5,1205,3.3
CUST001549,Yago Sousa,yago. sousa@webmail.com,31.0,male,Olinda,PE ,2024-07-22,2.628,8,1312,3.7
CUST003763,Agatha Cassiano,agatha.cassiano@correio.net,42.0,female,Rio Verde,go,21/05/2023,3865,4,1.045,3.3
CUST001244,Henry Almeida,HENRY.ALMEIDA@MAIL.COM,26.0,Masc,Campinas,São Paulo,17-04-2025,"R$ 1.321,00",5,1.328,4.7
CUST001873,joão miguel da mata,JOAO.MIGUEL.DA.MATA@PROVEDOR.COM.BR,49.0,Masc,Duque de Caxias,rio de janeiro,2025-03-22,7667,10,3.001,3.4
CUST003549,Lara Cardoso,LARA.CARDOSO@CORREIO.NET,27.0,Feminino,Caxias do Sul,RS,2023/10/27,6223,10,2.363,4.6
CUST000757,Lavínia Aparecida,LAVINIA.APARECIDA@PROVEDOR.COM.BR,29.0,female,Juiz de Fora,minas gerais,26-11-2022,2933,10,2499,4.9
CUST003474,Henry Caldeira,HENRY.CALDEIRA@EMAIL.COM,54.0,MASCULINO,Juiz de Fora,Minas Gerais,19/04/2023,"R$ 2.244,00",4,1045,
CUST004865,GABRIELLY CÂMARA,GABRIELLY.CAMARA@CORREIO.NET,42.0,fem,Ribeirão Preto,SP,17/03/2024,2.790,5,987,4.1
CUST004657,Sr. Renan Carvalho, sr..renan.carvalho@correio.net ,41.0,Masculino,Curitiba,PR,04/11/2024,1404,9,1651,4.9
CUST001984,Henry Cassiano,henry.cassiano@correio.net,48.0,Masculino,Recife,pernambuco,05/11/2022,2.640,2,553,3.1
CUST002302,SR. MATEUS RODRIGUES,sr..mateus.rodrigues@mail.com,50.0,M,Maringá,PR,24-09-2023,"R$ 3.319,00",5,1537,4.1
CUST001092,Alexandre Cunha,ALEXANDRE.CUNHA@MAIL.COM,37.0,male,Blumenau,SC,15-11-2023,3515,9,"R$ 1.714,00",4.0
CUST002582,Vicente Teixeira,vicente.teixeira@mail.com,46.0,MASCULINO,Belo Horizonte,Minas Gerais,2023/03/27,1537,3,693,2.9
CUST001385,Emilly da Rocha,emilly.da.rocha@mail.com,52.0,Fem,Manaus,amazonas,22-03-2025,3181,5,"R$ 1.356,00",3.1
CUST001487,Raul Macedo,raul.macedo@webmail.com,28.0,Masculino,Santos,SP,2024-07-02,"R$ 2.073,00",8,1.226,4.6
CUST001212,Marina Silveira, marina.silveira@email.com ,49.0,FEMININO,São Paulo,São Paulo,2025-11-08,3870,12,4350,4.7
CUST004346,Heloísa Pires,HELOISA.PIRES@WEBMAIL.COM,61.0,F,Sobral,CE,2021-12-20,6.602,11,3498,
CUST001911,Maria Alice Silveira,maria. alice.silveira@webmail.com,20.0,female,Curitiba,Parana,2024-05-05,1608,8,1.583,2.9
CUST002147,dra. ana cavalcanti,dra..ana.cavalcanti@provedor.com.br,29.0,Feminino,Santos,SP,30-04-2024,2951,5,1.284,4.0
CUST003518,Sr. Antônio Pastor,SR..ANTONIO.PASTOR@CORREIO.NET,44.0,male,Juazeiro do Norte,Ceará,2023-11-26,"R$ 3.805,00",3,678,3.6
CUST002207,Emilly Sampaio,emilly. sampaio@webmail.com,44.0,female,Maringá,PR,2023/10/07,"R$ 3.424,00",9,2051,4.0
CUST002930,Dante Costela, dante.costela@email.com ,40.0,M,Niterói,RJ ,2022/11/29,2.797,6,469,5.0
CUST001808,elisa araújo, elisa.araujo@mail.com ,45.0,female,Caxias do Sul,Rio Grande do Sul,2024/11/27,3.272,12,3411,4.3
CUST004655,ravi lucca da luz,RAVI.LUCCA.DA.LUZ@WEBMAIL.COM,40.0,male,,Bahia,08-04-2022,1.379,6,614,3.9
CUST001035,rael pinto,RAEL.PINTO@MAIL.COM,53.0,Masc,Pelotas,RS,2021/10/30,"R$ 3.065,00",4,1262,3.6
CUST003910,theodoro campos,theodoro.campos@correio.net,39.0,male,Recife,PE ,2024/08/25,3148,7,"R$ 793,00",5.0
CUST003729,Rafael Ramos,rafael. ramos@email.com,36.0,Masculino,Cuiabá,MT,2025/01/29,2.158,5,1091,4.1
CUST001843,Ágatha da Mata,AGATHA.DA.MATA@WEBMAIL.COM,21.0,FEMININO,Caxias do Sul,rio grande do sul,29/05/2022,2451,3,723,4.4
CUST004387,IAN MACHADO,ian.machado@webmail.com,79.0,M,Ribeirão Preto,Sao Paulo,2025-09-16,3.221,8,1599,3.9
CUST001194,João Campos,joao.campos@email.com,18.0,male,Campinas,São Paulo,07-06-2024,1.751,1,"R$ 227,00",4.0
CUST002436,Stephany Mendonça,stephany.mendonca@correio.net,32.0,fem,Manaus,Amazonas,2023-04-26,1.803,7,1699,3.8
CUST004199,yago costa, yago.costa@mail.com ,57.0,M,Campinas,São Paulo,2024/03/05,5069,6,"R$ 1.371,00",2.9
CUST001273,THALES GARCIA,THALES.GARCIA@EMAIL.COM,36.0,M,Petrópolis,Rio De Janeiro,17-12-2023,4019,3,787,
CUST001816,Maria Duarte, maria.duarte@webmail.com ,24.0,fem,Niterói,rio de janeiro,01-05-2024,"R$ 2.229,00",5,"R$ 1.095,00",3.4
CUST002835,Maria Helena Borges,maria.helena.borges@mail.com,51.0,F,Santos,Sao Paulo,18-03-2024,"R$ 3.902,00",3,"R$ 522,00",3.8
CUST000777,Sra. Ana Carolina Albuquerque, sra..ana.carolina.albuquerque@mail.com ,45.0,fem,Petrópolis,RJ,2024/11/14,2.746,6,1022,4.3
CUST003162,Heloisa Sales,HELOISA.SALES@PROVEDOR.COM.BR,37.0,fem,Juazeiro do Norte,Ceará,21-06-2024,"R$ 3.585,00",8,2370,3.8
CUST001321,João Guilherme Moreira,JOAO.GUILHERME.MOREIRA@PROVEDOR.COM.BR,49.0,male,Sorocaba,sp,19/06/2024,3.475,2,"R$ 767,00",3.7
CUST001477,CALEBE LOPES,calebe. lopes@mail.com,46.0,male,Pelotas,RS,23/05/2022,"R$ 2.956,00",6,"R$ 1.900,00",5.0
CUST000377,Diego da Conceição,diego.da.conceicao@provedor.com.br,18.0,M,Anápolis,Goias,29/08/2022,"R$ 8.023,00",8,"R$ 2.863,00",
CUST003799,SRA. MELINA VIANA,SRA..MELINA.VIANA@WEBMAIL.COM,26.0,female,Porto Alegre,RS,2022/07/17,,8,"R$ 1.933,00",4.8
CUST004928,Giovanna Ribeiro,giovanna.ribeiro@provedor.com.br,42.0,female,Rio de Janeiro,RJ,2022/11/22,2789,5,"R$ 835,00",
CUST001175,SRA. LORENA CALDEIRA,sra. .lorena.caldeira@email.com,18.0,Feminino,Serra,Espirito Santo,27/01/2025,5049,13,3.860,3.7
CUST005027,CAMILA NOVAES,camila.novaes@correio.net,21.0,Feminino,Ribeirão Preto,SÃO PAULO,03-08-2024,"R$ 2.578,00",5,"R$ 2.636,00",3.0
CUST005049,ravi santos,ravi.santos@webmail.com,59.0,Masculino,Belém,Pará,22-04-2024,3.428,3,917,3.7
CUST003374,Larissa Garcia, larissa.garcia@correio.net ,65.0,female,Caxias do Sul,RS,2024-09-01,2280,2,493,3.2
CUST000330,davi lucca da paz,davi. lucca.da.paz@provedor.com.br,34.0,Masc,Pelotas,rs,14/04/2023,3.703,8,"R$ 1.890,00",3.8
CUST000395,Ana Beatriz Pacheco,ana.beatriz.pacheco@correio.net,33.0,FEMININO,Olinda,Pernambuco,2022-01-27,,8,2.168,
CUST001081,Ana Julia Aparecida,ana.julia.aparecida@correio.net,40.0,female,Ribeirão Preto,Sao Paulo,28-05-2024,"R$ 4.633,00",8,2550,4.6
CUST003408,Laura Siqueira,laura.siqueira@webmail.com,42.0,Fem,Niterói,Rio de Janeiro,2022-08-15,2.967,7,"R$ 2.192,00",4.3
CUST003002,Maria Fernanda da Rosa,MARIA.FERNANDA.DA.ROSA@WEBMAIL.COM,33.0,Fem,Ananindeua,PA,17/05/2024,"R$ 3.888,00",8,"R$ 2.226,00",4.6
CUST002413,Emanuel Viana,emanuel.viana@webmail.com,32.0,Masc,Rio de Janeiro,Rio de Janeiro,2024-08-15,1939,7,1.852,3.1
CUST000419,Dra. Ágatha Leão,dra..agatha.leao@webmail.com,36.0,F,Vila Velha,ES,2022/10/07,"R$ 2.205,00",10,2.000,4.7
CUST004730,Camila Mendonça,camila.mendonca@mail.com,29.0,female,Vitória,Espírito Santo,09-10-2022,3595,3,893,4.4
CUST003807,Caleb Moreira, caleb.moreira@email.com ,36.0,Masculino,,Rio De Janeiro,13/08/2024,"R$ 4.386,00",11,3.902,3.8
CUST000276,Yuri da Rocha,yuri.da.rocha@webmail.com,65.0,male,São Paulo,SP,03/07/2023,"R$ 4.984,00",5,"R$ 907,00",4.1
CUST004597,Maria Clara Martins,maria.clara.martins@email.com,55.0,female,Belo Horizonte,Minas Gerais,29/01/2022,,4,999,5.0
CUST000759,JADE SOUZA,JADE.SOUZA@PROVEDOR.COM.BR,24.0,Feminino,Pelotas,RS,2022-10-27,2.699,12,3513,3.8
CUST001135,Caio Lopes,caio. lopes@webmail.com,26.0,male,Santos,sp,31-01-2023,3426,4,1.001,3.5
CUST002634,Cauê Campos,caue.campos@mail.com,30.0,MASCULINO,Olinda,Pernambuco,2024-02-01,2038,18,3.676,4.9
CUST004469,Josué Ribeiro, josue.ribeiro@mail.com ,47.0,M,Santos,sp,17-07-2024,4314,8,"R$ 2.868,00",3.8
CUST000540,Emanuel Fonseca,emanuel.fonseca@webmail.com,56.0,M,Caruaru,PE ,03-03-2023,4.547,11,"R$ 1.982,00",3.4
CUST001087,MARIA CECÍLIA DA CUNHA, maria.cecilia.da.cunha@mail.com ,61.0,fem,Joinville,santa catarina,21-12-2023,"R$ 3.982,00",5,"R$ 1.192,00",4.1
CUST001641,Joana Nogueira,joana.nogueira@webmail.com,59.0,FEMININO,Fortaleza,ce,06/12/2024,"R$ 2.564,00",6,1.484,5.0
CUST000464,AYLA LOPES,ayla. lopes@correio.net,41.0,fem,Vitória da Conquista,bahia,2023/10/26,3.583,4,1098,4.6
CUST000329,Gustavo da Mata, gustavo.da.mata@email.com ,38.0,prefer not to say,Juiz de Fora,mg,2022-02-05,972,10,1958,4.9
CUST001765,Caleb Guerra,caleb.guerra@email.com,68.0,Masc,Porto Alegre,rs,08/06/2021,6586,6,"R$ 1.661,00",4.6
CUST002172,Dr. Luan Casa Grande,dr..luan.casa.grande@webmail.com,27.0,MASCULINO,Sorocaba,SÃO PAULO,15/08/2022,"R$ 3.946,00",8,1417,3.4
CUST003112,APOLLO SOUSA,apollo.sousa@provedor.com.br,18.0,M,São Paulo,São Paulo,10/04/2025,,5,"R$ 1.528,00",3.7
CUST004260,ISAQUE MOREIRA,isaque.moreira@webmail.com,37.0,Masculino,Rio de Janeiro,Rio de Janeiro,06/04/2024,3.366,14,3.233,3.6
CUST004131,Gabriel Aparecida,GABRIEL.APARECIDA@EMAIL.COM,18.0,MASCULINO,Sorocaba,sp,29/12/2024,1.336,5,"R$ 999,00",3.6
CUST003779,Isaac Fonseca,ISAAC.FONSECA@EMAIL.COM,58.0,masc,Olinda,pernambuco,2023-08-11,"R$ 4.124,00",9,"R$ 2.948,00",4.1
CUST000503,SR. PEDRO HENRIQUE ALMEIDA,sr..pedro.henrique.almeida@mail.com,36.0,masc,Campinas,SÃO PAULO,17-12-2022,2633,11,"R$ 2.998,00",3.2
CUST002394,júlia moreira,JULIA.MOREIRA@WEBMAIL.COM,34.0,female,Sorocaba,São Paulo,14/09/2022,2.394,6,875,5.0
CUST002065,Sra. Ester Gomes,SRA..ESTER.GOMES@EMAIL.COM,150.0,female,Duque de Caxias,RJ,2024-01-14,4.808,9,2628,5.0
CUST004733,Maitê Rocha,maite.rocha@webmail.com,37.0,Feminino,Vitória da Conquista,BA,06-06-2023,2443,6,"R$ 1.936,00",3.2
CUST004351,asafe novaes,ASAFE.NOVAES@EMAIL.COM,49.0,MASCULINO,Rio de Janeiro,Rio De Janeiro,13-12-2022,4103,11,2583,4.3
CUST000363,SRA. ANNA LIZ FARIAS,SRA..ANNA.LIZ.FARIAS@MAIL.COM,36.0,F,Niterói,Rio de Janeiro,2025-12-05,2828,7,1.988,3.5
CUST000580,maria fernanda da costa,MARIA.FERNANDA.DA.COSTA@MAIL.COM,29.0,Fem,Ananindeua,pa,2022-11-14,"R$ 5.652,00",8,2254,3.7
CUST003608,dr. henrique das neves,dr..henrique.das.neves@mail.com,18.0,masc,Juazeiro do Norte,Ceara,05/07/2024,1.533,6,1288,4.4
CUST004780,vitória freitas, vitoria.freitas@email.com ,35.0,female,Anápolis,Goias,2024-04-05,3.371,10,1688,3.9
CUST002678,Sarah Teixeira,SARAH.TEIXEIRA@CORREIO.NET,31.0,Feminino,,go,30/09/2023,"R$ 6.229,00",10,"R$ 2.781,00",2.7
CUST001492,noah andrade, noah.andrade@email.com ,42.0,MASCULINO,Vila Velha,Espirito Santo,01/09/2022,3.938,7,1.829,4.0
CUST003879,Hadassa Dias,hadassa.dias@webmail.com,32.0,Feminino,Olinda,PE,16-02-2025,1.413,6,1329,
CUST004060,Gustavo Henrique Pastor, gustavo.henrique.pastor@email.com ,35.0,M,Rio de Janeiro,rio de janeiro,2024-11-16,3620,7,"R$ 2.296,00",3.2
CUST000468,Noah Fogaça,NOAH.FOGACA@WEBMAIL.COM,37.0,M,Vitória da Conquista,BA ,12-09-2023,5.913,5,1.219,
CUST004105,Enzo Gabriel Rocha,enzo.gabriel.rocha@mail.com,39.0,MASCULINO,Manaus,am,11/04/2024,,9,2.938,4.2
CUST003898,DR. ANTHONY GABRIEL CASSIANO,dr..anthony.gabriel.cassiano@mail.com,19.0,Masculino,Petrópolis,RJ,31/03/2024,"R$ 2.048,00",4,1.053,
CUST001221,João Lucas Gomes,joao.lucas.gomes@provedor.com.br,47.0,male,Campinas,sp,15/04/2025,2.967,7,"R$ 998,00",4.1
CUST000248,CAIO DA MOTA,CAIO.DA.MOTA@PROVEDOR.COM.BR,51.0,masc,São Paulo,São Paulo,03/04/2025,"R$ 7.264,00",5,"R$ 1.774,00",3.7
CUST002705,Noah da Mata,NOAH.DA.MATA@PROVEDOR.COM.BR,51.0,Masculino,São Paulo,SÃO PAULO,05/04/2021,,6,2.223,3.6
CUST000682,dra. maitê nunes,DRA..MAITE.NUNES@PROVEDOR.COM.BR,18.0,female,Ananindeua,Para,28/04/2025,3007,18,1.876,4.9
CUST003041,ANA LIZ PIMENTA,ana.liz.pimenta@provedor.com.br,32.0,Fem,Cuiabá,MT,2023-10-19,"R$ 3.782,00",10,3.239,4.5
CUST004198,ISABELLA CAVALCANTE,isabella.cavalcante@correio.net,36.0,Fem,Santos,SÃO PAULO,02/07/2023,"R$ 1.891,00",13,"R$ 2.937,00",3.9
CUST001348,Ana Beatriz Marques, ana.beatriz.marques@email.com ,,FEMININO,Juazeiro do Norte,ce,2024-03-05,2.856,6,"R$ 1.354,00",3.9
CUST003132,Isabel Peixoto,isabel.peixoto@correio.net,37.0,female,,SP,07-09-2022,3.407,5,1.008,
CUST003714,Cauê Silveira,CAUE.SILVEIRA@EMAIL.COM,31.0,male,São Paulo,Sao Paulo,2023/09/13,5.175,5,1676,4.2
CUST001633,Ryan Novaes,ryan.novaes@mail.com,58.0,masc,Porto Alegre,rs,2023-03-29,5158,6,1.181,3.8
CUST002743,MATHIAS ALBUQUERQUE, mathias.albuquerque@mail.com ,37.0,Masc,Sobral,ce,30/06/2022,3.267,10,3313,4.4
CUST001430,Alícia Aragão,alicia.aragao@email.com,41.0,Feminino,Juiz de Fora,MG,2025-01-29,2789,3,"R$ 913,00",4.4
CUST000531,Thiago Gomes,THIAGO.GOMES@MAIL.COM,28.0,male,Sorocaba,sp,2021-08-16,"R$ 2.562,00",5,1062,
CUST003016,Clarice Siqueira,clarice.siqueira@provedor.com.br,57.0,Fem,Sorocaba,São Paulo,2024/04/12,2.468,2,413,
CUST002522,Hellena Viana,HELLENA.VIANA@WEBMAIL.COM,43.0,Outro,Campinas,SP,2025/10/01,"R$ 188.348,00",12,3.038,
CUST000800,Juan Freitas,juan.freitas@webmail.com,43.0,male,Caxias do Sul,rs,08-01-2023,"R$ 3.745,00",7,"R$ 1.691,00",2.7
CUST000711,alexia caldeira,ALEXIA.CALDEIRA@EMAIL.COM,45.0,F,Fortaleza,Ceará,29/05/2024,"R$ 1.584,00",2,293,3.9
CUST002872,pedro henrique nascimento,PEDRO.HENRIQUE.NASCIMENTO@PROVEDOR.COM.BR,22.0,male,Vitória da Conquista,bahia,31-07-2023,3.842,8,1872,3.4
CUST003055,CARLOS EDUARDO DA CRUZ,CARLOS.EDUARDO.DA.CRUZ@EMAIL.COM,28.0,M,Florianópolis,sc,2024-01-31,900,4,"R$ 794,00",1.8
CUST002064,OLIVIA SILVA,olivia.silva@email.com,38.0,FEMININO,Caxias do Sul,rio grande do sul,18/04/2025,4385,9,3111,3.8
CUST001008,joaquim moreira,JOAQUIM.MOREIRA@CORREIO.NET,,M,,rs,18/08/2022,5970,5,1.692,4.2
CUST004892,Kaique Nunes, kaique.nunes@mail.com ,27.0,M,Curitiba,Paraná,12-01-2024,"R$ 7.079,00",7,"R$ 2.946,00",5.0
CUST001126,DR. OTÁVIO SAMPAIO, dr..otavio.sampaio@webmail.com ,40.0,Masc,Uberlândia,minas gerais,04/07/2023,6795,6,"R$ 1.886,00",3.8
CUST002959,Gabrielly Nogueira,GABRIELLY.NOGUEIRA@MAIL.COM,31.0,outro,Salvador,BA,2024/04/21,3.195,4,1070,4.1
CUST003197,Felipe Duarte,felipe.duarte@provedor.com.br,41.0,Masc,,ES,12/11/2024,1683,5,"R$ 822,00",3.4
CUST001078,luna da paz,LUNA.DA.PAZ@EMAIL.COM,38.0,Feminino,Blumenau,SC,2024/07/17,3557,6,"R$ 1.313,00",3.6
CUST003846,Sara Brito,sara.brito@correio.net,59.0,Feminino,Santos,sp,2025-03-27,6.193,9,1959,4.6
CUST004861,ENZO GABRIEL MOURA, enzo.gabriel.moura@email.com ,50.0,male,Santos,SÃO PAULO,2024-11-17,4870,6,2.122,4.5
CUST004208,Kevin Andrade,kevin.andrade@mail.com,50.0,Masc,Feira de Santana,BA,2023/05/22,7230,7,2214,5.0
CUST000415,ana carolina da rosa,ana. carolina.da.rosa@correio.net,33.0,FEMININO,Uberlândia,mg,2023-08-05,3502,5,696,3.7
CUST002325,dra. ester camargo,dra..ester.camargo@mail.com,48.0,F,Joinville,santa catarina,03-09-2024,2241,6,1.069,3.1
CUST001219,THEO JESUS, theo.jesus@provedor.com.br ,38.0,Masc,Duque de Caxias,Rio de Janeiro,2023/06/05,"R$ 4.687,00",7,"R$ 1.765,00",3.8
CUST001950,Dr. Raul Sampaio, dr..raul.sampaio@email.com ,49.0,Masc,Caruaru,PE,27/11/2023,"R$ 4.059,00",6,1.507,4.0
CUST004538,LUARA REZENDE, luara.rezende@provedor.com.br ,56.0,FEMININO,Ribeirão Preto,Sao Paulo,03-11-2024,"R$ 2.136,00",5,"R$ 1.018,00",2.8
CUST004783,Ana Cassiano,ana.cassiano@provedor.com.br,19.0,F,Feira de Santana,BA ,2025-07-19,1843,9,"R$ 2.163,00",4.5
CUST001417,ANA CLARA DA ROSA,ana.clara.da.rosa@correio.net,46.0,female,Campinas,São Paulo,05-06-2022,"R$ 2.173,00",6,1104,3.2
CUST001147,Ana Vitória Monteiro,ANA.VITORIA.MONTEIRO@MAIL.COM,35.0,F,Brasília,Distrito Federal,2022/10/24,3.450,8,2.346,5.0
CUST004556,Ravy Martins,ravy.martins@mail.com,46.0,M,Ribeirão Preto,sp,2024-03-30,2.599,6,1.071,3.2
CUST003988,Gael da Cunha,gael.da.cunha@email.com,44.0,MASCULINO,Juazeiro do Norte,ce,07/08/2023,4.200,9,3.822,5.0
CUST001041,Rebeca Cavalcante, rebeca.cavalcante@correio.net ,50.0,Fem,Florianópolis,santa catarina,2024/01/31,3.628,9,3310,4.0
CUST000779,Rafael Ramos,rafael.ramos@correio.net,34.0,M,Feira de Santana,BA ,2023-09-07,"R$ 6.630,00",11,3.566,5.0
CUST000946,Pietro Novais,pietro.novais@mail.com,35.0,masc,Ribeirão Preto,SÃO PAULO,2021/09/13,2797,4,1077,2.9
CUST003127,Ana Laura da Rosa,ana.laura.da.rosa@mail.com,23.0,fem,Várzea Grande,mt,2023/08/23,4030,7,"R$ 1.921,00",5.0
CUST004353,Jade Almeida,jade. almeida@webmail.com,29.0,FEMININO,Salvador,bahia,22/09/2023,"R$ 6.951,00",12,4026,4.6
CUST003256,João Vitor Ribeiro, joao.vitor.ribeiro@email.com ,20.0,Masculino,,Distrito Federal,30/12/2022,4.391,14,4.296,4.3
CUST000914,renan araújo,renan.araujo@mail.com,34.0,male,Manaus,Amazonas,17/08/2022,3752,8,2783,3.9
CUST004224,Maria Luiza Azevedo,maria. luiza.azevedo@email.com,18.0,FEMININO,Brasília,df,2022-02-21,4445,7,"R$ 1.382,00",4.3
CUST002855,Davi Lucas Rodrigues,davi.lucas.rodrigues@email.com,51.0,male,Juiz de Fora,minas gerais,28-03-2024,4.834,6,1985,4.9
CUST004963,Lívia Porto,LIVIA.PORTO@CORREIO.NET,52.0,FEMININO,Maringá,PR,15-06-2024,2355,7,"R$ 1.048,00",3.8
CUST001729,olivia peixoto,olivia.peixoto@webmail.com,36.0,fem,Sobral,CE,2024-07-05,2.295,3,379,4.5
CUST001192,zoe fogaça,zoe.fogaca@provedor.com.br,46.0,Feminino,Sorocaba,São Paulo,04/04/2025,,5,1298,4.6
CUST005001,davi lucas da rosa,davi.lucas.da.rosa@correio.net,21.0,masc,Porto Alegre,RS,2023-02-26,2.288,7,613,2.7
CUST000882,Allana da Luz,allana. da.luz@provedor.com.br,35.0,FEMININO,Cuiabá,MT,2023-06-24,3.785,4,886,4.7
CUST001587,Sra. Ana Carolina Borges,sra..ana.carolina.borges@mail.com,49.0,fem,Uberlândia,MG,24/02/2023,"R$ 5.220,00",12,"R$ 3.206,00",4.8
CUST003493,Matteo Barbosa,matteo. barbosa@provedor.com.br,18.0,masc,Uberlândia,mg,2021/03/13,,5,"R$ 1.225,00",4.9
CUST001763,Stella Nascimento,STELLA.NASCIMENTO@EMAIL.COM,25.0,Feminino,Pelotas,rio grande do sul,2023-01-09,"R$ 1.816,00",6,"R$ 1.633,00",4.4
CUST000072,DRA. ANA LIZ DA CONCEIÇÃO,DRA..ANA.LIZ.DA.CONCEICAO@WEBMAIL.COM,38.0,Feminino,Santos,SÃO PAULO,2024-09-17,5.856,5,"R$ 1.679,00",5.0
CUST000125,Gabrielly Rodrigues,GABRIELLY.RODRIGUES@MAIL.COM,38.0,fem,Contagem,MG,2023/11/07,"R$ 4.155,00",7,1.965,2.9
CUST004398,Ravy Souza,ravy.souza@provedor.com.br,48.0,Masc,Duque de Caxias,Rio de Janeiro,21-11-2022,6.584,3,823,5.0
CUST002696,Dra. Ester Oliveira,dra..ester.oliveira@webmail.com,39.0,female,Ribeirão Preto,São Paulo,2022/12/11,6951,6,"R$ 1.502,00",4.5
CUST000086,Fernando da Mota,FERNANDO.DA.MOTA@PROVEDOR.COM.BR,,Masculino,Brasília,Distrito Federal,12-01-2023,3.162,8,"R$ 1.923,00",4.4
CUST001371,Rafaela Azevedo,rafaela.azevedo@email.com,43.0,F,Fortaleza,Ceara,10-12-2022,"R$ 5.065,00",3,862,3.3
CUST000076,Davi Lucca Silveira,DAVI.LUCCA.SILVEIRA@WEBMAIL.COM,46.0,M,Manaus,amazonas,2023/07/16,3351,8,"R$ 2.012,00",3.8
CUST004930,Luna Lima,LUNA.LIMA@CORREIO.NET,29.0,FEMININO,Porto Alegre,Rio Grande do Sul,31-10-2024,"R$ 3.071,00",6,1.392,1.7
CUST003346,Asafe Moreira,asafe.moreira@webmail.com,60.0,male,Contagem,MG,26-07-2024,"R$ 2.955,00",8,"R$ 1.380,00",3.8
CUST004623,Clara Siqueira,clara.siqueira@email.com,18.0,Não binário,,Rio de Janeiro,04/07/2024,4943,1,174,4.6
CUST000545,Maria Isis da Paz,maria.isis.da.paz@email.com,,fem,Maringá,pr,2023-09-08,"R$ 5.632,00",6,1533,3.5
CUST002148,Lucas Fernandes,LUCAS.FERNANDES@CORREIO.NET,19.0,Masc,Belo Horizonte,MG,2023/04/05,251.886,7,1294,4.3
CUST001866,Dr. Noah Correia,DR..NOAH.CORREIA@PROVEDOR.COM.BR,20.0,masc,Brasília,distrito federal,2023/03/19,2.283,7,1734,4.6
CUST003476,Luara Casa Grande,luara.casa.grande@mail.com,40.0,female,Ribeirão Preto,sp,14-03-2022,2.592,689,564,3.6
CUST003683,Dr. Luiz Felipe Fonseca,dr. .luiz.felipe.fonseca@provedor.com.br,41.0,Masculino,Porto Alegre,rio grande do sul,2025-02-11,7.905,13,4815,4.3
CUST004672,Letícia Aparecida,LETICIA.APARECIDA@EMAIL.COM,46.0,F,Ribeirão Preto,SÃO PAULO,2023-04-19,1603,5,"R$ 717,00",3.7
CUST000183,Dr. Thales Guerra,DR..THALES.GUERRA@EMAIL.COM,24.0,M,Brasília,DF,2022/09/17,1.571,11,"R$ 3.515,00",4.3
CUST003558,Otto Cassiano, otto.cassiano@mail.com ,48.0,Masc,,São Paulo,2024-11-16,7.651,10,"R$ 4.021,00",4.2
CUST005041,Matheus Farias,matheus.farias@provedor.com.br,28.0,Masculino,Campinas,sp,2022-08-19,5127,7,"R$ 2.167,00",3.9
CUST000260,Ayla da Rocha,ayla.da.rocha@email.com,53.0,F,Londrina,Parana,28/07/2024,2.256,6,1273,3.3
CUST000681,SRTA. DANIELA CAVALCANTE, srta..daniela.cavalcante@email.com ,31.0,F,Londrina,Parana,2021/09/02,"R$ 3.629,00",8,2.050,
CUST001996,Valentina da Cruz,valentina. da.cruz@provedor.com.br,,F,Pelotas,rs,2022-05-16,196868,5,1.246,4.2
CUST001659,SRA. BELLA SANTOS,sra. .bella.santos@correio.net,40.0,FEMININO,Sorocaba,sp,2025/03/09,"R$ 3.448,00",5,"R$ 1.311,00",3.2
CUST003528,Sr. Gustavo Henrique Ribeiro,sr..gustavo.henrique.ribeiro@correio.net,30.0,MASCULINO,Rio de Janeiro,rio de janeiro,2022/08/20,4.582,9,"R$ 2.053,00",3.2
CUST000082,BEATRIZ ARAÚJO,BEATRIZ.ARAUJO@MAIL.COM,51.0,FEMININO,Juazeiro do Norte,CE,2024/09/28,2914,8,1.411,3.6
CUST000566,Luana Viana,luana.viana@email.com,48.0,FEMININO,Rio de Janeiro,Rio de Janeiro,2024/12/10,"R$ 2.816,00",2,607,2.9
CUST002820,Dra. Hadassa Pacheco,dra. .hadassa.pacheco@mail.com,33.0,Feminino,Brasília,DF,22/10/2024,4.520,5,1.464,4.2
CUST002384,Bárbara da Mota,barbara. da.mota@email.com,32.0,fem,Caruaru,Pernambuco,07-06-2023,"R$ 2.795,00",6,"R$ 1.615,00",5.0
CUST003522,Davi Lucas Brito,DAVI.LUCAS.BRITO@MAIL.COM,37.0,masc,Campinas,SP,2023/10/02,"R$ 5.518,00",6,"R$ 2.174,00",3.4
CUST002736,MARIA CECÍLIA MELO,maria. cecilia.melo@webmail.com,39.0,FEMININO,Olinda,PE ,26-04-2024,"R$ 1.547,00",5,815,4.0
CUST000888,Rebeca Marques,REBECA.MARQUES@EMAIL.COM,22.0,female,Santos,SP,2024-05-12,3549,6,1086,5.0
CUST004860,Maria Fernanda Garcia, maria.fernanda.garcia@provedor.com.br ,29.0,F,Maringá,Paraná,21/03/2023,5.108,5,"R$ 2.022,00",3.2
CUST002289,EMANUELLA PASTOR,emanuella.pastor@provedor.com.br,18.0,F,Ananindeua,pa,2023-11-20,"R$ 2.475,00",8,"R$ 2.142,00",4.0
CUST004639,Sr. Leonardo Aragão,sr. .leonardo.aragao@provedor.com.br,22.0,male,Uberlândia,MG,27-08-2024,1396,7,"R$ 2.173,00",3.6
CUST004119,Dra. Rafaela Camargo,dra..rafaela.camargo@mail.com,23.0,female,São Paulo,sp,05-09-2023,"R$ 2.237,00",4,"R$ 973,00",3.4
CUST001584,Vitor Gabriel Sampaio,vitor. gabriel.sampaio@provedor.com.br,23.0,MASCULINO,Ribeirão Preto,sp,09-11-2021,,3,573,3.5
CUST003160,Bella Marques, bella.marques@mail.com ,30.0,FEMININO,Niterói,Rio De Janeiro,2023/09/06,1.485,12,2307,4.2
CUST002183,João Pedro da Mota,joao.pedro.da.mota@mail.com,28.0,Masc,Brasília,Distrito Federal,2025-04-20,2.055,12,2048,2.3
CUST002516,Pietra Aparecida,pietra.aparecida@provedor.com.br,150.0,FEMININO,Juazeiro do Norte,Ceará,2025-03-07,2904,4,580,4.3
CUST004691,ravy novaes,ravy.novaes@correio.net,42.0,M,Pelotas,RS,01-08-2022,7.756,5,"R$ 1.965,00",4.5
CUST002424,Rafael Cavalcanti,rafael.cavalcanti@provedor.com.br,45.0,MASCULINO,Olinda,Pernambuco,2023/12/08,4947,6,1.662,5.0
CUST000310,José Alves,JOSE.ALVES@PROVEDOR.COM.BR,39.0,M,Feira de Santana,BA ,2023-10-22,4854,13,"R$ 4.904,00",3.2
CUST004846,Clara Moreira, clara.moreira@email.com ,47.0,Feminino,Uberlândia,MG,08/02/2024,4144,4,1076,4.1
CUST000559,Dr. Davi Lucca Peixoto,dr..davi.lucca.peixoto@email.com,40.0,M,Vitória,Espírito Santo,2022/06/23,"R$ 3.533,00",5,1.197,5.0
CUST002769,Fernanda da Luz,fernanda.da.luz@email.com,42.0,FEMININO,Santos,São Paulo,2024-02-19,3.290,6,849,4.9
CUST000270,Dr. João Guilherme Silveira,dr..joao.guilherme.silveira@webmail.com,53.0,M,Maringá,PR,2021/11/03,"R$ 4.175,00",7,2080,3.3
CUST000512,miguel das neves,miguel.das.neves@provedor.com.br,47.0,M,Olinda,PE ,2024-05-11,"R$ 2.623,00",8,2035,3.5
CUST000485,bryan aragão,bryan.aragao@webmail.com,47.0,Masculino,Feira de Santana,Bahia,2023/06/15,5003,8,3060,3.4
CUST004272,Davi Lucca da Mata,DAVI.LUCCA.DA.MATA@MAIL.COM,57.0,Masc,Salvador,BA,14/09/2025,"R$ 5.686,00",5,"R$ 1.776,00",3.2
CUST002056,Dr. Dom Vasconcelos,DR..DOM.VASCONCELOS@EMAIL.COM,65.0,MASCULINO,Juiz de Fora,mg,28-11-2022,6020,7,2084,
CUST003599,SR. ERICK BARBOSA, sr..erick.barbosa@email.com ,,Masc,Santos,SP,11/12/2022,5.585,7,2.553,4.2
CUST000952,BRYAN SILVEIRA,BRYAN.SILVEIRA@PROVEDOR.COM.BR,29.0,male,Maringá,Paraná,24-09-2024,1160,5,1.122,2.9
CUST004953,ravi lucca da conceição,RAVI.LUCCA.DA.CONCEICAO@WEBMAIL.COM,42.0,M,Juazeiro do Norte,Ceara,26-05-2023,"R$ 1.426,00",9,1.800,5.0
CUST000637,Dra. Eduarda Alves, dra..eduarda.alves@webmail.com ,29.0,Feminino,Curitiba,Paraná,2021/10/16,"R$ 2.393,00",8,"R$ 1.572,00",3.4
CUST002376,ANA LUIZA CALDEIRA,ana.luiza.caldeira@webmail.com,50.0,Feminino,Juazeiro do Norte,ce,2023-02-22,"R$ 6.503,00",6,1.813,3.2
CUST000371,benjamin da rocha,benjamin.da.rocha@correio.net,34.0,Masculino,Salvador,BA ,16/09/2024,"R$ 4.268,00",6,"R$ 1.264,00",5.0
CUST001324,Diogo Nunes,DIOGO.NUNES@CORREIO.NET,23.0,Outro,Sorocaba,SP,2024-06-19,3534,3,1.093,5.0
CUST004815,Isabella Cavalcanti,isabella.cavalcanti@email.com,34.0,fem,Vitória da Conquista,BA,2023/08/12,"R$ 3.808,00",10,2.722,3.4
CUST002176,DRA. BRUNA ABREU, dra..bruna.abreu@mail.com ,32.0,fem,Sorocaba,sp,26/06/2024,"R$ 2.858,00",6,"R$ 1.342,00",2.7
CUST004210,Davi Miguel Martins, davi.miguel.martins@correio.net ,27.0,MASCULINO,Juazeiro do Norte,Ceará,2022-07-30,7309,9,3236,4.3
CUST001142,Sra. Eloah Freitas,sra..eloah.freitas@correio.net,23.0,F,Santos,SP,2022-09-26,5282,5,1507,4.2
CUST000117,Emanuel Macedo,emanuel.macedo@provedor.com.br,35.0,prefer not to say,Fortaleza,Ceara,13/08/2022,2172,8,1092,3.1
CUST002099,AUGUSTO VARGAS,augusto.vargas@webmail.com,32.0,MASCULINO,Ananindeua,pa,2024-04-06,"R$ 3.074,00",10,2329,3.3
CUST001103,Sr. Pedro Lucas Ferreira,SR..PEDRO.LUCAS.FERREIRA@MAIL.COM,38.0,male,Sorocaba,São Paulo,2024/10/04,7265,7,1715,4.7
CUST003826,Caleb das Neves,caleb.das.neves@provedor.com.br,31.0,M,Vila Velha,ES,15/06/2022,1.993,9,1.973,3.9
CUST002666,SR. JOSUÉ DA COSTA,sr..josue.da.costa@email.com,53.0,Masculino,,rio grande do sul,25/02/2025,,5,1.463,2.4
CUST002280,José Pedro Araújo, jose.pedro.araujo@email.com ,47.0,masc,Belo Horizonte,MG,2024/12/16,4.093,9,1.683,3.8
CUST003887,letícia silva,LETICIA.SILVA@WEBMAIL.COM,26.0,female,Niterói,Rio De Janeiro,21/03/2024,2.717,4,720,4.5
CUST000923,allana costela, allana.costela@mail.com ,45.0,Feminino,São Paulo,sp,2023/06/17,2605,5,"R$ 999,00",4.4
CUST004051,Rodrigo Câmara,rodrigo.camara@mail.com,60.0,MASCULINO,Campinas,sp,22-10-2021,"R$ 4.381,00",9,3.407,4.6
CUST004603,Luísa Brito,LUISA.BRITO@PROVEDOR.COM.BR,22.0,Feminino,Caxias do Sul,rio grande do sul,2024-01-28,"R$ 5.039,00",10,"R$ 3.060,00",3.3
CUST000409,MARCELO CALDEIRA,marcelo.caldeira@email.com,37.0,Masc,Florianópolis,SC,14-03-2025,"R$ 2.243,00",1,260,4.5
CUST002037,Ana Liz Pires,ana.liz.pires@provedor.com.br,45.0,F,Londrina,PR,2022/04/03,,9,3.508,3.0
CUST002349,agatha gomes,agatha. gomes@provedor.com.br,43.0,Feminino,Uberlândia,Minas Gerais,04-01-2025,3831,9,"R$ 2.000,00",4.2
CUST004434,André Mendonça,ANDRE.MENDONCA@EMAIL.COM,43.0,male,São Paulo,São Paulo,2024-09-30,"R$ 3.120,00",4,128.161,3.8
CUST004078,pedro moraes, pedro.moraes@provedor.com.br ,28.0,Masc,Sorocaba,sp,2024/08/19,,13,"R$ 2.199,00",4.6
CUST000225,Srta. Ana da Cruz,SRTA..ANA.DA.CRUZ@EMAIL.COM,40.0,FEMININO,Belo Horizonte,MG,2023/07/24,"R$ 2.061,00",5,775,4.2
CUST004122,Diego Fogaça,diego.fogaca@correio.net,33.0,MASCULINO,Campinas,São Paulo,2024/04/13,"R$ 2.560,00",11,2086,4.3
CUST004171,Théo Freitas,theo.freitas@provedor.com.br,29.0,MASCULINO,Curitiba,pr,2023-03-21,5192,5,1446,4.1
CUST001836,BELLA DA LUZ,bella.da.luz@mail.com,36.0,Fem,Belo Horizonte,MG,01-03-2024,2851,5,"R$ 791,00",3.4
CUST003066,Marcela Pires, marcela.pires@webmail.com ,36.0,Fem,Juiz de Fora,MG,2025/02/03,"R$ 3.365,00",8,2.288,
CUST001029,SOPHIA GOMES,sophia.gomes@webmail.com,60.0,fem,Santos,Sao Paulo,2024-04-14,12389,5,1889,3.1
CUST003906,Helena Ferreira,helena.ferreira@webmail.com,60.0,fem,,MG,18-07-2024,7372,11,"R$ 3.845,00",3.8
CUST001713,GABRIELLY SALES,gabrielly.sales@mail.com,25.0,Outro,Ribeirão Preto,sp,12-11-2021,1216,8,2029,2.5
CUST001299,Mathias Cirino,MATHIAS.CIRINO@CORREIO.NET,42.0,M,Sorocaba,São Paulo,2025-01-01,4.298,10,2.163,3.4
CUST002102,Benjamim Leão,BENJAMIM.LEAO@EMAIL.COM,72.0,male,Ribeirão Preto,SP,24/12/2023,6106,7,"R$ 1.250,00",3.9
CUST002760,Josué Moreira, josue.moreira@correio.net ,48.0,MASCULINO,Fortaleza,Ceara,20/08/2023,3.273,9,1.686,3.3
CUST002682,Zoe Cunha,zoe.cunha@webmail.com,26.0,FEMININO,Caxias do Sul,RS,11-05-2023,2185,6,"R$ 1.388,00",2.5
CUST000633,MARIA PIMENTA,maria.pimenta@provedor.com.br,33.0,F,Campinas,SP,2025-02-23,2.503,4,227113,5.0
CUST002787,Olivia Carvalho, olivia.carvalho@mail.com ,49.0,female,Petrópolis,rio de janeiro,2021-11-01,"R$ 3.553,00",7,"R$ 2.334,00",4.9
CUST001093,Breno Cardoso,breno.cardoso@correio.net,,male,Niterói,RJ ,2022/08/10,2344,7,1.503,4.0
CUST000634,kamilly porto,kamilly. porto@email.com,18.0,FEMININO,,mg,11/08/2022,1438,4,489,
CUST004340,Arthur Miguel Fogaça,arthur.miguel.fogaca@correio.net,28.0,M,São Paulo,São Paulo,22/05/2022,,6,810,4.5
CUST003846,Sara Brito,sara.brito@correio.net,59.0,Feminino,Santos,sp,2026-01-10,6.193,18,1959,4.6
CUST000040,Ayla Sá, ayla.sa@correio.net ,59.0,FEMININO,Santos,sp,2024/05/12,5424,7,"R$ 1.652,00",2.9
CUST002843,Sr. Léo Moraes, sr..leo.moraes@mail.com ,43.0,Masculino,Cuiabá,mt,21-03-2025,2.250,1,193,4.4
CUST002292,Srta. Raquel Cirino,srta..raquel.cirino@email.com,42.0,outro,Caxias do Sul,rs,01-07-2024,4651,7,"R$ 2.102,00",3.6
CUST004802,Alexandre Nascimento,alexandre.nascimento@webmail.com,53.0,prefer not to say,Juazeiro do Norte,Ceará,25/10/2023,3.352,4,830,3.8
CUST004206,Raul Campos,raul.campos@provedor.com.br,22.0,masc,Campinas,São Paulo,2023/01/07,4.213,7,1.997,3.4
CUST001620,Davi Lucas Rios,davi. lucas.rios@email.com,40.0,male,Rio de Janeiro,Rio De Janeiro,17-06-2023,"R$ 3.289,00",5,1.099,3.3
CUST001523,Théo da Rosa,THEO.DA.ROSA@MAIL.COM,64.0,MASCULINO,Caruaru,Pernambuco,22/10/2022,2.892,10,2.100,4.3
CUST003833,Clarice Alves,clarice.alves@webmail.com,40.0,outro,Curitiba,Paraná,03-08-2024,1.328,7,1193,3.7
CUST001339,Lorenzo da Mata,lorenzo. da.mata@provedor.com.br,40.0,Masculino,Belo Horizonte,Minas Gerais,2022-02-03,"R$ 5.308,00",8,2880,4.1
CUST002135,Isabel Santos,isabel.santos@correio.net,33.0,female,Olinda,PE ,2023/12/19,1793,9,1428,3.6
CUST001855,Vitor Albuquerque, vitor.albuquerque@email.com ,61.0,M,Brasília,df,20/10/2022,"R$ 7.744,00",12,4602,2.8
CUST002920,Danilo Pinto,danilo.pinto@provedor.com.br,47.0,male,Petrópolis,rio de janeiro,2025-04-28,2.695,6,1288,3.8
CUST004551,DR. VICENTE DUARTE,dr. .vicente.duarte@webmail.com,50.0,MASCULINO,Santos,Sao Paulo,2024-01-09,3.225,8,630,5.0
CUST002765,Antonella Leão,antonella.leao@correio.net,38.0,Feminino,Duque de Caxias,rio de janeiro,30-08-2024,2975,8,1157,5.0
CUST004697,João Miguel Rocha,joao.miguel.rocha@correio.net,24.0,Masc,Petrópolis,RJ ,05-08-2023,"R$ 1.618,00",6,"R$ 838,00",
CUST005070,Isis Jesus,isis.jesus@mail.com,37.0,fem,Santos,São Paulo,29-07-2023,3371,4,750,3.0
CUST002551,Sra. Maria Vitória Cavalcanti,sra. .maria.vitoria.cavalcanti@email.com,35.0,Fem,Sorocaba,SÃO PAULO,2022/08/14,5150,8,2072,3.9
CUST000529,Ana Carolina Araújo,ana.carolina.araujo@webmail.com,47.0,fem,Sobral,ce,31/07/2023,7133,9,2937,2.7
CUST005063,aylla araújo, aylla.araujo@email.com ,36.0,FEMININO,Anápolis,go,24-04-2024,"R$ 3.443,00",15,3464,4.3
CUST000422,Lara Andrade, lara.andrade@email.com ,46.0,F,Santos,São Paulo,10-04-2025,"R$ 2.227,00",10,3039,3.9
CUST001197,Clara Borges, clara.borges@provedor.com.br ,46.0,female,Ananindeua,Para,2024-04-05,,4,1.313,3.0
CUST000653,Ana Sophia Machado, ana.sophia.machado@correio.net ,31.0,female,Serra,Espirito Santo,2024/12/24,"R$ 5.281,00",12,"R$ 2.698,00",4.7
CUST003327,HENRIQUE JESUS,henrique.jesus@webmail.com,59.0,M,Brasília,df,2025-01-28,7071,11,3.337,3.4
CUST002050,Eduarda Dias,eduarda.dias@webmail.com,40.0,fem,Porto Alegre,rs,11-06-2024,2.577,4,845,3.6
CUST003087,LÉO CORREIA,leo.correia@provedor.com.br,33.0,MASCULINO,,pa,13-07-2021,,3,849,2.6
CUST002220,ANA LUIZA FERNANDES,ana.luiza.fernandes@webmail.com,43.0,Fem,Londrina,pr,2024-04-20,5.132,10,2320,3.6
CUST003873,Gabriela Guerra,gabriela.guerra@email.com,18.0,Feminino,,rio grande do sul,09/07/2024,1766,8,"R$ 2.151,00",3.2
CUST000029,Sr. Luan Vargas, sr..luan.vargas@mail.com ,42.0,masc,Santos,Sao Paulo,08-10-2025,2.370,8,1.853,4.8
CUST001251,Marcelo Santos,marcelo.santos@mail.com,46.0,male,Porto Alegre,RS,03-01-2025,3953,6,"R$ 1.630,00",5.0
CUST002533,Sra. Maria Vitória Macedo,sra. .maria.vitoria.macedo@mail.com,32.0,Outro,Anápolis,Goias,26-07-2023,6.512,9,2.664,5.0
CUST000922,Ana Beatriz Cavalcanti,ana.beatriz.cavalcanti@email.com,43.0,N/I,Ribeirão Preto,SÃO PAULO,2025/01/12,"R$ 4.267,00",6,1.580,2.0
CUST004528,Josué Barros, josue.barros@correio.net ,56.0,male,Belo Horizonte,minas gerais,2024-08-19,2073,6,1519,4.0
CUST001043,Lavínia Andrade,LAVINIA.ANDRADE@EMAIL.COM,57.0,female,,bahia,2021-11-30,6.427,11,2.360,4.1
CUST004127,Dra. Ísis Machado,dra..isis.machado@webmail.com,50.0,FEMININO,Cuiabá,mt,2023/09/01,"R$ 2.603,00",4,1056,3.9
CUST002719,Maria Clara Rios,MARIA.CLARA.RIOS@PROVEDOR.COM.BR,48.0,outro,,SÃO PAULO,2025/04/23,4.715,7,2.642,3.1
CUST001993,Srta. Catarina Mendes,SRTA..CATARINA.MENDES@WEBMAIL.COM,30.0,Feminino,Cuiabá,MT,2024-05-21,"R$ 1.908,00",9,2.432,3.0
CUST004810,Josué Cavalcante,JOSUE.CAVALCANTE@EMAIL.COM,30.0,Masculino,Contagem,minas gerais,23/09/2023,2144,7,1.107,3.2
CUST003976,Stephany Sousa,stephany.sousa@provedor.com.br,40.0,FEMININO,Caxias do Sul,Rio Grande do Sul,21/06/2025,4.048,7,1.084,4.2
CUST000951,Lavínia Jesus,lavinia.jesus@provedor.com.br,25.0,Feminino,Cuiabá,MT,2023/01/30,"R$ 1.847,00",14,"R$ 4.732,00",4.0
CUST001907,Davi Lucas Mendonça,davi.lucas.mendonca@provedor.com.br,34.0,M,Joinville,santa catarina,2024-08-25,2175,8,"R$ 2.031,00",3.3
CUST001853,Alexandre Moreira,alexandre.moreira@provedor.com.br,150.0,N/I,Contagem,minas gerais,2023/06/30,3.021,5,958,3.5
CUST003487,Benjamim Vasconcelos,benjamim.vasconcelos@email.com,35.0,M,Recife,pernambuco,21-06-2021,"R$ 4.706,00",9,"R$ 3.160,00",3.2
CUST004837,dr. diego da cruz,dr..diego.da.cruz@correio.net,38.0,masc,Sobral,Ceará,2023/03/31,10.827,9,4.015,3.8
CUST001634,Erick Ramos, erick.ramos@webmail.com ,18.0,Masc,Recife,PE,09-06-2023,5603,3,1.100,4.4
CUST005042,Ana Julia Luz,ana.julia.luz@mail.com,58.0,FEMININO,Campinas,Sao Paulo,2021/11/04,5239,9,2869,4.1
CUST004634,Antônio Vargas, antonio.vargas@webmail.com ,22.0,male,Ribeirão Preto,sp,2024/01/30,"R$ 2.334,00",5,893,3.3
CUST000766,LUÍSA SILVA,luisa. silva@webmail.com,28.0,fem,Londrina,Parana,03-04-2024,1.677,7,1.427,4.1
CUST002722,SARAH CAMPOS,sarah.campos@email.com,39.0,FEMININO,Santos,São Paulo,2025/10/20,2052,6,868,
CUST002150,SRTA. RAFAELA CASSIANO,srta..rafaela.cassiano@correio.net,,Feminino,Ribeirão Preto,São Paulo,2023/12/02,2274,2,"R$ 627,00",4.9
CUST002833,Larissa Duarte, larissa.duarte@provedor.com.br ,26.0,Feminino,Petrópolis,Rio De Janeiro,04-06-2025,4173,7,1.918,3.4
CUST000441,Dr. Vinicius Camargo,DR..VINICIUS.CAMARGO@CORREIO.NET,24.0,male,Brasília,DF,2025-04-07,"R$ 900,00",3,"R$ 553,00",3.9
CUST003285,Bella Montenegro,BELLA.MONTENEGRO@CORREIO.NET,35.0,FEMININO,Santos,São Paulo,2024/02/25,"R$ 3.176,00",7,"R$ 1.736,00",4.1
CUST000597,João Vitor Lima, joao.vitor.lima@mail.com ,30.0,male,Petrópolis,RJ ,31-07-2023,310079,7,1.510,4.5
CUST003794,Isabelly Barbosa,isabelly.barbosa@correio.net,22.0,F,Joinville,Santa Catarina,27/03/2024,"R$ 3.254,00",5,1600,2.2
CUST000864,Lucas Ramos, lucas.ramos@webmail.com ,30.0,Masculino,Blumenau,SC,05-12-2022,2.320,6,1172,4.4
CUST000937,Dra. Maria Helena Barros,DRA..MARIA.HELENA.BARROS@WEBMAIL.COM,25.0,Feminino,Juazeiro do Norte,Ceará,2023/12/19,"R$ 2.603,00",12,2039,3.9
CUST001449,Brenda Oliveira,brenda.oliveira@provedor.com.br,30.0,FEMININO,Vitória,ES,2025/01/02,"R$ 2.559,00",8,"R$ 2.321,00",4.0
CUST004486,Srta. Luísa Cardoso, srta..luisa.cardoso@mail.com ,39.0,Feminino,Salvador,BA ,2023-07-21,1.227,6,1259,3.0
CUST002348,BERNARDO NOGUEIRA,bernardo.nogueira@webmail.com,51.0,M,Campinas,São Paulo,2022/03/02,"R$ 7.912,00",15,5958,3.1
CUST004298,LUIZ HENRIQUE CÂMARA,luiz.henrique.camara@provedor.com.br,27.0,male,Florianópolis,Santa Catarina,2024-05-08,"R$ 4.664,00",7,2366,4.3
CUST002708,DOM CORREIA, dom.correia@correio.net ,67.0,Masculino,Pelotas,Rio Grande do Sul,2024-05-02,3.619,10,"R$ 1.549,00",5.0
CUST002619,Maria Luísa da Rocha,maria.luisa.da.rocha@email.com,40.0,Não binário,Brasília,Distrito Federal,2025/02/06,"R$ 3.791,00",12,3.518,
CUST001906,Sr. Vitor Gabriel Vieira,SR..VITOR.GABRIEL.VIEIRA@MAIL.COM,40.0,MASCULINO,Recife,pernambuco,28/07/2024,2430,11,2.519,3.0
CUST004825,MARIA LUÍSA MOREIRA,maria.luisa.moreira@mail.com,18.0,FEMININO,Porto Alegre,Rio Grande do Sul,2025-01-19,"R$ 3.147,00",6,1299,5.0
CUST000326,Ana Júlia Correia, ana.julia.correia@mail.com ,36.0,FEMININO,Santos,São Paulo,2023-08-17,"R$ 3.353,00",11,"R$ 3.474,00",3.4
CUST004757,Benicio Freitas,benicio.freitas@correio.net,39.0,MASCULINO,Campinas,São Paulo,14/04/2022,2.357,6,1446,3.1
CUST002581,Cecilia Macedo,cecilia.macedo@provedor.com.br,28.0,fem,Brasília,distrito federal,2024-11-22,4817,12,4.534,3.2
CUST001025,Antonella Rocha,ANTONELLA.ROCHA@CORREIO.NET,21.0,Não binário,Caruaru,PE,2024/08/15,"R$ 1.396,00",2,525,4.7
CUST002308,Dr. Pedro Pimenta,DR..PEDRO.PIMENTA@PROVEDOR.COM.BR,33.0,MASCULINO,Ananindeua,Para,14/06/2024,1.542,14,1.285,4.1
CUST003230,Dom Gonçalves,dom.goncalves@email.com,51.0,Masc,Santos,sp,2022/05/23,"R$ 3.469,00",10,"R$ 2.490,00",3.5
CUST002653,Samuel Ribeiro,SAMUEL.RIBEIRO@EMAIL.COM,85.0,male,Vitória da Conquista,Bahia,2022/09/22,"R$ 2.822,00",7,"R$ 1.393,00",4.7
CUST001841,Ana Andrade, ana.andrade@email.com ,38.0,FEMININO,Uberlândia,mg,2024/08/12,2.355,8,"R$ 1.536,00",3.8
CUST000530,dr. breno ramos,DR..BRENO.RAMOS@MAIL.COM,29.0,Outro,Salvador,BA ,31/12/2022,1085,5,538,
CUST003915,Paulo Freitas,paulo.freitas@correio.net,40.0,masc,Brasília,Distrito Federal,2023/08/24,,9,"R$ 1.940,00",4.9
CUST001258,Juan Cardoso,juan.cardoso@mail.com,32.0,MASCULINO,Campinas,sp,07/07/2024,5955,7,1.813,5.0
CUST000573,Bella Silva,bella.silva@correio.net,40.0,FEMININO,Manaus,Amazonas,2023-08-15,5.990,6,1947,4.4
CUST003785,Joaquim Costela,joaquim.costela@correio.net,21.0,MASCULINO,Goiânia,Goiás,06-06-2024,"R$ 2.736,00",2,538,
CUST001509,Sr. Oliver Aparecida,sr..oliver.aparecida@provedor.com.br,25.0,Não binário,Vitória da Conquista,BA ,28-07-2021,2.053,8,1285,5.0
CUST002742,Yasmin da Costa,yasmin. da.costa@correio.net,38.0,F,Brasília,Distrito Federal,2022/11/10,3.645,9,"R$ 1.938,00",4.6
CUST004186,Guilherme Camargo,GUILHERME.CAMARGO@CORREIO.NET,-5.0,M,Sorocaba,SP,2023/01/12,1.857,4,850,2.9
CUST000797,Sr. Ravi Lucca das Neves,SR..RAVI.LUCCA.DAS.NEVES@PROVEDOR.COM.BR,48.0,Masc,Joinville,santa catarina,2024-03-20,5055,8,1906,5.0
CUST004873,João Gabriel Novaes,joao. gabriel.novaes@provedor.com.br,44.0,masc,Pelotas,rio grande do sul,2024/05/14,4110,7,"R$ 1.861,00",3.5
CUST002077,SR. VICENTE CALDEIRA,SR..VICENTE.CALDEIRA@WEBMAIL.COM,19.0,male,Curitiba,Paraná,03/04/2023,2088,10,2.334,3.9
CUST001892,Stephany Campos,stephany.campos@email.com,28.0,FEMININO,Caruaru,Pernambuco,28-01-2023,1354,3,"R$ 572,00",3.6
CUST003406,Agatha Brito,AGATHA.BRITO@EMAIL.COM,35.0,fem,Goiânia,go,2023-07-06,"R$ 2.787,00",7,"R$ 2.087,00",3.5
CUST000481,arthur borges,arthur.borges@correio.net,52.0,N/I,Joinville,sc,2024-04-20,3376,11,2650,3.8
CUST004715,Liam Cardoso, liam.cardoso@webmail.com ,26.0,male,Vitória,Espírito Santo,2023/12/19,"R$ 6.334,00",4,"R$ 988,00",2.1
CUST004017,kamilly leão,kamilly. leao@email.com,37.0,Feminino,Niterói,RJ ,2025/06/08,3.421,9,2048,4.7
CUST004652,Sra. Giovanna Fernandes, sra..giovanna.fernandes@webmail.com ,51.0,Fem,Pelotas,rio grande do sul,2024-10-04,2006,7,2.031,3.9
CUST004900,SRA. JULIA NASCIMENTO,sra. .julia.nascimento@webmail.com,43.0,female,Sorocaba,SP,2023/10/31,,7,"R$ 1.997,00",3.2
CUST001525,Dra. Helena Costa,dra..helena.costa@webmail.com,31.0,FEMININO,Londrina,Parana,2024-12-19,2.939,5,"R$ 883,00",4.6
CUST004229,Isabela Caldeira,ISABELA.CALDEIRA@MAIL.COM,42.0,F,Petrópolis,RJ ,30-04-2025,3869,7,1877,3.0
CUST002801,Marina Casa Grande,marina.casa.grande@provedor.com.br,18.0,Fem,Petrópolis,Rio de Janeiro,17-09-2023,"R$ 1.654,00",5,"R$ 1.193,00",5.0
CUST003561,DAVI NASCIMENTO,davi.nascimento@email.com,51.0,Masculino,Rio de Janeiro,Rio De Janeiro,2022-10-10,"R$ 4.449,00",5,1.184,3.9
CUST004466,Laís Brito,lais.brito@email.com,,female,São Paulo,SP,2022/08/23,3741,8,2.062,3.9
CUST002649,Kevin Santos, kevin.santos@webmail.com ,49.0,MASCULINO,Niterói,rio de janeiro,2024/11/22,"R$ 4.526,00",7,"R$ 3.459,00",4.6
CUST004400,Apollo Sales,apollo.sales@mail.com,42.0,Masc,Ribeirão Preto,SÃO PAULO,20/07/2023,"R$ 4.078,00",7,1.985,3.5
CUST004355,Isabela Ferreira,isabela. ferreira@provedor.com.br,20.0,female,Uberlândia,Minas Gerais,31/03/2022,1.509,8,2184,
CUST001563,VICENTE AZEVEDO, vicente.azevedo@email.com ,39.0,masc,Belo Horizonte,MG,15/03/2025,2416,9,"R$ 1.258,00",4.2
CUST003480,ANA BEATRIZ PEIXOTO, ana.beatriz.peixoto@email.com ,46.0,Outro,Niterói,Rio De Janeiro,2024-02-27,"R$ 5.479,00",2,577,3.0
CUST003074,Dr. José Pedro Sá, dr..jose.pedro.sa@email.com ,34.0,MASCULINO,Várzea Grande,mt,2024/03/24,5.061,12,"R$ 2.881,00",5.0
CUST001918,Yuri Castro,yuri.castro@correio.net,49.0,masc,Curitiba,PR,2024-05-12,8.861,6,2.506,5.0
CUST002174,GUSTAVO SILVEIRA,GUSTAVO.SILVEIRA@MAIL.COM,34.0,Masc,Contagem,minas gerais,2021-10-14,3.132,5,"R$ 1.010,00",3.0
CUST004899,Théo da Paz,theo.da.paz@mail.com,35.0,Masculino,Rio de Janeiro,rio de janeiro,06/04/2025,3.447,8,"R$ 3.014,00",4.8
CUST002852,Valentina Barros, valentina.barros@webmail.com ,22.0,F,Sorocaba,Sao Paulo,2024/07/30,927,11,1558,3.2
CUST003380,Oliver Gonçalves,oliver.goncalves@provedor.com.br,46.0,M,Petrópolis,Rio de Janeiro,25-12-2023,"R$ 3.215,00",8,2.811,
CUST004875,Pietro Nunes,PIETRO.NUNES@CORREIO.NET,20.0,Masc,Petrópolis,rio de janeiro,23-09-2023,2.231,10,1.873,4.4
CUST002076,Matteo Pimenta,matteo.pimenta@email.com,27.0,Masculino,Petrópolis,rio de janeiro,2023-03-14,3313,8,"R$ 2.095,00",4.3
CUST004393,OTTO MONTENEGRO,otto.montenegro@webmail.com,40.0,MASCULINO,Rio de Janeiro,Rio de Janeiro,24/05/2023,"R$ 2.583,00",10,"R$ 2.268,00",4.0
CUST003878,Eduardo Melo,eduardo.melo@email.com,18.0,M,Cuiabá,mt,2024/07/16,3.375,11,2.705,4.6
CUST002126,Sra. Luísa Moura,sra..luisa.moura@provedor.com.br,52.0,F,Contagem,Minas Gerais,2023-08-08,"R$ 3.308,00",828,"R$ 1.887,00",2.8
CUST002317,Beatriz Moura,BEATRIZ.MOURA@MAIL.COM,52.0,FEMININO,Contagem,mg,2024-07-29,6557,8,"R$ 2.158,00",3.7
CUST001133,Dra. Ana Luiza das Neves, dra..ana.luiza.das.neves@provedor.com.br ,18.0,Feminino,Goiânia,Goiás,2022-05-24,5.754,8,"R$ 2.049,00",2.9
CUST000518,Diogo da Cunha,diogo. da.cunha@webmail.com,51.0,male,Porto Alegre,rs,2024-01-12,2512,6,"R$ 1.467,00",3.2
CUST000601,Valentina Nogueira,valentina.nogueira@email.com,40.0,fem,Porto Alegre,Rio Grande do Sul,03-02-2025,"R$ 2.723,00",9,"R$ 2.071,00",3.4
CUST003556,Dr. Gael Silva,dr..gael.silva@mail.com,18.0,male,Ribeirão Preto,sp,2024/08/16,4.518,5,1428,3.6
CUST004357,Daniel Moraes, daniel.moraes@webmail.com ,50.0,masc,,ce,2023/04/02,3.740,4,"R$ 1.085,00",4.3
CUST005020,DR. DIEGO DA CRUZ,DR..DIEGO.DA.CRUZ@PROVEDOR.COM.BR,37.0,Masc,Sobral,CE,21-04-2023,10696,11,4242,4.0
CUST002651,LEONARDO SILVA, leonardo.silva@email.com ,50.0,MASCULINO,Niterói,Rio de Janeiro,08/03/2025,6739,5,1.236,4.6
CUST004080,Maria Eduarda Brito,maria.eduarda.brito@provedor.com.br,31.0,fem,Feira de Santana,bahia,10/02/2022,,7,1797,3.1
CUST003567,Cauã Viana,caua.viana@provedor.com.br,61.0,Masculino,Sobral,Ceara,2024/04/22,3.480,9,988,2.4
CUST003533,Enrico Borges,enrico.borges@email.com,23.0,masc,Anápolis,Goiás,2025/05/14,2.582,4,737,
CUST000359,Alice Silveira, alice.silveira@webmail.com ,41.0,FEMININO,Petrópolis,RJ ,2024/10/05,2.433,8,1744,3.3
CUST004402,Vinícius Gomes,vinicius.gomes@provedor.com.br,19.0,male,Uberlândia,minas gerais,2022/08/06,"R$ 6.140,00",4,1.062,3.2
CUST001120,maria clara nogueira,maria.clara.nogueira@correio.net,20.0,female,Rio de Janeiro,Rio de Janeiro,2024-10-01,1.350,10,1.598,3.6
CUST001433,Olívia Sampaio,olivia. sampaio@provedor.com.br,,fem,Fortaleza,Ceara,2024/08/28,3462,14,2390,4.8
CUST002789,maria isis santos,MARIA.ISIS.SANTOS@PROVEDOR.COM.BR,25.0,FEMININO,Feira de Santana,Bahia,2023/09/04,"R$ 4.757,00",5,"R$ 809,00",2.6
CUST002281,Sra. Eloá Oliveira, sra..eloa.oliveira@correio.net ,18.0,female,Florianópolis,Santa Catarina,20-11-2023,"R$ 2.684,00",7,1728,5.0
CUST004287,Alexia da Conceição,alexia.da.conceicao@email.com,44.0,fem,Campinas,SP,27-01-2023,4628,3,"R$ 866,00",3.5
CUST004546,sabrina cavalcante,SABRINA.CAVALCANTE@PROVEDOR.COM.BR,34.0,female,Uberlândia,MG,2024/07/22,1.993,7,"R$ 1.818,00",4.4
CUST003027,yasmin cirino,yasmin.cirino@provedor.com.br,44.0,Fem,Santos,Sao Paulo,21-08-2023,3.139,9,1.656,4.6
CUST000144,JOSUÉ DA MATA,josue.da.mata@provedor.com.br,41.0,Masculino,Uberlândia,Minas Gerais,14/02/2023,4217,5,1.177,
CUST001786,NATÁLIA CAMPOS,natalia.campos@email.com,32.0,Feminino,Pelotas,Rio Grande do Sul,2023/07/20,2.731,4,"R$ 1.065,00",3.9
CUST002840,Dra. Daniela Campos,DRA..DANIELA.CAMPOS@MAIL.COM,24.0,FEMININO,Campinas,sp,29/10/2024,"R$ 1.779,00",4,"R$ 1.057,00",3.9
CUST004551,DR. VICENTE DUARTE,dr. .vicente.duarte@webmail.com,50.0,MASCULINO,Santos,Sao Paulo,2024-01-09,3.225,8,630,5.0
CUST001862,dra. maria julia garcia, dra..maria.julia.garcia@provedor.com.br ,50.0,Feminino,Olinda,PE ,2024-09-12,6890,7,2.292,4.6
CUST002612,Daniel Moreira,daniel.moreira@mail.com,33.0,MASCULINO,Florianópolis,Santa Catarina,16-06-2022,2259,4,1.191,4.4
CUST002285,Ana Vitória Viana,ANA.VITORIA.VIANA@MAIL.COM,19.0,Feminino,Olinda,PE,30/01/2023,1.499,6,1230,4.4
CUST002351,Maria Alice Farias,maria.alice.farias@webmail.com,47.0,FEMININO,Curitiba,Paraná,2024/08/05,2.834,4,570,4.3
CUST004769,laura siqueira,laura.siqueira@provedor.com.br,,female,Sorocaba,SÃO PAULO,25/11/2023,3.348,7,"R$ 1.082,00",3.8
CUST001591,Milena Pires,MILENA.PIRES@PROVEDOR.COM.BR,18.0,F,Duque de Caxias,Rio De Janeiro,2024-02-12,"R$ 2.300,00",6,"R$ 1.043,00",5.0
CUST001945,beatriz silveira,beatriz.silveira@correio.net,31.0,female,Caxias do Sul,RS,02-10-2023,"R$ 1.842,00",7,1701,3.9
CUST002826,Sr. Matteo Freitas,sr..matteo.freitas@mail.com,50.0,Masc,Joinville,sc,2024/05/06,"R$ 2.667,00",8,2.257,3.4
CUST000740,levi leão,levi.leao@provedor.com.br,40.0,M,Juazeiro do Norte,Ceara,2021/12/15,1109,8,973,4.6
CUST002089,YAGO CARVALHO, yago.carvalho@provedor.com.br ,27.0,M,Santos,SÃO PAULO,09-02-2022,3.261,7,2.386,
CUST004020,isabela oliveira,isabela.oliveira@webmail.com,22.0,female,Anápolis,Goiás,30/05/2024,3.174,5,992,4.2
CUST002390,André Abreu,andre.abreu@provedor.com.br,18.0,masc,Parintins,Amazonas,25/02/2022,7034,8,1.949,5.0
CUST001545,Anthony Gabriel Souza,anthony.gabriel.souza@provedor.com.br,63.0,masc,Rio de Janeiro,Rio de Janeiro,22-03-2024,3686,10,"R$ 2.262,00",4.6
CUST000802,Rhavi Cassiano, rhavi.cassiano@webmail.com ,50.0,male,São Paulo,SÃO PAULO,24/04/2024,4351,7,1984,5.0
CUST002391,Caio Santos, caio.santos@mail.com ,42.0,masc,Rio Verde,go,28-08-2025,5430,10,1.797,4.6
CUST003037,ágatha cavalcante,agatha.cavalcante@correio.net,34.0,Fem,Olinda,Pernambuco,18-10-2022,2.035,5,"R$ 1.492,00",4.5
CUST002735,João Lucas Viana, joao.lucas.viana@webmail.com ,46.0,male,Serra,Espírito Santo,2025-08-20,1.785,7,1.951,3.7
CUST000886,THEO NOVAES,theo. novaes@mail.com,53.0,Masc,Ribeirão Preto,SÃO PAULO,22-03-2023,7.579,7,3006,3.8
CUST000033,sra. hadassa rezende,SRA..HADASSA.REZENDE@EMAIL.COM,33.0,fem,Manaus,am,10-09-2024,1479,7,"R$ 1.569,00",5.0
CUST002873,André Gonçalves,andre. goncalves@correio.net,39.0,MASCULINO,Rio Verde,go,2024/05/28,2.696,5,"R$ 1.360,00",2.0
CUST002446,Sr. Rael Monteiro, sr..rael.monteiro@mail.com ,46.0,Masculino,Curitiba,PR,21-01-2024,2.621,6,1686,4.0
CUST001171,Dom Abreu,dom. abreu@webmail.com,61.0,MASCULINO,Feira de Santana,Bahia,07/08/2023,4.590,10,2644,4.0
CUST000857,Marcos Vinicius Cirino, marcos.vinicius.cirino@mail.com ,55.0,Masc,Vila Velha,ES,27/07/2021,1690,4,619,1.4
CUST001904,lucca teixeira, lucca.teixeira@mail.com ,52.0,M,Duque de Caxias,rio de janeiro,2022/11/11,4538,11,3115,3.8
CUST003956,SRA. ESTER DA COSTA,sra..ester.da.costa@mail.com,34.0,female,Rio de Janeiro,rio de janeiro,2023-10-27,6944,6,"R$ 1.889,00",4.5
CUST004418,Valentim Moura,valentim. moura@correio.net,31.0,Masculino,Campinas,SÃO PAULO,11-12-2023,"R$ 4.238,00",6,"R$ 1.134,00",3.6
CUST003715,Dra. Maria Helena Rezende,DRA..MARIA.HELENA.REZENDE@WEBMAIL.COM,26.0,F,Caruaru,PE ,16/06/2022,2463,5,963,4.8
CUST004282,Dr. Yan Carvalho,dr..yan.carvalho@webmail.com,34.0,Masc,Fortaleza,Ceara,2021-11-07,"R$ 2.035,00",449,"R$ 220.671,00",4.6
CUST000435,Davi Lucca Nogueira, davi.lucca.nogueira@email.com ,19.0,male,Ribeirão Preto,Sao Paulo,2023-11-28,"R$ 2.250,00",3,750,4.3
CUST000115,Caroline Ferreira,CAROLINE.FERREIRA@CORREIO.NET,35.0,FEMININO,Duque de Caxias,RJ ,2024-07-25,"R$ 3.666,00",10,"R$ 2.477,00",3.9
CUST003457,renan rios,renan. rios@mail.com,32.0,MASCULINO,Rio de Janeiro,Rio De Janeiro,2022/10/12,3790,4,"R$ 927,00",5.0
CUST000175,Thomas Melo,thomas.melo@mail.com,43.0,Outro,Brasília,distrito federal,2022-10-28,"R$ 4.018,00",11,2.971,4.0
CUST003475,alexia nascimento, alexia.nascimento@mail.com ,18.0,Fem,,PE,14-10-2023,900,3,628,4.4
CUST002448,Nicolas Cunha,nicolas.cunha@mail.com,18.0,Masculino,Sorocaba,Sao Paulo,02-03-2021,"R$ 3.744,00",11,2.756,4.4
CUST004336,Dra. Alice Campos,dra. .alice.campos@correio.net,18.0,FEMININO,Juazeiro do Norte,CE,28/05/2024,7450,1,"R$ 127.401,00",4.1
CUST003810,Hellena Gonçalves,HELLENA.GONCALVES@CORREIO.NET,36.0,fem,Manaus,amazonas,05-10-2022,"R$ 1.718,00",11,1.566,3.7
CUST003279,Fernando Sampaio,fernando.sampaio@email.com,23.0,male,Niterói,rio de janeiro,06-11-2022,2.132,10,3.548,5.0
CUST004407,Brayan Sousa,brayan.sousa@correio.net,29.0,masc,,RJ ,2024/05/15,2.125,10,"R$ 2.810,00",
CUST000764,Vitória Câmara, vitoria.camara@webmail.com ,39.0,FEMININO,Brasília,Distrito Federal,28/09/2023,3710,4,927,3.6
CUST005033,SRTA. ANA CLARA CAVALCANTE,SRTA..ANA.CLARA.CAVALCANTE@WEBMAIL.COM,29.0,female,Ribeirão Preto,sp,2023/10/31,2204,6,1.653,3.7
CUST000968,Guilherme Mendes,guilherme.mendes@mail.com,52.0,Masc,Duque de Caxias,Rio de Janeiro,2022/12/11,"R$ 2.613,00",8,"R$ 2.424,00",3.1
CUST000170,Liz Guerra,liz. guerra@correio.net,18.0,FEMININO,Niterói,RJ ,23-07-2025,3.196,1,"R$ 303,00",2.9
CUST004778,Anna Liz Pires,anna.liz.pires@correio.net,18.0,female,Florianópolis,Santa Catarina,31/10/2023,3.610,8,"R$ 2.557,00",5.0
CUST000268,Srta. Luara Campos,srta..luara.campos@correio.net,40.0,Fem,Santos,Sao Paulo,2024-08-02,"R$ 4.196,00",7,1378,3.7
CUST002870,Francisco Barros, francisco.barros@provedor.com.br ,33.0,male,Curitiba,Parana,2023-06-15,"R$ 2.752,00",5,234928,3.6
CUST004462,RAFAELA MOURA,rafaela.moura@provedor.com.br,55.0,Feminino,Ananindeua,Pará,23-09-2023,1874,11,3.360,3.5
CUST001382,Sr. Vitor Porto, sr..vitor.porto@email.com ,33.0,male,Ribeirão Preto,sp,07-12-2023,4.618,9,2917,3.9
CUST000465,Maria Fernanda Cardoso,maria. fernanda.cardoso@provedor.com.br,18.0,female,Caxias do Sul,rs,17-03-2024,2.300,7,559,4.5
CUST004076,Luiz Gustavo Lopes,luiz.gustavo.lopes@mail.com,34.0,Masculino,Duque de Caxias,RJ,2023-11-14,"R$ 2.896,00",3,400,3.9
CUST003339,anna liz araújo,anna. liz.araujo@mail.com,29.0,Feminino,Rio de Janeiro,RJ ,2023-09-05,2849,6,1.457,4.3
CUST003722,Emilly Marques, emilly.marques@mail.com ,,fem,Juazeiro do Norte,ce,15-02-2022,"R$ 7.219,00",9,3.156,
CUST000188,Josué Campos, josue.campos@provedor.com.br ,54.0,male,Niterói,RJ,2021/12/30,"R$ 2.066,00",6,926,5.0
CUST000094,rafael da paz,rafael. da.paz@email.com,22.0,male,Salvador,BA,2023-01-24,1253,8,2.005,4.2
CUST004596,marcela cavalcanti,MARCELA.CAVALCANTI@MAIL.COM,27.0,F,Feira de Santana,BA ,2023/03/03,3.736,4,"R$ 675,00",3.1
CUST004190,Renan Alves, renan.alves@mail.com ,31.0,male,Manaus,am,2024-01-27,3.593,6,821,5.0
CUST001438,Cecilia Leão, cecilia.leao@provedor.com.br ,22.0,Feminino,Parintins,AM,02/11/2024,"R$ 3.677,00",9,2.707,4.7
CUST000452,Kamilly Pinto, kamilly.pinto@correio.net ,35.0,Feminino,Maringá,pr,08-09-2024,3345,8,2.095,4.0
CUST003460,DR. HENRY GABRIEL OLIVEIRA,dr. .henry.gabriel.oliveira@webmail.com,22.0,M,Sorocaba,São Paulo,02-01-2023,"R$ 2.538,00",11,2.595,4.0
CUST002185,Bárbara da Mata,barbara. da.mata@provedor.com.br,60.0,F,Contagem,mg,2023/08/05,9.038,8,"R$ 3.184,00",3.0
CUST004549,juan campos,juan.campos@mail.com,32.0,Masc,Uberlândia,Minas Gerais,16/06/2023,"R$ 1.974,00",8,1573,
CUST003582,nina montenegro,nina.montenegro@correio.net,38.0,female,Niterói,Rio De Janeiro,2024/01/18,2849,3,644,3.9
CUST000006,Henrique da Conceição,HENRIQUE.DA.CONCEICAO@MAIL.COM,18.0,male,Campinas,SÃO PAULO,2024-02-18,4904,7,2.355,4.6
CUST002114,sr. benicio cirino,sr..benicio.cirino@mail.com,25.0,male,Fortaleza,CE,2023/01/09,2.148,8,"R$ 1.531,00",4.7
CUST003206,Antonella Carvalho, antonella.carvalho@provedor.com.br ,49.0,F,Campinas,SP,2024/05/23,2.120,4,"R$ 1.035,00",
CUST002171,Luigi Mendes,LUIGI.MENDES@PROVEDOR.COM.BR,41.0,MASCULINO,Santos,SP,2025/01/14,"R$ 4.287,00",628,"R$ 2.256,00",4.7
CUST001896,Pedro Henrique Duarte,pedro.henrique.duarte@provedor.com.br,26.0,Masc,Pelotas,Rio Grande do Sul,2023-10-14,,7,"R$ 960,00",4.7
CUST000871,HEITOR CORREIA,heitor.correia@mail.com,43.0,male,Feira de Santana,BA ,07/07/2022,"R$ 2.426,00",9,"R$ 1.918,00",3.1
CUST001241,Thales Nogueira, thales.nogueira@provedor.com.br ,54.0,MASCULINO,Porto Alegre,RS,25-07-2021,4.394,8,"R$ 2.434,00",5.0
CUST002837,Murilo Borges, murilo.borges@email.com ,26.0,Masculino,Anápolis,go,22-03-2022,8.658,6,2446,4.4
CUST002846,Otávio Borges,otavio.borges@email.com,32.0,MASCULINO,Contagem,mg,03-05-2025,3.621,12,4.149,4.4
CUST001903,Caleb Rodrigues,CALEB.RODRIGUES@WEBMAIL.COM,,MASCULINO,Anápolis,Goiás,2024-03-05,4.299,11,3.268,2.9
CUST001058,Gustavo Araújo,GUSTAVO.ARAUJO@PROVEDOR.COM.BR,40.0,M,Rio de Janeiro,Rio De Janeiro,29-07-2023,3.448,7,"R$ 1.539,00",2.7
CUST004799,Thales Sá,thales. sa@correio.net,,Masculino,Ribeirão Preto,Sao Paulo,13-08-2023,2718,12,"R$ 2.427,00",3.9
CUST003041,ANA LIZ PIMENTA,ana.liz.pimenta@provedor.com.br,32.0,Fem,Cuiabá,MT,31/10/2024,"R$ 3.782,00",15,3.239,4.5
CUST001725,Srta. Beatriz Cunha,srta..beatriz.cunha@correio.net,50.0,female,Belém,Pará,08/03/2025,,7,"R$ 1.874,00",3.2
CUST001363,Sr. Anthony Câmara,SR..ANTHONY.CAMARA@PROVEDOR.COM.BR,43.0,M,Santos,SÃO PAULO,2025-08-26,3.234,12,2.945,
CUST001747,Marcela Ferreira,marcela. ferreira@mail.com,52.0,fem,Uberlândia,Minas Gerais,11/04/2025,4.355,10,1.577,3.0
CUST002397,Sara Pimenta,sara.pimenta@email.com,55.0,Fem,São Paulo,São Paulo,2022/02/09,,13,3073,2.7
CUST004055,DRA. GABRIELLY SALES,dra. .gabrielly.sales@email.com,30.0,Fem,Duque de Caxias,rio de janeiro,2024/02/21,"R$ 1.736,00",8,"R$ 1.658,00",3.9
CUST003289,ANA SOPHIA PORTO,ana.sophia.porto@webmail.com,42.0,Feminino,Rio de Janeiro,RJ ,2024/03/02,3422,9,2704,3.3
CUST002982,Gael Vasconcelos, gael.vasconcelos@correio.net ,39.0,MASCULINO,Florianópolis,santa catarina,2025/08/24,4.118,10,2569,4.1
CUST000290,Bento Pimenta, bento.pimenta@webmail.com ,36.0,male,Brasília,DF,2025-01-12,,4,1.278,3.5
CUST001926,Valentina Rodrigues,valentina. rodrigues@mail.com,39.0,female,Caxias do Sul,Rio Grande do Sul,28/12/2022,"R$ 3.632,00",4,676,3.5
CUST000724,Ana Clara Andrade,ana.clara.andrade@email.com,21.0,F,Porto Alegre,rs,14-12-2024,1470,6,"R$ 1.412,00",3.4
CUST000057,Luiz Miguel das Neves,luiz. miguel.das.neves@webmail.com,28.0,male,Goiânia,Goiás,09/02/2025,1.498,9,1869,4.9
CUST000959,Letícia Mendes, leticia.mendes@correio.net ,44.0,F,Belém,Para,2024/08/20,,9,1.245,5.0
CUST003979,Stella Moraes,stella.moraes@mail.com,46.0,female,Olinda,PE ,2024/05/25,"R$ 5.394,00",5,1751,4.9
CUST001178,Lara Borges,lara.borges@provedor.com.br,48.0,Fem,Maringá,Paraná,2024/05/13,"R$ 4.014,00",8,2.162,4.8
CUST002596,Guilherme Cirino, guilherme.cirino@email.com ,39.0,Masculino,Santos,Sao Paulo,09-12-2023,,8,"R$ 1.227,00",5.0
CUST003070,Miguel Sampaio,miguel.sampaio@email.com,18.0,Masculino,Uberlândia,mg,21/10/2022,1.667,6,800,3.3
CUST003953,yago barros,yago.barros@email.com,59.0,masc,Campinas,SÃO PAULO,2022-06-20,2462,7,1.866,2.7
CUST001347,GABRIELA ARAÚJO,gabriela.araujo@mail.com,42.0,female,Belém,Pará,2025/01/25,2464,10,1979,4.6
CUST002593,Ana Clara Azevedo,ana.clara.azevedo@mail.com,27.0,F,Porto Alegre,RS,30-08-2024,4.350,5,1090,3.8
CUST003834,MARIA HELENA MENDES,maria.helena.mendes@webmail.com,49.0,F,Várzea Grande,mato grosso,23-09-2025,3055,6,958,4.5
CUST003978,Arthur Nascimento,arthur.nascimento@webmail.com,41.0,Masculino,São Paulo,São Paulo,2025-03-18,"R$ 6.592,00",796,1.188,3.7
CUST003568,erick moura,erick.moura@correio.net,25.0,Masculino,Caruaru,PE ,2023-10-23,2.436,6,"R$ 1.287,00",4.1
CUST004665,elisa martins,ELISA.MARTINS@WEBMAIL.COM,18.0,Feminino,Ribeirão Preto,Sao Paulo,12/11/2022,2664,3,419,4.1
CUST002175,Raul Gomes,raul.gomes@provedor.com.br,50.0,MASCULINO,Campinas,São Paulo,12/11/2024,2.788,6,1978,3.5
CUST000622,Sra. Maria Isis Fernandes,SRA..MARIA.ISIS.FERNANDES@PROVEDOR.COM.BR,37.0,F,Sorocaba,SÃO PAULO,03/01/2024,5448,8,2.048,3.3
CUST000962,fernanda marques,fernanda.marques@correio.net,56.0,fem,Petrópolis,RJ,02-01-2022,4.434,6,1.608,4.4
CUST001666,Maria Ferreira, maria.ferreira@provedor.com.br ,31.0,fem,Blumenau,sc,29-05-2024,"R$ 4.069,00",6,"R$ 1.698,00",3.2
CUST003735,Antonella da Mata, antonella.da.mata@email.com ,61.0,Feminino,Cuiabá,mt,2025-06-21,8.536,10,"R$ 3.227,00",3.6
CUST000479,Alana Cirino,ALANA.CIRINO@EMAIL.COM,27.0,Feminino,,mg,2024/03/09,3081,7,1.272,4.4
CUST000770,Rhavi Rezende,RHAVI.REZENDE@EMAIL.COM,39.0,Masculino,,BA ,02-10-2025,"R$ 2.297,00",7,1457,4.6
CUST003713,Vitor Gabriel Ribeiro,vitor.gabriel.ribeiro@webmail.com,45.0,M,Porto Alegre,Rio Grande do Sul,30-09-2022,3350,7,1422,4.0
CUST003792,Emanuel Alves, emanuel.alves@email.com ,28.0,Masc,Sorocaba,SÃO PAULO,06-02-2022,"R$ 3.122,00",10,2824,4.2
CUST000822,Manuella Sampaio,manuella.sampaio@provedor.com.br,49.0,F,Santos,sp,01/02/2024,2727,9,"R$ 1.977,00",4.2
CUST004533,Maitê Cassiano, maite.cassiano@webmail.com ,35.0,Fem,Joinville,santa catarina,31/07/2024,"R$ 1.210,00",11,1.171,1.8
CUST000317,CALEB MELO,caleb.melo@correio.net,999.0,M,Goiânia,Goiás,24-03-2025,2.222,10,998,3.7
CUST003921,aurora rezende,AURORA.REZENDE@PROVEDOR.COM.BR,36.0,FEMININO,Belo Horizonte,Minas Gerais,05/11/2024,900,5,794,4.7
CUST001356,José Pedro Souza,JOSE.PEDRO.SOUZA@EMAIL.COM,18.0,Masc,Maringá,pr,16/12/2022,2.772,5,1527,
CUST003670,CAROLINE FARIAS,CAROLINE.FARIAS@PROVEDOR.COM.BR,40.0,F,Campinas,SP,09/04/2023,"R$ 7.215,00",5,"R$ 1.841,00",3.2
CUST004295,Maria Laura Mendes,MARIA.LAURA.MENDES@PROVEDOR.COM.BR,31.0,female,,BA,20-12-2022,5.979,12,3.725,3.9
CUST004483,sr. leandro machado,SR..LEANDRO.MACHADO@PROVEDOR.COM.BR,45.0,Masculino,,Sao Paulo,2024/04/15,2182,6,1650,3.1
CUST002803,Carolina Monteiro,carolina.monteiro@provedor.com.br,26.0,fem,Serra,Espirito Santo,2023/07/15,,5,"R$ 1.330,00",2.9
CUST003446,Cecília Moreira,CECILIA.MOREIRA@EMAIL.COM,28.0,F,,rio grande do sul,2024/05/31,5.842,5,"R$ 1.650,00",4.7
CUST003342,Gustavo Ramos,gustavo.ramos@mail.com,27.0,M,Manaus,AM,2024-03-07,900,10,1401,3.9
CUST002353,sr. luiz otávio nascimento,sr. .luiz.otavio.nascimento@webmail.com,32.0,Masculino,Pelotas,rs,23-12-2022,"R$ 2.838,00",4,"R$ 793,00",4.8
CUST003299,Felipe da Rocha,felipe.da.rocha@provedor.com.br,41.0,male,Maringá,Parana,14/03/2024,7.592,10,"R$ 4.202,00",5.0
CUST001166,gabriela da rocha,gabriela.da.rocha@mail.com,52.0,FEMININO,São Paulo,Sao Paulo,2022/12/18,2.069,10,2082,4.6
CUST004690,Emanuel Ferreira,EMANUEL.FERREIRA@CORREIO.NET,42.0,masc,Londrina,pr,27-08-2022,"R$ 4.279,00",7,"R$ 2.580,00",4.4
CUST000881,henry sousa,HENRY.SOUSA@EMAIL.COM,37.0,MASCULINO,Brasília,df,2023/12/17,4825,5,1.816,2.7
CUST004019,Luan Pastor,luan. pastor@email.com,21.0,Masculino,São Paulo,Sao Paulo,2024-06-03,3192,5,"R$ 1.102,00",4.3
CUST004319,Sra. Ana Beatriz Nogueira,sra. .ana.beatriz.nogueira@email.com,67.0,FEMININO,Belo Horizonte,MG,17-03-2023,"R$ 4.934,00",8,"R$ 3.335,00",
CUST004582,olívia abreu,olivia. abreu@correio.net,51.0,Feminino,São Paulo,SP,26/06/2023,4158,8,"R$ 2.114,00",3.2
CUST000656,ágatha da rocha,AGATHA.DA.ROCHA@MAIL.COM,52.0,female,Salvador,Bahia,02/03/2025,2.781,6,1258,5.0
CUST002233,Milena Nascimento,milena.nascimento@email.com,32.0,FEMININO,Juiz de Fora,Minas Gerais,2023-10-17,"R$ 4.675,00",5,1.553,4.9
CUST002996,arthur gabriel souza, arthur.gabriel.souza@mail.com ,21.0,male,Uberlândia,minas gerais,06/11/2023,2.091,5,934,4.5
CUST003471,ZOE CORREIA,zoe.correia@correio.net,22.0,FEMININO,Curitiba,Paraná,2024/04/27,2.738,7,1356,3.6
CUST002177,Ana Clara Rodrigues,ANA.CLARA.RODRIGUES@PROVEDOR.COM.BR,21.0,FEMININO,Contagem,mg,20-12-2023,3.007,7,"R$ 1.413,00",4.5
CUST002726,Luísa Pacheco,LUISA.PACHECO@MAIL.COM,51.0,FEMININO,Brasília,DF,2021/07/12,"R$ 3.286,00",5,"R$ 1.370,00",4.8
CUST003205,Emanuel Freitas,emanuel.freitas@webmail.com,28.0,MASCULINO,Petrópolis,rio de janeiro,29-07-2024,5268,9,223222,3.8
CUST004717,sra. alexia mendonça,sra..alexia.mendonca@provedor.com.br,37.0,FEMININO,Juiz de Fora,mg,04-11-2024,"R$ 1.993,00",13,"R$ 1.225,00",3.1
CUST000644,Davi Miguel Moura, davi.miguel.moura@webmail.com ,40.0,masc,Sorocaba,Sao Paulo,27/06/2025,"R$ 3.436,00",8,2.549,4.7
CUST000874,Luna Vasconcelos,luna.vasconcelos@provedor.com.br,65.0,Feminino,Parintins,amazonas,2024/09/01,3355,4,1141,3.2
CUST000343,ANA LÍVIA DA MOTA,ANA.LIVIA.DA.MOTA@MAIL.COM,32.0,Feminino,Joinville,Santa Catarina,25/06/2024,"R$ 5.031,00",4,"R$ 709,00",3.3
CUST001365,Dr. Otávio Garcia,dr..otavio.garcia@mail.com,20.0,Masculino,Juazeiro do Norte,CE,2022-12-18,7436,4,1113,3.6
CUST002543,Cecilia Costa,cecilia.costa@provedor.com.br,34.0,Fem,,rio de janeiro,12/08/2023,2.248,9,1.467,4.0
CUST002904,Pedro Lucas da Conceição,pedro.lucas.da.conceicao@email.com,38.0,Masculino,Parintins,Amazonas,06/06/2025,"R$ 7.929,00",6,"R$ 2.475,00",4.4
CUST002332,ana liz da luz, ana.liz.da.luz@mail.com ,41.0,FEMININO,Maringá,pr,07-07-2024,2.456,7,2.190,3.4
CUST000303,Ana Liz Cavalcante,ana. liz.cavalcante@provedor.com.br,44.0,Fem,Juiz de Fora,mg,2023/09/09,2379,7,1.500,
CUST000102,Bernardo Rocha,bernardo.rocha@webmail.com,28.0,masc,Santos,Sao Paulo,09/11/2024,"R$ 5.496,00",12,3099,4.3
CUST001694,Allana Costa, allana.costa@webmail.com ,38.0,F,Manaus,AM,28/12/2024,"R$ 1.456,00",3,720,4.5
CUST001975,Calebe Peixoto, calebe.peixoto@correio.net ,56.0,M,Vitória,es,18/01/2024,"R$ 4.226,00",8,1.553,5.0
CUST004996,Camila Borges, camila.borges@webmail.com ,,fem,Olinda,Pernambuco,03/02/2025,1.664,10,2993,3.5
CUST002168,gabriela borges, gabriela.borges@email.com ,28.0,FEMININO,Belém,Para,11/11/2022,2.165,6,"R$ 843,00",3.3
CUST003982,Cecilia Câmara,cecilia.camara@mail.com,34.0,fem,Petrópolis,RJ,15-06-2022,7055,6,2548,5.0
CUST000197,JOÃO PEDRO DA COSTA,JOAO.PEDRO.DA.COSTA@MAIL.COM,41.0,masc,Rio de Janeiro,Rio De Janeiro,15/10/2023,4.633,9,2157,4.7
CUST002692,LUARA COSTA, luara.costa@provedor.com.br ,-5.0,prefer not to say,Londrina,Paraná,18-12-2021,1193,10,1920,
CUST001785,Matteo Rodrigues,matteo. rodrigues@correio.net,70.0,Masc,Belo Horizonte,Minas Gerais,2022/05/05,2740,7,176.066,4.2
CUST003809,Maria Liz Pinto,MARIA.LIZ.PINTO@WEBMAIL.COM,40.0,F,Belém,pa,2023-07-09,"R$ 1.198,00",6,1044,
CUST003905,Dra. Eloah Peixoto,DRA..ELOAH.PEIXOTO@CORREIO.NET,70.0,Não binário,Curitiba,Parana,2023/05/18,3869,6,1579,3.6
CUST004475,Isaac Alves,isaac.alves@webmail.com,22.0,Masculino,Vitória da Conquista,bahia,2021/12/28,3001,7,2.574,3.5
CUST000918,HEITOR SALES,heitor.sales@provedor.com.br,29.0,Masculino,Feira de Santana,Bahia,2023/03/07,5447,12,"R$ 3.213,00",3.8
CUST001751,MARIA LUÍSA MONTENEGRO,maria. luisa.montenegro@provedor.com.br,38.0,Fem,Belo Horizonte,MG,23/02/2024,4.364,12,3.334,3.0
CUST002668,LEANDRO CAMARGO,leandro.camargo@email.com,57.0,Masc,Belém,Para,2024-07-21,5081,9,3.207,5.0
CUST001086,EMANUEL DA MOTA,emanuel.da.mota@webmail.com,150.0,M,Joinville,sc,2024-03-24,"R$ 3.160,00",3,843,
CUST004553,srta. cecília da rocha, srta..cecilia.da.rocha@webmail.com ,49.0,Fem,Florianópolis,Santa Catarina,2023-03-18,"R$ 3.146,00",7,"R$ 1.284,00",4.6
CUST000995,Dr. Ravi Vargas, dr..ravi.vargas@mail.com ,40.0,N/I,Caxias do Sul,rs,2024/05/27,5059,7,1431,3.8
CUST001524,DRA. LUARA SILVA,dra..luara.silva@provedor.com.br,45.0,FEMININO,,MT,2021/08/27,1.856,6,1366,
CUST003126,Srta. Carolina Araújo,srta..carolina.araujo@email.com,20.0,FEMININO,Caxias do Sul,Rio Grande do Sul,2024/02/07,7.706,7,"R$ 2.394,00",3.0
CUST003163,RAVI LUCCA PINTO,ravi. lucca.pinto@email.com,42.0,Masc,,BA ,2024/03/12,1716,5,"R$ 1.062,00",2.9
CUST001065,SRTA. CAROLINE DA CRUZ,srta..caroline.da.cruz@provedor.com.br,42.0,fem,Recife,PE ,2024/09/30,7.998,10,"R$ 3.569,00",3.4
CUST003661,Otto da Cruz, otto.da.cruz@email.com ,29.0,masc,Manaus,AM,31/10/2024,3028,5,"R$ 952,00",3.4
CUST002010,LAURA ALBUQUERQUE,LAURA.ALBUQUERQUE@EMAIL.COM,50.0,fem,Belo Horizonte,mg,02-01-2022,6.485,6,1663,4.0
CUST001071,Lara Sales,LARA.SALES@PROVEDOR.COM.BR,999.0,FEMININO,Salvador,bahia,2024/02/11,"R$ 3.460,00",8,"R$ 1.799,00",4.8
CUST001338,Letícia Souza,leticia.souza@provedor.com.br,44.0,fem,São Paulo,São Paulo,2024-08-05,"R$ 2.106,00",11,2014,3.6
CUST000528,Leonardo Martins,LEONARDO.MARTINS@WEBMAIL.COM,18.0,Masc,São Paulo,sp,2025-06-12,6711,9,"R$ 2.403,00",
CUST003275,Manuella Sampaio, manuella.sampaio@provedor.com.br ,31.0,FEMININO,Londrina,Paraná,2025-01-20,,4,1.132,2.3
CUST002540,Maria Luísa Porto,MARIA.LUISA.PORTO@PROVEDOR.COM.BR,40.0,FEMININO,Pelotas,rs,2022-12-26,1.396,5,"R$ 1.015,00",3.6
CUST000754,Kamilly da Paz,KAMILLY.DA.PAZ@MAIL.COM,999.0,FEMININO,Campinas,sp,14-08-2023,3394,3,569,4.1
CUST004193,Rodrigo Cirino, rodrigo.cirino@email.com ,32.0,Masc,Duque de Caxias,RJ ,02-10-2025,"R$ 17.623,00",10,5.303,3.5
CUST002267,Bruno Casa Grande,bruno.casa.grande@webmail.com,38.0,MASCULINO,Brasília,Distrito Federal,02/08/2023,1751,10,"R$ 3.110,00",4.2
CUST000928,cecilia vieira,CECILIA.VIEIRA@MAIL.COM,69.0,Feminino,Salvador,BA,27/06/2023,4663,4,1266,3.9
CUST003215,julia ramos,JULIA.RAMOS@CORREIO.NET,33.0,fem,Brasília,distrito federal,26-05-2024,1623,10,"R$ 1.687,00",4.4
CUST002447,Bryan Novais,bryan.novais@correio.net,150.0,masc,Curitiba,Parana,30-07-2025,4731,6,"R$ 1.646,00",3.5
CUST004976,Henry Gabriel Duarte,henry. gabriel.duarte@email.com,28.0,M,Ribeirão Preto,São Paulo,07-02-2023,3173,7,2049,3.3
CUST001275,pietra viana,PIETRA.VIANA@PROVEDOR.COM.BR,31.0,Fem,Campinas,SÃO PAULO,24-03-2023,"R$ 1.343,00",4,838,4.5
CUST002399,ANDRÉ NOVAIS,andre.novais@correio.net,36.0,male,Caxias do Sul,rio grande do sul,08-03-2023,"R$ 3.659,00",3,"R$ 1.041,00",3.6
CUST000411,Luan Pimenta,LUAN.PIMENTA@EMAIL.COM,32.0,M,Várzea Grande,mato grosso,2025/01/30,5153,5,1655,3.1
CUST004390,Davi Miguel Pereira,davi.miguel.pereira@mail.com,40.0,Masc,Caruaru,pernambuco,2025/07/30,2.980,4,179.164,5.0
CUST004151,Renan Fogaça, renan.fogaca@email.com ,55.0,male,Joinville,santa catarina,06/10/2021,4.171,13,"R$ 2.858,00",3.3
CUST004147,DANIELA BORGES, daniela.borges@mail.com ,45.0,female,Várzea Grande,MT,2022/08/30,"R$ 3.588,00",7,1081,5.0
CUST003093,Arthur Miguel da Mota,arthur.miguel.da.mota@correio.net,52.0,Masc,Olinda,Pernambuco,2023/05/11,,7,2320,4.9
CUST004032,Rafael Monteiro, rafael.monteiro@provedor.com.br ,32.0,Masc,Caxias do Sul,rio grande do sul,2024/08/13,3.086,5,1370,2.7
CUST004855,Kevin Casa Grande, kevin.casa.grande@email.com ,26.0,male,Curitiba,PR,06/07/2022,3679,5,143.437,3.0
CUST000037,Vitor Gabriel da Luz, vitor.gabriel.da.luz@mail.com ,30.0,Masculino,Santos,sp,16-10-2024,1722,5,1038,
CUST002715,Felipe Ramos,FELIPE.RAMOS@WEBMAIL.COM,21.0,M,São Paulo,Sao Paulo,30/08/2023,4.464,7,"R$ 2.228,00",3.2
CUST000283,Benjamim Cassiano, benjamim.cassiano@correio.net ,18.0,Masc,Duque de Caxias,RJ ,2024/02/07,2747,5,"R$ 1.245,00",
CUST004134,Luiz Felipe da Paz, luiz.felipe.da.paz@webmail.com ,34.0,masc,Caruaru,pernambuco,24/10/2023,"R$ 5.265,00",7,2.703,3.7
CUST000944,Júlia Caldeira, julia.caldeira@email.com ,40.0,F,Belo Horizonte,mg,17/07/2024,,6,1.788,3.2
CUST004644,Juan da Luz,JUAN.DA.LUZ@PROVEDOR.COM.BR,33.0,Masculino,Caruaru,PE,26-10-2023,"R$ 2.203,00",6,"R$ 1.008,00",3.9
CUST000265,Luísa Fogaça,luisa.fogaca@webmail.com,37.0,Fem,Londrina,PR,14/02/2024,2502,10,2660,3.3
CUST000909,MARIA LUIZA MARQUES, maria.luiza.marques@provedor.com.br ,55.0,Feminino,Sorocaba,SÃO PAULO,13/12/2023,"R$ 2.635,00",7,1.999,3.8
CUST003292,anthony da cunha,ANTHONY.DA.CUNHA@PROVEDOR.COM.BR,61.0,prefer not to say,Brasília,Distrito Federal,2021/11/30,,4,1.246,2.8
CUST004631,Srta. Nicole Borges,srta..nicole.borges@mail.com,49.0,fem,São Paulo,sp,2023/08/27,"R$ 3.497,00",13,"R$ 1.947,00",5.0
CUST002253,Dr. Pedro Henrique Carvalho,dr..pedro.henrique.carvalho@correio.net,39.0,masc,Vitória da Conquista,bahia,17-03-2025,"R$ 6.120,00",14,"R$ 4.698,00",2.9
CUST004675,Maria Liz Pastor,maria.liz.pastor@mail.com,0.0,F,Manaus,AM,10-09-2024,4.042,7,2.084,3.7
CUST004349,SRTA. ESTER RODRIGUES, srta..ester.rodrigues@provedor.com.br ,42.0,FEMININO,Brasília,Distrito Federal,22-06-2023,5350,15,2306,4.7
CUST000933,Ana Porto, ana.porto@mail.com ,45.0,F,Duque de Caxias,Rio De Janeiro,2024/03/04,"R$ 4.546,00",12,2.898,4.6
CUST001134,Sra. Isabella Araújo,sra..isabella.araujo@correio.net,33.0,Fem,Cuiabá,mato grosso,21/07/2022,"R$ 2.095,00",5,1.152,
CUST002545,Rebeca Aparecida,REBECA.APARECIDA@WEBMAIL.COM,46.0,F,Sobral,Ceara,02/04/2023,3370,9,1974,3.2
CUST001758,Raul Rodrigues,raul.rodrigues@mail.com,34.0,Masc,Recife,PE,11/03/2023,3.542,6,1.560,3.0
CUST003370,Paulo Barros,paulo.barros@email.com,55.0,M,Duque de Caxias,RJ,28/07/2022,5.071,15,"R$ 3.469,00",4.0
CUST000790,sr. francisco carvalho,sr..francisco.carvalho@email.com,47.0,M,Vitória,Espirito Santo,2023/06/16,5.162,5,"R$ 1.489,00",3.2
CUST000496,LIZ CUNHA,liz.cunha@mail.com,52.0,fem,Rio Verde,Goias,20/07/2025,2.380,6,834,4.8
CUST003102,Vitor Pimenta,VITOR.PIMENTA@CORREIO.NET,53.0,M,São Paulo,SP,29/04/2023,3591,8,2769,3.7
CUST003192,Rebeca Costela, rebeca.costela@provedor.com.br ,40.0,fem,,minas gerais,25-12-2022,4.553,8,2017,4.4
CUST003569,sra. rebeca brito, sra..rebeca.brito@mail.com ,37.0,outro,Londrina,Parana,2024-12-26,"R$ 3.500,00",9,2690,3.9
CUST003696,Alexia Vieira,alexia.vieira@provedor.com.br,44.0,Fem,Brasília,distrito federal,26/06/2025,"R$ 3.362,00",5,971,3.2
CUST000936,pedro cirino,pedro.cirino@mail.com,36.0,M,Santos,sp,2024-02-01,3.077,6,"R$ 1.411,00",3.8
CUST005004,Gael Alves,GAEL.ALVES@WEBMAIL.COM,18.0,Masc,Vitória da Conquista,BA ,2021-05-06,"R$ 877,00",4,1.028,4.9
CUST002251,CATARINA ALBUQUERQUE,catarina.albuquerque@webmail.com,48.0,FEMININO,Duque de Caxias,Rio de Janeiro,2021-04-29,2221,5,1267,4.3
CUST000305,nina sales,nina.sales@webmail.com,33.0,FEMININO,Juiz de Fora,mg,2024-10-26,2.714,9,2.269,3.1
CUST001269,Ana Lívia Ferreira, ana.livia.ferreira@correio.net ,19.0,Feminino,Belém,PA,25-11-2024,3805,9,2.463,5.0
CUST002890,Gabriela da Rocha,gabriela.da.rocha@correio.net,40.0,Fem,Campinas,sp,2023/01/06,4399,10,1886,4.2
CUST002728,DIEGO CALDEIRA,DIEGO.CALDEIRA@EMAIL.COM,41.0,Masculino,,MG,2024-02-14,"R$ 5.407,00",8,"R$ 2.102,00",3.9
CUST003998,ARTHUR GABRIEL MORAES,arthur.gabriel.moraes@mail.com,40.0,male,Pelotas,rs,27/02/2024,4652,8,2014,5.0
CUST002422,Ryan Aragão,ryan.aragao@webmail.com,47.0,M,Sorocaba,sp,18/01/2024,"R$ 8.601,00",11,3.511,3.0
CUST002450,AYLA ALMEIDA,ayla.almeida@mail.com,33.0,Feminino,Manaus,am,2023-06-26,1.540,4,992,4.8
CUST003488,Ryan Siqueira,ryan.siqueira@email.com,30.0,masc,Recife,PE ,2023-11-21,,10,"R$ 2.466,00",3.4
CUST000858,Renan da Costa,renan.da.costa@correio.net,24.0,M,Campinas,sp,07-10-2021,4.221,7,1.722,4.0
CUST000344,Luigi Viana,luigi.viana@correio.net,30.0,MASCULINO,Joinville,SC,08/03/2024,4.741,11,1661,3.7
CUST002421,Brayan Melo,brayan.melo@webmail.com,24.0,Masculino,Duque de Caxias,RJ,19/01/2025,"R$ 900,00",7,1.839,3.3
CUST002294,CLARA PEIXOTO, clara.peixoto@webmail.com ,40.0,FEMININO,Salvador,Bahia,2024-02-27,"R$ 1.700,00",4,1093,4.6
CUST004744,Natália Sales, natalia.sales@email.com ,50.0,Fem,Porto Alegre,RS,2022/05/19,4.639,11,2.749,
CUST001882,OLIVIA CIRINO,olivia. cirino@mail.com,43.0,prefer not to say,,MG,2024-02-18,3517,3,"R$ 990,00",4.3
CUST002465,EMANUELLA RAMOS, emanuella.ramos@email.com ,38.0,FEMININO,Sorocaba,São Paulo,27/06/2021,1.477,3,641,3.7
CUST001810,Srta. Milena Souza,srta..milena.souza@provedor.com.br,35.0,FEMININO,Pelotas,RS,2024/05/05,"R$ 7.374,00",13,1.888,3.9
CUST004858,Luiz Felipe Ramos, luiz.felipe.ramos@webmail.com ,31.0,Não binário,Maringá,pr,24-09-2022,"R$ 2.321,00",8,1503,3.5
CUST003840,VICENTE VARGAS,vicente. vargas@provedor.com.br,36.0,masc,Rio de Janeiro,Rio De Janeiro,2021-06-15,3.747,4,"R$ 800,00",4.5
CUST004924,Maria Vitória Abreu, maria.vitoria.abreu@provedor.com.br ,42.0,fem,Caruaru,Pernambuco,2022/08/12,3234,7,2.337,4.3
CUST002231,DAVI MIGUEL PACHECO,davi.miguel.pacheco@webmail.com,54.0,MASCULINO,Campinas,sp,2024-09-19,3.061,7,2.480,3.9
CUST001031,Mariana Cirino, mariana.cirino@provedor.com.br ,50.0,Fem,Duque de Caxias,RJ ,27/03/2024,4857,10,2.088,
CUST004516,Maria Luísa Novais,maria.luisa.novais@mail.com,43.0,Feminino,Ananindeua,pa,14-09-2022,10021,5,2.386,3.6
CUST002758,Lorena Dias,LORENA.DIAS@MAIL.COM,38.0,Fem,Recife,PE,2025/06/14,3.811,7,1.468,4.5
CUST004205,Diogo Alves,DIOGO.ALVES@WEBMAIL.COM,67.0,Masc,Rio de Janeiro,RJ ,2024-09-08,5395,3,743,3.7
CUST004616,Ana Liz Dias,ana. liz.dias@provedor.com.br,33.0,female,Blumenau,santa catarina,02/10/2021,3.952,10,2150,3.6
CUST000643,PEDRO MIGUEL TEIXEIRA, pedro.miguel.teixeira@provedor.com.br ,,Masc,Vitória,Espírito Santo,2024/09/27,3.905,6,1.396,
CUST004960,Antony Nunes,ANTONY.NUNES@CORREIO.NET,68.0,male,Anápolis,GO,29/04/2022,4.983,7,1384,3.2
CUST003085,luiz henrique gomes,LUIZ.HENRIQUE.GOMES@PROVEDOR.COM.BR,40.0,masc,Vitória da Conquista,BA,2025-03-26,4119,12,3569,3.2
CUST001752,brayan montenegro,BRAYAN.MONTENEGRO@MAIL.COM,30.0,Masculino,Goiânia,GO,2023-02-21,4862,7,"R$ 2.068,00",3.6
CUST001139,Cecilia Sampaio,cecilia.sampaio@mail.com,46.0,female,Sobral,Ceará,2024/05/25,5502,8,1941,2.8
CUST003667,Rebeca Fonseca,REBECA.FONSECA@PROVEDOR.COM.BR,40.0,Fem,Porto Alegre,rs,2022-01-12,"R$ 1.921,00",8,1.924,2.8
CUST003291,Sra. Evelyn Gonçalves,sra..evelyn.goncalves@email.com,44.0,F,Rio de Janeiro,RJ ,2025-02-03,1827,9,1243,4.3
CUST002648,Ana Carolina Andrade,ana. carolina.andrade@webmail.com,66.0,fem,Recife,PE,2022-08-02,3999,6,837,4.0
CUST003626,alana fogaça,ALANA.FOGACA@PROVEDOR.COM.BR,49.0,Feminino,Porto Alegre,rio grande do sul,2023-09-11,"R$ 3.347,00",6,1886,3.9
CUST003293,catarina duarte,catarina. duarte@mail.com,53.0,Feminino,São Paulo,sp,11/05/2022,"R$ 3.438,00",5,"R$ 1.596,00",
CUST004261,Theodoro das Neves, theodoro.das.neves@webmail.com ,42.0,M,Sorocaba,SP,2023-12-15,1762,8,"R$ 1.522,00",3.8
CUST000807,VITÓRIA SANTOS,vitoria.santos@email.com,,Fem,,mg,26-06-2023,"R$ 2.014,00",5,"R$ 845,00",3.8
CUST002778,João Pedro Souza, joao.pedro.souza@correio.net ,40.0,outro,Olinda,PE ,10-05-2022,2029,7,1.758,4.5
CUST004101,lívia marques,livia.marques@email.com,67.0,F,São Paulo,Sao Paulo,22-07-2022,5015,9,"R$ 1.900,00",4.4
CUST003994,Dr. Liam Pinto,dr..liam.pinto@mail.com,46.0,M,Parintins,AM,16/09/2024,2089,8,"R$ 3.407,00",4.3
CUST002035,Dr. Luiz Gustavo Pires,DR..LUIZ.GUSTAVO.PIRES@WEBMAIL.COM,42.0,Masculino,Sorocaba,São Paulo,2021/06/17,"R$ 3.763,00",5,1.222,5.0
CUST001174,Sr. Lucas Gabriel Abreu,SR..LUCAS.GABRIEL.ABREU@MAIL.COM,42.0,masc,,Rio Grande do Sul,30/05/2023,2.747,5,1052,2.8
CUST000373,isabelly moura,isabelly.moura@correio.net,49.0,F,Blumenau,sc,07/09/2023,3964,7,1481,3.2
CUST001187,João Gabriel da Conceição,joao. gabriel.da.conceicao@provedor.com.br,22.0,Masc,Caruaru,pernambuco,17-06-2024,2.454,3,390,
CUST003468,LÉO CARDOSO,leo.cardoso@email.com,57.0,Masculino,Rio de Janeiro,RJ ,2024-09-07,"R$ 1.993,00",10,934,3.1
CUST002210,brenda ferreira,BRENDA.FERREIRA@MAIL.COM,40.0,Fem,Caxias do Sul,rio grande do sul,07/08/2024,2.230,6,1196,4.1
CUST003047,Isabella Sá,isabella.sa@mail.com,42.0,Fem,Belém,Para,2024/12/03,2599,3,"R$ 908,00",3.0
CUST003762,Dr. João Silva,dr. .joao.silva@correio.net,33.0,masc,Duque de Caxias,RJ ,2023/12/17,"R$ 9.857,00",9,3369,3.7
CUST001781,João Lucas Gonçalves, joao.lucas.goncalves@webmail.com ,66.0,male,Juiz de Fora,mg,2025/06/28,"R$ 3.358,00",7,"R$ 1.805,00",4.8
CUST000346,Letícia Pastor,LETICIA.PASTOR@EMAIL.COM,43.0,F,Campinas,sp,2024/05/05,"R$ 255.062,00",9,"R$ 2.177,00",4.0
CUST000259,Dr. Pietro Vieira, dr..pietro.vieira@email.com ,43.0,male,Belém,pa,27-05-2024,,9,1.593,3.4
CUST000114,Hadassa Montenegro,HADASSA.MONTENEGRO@MAIL.COM,33.0,F,Rio Verde,go,12-05-2024,2133,8,"R$ 1.882,00",3.9
CUST004813,DR. YURI MORAES,dr..yuri.moraes@mail.com,33.0,M,,rio grande do sul,19-11-2024,3440,8,1.957,
CUST003315,Eloah Silveira,eloah.silveira@provedor.com.br,46.0,Feminino,Porto Alegre,rs,2022/05/12,"R$ 3.028,00",7,1768,4.5
CUST000453,Dra. Lunna Garcia,dra..lunna.garcia@email.com,31.0,fem,Campinas,São Paulo,2024-08-09,1.551,12,2381,3.6
CUST003987,Sra. Maya Moraes,SRA..MAYA.MORAES@WEBMAIL.COM,28.0,Feminino,Pelotas,RS,06-04-2024,3.824,9,"R$ 2.161,00",3.7
CUST000219,Lunna Fernandes,LUNNA.FERNANDES@MAIL.COM,35.0,FEMININO,Salvador,BA,12-11-2023,2574,7,"R$ 1.343,00",3.4
CUST001162,Valentim Aparecida,valentim.aparecida@email.com,33.0,Masc,Pelotas,RS,2023-07-08,4.193,10,688,5.0
CUST002489,Vicente Ramos,VICENTE.RAMOS@PROVEDOR.COM.BR,21.0,Masculino,,sp,2023/03/05,,9,1.539,4.0
CUST004223,Luiz Fernando Pacheco,luiz.fernando.pacheco@provedor.com.br,32.0,male,Juiz de Fora,Minas Gerais,10/08/2021,"R$ 3.186,00",7,1.311,
CUST002871,Dra. Joana Rocha,dra..joana.rocha@email.com,18.0,FEMININO,Santos,SÃO PAULO,23-02-2025,5.210,7,"R$ 1.899,00",
CUST001858,Isabel Vieira,isabel.vieira@mail.com,26.0,FEMININO,Rio de Janeiro,Rio De Janeiro,05-03-2024,1567,5,1656,5.0
CUST000001,Brenda Alves,brenda. alves@webmail.com,46.0,N/I,Belo Horizonte,MG,16/10/2022,,6,1.679,3.6
CUST003201,ANA CAROLINA COSTELA,ANA.CAROLINA.COSTELA@CORREIO.NET,62.0,Feminino,Porto Alegre,rs,2023-12-06,"R$ 290.000,00",4,"R$ 673,00",4.6
CUST004763,Giovanna Almeida,giovanna.almeida@email.com,,N/I,São Paulo,sp,10-08-2021,2477,7,1267,3.4
CUST001823,Enrico Fernandes,enrico.fernandes@webmail.com,30.0,male,Santos,Sao Paulo,15-12-2022,"R$ 2.598,00",5,1.128,4.2
CUST005024,dra. bella santos,dra..bella.santos@mail.com,44.0,FEMININO,Manaus,am,2022/09/11,"R$ 4.074,00",7,1705,4.6
CUST002845,Renan da Mata,renan.da.mata@correio.net,41.0,MASCULINO,Campinas,SP,14-04-2024,"R$ 4.679,00",7,"R$ 2.188,00",4.3
CUST002583,Emanuella Santos,EMANUELLA.SANTOS@PROVEDOR.COM.BR,39.0,fem,Juiz de Fora,MG,2023/12/30,"R$ 3.545,00",5,"R$ 854,00",5.0
CUST003326,Maria Eduarda Aparecida,maria.eduarda.aparecida@correio.net,48.0,Feminino,Brasília,DF,29-03-2025,4591,10,2.423,
CUST002935,Lucas Gabriel Carvalho,lucas.gabriel.carvalho@provedor.com.br,23.0,Masc,Sobral,Ceara,2023-07-20,"R$ 1.721,00",10,2.032,
CUST003221,Yago Costa,YAGO.COSTA@EMAIL.COM,39.0,M,Porto Alegre,rs,2022-08-23,4.366,3,"R$ 86.639,00",3.9
CUST000866,Vitor Gabriel Silveira,VITOR.GABRIEL.SILVEIRA@CORREIO.NET,27.0,MASCULINO,,SP,2025-08-03,"R$ 2.055,00",6,1080,4.0
CUST001857,pedro da rocha,PEDRO.DA.ROCHA@CORREIO.NET,42.0,MASCULINO,Caxias do Sul,rio grande do sul,2025/03/25,4197,8,"R$ 2.699,00",3.5
CUST000994,henry machado,henry. machado@provedor.com.br,44.0,Masculino,Sorocaba,Sao Paulo,20-02-2025,1.630,5,1151,5.0
CUST001812,JADE FERREIRA,JADE.FERREIRA@MAIL.COM,18.0,female,Juazeiro do Norte,Ceará,2024-02-16,2.090,5,1.907,3.4
CUST002992,Sra. Maria Vitória Castro,SRA..MARIA.VITORIA.CASTRO@CORREIO.NET,29.0,fem,Brasília,DF,2023/12/25,4.297,10,"R$ 2.369,00",4.8
CUST003622,Paulo Cirino,paulo.cirino@webmail.com,25.0,M,Pelotas,rs,2022/12/20,,4,"R$ 1.419,00",4.2
CUST001014,Sr. Rael Pastor,sr..rael.pastor@email.com,38.0,MASCULINO,Ribeirão Preto,SP,20/04/2023,"R$ 3.273,00",10,"R$ 1.580,00",5.0
CUST005064,gabrielly silva,gabrielly.silva@webmail.com,44.0,FEMININO,Florianópolis,santa catarina,2023-01-25,3496,7,1.848,3.9
CUST001188,guilherme carvalho,guilherme.carvalho@correio.net,42.0,Masc,Fortaleza,CE,20-06-2022,"R$ 4.922,00",2,"R$ 582,00",4.2
CUST000517,Dra. Clara da Costa, dra..clara.da.costa@email.com ,30.0,F,Uberlândia,minas gerais,23/12/2023,2.589,3,323,4.8
CUST000683,Arthur Barros,arthur. barros@webmail.com,41.0,Masc,Rio de Janeiro,RJ ,03-04-2024,"R$ 5.444,00",9,2.735,3.8
CUST001051,Otávio Caldeira,otavio.caldeira@mail.com,69.0,Masc,Rio Verde,Goias,04/03/2025,6032,9,2744,4.1
CUST004058,Srta. Nina Gomes, srta..nina.gomes@email.com ,32.0,FEMININO,Blumenau,sc,2024/06/14,"R$ 8.544,00",15,"R$ 3.011,00",4.9
CUST001844,PEDRO MIGUEL CARVALHO,PEDRO.MIGUEL.CARVALHO@MAIL.COM,24.0,M,Londrina,Parana,2023/03/16,"R$ 955,00",7,2172,2.8
CUST002068,maria luísa teixeira, maria.luisa.teixeira@mail.com ,32.0,female,Rio de Janeiro,rio de janeiro,2024/04/12,"R$ 1.569,00",8,1.021,5.0
CUST001250,Vinicius Fonseca,vinicius. fonseca@provedor.com.br,34.0,Não binário,Pelotas,rs,2023-12-18,5.729,9,2530,4.8
CUST002761,Sr. Noah Vieira,sr..noah.vieira@mail.com,49.0,MASCULINO,Recife,PE,30/11/2024,3.765,4,727,3.3
CUST001654,Julia Freitas, julia.freitas@email.com ,45.0,FEMININO,Porto Alegre,rio grande do sul,05/11/2022,"R$ 3.898,00",7,1766,4.5
CUST000911,Kaique Rodrigues,KAIQUE.RODRIGUES@CORREIO.NET,44.0,M,Maringá,Paraná,2023-08-30,1275,6,971,
CUST002510,Amanda Guerra,AMANDA.GUERRA@MAIL.COM,46.0,F,Cuiabá,MT,2025/01/18,2547,5,"R$ 1.137,00",3.0
CUST004743,Marina da Mota, marina.da.mota@provedor.com.br ,38.0,F,Porto Alegre,rio grande do sul,2024-10-09,"R$ 6.444,00",9,2.529,5.0
CUST000571,davi miguel da cunha,davi.miguel.da.cunha@correio.net,21.0,masc,Anápolis,GO,11/07/2023,4468,8,"R$ 2.786,00",3.2
CUST001730,CAIO AZEVEDO,caio. azevedo@provedor.com.br,46.0,masc,Uberlândia,minas gerais,2024-07-16,2.069,3,834,4.4
CUST003363,Melissa Porto,melissa. porto@mail.com,48.0,female,,Bahia,20/03/2022,"R$ 2.742,00",10,1.395,3.9
CUST002313,Dra. Evelyn Moreira, dra..evelyn.moreira@webmail.com ,44.0,Fem,Joinville,SC,2023/03/31,6889,9,3203,3.9
CUST003822,Ana Beatriz da Costa,ana.beatriz.da.costa@email.com,18.0,F,Vila Velha,Espirito Santo,22/06/2022,2.866,3,496,4.5
CUST002225,nicole duarte, nicole.duarte@mail.com ,53.0,fem,Rio de Janeiro,RJ ,21/11/2022,2980,4,780,3.6
CUST000727,SOPHIE CARVALHO, sophie.carvalho@correio.net ,41.0,female,Londrina,pr,2022-04-29,"R$ 3.802,00",7,"R$ 1.792,00",
CUST000222,Allana Souza,allana.souza@mail.com,42.0,Feminino,,PR,2023/10/31,"R$ 2.197,00",5,1085,
CUST000237,sra. bárbara vieira,sra..barbara.vieira@email.com,47.0,FEMININO,Rio Verde,Goiás,2022/06/11,3.977,5,959,5.0
CUST000093,alexandre gomes, alexandre.gomes@webmail.com ,18.0,masc,Fortaleza,CE,06-01-2024,2.374,6,1.718,3.7
CUST001992,theodoro lopes,theodoro. lopes@email.com,69.0,male,Uberlândia,MG,2024-04-22,5.087,7,1.749,
CUST002036,Isabela Montenegro,isabela. montenegro@email.com,30.0,Feminino,Campinas,SP,2024-07-14,2726,4,654,5.0
CUST003060,Joaquim Nascimento,joaquim.nascimento@email.com,41.0,masc,Curitiba,Parana,2023/01/10,2664,11,2309,
CUST000575,Elisa da Mata,elisa. da.mata@correio.net,26.0,Feminino,Joinville,sc,11/02/2022,4.135,6,1148,5.0
CUST003992,ryan lopes,ryan.lopes@correio.net,55.0,M,Brasília,Distrito Federal,2023-12-26,2937,8,2.677,3.5
CUST000729,letícia pastor,LETICIA.PASTOR@WEBMAIL.COM,30.0,fem,Recife,pernambuco,2023-08-06,"R$ 2.947,00",9,"R$ 2.491,00",3.1
CUST003478,Sra. Clara Peixoto,sra..clara.peixoto@mail.com,22.0,fem,Várzea Grande,Mato Grosso,2025/09/10,1.622,22,"R$ 3.034,00",2.6
CUST001412,Alana Pires,ALANA.PIRES@CORREIO.NET,21.0,FEMININO,Várzea Grande,MT,02/06/2024,"R$ 4.552,00",7,2038,5.0
CUST004612,Léo Alves,leo.alves@mail.com,37.0,M,Pelotas,rio grande do sul,2024-03-10,4.671,9,2.791,4.0
CUST001400,Emilly Vasconcelos,emilly.vasconcelos@correio.net,44.0,Fem,Ananindeua,PA,2022/09/10,"R$ 2.962,00",7,187,5.0
CUST000668,Carolina Dias,carolina.dias@email.com,42.0,female,São Paulo,SP,2023-04-04,4336,9,"R$ 2.150,00",3.1
CUST001631,Dr. Rhavi Martins,dr..rhavi.martins@correio.net,43.0,male,Sobral,CE,2022-05-14,,2,546,4.4
CUST001595,Dra. Ana Luiza Sá, dra..ana.luiza.sa@mail.com ,25.0,F,Rio Verde,Goiás,2023-06-11,7.210,6,1845,5.0
CUST003217,Sarah Moraes,sarah.moraes@mail.com,52.0,female,Várzea Grande,mato grosso,20/06/2021,2144,8,1944,4.8
CUST003719,Dr. Eduardo Machado,DR..EDUARDO.MACHADO@PROVEDOR.COM.BR,42.0,Masc,Várzea Grande,Mato Grosso,2024/08/29,2.658,8,2.041,4.1
CUST004220,Emilly Oliveira,EMILLY.OLIVEIRA@WEBMAIL.COM,26.0,fem,Vitória da Conquista,Bahia,2022-10-08,2418,7,2181,3.1
CUST000201,Sr. Heitor Azevedo,SR..HEITOR.AZEVEDO@MAIL.COM,50.0,Masc,Niterói,RJ,11-05-2022,"R$ 5.281,00",3,729,3.0
CUST004414,dr. mateus duarte,DR..MATEUS.DUARTE@EMAIL.COM,41.0,male,,RJ,2023/09/09,"R$ 2.009,00",12,3.005,2.8
CUST001421,Luiz Henrique Sá,luiz. henrique.sa@email.com,41.0,Masculino,São Paulo,Sao Paulo,10-08-2023,,4,765,3.8
CUST001937,Henry Pereira,henry.pereira@provedor.com.br,59.0,Masc,Juazeiro do Norte,Ceara,28-02-2021,5032,11,2971,2.3
CUST001305,Sr. Bryan Rios,sr..bryan.rios@webmail.com,19.0,M,,bahia,23-09-2025,"R$ 2.589,00",7,1.664,4.8
CUST001278,Antônio Dias,ANTONIO.DIAS@MAIL.COM,46.0,male,Belém,Pará,05/08/2024,"R$ 2.926,00",3,786,4.9
CUST001731,HELLENA FREITAS,HELLENA.FREITAS@MAIL.COM,18.0,F,Caruaru,PE ,2023/01/26,1411,6,"R$ 875,00",4.8
CUST003073,Thiago Dias,THIAGO.DIAS@PROVEDOR.COM.BR,24.0,male,Londrina,PR,30-03-2024,2.881,2,568,2.8
CUST000430,Isabelly Cardoso,ISABELLY.CARDOSO@WEBMAIL.COM,43.0,female,Niterói,Rio De Janeiro,24/02/2025,4721,9,"R$ 2.925,00",4.0
CUST000252,raquel cunha,raquel.cunha@email.com,41.0,fem,Belo Horizonte,mg,2021/12/30,2007,5,"R$ 1.610,00",3.3
CUST003591,Mariana Rocha, mariana.rocha@webmail.com ,47.0,F,Várzea Grande,mt,27-05-2024,3702,7,1817,5.0
CUST001724,Ian Machado,ian.machado@mail.com,42.0,prefer not to say,Santos,SÃO PAULO,2024-08-09,1.460,5,1325,4.4
CUST004112,Calebe Brito,CALEBE.BRITO@PROVEDOR.COM.BR,48.0,M,Brasília,df,2024/09/02,5.048,8,2.473,3.0
CUST002541,Oliver Cavalcanti,oliver. cavalcanti@webmail.com,60.0,Masc,Uberlândia,mg,20-11-2021,4.316,2,"R$ 489,00",2.9
CUST000207,LUIZ GUSTAVO DA ROSA,luiz.gustavo.da.rosa@email.com,29.0,masc,Porto Alegre,rio grande do sul,2021/04/22,"R$ 1.704,00",6,"R$ 1.209,00",5.0
CUST004696,Murilo Vargas,murilo.vargas@correio.net,42.0,M,Brasília,DF,24-12-2024,"R$ 1.660,00",8,792,4.3
CUST001488,Pietro Borges,pietro.borges@webmail.com,,Masc,Belo Horizonte,MG,20-07-2024,4867,9,"R$ 1.461,00",2.8
CUST003336,Alice da Conceição,alice.da.conceicao@mail.com,18.0,FEMININO,Santos,SÃO PAULO,2024-01-10,"R$ 4.506,00",4,1119,4.7
CUST003444,Beatriz Siqueira, beatriz.siqueira@mail.com ,41.0,female,Uberlândia,Minas Gerais,10/12/2023,1281,7,"R$ 1.325,00",4.7
CUST001833,OLÍVIA NOVAES,OLIVIA.NOVAES@CORREIO.NET,,fem,Joinville,SC,22-06-2021,,7,"R$ 1.976,00",3.7
CUST000901,vinícius silveira, vinicius.silveira@email.com ,27.0,Masc,Santos,SP,07-09-2025,7644,5,"R$ 2.018,00",5.0
CUST002567,ísis duarte,ISIS.DUARTE@CORREIO.NET,999.0,fem,Santos,Sao Paulo,2022/03/04,3.516,6,1.148,5.0
CUST004625,Ana Clara da Mota, ana.clara.da.mota@provedor.com.br ,37.0,Feminino,Petrópolis,Rio De Janeiro,02/02/2024,4133,11,3686,4.3
CUST003353,Emilly Macedo,emilly.macedo@email.com,18.0,female,Niterói,RJ,2022/10/14,"R$ 2.696,00",9,644,3.8
CUST004586,Sarah Teixeira,SARAH.TEIXEIRA@MAIL.COM,47.0,fem,Belo Horizonte,Minas Gerais,25/02/2025,2.257,7,1369,2.8
CUST003787,Bárbara Sampaio, barbara.sampaio@provedor.com.br ,46.0,female,Santos,São Paulo,2024-03-17,3851,4,414,5.0
CUST000734,Julia Rezende,julia.rezende@email.com,44.0,Fem,Belo Horizonte,Minas Gerais,2024-04-14,5092,3,719,3.2
CUST003577,Sr. Davi Lucas Casa Grande,sr. .davi.lucas.casa.grande@mail.com,,MASCULINO,Manaus,am,2025/03/07,2081,4,"R$ 1.334,00",4.3
CUST003570,Luiz Fernando Sampaio,LUIZ.FERNANDO.SAMPAIO@EMAIL.COM,33.0,male,Niterói,Rio de Janeiro,2023-02-15,,5,1272,3.6
CUST004636,DR. RAUL BARROS,dr..raul.barros@provedor.com.br,34.0,masc,Florianópolis,Santa Catarina,2024-03-17,4.045,5,"R$ 1.011,00",5.0
CUST003091,liz silva,LIZ.SILVA@EMAIL.COM,21.0,Feminino,Vitória da Conquista,BA,24-09-2024,9218,6,1.969,3.4
CUST003069,Bernardo da Rosa,BERNARDO.DA.ROSA@EMAIL.COM,18.0,male,Ribeirão Preto,São Paulo,2021-02-18,"R$ 3.963,00",11,"R$ 2.496,00",5.0
CUST002416,Dr. Luan Leão,dr..luan.leao@email.com,55.0,MASCULINO,Salvador,Bahia,2025-06-19,"R$ 2.694,00",8,945,4.8
CUST003330,Luan Pires,luan.pires@email.com,26.0,M,Florianópolis,santa catarina,04-08-2023,3.215,3,"R$ 455,00",
CUST005019,srta. milena souza,SRTA..MILENA.SOUZA@CORREIO.NET,36.0,fem,Pelotas,rs,2024-04-18,"R$ 7.465,00",6,1.991,4.0
CUST003515,Dra. Melina Freitas,dra. .melina.freitas@correio.net,25.0,Fem,Duque de Caxias,RJ ,17/03/2024,2234,7,1661,4.7
CUST003592,Catarina Mendes,catarina.mendes@webmail.com,36.0,fem,Juazeiro do Norte,Ceara,2024/02/27,1.489,8,2125,2.7
CUST001895,Helena Camargo, helena.camargo@email.com ,18.0,Fem,Londrina,PR,2025/01/06,900,6,"R$ 935,00",3.0
CUST000617,Renan da Cunha,renan.da.cunha@correio.net,47.0,male,Petrópolis,RJ,2024/10/03,3724,10,2.365,3.0
CUST000318,Maria Luísa Farias,maria.luisa.farias@provedor.com.br,36.0,FEMININO,Ribeirão Preto,São Paulo,2023/12/21,7.045,7,"R$ 1.946,00",3.5
CUST004304,Ryan da Mota,ryan.da.mota@webmail.com,30.0,masc,Florianópolis,sc,25-05-2024,3.365,6,"R$ 1.562,00",3.6
CUST003924,Melina Montenegro, melina.montenegro@correio.net ,34.0,outro,Sorocaba,São Paulo,2022/08/11,3.292,7,"R$ 2.121,00",2.7
CUST002508,Melissa Nogueira,melissa.nogueira@correio.net,49.0,Feminino,Fortaleza,Ceará,2024/09/18,"R$ 4.978,00",7,1546,4.4
CUST001757,joaquim sá,joaquim.sa@email.com,70.0,male,Ribeirão Preto,Sao Paulo,26/03/2023,5.114,8,2563,
CUST003985,Luiz Fernando Santos,luiz.fernando.santos@provedor.com.br,39.0,MASCULINO,Olinda,Pernambuco,2023/08/15,"R$ 3.724,00",5,"R$ 923,00",5.0
CUST002257,mirella moraes, mirella.moraes@email.com ,27.0,female,Vila Velha,ES,20/12/2022,"R$ 5.844,00",12,4126,2.7
CUST002478,srta. esther marques,srta..esther.marques@provedor.com.br,51.0,fem,Juiz de Fora,mg,12/06/2024,"R$ 2.291,00",4,"R$ 756,00",2.3
CUST005023,GIOVANNA FERREIRA,GIOVANNA.FERREIRA@CORREIO.NET,30.0,Fem,Pelotas,RS,23-12-2021,"R$ 2.684,00",7,"R$ 1.778,00",5.0
CUST000129,Lucas Gabriel Vargas,LUCAS.GABRIEL.VARGAS@CORREIO.NET,49.0,masc,São Paulo,São Paulo,02-10-2024,3456,8,1114,4.2
CUST002681,Sara Porto,sara.porto@webmail.com,43.0,Fem,Contagem,minas gerais,12-09-2024,,8,"R$ 2.103,00",3.9
CUST002393,Carolina Costela,CAROLINA.COSTELA@CORREIO.NET,31.0,prefer not to say,Pelotas,rs,23-07-2025,"R$ 4.431,00",10,3142,3.9
CUST004477,Maria Luísa Araújo,maria. luisa.araujo@provedor.com.br,50.0,fem,Parintins,Amazonas,2023/07/17,"R$ 2.972,00",3,559,3.2
CUST003366,MARIA FLOR CAVALCANTE, maria.flor.cavalcante@email.com ,37.0,F,Manaus,am,22-09-2023,5.464,4,887,3.5
CUST004480,Mariana Guerra, mariana.guerra@correio.net ,37.0,FEMININO,Pelotas,rs,29-02-2024,"R$ 4.059,00",6,1550,4.8
CUST004002,lorenzo lima,lorenzo.lima@correio.net,37.0,MASCULINO,Duque de Caxias,RJ ,2023-10-18,1.905,2,490,3.8
CUST000406,Anthony Gabriel da Luz,anthony.gabriel.da.luz@webmail.com,50.0,Masculino,Sobral,CE,2023/06/19,"R$ 9.678,00",10,3.436,
CUST002387,Ana Cecília Carvalho, ana.cecilia.carvalho@mail.com ,29.0,F,Ananindeua,pa,12/05/2022,"R$ 1.482,00",9,2056,3.2
CUST000969,EMANUELLY GONÇALVES,EMANUELLY.GONCALVES@PROVEDOR.COM.BR,64.0,F,Juazeiro do Norte,Ceará,2023/12/31,6.241,8,"R$ 2.402,00",4.1
CUST003509,Sra. Isabelly Andrade,sra. .isabelly.andrade@correio.net,54.0,Fem,Fortaleza,Ceara,24/10/2024,"R$ 4.666,00",7,1.721,4.3
CUST004303,ANA JÚLIA FERREIRA, ana.julia.ferreira@correio.net ,44.0,Fem,Niterói,Rio de Janeiro,2024-01-23,6302,11,"R$ 3.706,00",4.2
CUST001466,Srta. Brenda Cardoso,SRTA..BRENDA.CARDOSO@PROVEDOR.COM.BR,18.0,FEMININO,,rs,2022/02/14,"R$ 2.948,00",12,1.412,5.0
CUST004505,Bryan Barbosa,bryan.barbosa@email.com,42.0,Masculino,Rio de Janeiro,RJ,2024/09/13,3510,4,1362,3.9
CUST000585,Olivia Sampaio,OLIVIA.SAMPAIO@PROVEDOR.COM.BR,999.0,FEMININO,Duque de Caxias,RJ ,2023/03/20,1956,7,"R$ 1.516,00",3.9
CUST004552,maria fernanda nunes,maria.fernanda.nunes@mail.com,45.0,female,Contagem,mg,15-07-2023,3531,5,"R$ 1.189,00",4.5
CUST002828,Arthur Barros,arthur.barros@provedor.com.br,64.0,Masculino,Caxias do Sul,rs,2022-08-13,6325,7,"R$ 1.488,00",3.0
CUST002445,Matteo Mendes,matteo.mendes@email.com,58.0,Masculino,Duque de Caxias,RJ ,24-11-2023,3.481,4,"R$ 1.162,00",3.5
CUST004401,Ana Sophia Cardoso, ana.sophia.cardoso@mail.com ,41.0,FEMININO,Pelotas,rs,2022-06-30,3.397,5,"R$ 700,00",2.9
CUST004705,Ana Clara Cunha,ana. clara.cunha@webmail.com,26.0,F,Juiz de Fora,mg,2024/01/20,,0,"R$ 0,00",4.1
CUST001452,Sr. José Miguel Ramos, sr..jose.miguel.ramos@webmail.com ,51.0,M,Juiz de Fora,Minas Gerais,2023/03/07,4190,2,"R$ 443,00",4.4
CUST003341,Gabriela Cassiano,GABRIELA.CASSIANO@PROVEDOR.COM.BR,19.0,F,Belo Horizonte,Minas Gerais,2023-07-15,"R$ 4.632,00",10,3.520,3.3
CUST001422,Eloah Guerra,eloah.guerra@mail.com,,female,Londrina,Parana,2023/11/05,3.709,5,"R$ 908,00",
CUST001572,Sr. Asafe Rodrigues,sr..asafe.rodrigues@webmail.com,38.0,Masc,Londrina,PR,2024-02-18,1.370,10,"R$ 2.476,00",4.0
CUST001771,Sr. Isaac Sousa,sr..isaac.sousa@provedor.com.br,28.0,masc,Caxias do Sul,RS,25/03/2024,"R$ 7.921,00",6,"R$ 1.839,00",4.8
CUST004328,Dra. Stella da Luz, dra..stella.da.luz@provedor.com.br ,60.0,fem,Santos,Sao Paulo,2024/07/22,,10,"R$ 2.994,00",3.4
CUST003300,Vitor Sousa, vitor.sousa@correio.net ,37.0,M,Campinas,Sao Paulo,10/10/2021,2324,9,2177,3.0
CUST000664,Caroline Pimenta,CAROLINE.PIMENTA@CORREIO.NET,32.0,N/I,Contagem,mg,2025/07/14,4.443,7,"R$ 1.702,00",4.6
CUST001534,Mateus Casa Grande,mateus.casa.grande@correio.net,37.0,Masculino,Olinda,PE ,08/11/2023,"R$ 1.574,00",12,"R$ 3.369,00",3.9
CUST003936,Arthur Gabriel Albuquerque, arthur.gabriel.albuquerque@provedor.com.br ,25.0,Masculino,Santos,Sao Paulo,2023/02/15,"R$ 8.238,00",5,2583,3.7
CUST001075,Dr. Benício Vieira,dr. .benicio.vieira@correio.net,37.0,masc,Pelotas,rio grande do sul,11/10/2024,6.227,8,"R$ 3.291,00",4.5
CUST001927,Yuri Cassiano,yuri.cassiano@email.com,23.0,masc,Vitória da Conquista,BA ,07/11/2021,,7,1805,4.5
CUST000308,anna liz peixoto,ANNA.LIZ.PEIXOTO@WEBMAIL.COM,33.0,F,Santos,São Paulo,28-08-2024,2.249,9,1.432,2.8
CUST001233,Josué Ribeiro,josue.ribeiro@mail.com,53.0,M,São Paulo,Sao Paulo,2025/03/29,"R$ 6.153,00",5,1.724,2.9
CUST000572,Rodrigo Freitas, rodrigo.freitas@correio.net ,30.0,MASCULINO,Anápolis,go,29/02/2024,3.601,7,"R$ 1.729,00",3.7
CUST002605,Sr. Heitor Montenegro, sr..heitor.montenegro@webmail.com ,38.0,Masculino,Niterói,RJ ,2024-07-04,1.532,6,"R$ 1.425,00",3.6
CUST002739,SRTA. ISABELLA DA CUNHA,srta. .isabella.da.cunha@email.com,47.0,F,Recife,pernambuco,07/06/2025,2.782,7,2017,2.9
CUST003497,ANA JÚLIA SANTOS,ana.julia.santos@webmail.com,27.0,prefer not to say,,MG,2023-07-03,"R$ 4.105,00",7,2.061,2.9
CUST001195,Emanuel Rodrigues,emanuel.rodrigues@provedor.com.br,40.0,M,São Paulo,SÃO PAULO,2022-06-09,"R$ 4.578,00",5,"R$ 1.249,00",
CUST003863,Ana Cecília Pinto,ana.cecilia.pinto@mail.com,48.0,female,Sobral,Ceará,07/07/2025,"R$ 2.543,00",5,912,3.7
CUST002824,Calebe Farias,calebe.farias@provedor.com.br,52.0,Masculino,,sp,13-05-2024,"R$ 5.723,00",11,2913,3.6
CUST000718,Lara Pinto,LARA.PINTO@CORREIO.NET,29.0,Fem,Caruaru,pernambuco,2023/08/23,,10,2.819,5.0
CUST000388,Dr. João Guilherme Albuquerque,dr..joao.guilherme.albuquerque@correio.net,49.0,male,Ribeirão Preto,São Paulo,2023/09/02,"R$ 5.324,00",5,"R$ 1.410,00",2.7
CUST001914,Vitor Hugo Sampaio,vitor. hugo.sampaio@mail.com,,masc,Juazeiro do Norte,ce,2024/09/04,4047,3,"R$ 899,00",3.9
CUST000913,Mateus Garcia,mateus.garcia@mail.com,31.0,Masc,Serra,Espírito Santo,15-11-2023,3159,9,"R$ 2.178,00",3.0
CUST003103,Rafael Abreu,rafael. abreu@mail.com,24.0,M,Duque de Caxias,Rio De Janeiro,2022-10-13,2816,3,"R$ 565,00",4.8
CUST000432,Gustavo Henrique Pastor,gustavo.henrique.pastor@correio.net,52.0,Masc,Santos,SP,16/08/2023,"R$ 2.045,00",6,644,
CUST004795,Luiza Vargas,luiza.vargas@correio.net,55.0,Feminino,Belo Horizonte,Minas Gerais,2022/08/22,2.694,2,434,4.3
CUST001088,Maria Fernanda Rios,maria.fernanda.rios@correio.net,49.0,Fem,Rio Verde,go,30/06/2021,2.683,7,1294,3.5
CUST001568,LAÍS CUNHA,LAIS.CUNHA@EMAIL.COM,18.0,FEMININO,Pelotas,Rio Grande do Sul,04-03-2023,2.478,6,1950,3.6
CUST003756,dom cavalcanti,DOM.CAVALCANTI@PROVEDOR.COM.BR,32.0,M,Manaus,AM,2024-06-28,2174,11,1799,3.1
CUST000447,Ana Liz Mendes,ana.liz.mendes@webmail.com,53.0,Fem,Pelotas,Rio Grande do Sul,06/04/2022,"R$ 2.753,00",5,1009,3.8
CUST001198,Srta. Maria Alice Gonçalves,srta..maria.alice.goncalves@correio.net,18.0,fem,Sorocaba,São Paulo,2023-07-31,"R$ 4.765,00",6,1.925,2.2
CUST004683,Alexandre Ribeiro,alexandre.ribeiro@provedor.com.br,18.0,Masculino,Várzea Grande,Mato Grosso,28-11-2022,1.773,4,675,5.0
CUST001920,Laís da Luz,LAIS.DA.LUZ@MAIL.COM,44.0,fem,Sorocaba,SÃO PAULO,2023-08-03,5145,5,"R$ 1.288,00",4.1
CUST003668,Liz Camargo,liz.camargo@correio.net,26.0,Feminino,Ananindeua,Pará,09-10-2024,"R$ 2.561,00",9,2.160,4.8
CUST003971,Sra. Elisa Cirino,sra..elisa.cirino@provedor.com.br,44.0,F,Florianópolis,SC,22/09/2021,4381,5,"R$ 1.634,00",3.2
CUST000263,Léo Melo,LEO.MELO@EMAIL.COM,42.0,Masculino,Olinda,pernambuco,08-12-2024,2260,9,"R$ 3.153,00",3.2
CUST001169,SABRINA VARGAS,sabrina.vargas@webmail.com,51.0,F,Florianópolis,santa catarina,28-09-2025,"R$ 4.253,00",9,2.339,4.2
CUST002749,Ravy Sousa,ravy.sousa@correio.net,30.0,male,Petrópolis,rio de janeiro,2025/04/12,3.348,7,1818,4.4
CUST000026,Srta. Yasmin Siqueira,srta..yasmin.siqueira@provedor.com.br,18.0,Fem,Porto Alegre,Rio Grande do Sul,30-01-2025,2.194,7,"R$ 689,00",5.0
CUST000153,Lucas Alves,lucas.alves@correio.net,38.0,MASCULINO,Belo Horizonte,minas gerais,17/11/2022,4115,9,3.419,4.9
CUST003018,Dr. Mathias da Conceição,dr. .mathias.da.conceicao@email.com,,male,Joinville,Santa Catarina,2023-12-07,1.234,9,1.182,3.5
CUST004843,Dr. Lucas Viana,DR..LUCAS.VIANA@EMAIL.COM,46.0,M,Porto Alegre,RS,2022-10-06,"R$ 4.362,00",6,2.035,5.0
CUST002263,Ísis Oliveira,isis.oliveira@correio.net,21.0,female,Juiz de Fora,minas gerais,2022-11-29,2573,8,592,
CUST002030,Gael Henrique Montenegro,gael.henrique.montenegro@provedor.com.br,59.0,Masc,Ribeirão Preto,São Paulo,18/10/2024,5.366,13,"R$ 4.438,00",4.3
CUST002027,Sophia Santos,sophia.santos@webmail.com,29.0,Feminino,Caxias do Sul,RS,07/01/2023,3925,7,1.737,3.8
CUST000508,Enzo Gabriel Pinto,enzo.gabriel.pinto@email.com,36.0,Masc,Sobral,CE,2023-10-21,3009,9,1.040,3.8
CUST000161,Zoe Rodrigues, zoe.rodrigues@correio.net ,40.0,female,Curitiba,pr,2022/07/13,2.691,8,990,4.0
CUST003301,Enzo Gabriel Barbosa,ENZO.GABRIEL.BARBOSA@MAIL.COM,29.0,MASCULINO,Rio de Janeiro,Rio De Janeiro,2023/09/16,4120,6,"R$ 1.276,00",3.8
CUST001441,Bianca Monteiro,bianca.monteiro@mail.com,50.0,Fem,Cuiabá,mato grosso,31-07-2023,"R$ 2.731,00",7,1262,3.4
CUST002494,caroline vieira, caroline.vieira@correio.net ,43.0,FEMININO,Niterói,RJ,2024-08-16,2433,6,1.457,4.6
CUST001415,Maria Isis Montenegro, maria.isis.montenegro@correio.net ,27.0,Feminino,São Paulo,SÃO PAULO,24/05/2023,"R$ 1.543,00",3,1037,4.1
CUST000713,Dr. Nathan Fonseca,dr..nathan.fonseca@email.com,44.0,Masculino,Porto Alegre,rs,2024/11/22,6.206,8,"R$ 1.959,00",3.9
CUST003552,ELISA GUERRA,ELISA.GUERRA@EMAIL.COM,32.0,FEMININO,Feira de Santana,BA,05-11-2022,3726,3,"R$ 825,00",3.6
CUST003240,Sr. Theo Ribeiro, sr..theo.ribeiro@correio.net ,35.0,Masc,Duque de Caxias,Rio De Janeiro,10/06/2022,2150,10,2560,4.7
CUST005062,JOSÉ PEDRO COSTA,JOSE.PEDRO.COSTA@WEBMAIL.COM,30.0,Masc,Petrópolis,Rio de Janeiro,17/04/2023,6907,7,1.658,4.9
CUST002156,lucas vieira,LUCAS.VIEIRA@PROVEDOR.COM.BR,24.0,Masculino,Ribeirão Preto,SÃO PAULO,20-06-2024,,5,1.525,3.7
CUST001952,YAN GUERRA,yan.guerra@webmail.com,24.0,N/I,Rio de Janeiro,rio de janeiro,22/08/2023,,6,"R$ 1.699,00",4.0
CUST002266,Brenda Pacheco,brenda.pacheco@email.com,54.0,FEMININO,São Paulo,SÃO PAULO,2022/09/03,2751,7,"R$ 992,00",3.0
CUST003742,JOAQUIM ARAÚJO,JOAQUIM.ARAUJO@PROVEDOR.COM.BR,41.0,Masc,Feira de Santana,BA,11-11-2024,2.728,10,"R$ 2.297,00",3.6
CUST000829,sr. luiz fernando campos,SR..LUIZ.FERNANDO.CAMPOS@EMAIL.COM,68.0,MASCULINO,São Paulo,SP,2024-06-24,5.802,4,"R$ 1.247,00",2.9
CUST000008,yago leão, yago.leao@correio.net ,57.0,male,Belém,pa,14/10/2024,"R$ 3.084,00",3,"R$ 890,00",4.3
CUST001107,MARIA ISIS FERREIRA,MARIA.ISIS.FERREIRA@WEBMAIL.COM,28.0,FEMININO,Duque de Caxias,RJ ,2022/11/01,2634,7,"R$ 2.136,00",4.2
CUST000383,josé marques,jose.marques@mail.com,36.0,male,Juiz de Fora,Minas Gerais,08/06/2023,"R$ 3.853,00",6,2.056,3.7
CUST002049,Sr. Pedro Vargas,sr..pedro.vargas@email.com,46.0,MASCULINO,Goiânia,GO,2024/07/21,"R$ 3.246,00",9,988,4.2
CUST003651,Murilo Andrade,MURILO.ANDRADE@MAIL.COM,39.0,Masc,Rio de Janeiro,Rio de Janeiro,2023/05/21,,3,"R$ 559,00",5.0
CUST000031,MURILO DA MATA,MURILO.DA.MATA@EMAIL.COM,51.0,Masculino,Campinas,SP,15/04/2025,1784,8,1092,5.0
CUST004132,Vicente Sampaio, vicente.sampaio@email.com ,47.0,Masculino,Rio Verde,Goiás,2024/05/31,4943,7,"R$ 1.949,00",3.3
CUST001047,brenda oliveira,brenda.oliveira@correio.net,21.0,female,Pelotas,RS,17/09/2021,4000,10,"R$ 1.673,00",4.9
CUST002565,Srta. Sophie Correia,SRTA..SOPHIE.CORREIA@CORREIO.NET,39.0,F,,mg,2021/12/16,239811,6,1.031,4.4
CUST000624,Léo Moreira,leo.moreira@provedor.com.br,32.0,Masculino,Sorocaba,SP,12-08-2022,"R$ 3.511,00",7,1.727,3.8
CUST000919,Olívia da Mata,OLIVIA.DA.MATA@CORREIO.NET,45.0,Fem,Joinville,sc,07-11-2023,5.981,13,"R$ 247.008,00",3.8
CUST003273,Asafe Sousa,asafe. sousa@email.com,41.0,masc,Várzea Grande,MT,27-07-2024,1.844,9,1.560,
CUST003033,MANUELA LOPES, manuela.lopes@mail.com ,18.0,Fem,Ananindeua,PA,25/12/2024,2.761,8,2.733,4.7
CUST000209,Dra. Ísis Pereira,dra..isis.pereira@correio.net,60.0,fem,Ananindeua,pa,2023-09-23,5.886,8,"R$ 2.018,00",3.5
CUST004526,SR. CALEBE NOVAIS, sr..calebe.novais@provedor.com.br ,42.0,Masc,Vitória da Conquista,Bahia,2024-05-09,2.146,6,901,4.5
CUST000896,Alexia Cunha,ALEXIA.CUNHA@PROVEDOR.COM.BR,38.0,FEMININO,Serra,es,2025/10/25,"R$ 1.486,00",7,"R$ 1.278,00",5.0
CUST004601,Maria Cecília Moura,maria.cecilia.moura@correio.net,35.0,F,Sorocaba,Sao Paulo,31-03-2023,3.370,7,2187,3.0
CUST001721,Rodrigo da Cunha,RODRIGO.DA.CUNHA@PROVEDOR.COM.BR,44.0,masc,Feira de Santana,BA,2021-09-22,1969,9,3326,2.2
CUST003724,Samuel Siqueira,SAMUEL.SIQUEIRA@WEBMAIL.COM,46.0,Masc,Várzea Grande,mato grosso,29/10/2024,2905,5,1188,3.0
CUST000798,Maria Luiza Rodrigues,maria.luiza.rodrigues@correio.net,45.0,F,Fortaleza,Ceara,2023-10-30,"R$ 4.975,00",8,2.478,3.6
CUST002111,MELINA BARROS,melina.barros@mail.com,38.0,N/I,Anápolis,GO,2022-03-26,5454,7,2502,4.0
CUST004152,Matheus Lima,matheus.lima@mail.com,36.0,male,Campinas,SP,01-07-2022,2.448,10,"R$ 3.129,00",3.9
CUST001353,Rebeca Peixoto,rebeca.peixoto@mail.com,39.0,Feminino,São Paulo,Sao Paulo,2024-10-26,2558,11,2517,5.0
CUST002284,Antonella Cardoso,ANTONELLA.CARDOSO@MAIL.COM,32.0,Feminino,Juiz de Fora,MG,04/06/2023,1.585,6,"R$ 1.023,00",3.6
CUST000647,ester monteiro,ester.monteiro@email.com,52.0,Feminino,Campinas,SÃO PAULO,2023/05/01,,6,"R$ 655,00",3.5
CUST004083,Nathan Cavalcanti,nathan.cavalcanti@mail.com,29.0,male,Blumenau,santa catarina,21/12/2022,3560,9,2.040,4.6
CUST002163,júlia jesus,julia. jesus@email.com,18.0,fem,Vitória,ES,27/09/2024,2.786,6,1395,4.3
CUST002439,JOSUÉ DA CRUZ,josue.da.cruz@email.com,18.0,Masc,Rio de Janeiro,Rio de Janeiro,31/05/2024,2536,9,2.332,
CUST000837,joão guilherme correia, joao.guilherme.correia@correio.net ,23.0,Masculino,Caxias do Sul,RS,2024-04-30,2.046,6,1.463,4.9
CUST002746,Enrico Macedo,ENRICO.MACEDO@MAIL.COM,55.0,male,Campinas,São Paulo,07/05/2023,2.228,8,1853,3.2
CUST003428,Maitê Pereira,maite.pereira@webmail.com,36.0,fem,Goiânia,go,14-03-2022,5.464,5,"R$ 1.740,00",5.0
CUST004449,Arthur Miguel Porto, arthur.miguel.porto@webmail.com ,51.0,Masculino,Várzea Grande,mato grosso,2023/10/27,"R$ 3.847,00",7,"R$ 1.440,00",3.9
CUST001140,Elisa Monteiro, elisa.monteiro@correio.net ,29.0,fem,,Rio De Janeiro,04/06/2024,1.955,3,616,
CUST004413,maria eduarda rocha, maria.eduarda.rocha@mail.com ,51.0,Feminino,Ananindeua,Pará,2024-01-23,3.996,9,2648,4.6
CUST004064,Henry Fonseca,henry.fonseca@provedor.com.br,50.0,Masculino,Várzea Grande,Mato Grosso,05-01-2023,,6,1.881,3.2
CUST001661,Yago Nunes,yago.nunes@provedor.com.br,18.0,male,Ananindeua,Para,01/01/2025,5.487,7,1.583,5.0
CUST002684,Maria Liz Câmara,MARIA.LIZ.CAMARA@MAIL.COM,18.0,female,Serra,Espírito Santo,19-07-2024,1936,5,"R$ 1.255,00",3.5
CUST001343,Sophie Vieira,SOPHIE.VIEIRA@CORREIO.NET,43.0,fem,Vitória da Conquista,BA,2024/10/15,"R$ 2.690,00",8,2.027,2.6
CUST002901,Manuella Machado, manuella.machado@email.com ,38.0,Feminino,Fortaleza,ce,23/10/2023,3.105,8,942,4.3
CUST003967,BEATRIZ MENDONÇA, beatriz.mendonca@provedor.com.br ,43.0,Fem,,minas gerais,2024-12-11,"R$ 4.466,00",8,2.676,4.6
CUST001384,enzo gabriel ribeiro, enzo.gabriel.ribeiro@email.com ,38.0,Masc,Ribeirão Preto,SP,2023-01-07,"R$ 2.372,00",13,2.854,4.1
CUST000374,FERNANDO CAVALCANTE, fernando.cavalcante@webmail.com ,21.0,male,Rio de Janeiro,rio de janeiro,13/04/2024,1454,3,705,3.6
CUST003263,Mathias Costela, mathias.costela@mail.com ,28.0,masc,Salvador,bahia,19/06/2022,4706,7,1588,4.5
CUST004042,Ana Vitória da Luz,ANA.VITORIA.DA.LUZ@PROVEDOR.COM.BR,34.0,Feminino,Feira de Santana,BA ,18/09/2025,2237,6,"R$ 1.467,00",5.0
CUST002454,francisco vieira,francisco.vieira@correio.net,,Masculino,São Paulo,SÃO PAULO,2024-07-18,3643,6,"R$ 1.193,00",4.1
CUST002071,Ana Luiza Cavalcanti,ANA.LUIZA.CAVALCANTI@EMAIL.COM,51.0,Fem,Pelotas,Rio Grande do Sul,2023/11/28,2.571,7,"R$ 128.773,00",3.4
CUST004388,Heloísa Nunes,heloisa.nunes@correio.net,68.0,fem,Fortaleza,CE,15-01-2024,"R$ 2.252,00",5,906,4.1
CUST004741,Yasmin Brito,yasmin.brito@email.com,38.0,female,Brasília,distrito federal,30/07/2023,4.668,5,1554,4.8
CUST001138,Dra. Emanuella Campos,dra. .emanuella.campos@email.com,35.0,FEMININO,Caruaru,PE ,2024-06-04,4902,4,1366,3.4
CUST004358,Isaac Costela,isaac.costela@correio.net,40.0,male,Sorocaba,São Paulo,2023/10/01,"R$ 4.586,00",11,3383,3.6
CUST004038,gabriel silveira,gabriel.silveira@provedor.com.br,,Masc,Florianópolis,Santa Catarina,29-04-2024,"R$ 4.526,00",5,1.674,
CUST000751,Henry Gabriel da Rosa,henry.gabriel.da.rosa@email.com,33.0,male,Caxias do Sul,rs,21-12-2024,"R$ 1.875,00",5,980,
CUST001435,DRA. ALEXIA DA ROSA,dra..alexia.da.rosa@provedor.com.br,,female,Olinda,pernambuco,2023/12/13,3115,6,"R$ 2.215,00",4.0
CUST000814,REBECA BORGES, rebeca.borges@correio.net ,18.0,FEMININO,Contagem,minas gerais,2023-03-23,"R$ 1.634,00",11,"R$ 1.988,00",3.3
CUST003239,Davi Lucas das Neves,DAVI.LUCAS.DAS.NEVES@WEBMAIL.COM,58.0,M,Sorocaba,Sao Paulo,22-01-2025,4.294,7,1930,4.1
CUST000838,Srta. Ana Beatriz Ribeiro,srta..ana.beatriz.ribeiro@mail.com,38.0,Fem,Pelotas,Rio Grande do Sul,2024/02/24,4646,6,1999,4.0
CUST004309,Dr. Rafael Camargo, dr..rafael.camargo@mail.com ,54.0,Masculino,Sorocaba,SP,2023/01/05,"R$ 4.400,00",2,"R$ 636,00",4.3
CUST000677,Anna Liz da Cunha,ANNA.LIZ.DA.CUNHA@WEBMAIL.COM,33.0,Feminino,Vila Velha,ES,03-09-2023,3.122,8,1.891,4.0
CUST003573,luiza sá,luiza.sa@correio.net,48.0,Feminino,Salvador,BA ,28/09/2024,4355,9,2.461,3.8
CUST003501,Henrique Souza,henrique. souza@provedor.com.br,,Masc,Porto Alegre,Rio Grande do Sul,2025-07-18,"R$ 3.576,00",7,1543,4.1
CUST001935,sra. rebeca moura,sra..rebeca.moura@webmail.com,59.0,fem,Brasília,Distrito Federal,2023/08/11,2.483,7,"R$ 1.706,00",4.2
CUST000677,Anna Liz da Cunha,ANNA.LIZ.DA.CUNHA@WEBMAIL.COM,33.0,Feminino,Vila Velha,ES,03-09-2023,3.122,8,1.891,4.0
CUST002082,Srta. Esther da Rocha, srta..esther.da.rocha@mail.com ,26.0,F,Sorocaba,SP,2024-03-22,5616,8,1915,3.7
CUST001527,CAROLINE SANTOS,caroline.santos@correio.net,36.0,female,Serra,es,28/02/2023,3038,13,3.643,4.1
CUST002659,Dr. João Miguel Duarte, dr..joao.miguel.duarte@webmail.com ,43.0,Masc,Petrópolis,Rio De Janeiro,2022-05-20,3.285,10,3.017,5.0
CUST004342,BRUNO DA MOTA, bruno.da.mota@email.com ,32.0,MASCULINO,Goiânia,Goias,03-02-2025,6.725,12,"R$ 4.277,00",4.6
CUST001149,Sara Nunes,sara.nunes@webmail.com,27.0,Feminino,Sobral,CE,10-08-2023,,6,966,2.4
CUST002775,pedro henrique vargas,PEDRO.HENRIQUE.VARGAS@PROVEDOR.COM.BR,24.0,MASCULINO,Sorocaba,Sao Paulo,31/08/2024,3.772,11,3.524,3.4
CUST000723,MARIA LIZ MONTENEGRO,maria. liz.montenegro@webmail.com,36.0,FEMININO,Florianópolis,santa catarina,2023/06/11,3725,6,1650,4.6
CUST004187,Alexandre Cassiano, alexandre.cassiano@webmail.com ,49.0,male,Feira de Santana,BA ,2024-10-28,4.052,4,"R$ 1.288,00",3.9
CUST000474,Danilo Teixeira,danilo.teixeira@webmail.com,40.0,M,Rio Verde,go,02/11/2024,"R$ 2.092,00",7,1659,3.3
CUST003682,otto novaes,OTTO.NOVAES@CORREIO.NET,,M,Caxias do Sul,Rio Grande do Sul,2024-09-20,3331,7,1360,3.3
CUST002469,Dr. Gustavo Henrique Sá, dr..gustavo.henrique.sa@webmail.com ,37.0,Masc,Vitória da Conquista,bahia,07/03/2024,3.786,9,3006,5.0
CUST000613,Dr. Arthur Miguel da Rocha,dr..arthur.miguel.da.rocha@provedor.com.br,49.0,MASCULINO,,santa catarina,12/02/2024,4.673,2,301,3.5
CUST000050,dr. theodoro teixeira,dr..theodoro.teixeira@provedor.com.br,62.0,masc,Juazeiro do Norte,CE,04-06-2023,6.636,12,3329,3.9
CUST001737,joão pedro correia,joao.pedro.correia@correio.net,47.0,MASCULINO,Juiz de Fora,minas gerais,2024-01-01,5.463,2,599,
CUST003008,MARCELA AZEVEDO, marcela.azevedo@webmail.com ,34.0,fem,,RJ,24/11/2023,323.629,1,202,2.4
CUST004271,Dra. Anna Liz Novaes, dra..anna.liz.novaes@correio.net ,33.0,F,,Rio Grande do Sul,2023/11/04,2865,5,730,3.7
CUST004009,LUNA DA CONCEIÇÃO,luna. da.conceicao@email.com,59.0,Feminino,Londrina,Parana,27/04/2023,3.602,5,"R$ 1.356,00",
CUST001538,Dr. Gustavo Sá, dr..gustavo.sa@provedor.com.br ,38.0,masc,Vila Velha,Espirito Santo,19/11/2024,2.525,5,1174,3.5
CUST001317,dr. guilherme pires,DR..GUILHERME.PIRES@MAIL.COM,40.0,male,Manaus,amazonas,21-11-2022,"R$ 7.549,00",9,2999,
CUST001614,Emilly Rios,emilly.rios@correio.net,32.0,FEMININO,Uberlândia,mg,16/11/2022,"R$ 3.772,00",8,1612,4.9
CUST000742,noah montenegro,NOAH.MONTENEGRO@WEBMAIL.COM,52.0,Masc,Londrina,Parana,2023/11/21,4.455,3,748,4.4
CUST002252,Allana Casa Grande,allana.casa.grande@email.com,24.0,female,São Paulo,São Paulo,22-10-2022,2454,3,854,
CUST002745,Isaac da Rosa,isaac.da.rosa@email.com,32.0,Masculino,Brasília,DF,2024-12-15,"R$ 3.301,00",7,1835,3.5
CUST004916,EMANUEL DUARTE,EMANUEL.DUARTE@EMAIL.COM,78.0,Masc,Vitória,ES,2023/01/02,6.823,3,981,3.5
CUST004547,DR. DAVI MIGUEL SOUZA, dr..davi.miguel.souza@provedor.com.br ,38.0,Masculino,Ribeirão Preto,São Paulo,30-12-2022,"R$ 3.354,00",5,859,4.3
CUST002875,Sra. Natália Sales,SRA..NATALIA.SALES@MAIL.COM,54.0,F,São Paulo,SP,15/09/2022,3.524,4,1133,4.9
CUST001502,Stephany Freitas,stephany.freitas@email.com,37.0,female,São Paulo,sp,14/12/2022,"R$ 3.819,00",6,1.890,4.2
CUST004327,Mariana Oliveira,mariana.oliveira@provedor.com.br,63.0,female,Caxias do Sul,RS,28/05/2023,2982,6,1375,5.0
CUST001236,Luiz Gustavo Cavalcanti,LUIZ.GUSTAVO.CAVALCANTI@WEBMAIL.COM,26.0,masc,,BA ,2023/03/04,"R$ 2.684,00",5,"R$ 311,00",3.8
CUST002829,Rhavi Marques,rhavi.marques@correio.net,18.0,male,Vila Velha,Espirito Santo,2024-08-22,,8,1992,2.8
CUST002374,Srta. Lorena Vieira,SRTA..LORENA.VIEIRA@PROVEDOR.COM.BR,46.0,Feminino,Niterói,rio de janeiro,15-03-2024,2881,4,940,
CUST001957,Pedro Silveira,pedro.silveira@mail.com,29.0,male,Ribeirão Preto,sp,19-07-2022,2.387,5,"R$ 954,00",3.8
CUST000560,Eduardo Castro,EDUARDO.CASTRO@MAIL.COM,,male,Campinas,São Paulo,2025-03-18,6163,7,1.570,5.0
CUST001176,Vinícius da Costa,vinicius.da.costa@provedor.com.br,63.0,Masculino,Olinda,Pernambuco,13/06/2025,2.387,13,"R$ 3.309,00",4.9
CUST001457,Paulo Sousa,paulo.sousa@email.com,36.0,M,Serra,Espírito Santo,28-12-2023,2.060,4,"R$ 1.138,00",4.1
CUST004722,Lucas Gabriel Nascimento,lucas.gabriel.nascimento@mail.com,28.0,MASCULINO,Caxias do Sul,Rio Grande do Sul,2022-05-07,,6,2033,4.0
CUST002497,João Pedro Vargas,joao.pedro.vargas@mail.com,37.0,male,Vitória da Conquista,Bahia,31-08-2025,5.888,9,2878,
CUST004777,José Miguel Guerra,jose.miguel.guerra@mail.com,33.0,MASCULINO,Olinda,Pernambuco,31/03/2024,7.210,6,"R$ 1.964,00",
CUST001712,ALANA GARCIA,ALANA.GARCIA@PROVEDOR.COM.BR,18.0,FEMININO,Anápolis,Goiás,09/08/2023,"R$ 2.882,00",6,"R$ 1.370,00",4.3
CUST003244,Alícia Nunes,alicia.nunes@webmail.com,18.0,female,Ribeirão Preto,São Paulo,24-07-2023,"R$ 947,00",7,"R$ 887,00",5.0
CUST002676,beatriz mendonça, beatriz.mendonca@provedor.com.br ,20.0,F,Pelotas,rio grande do sul,2024/07/06,3.315,7,"R$ 1.260,00",4.4
CUST004368,Hadassa Dias,hadassa. dias@provedor.com.br,18.0,Fem,Campinas,Sao Paulo,23/03/2024,1.419,4,502,
CUST002664,Manuella Fogaça,MANUELLA.FOGACA@EMAIL.COM,150.0,Feminino,Juazeiro do Norte,ce,21-02-2024,"R$ 4.386,00",14,3.307,4.6
CUST002853,Nina Lopes, nina.lopes@provedor.com.br ,53.0,Fem,Curitiba,PR,2023-03-07,4812,5,1264,4.2
CUST004166,Nina Leão,nina.leao@email.com,26.0,Feminino,Blumenau,santa catarina,2025/04/06,"R$ 3.680,00",8,1.193,3.2
CUST001329,DR. RENAN ANDRADE,dr..renan.andrade@correio.net,51.0,Masc,Santos,SP,2025/08/27,5.403,6,1847,3.4
CUST003266,Leonardo Pastor,leonardo.pastor@mail.com,53.0,male,Caruaru,PE ,2021/09/22,4.989,8,"R$ 2.488,00",5.0
CUST005002,sra. anna liz farias,SRA..ANNA.LIZ.FARIAS@PROVEDOR.COM.BR,35.0,FEMININO,Niterói,Rio De Janeiro,19/12/2025,2.965,8,"R$ 2.123,00",3.8
CUST003319,PAULO CAMPOS,paulo.campos@webmail.com,38.0,Masculino,,Distrito Federal,2024-11-13,,6,"R$ 1.122,00",4.6
CUST000013,Cauã Borges,CAUA.BORGES@MAIL.COM,,Masc,Vitória,Espírito Santo,29-01-2025,4500,8,2411,4.2
CUST000139,Luiz Gustavo Vasconcelos, luiz.gustavo.vasconcelos@correio.net ,,M,São Paulo,SÃO PAULO,12/11/2024,5557,4,1228,4.5
CUST001003,olívia brito, olivia.brito@provedor.com.br ,49.0,Feminino,Joinville,sc,2024/07/02,2188,6,1.350,4.6
CUST004580,Henrique Borges,HENRIQUE.BORGES@MAIL.COM,32.0,masc,Vitória da Conquista,BA,04/09/2023,3.046,10,2229,4.9
CUST001128,VITOR GABRIEL PIMENTA,VITOR.GABRIEL.PIMENTA@EMAIL.COM,55.0,Masc,Porto Alegre,RS,2024/04/19,3328,8,2797,4.3
CUST000083,Maitê Caldeira,MAITE.CALDEIRA@WEBMAIL.COM,60.0,Fem,,PE ,02/01/2025,4.559,7,1.790,2.7
CUST004695,Liam Teixeira,liam.teixeira@provedor.com.br,45.0,Masculino,Contagem,Minas Gerais,2024/11/11,6.682,8,2.812,4.8
CUST000568,Dra. Maysa Martins,DRA..MAYSA.MARTINS@EMAIL.COM,33.0,fem,Sorocaba,SP,05/05/2025,"R$ 2.878,00",10,"R$ 1.815,00",5.0
CUST004879,Sra. Emanuelly Aparecida,SRA..EMANUELLY.APARECIDA@MAIL.COM,39.0,FEMININO,Rio de Janeiro,rio de janeiro,09-04-2021,3862,7,"R$ 1.290,00",
CUST000003,Cauã Rocha,caua.rocha@correio.net,30.0,masc,Maringá,PR,27-05-2024,2689,4,880,4.3
CUST003392,sr. josé pedro pereira,SR..JOSE.PEDRO.PEREIRA@CORREIO.NET,39.0,Masc,Salvador,BA ,27-11-2021,"R$ 4.837,00",5,1.316,4.4
CUST003140,Davi Lucas Porto,davi.lucas.porto@correio.net,25.0,Masculino,Salvador,BA,19/02/2023,"R$ 1.997,00",5,"R$ 1.472,00",3.2
CUST003933,JOÃO FELIPE RIBEIRO,joao.felipe.ribeiro@email.com,19.0,Masc,Várzea Grande,mt,2024-04-16,,5,1996,3.9
CUST004241,Aurora Pacheco,aurora.pacheco@mail.com,40.0,Fem,Campinas,São Paulo,08/09/2024,5.832,14,3427,4.4
CUST000509,luiz miguel borges,LUIZ.MIGUEL.BORGES@MAIL.COM,58.0,M,Pelotas,Rio Grande do Sul,2024/06/15,,8,1803,3.8
CUST004375,Dra. Mariah Nascimento,dra..mariah.nascimento@email.com,21.0,Fem,Caxias do Sul,RS,2024/10/28,,6,1.250,4.0
CUST002547,RAVI CÂMARA, ravi.camara@provedor.com.br ,29.0,Masc,Cuiabá,mt,2023-12-21,5032,4,945,3.3
CUST003773,sr. matheus leão,sr..matheus.leao@provedor.com.br,18.0,masc,Fortaleza,CE,11-08-2024,6899,5,1.232,3.7
CUST000028,Júlia Porto,julia.porto@mail.com,19.0,prefer not to say,Santos,SÃO PAULO,16-01-2024,"R$ 1.274,00",11,1873,4.0
CUST002101,Sr. Enrico Casa Grande,SR..ENRICO.CASA.GRANDE@EMAIL.COM,29.0,MASCULINO,Várzea Grande,mt,2022-11-02,4425,4,"R$ 1.479,00",3.0
CUST001168,ISABELLY MARTINS, isabelly.martins@email.com ,41.0,fem,Vitória da Conquista,BA,2025/06/05,3766,8,"R$ 1.459,00",3.3
CUST002308,Dr. Pedro Pimenta,DR..PEDRO.PIMENTA@PROVEDOR.COM.BR,33.0,MASCULINO,Ananindeua,Para,02/09/2023,1.542,8,1.285,4.1
CUST004820,Dr. Isaque Vieira,dr..isaque.vieira@correio.net,52.0,Masculino,Niterói,rio de janeiro,16-01-2023,8520,10,"R$ 4.756,00",3.7
CUST001673,Bárbara Ribeiro,barbara.ribeiro@provedor.com.br,57.0,F,Salvador,BA,2024-04-28,3.762,7,"R$ 1.334,00",
CUST002610,Heloísa Jesus,heloisa.jesus@email.com,29.0,outro,Rio de Janeiro,Rio De Janeiro,15/10/2023,3.728,8,1447,4.0
CUST000347,Samuel Cassiano, samuel.cassiano@correio.net ,43.0,M,Santos,SÃO PAULO,2022/05/14,1585,4,"R$ 278,00",
CUST000930,Sra. Ana Júlia Brito, sra..ana.julia.brito@webmail.com ,18.0,Fem,Sobral,ce,2023/04/03,"R$ 1.915,00",7,"R$ 1.571,00",3.4
CUST004111,ELOAH SÁ, eloah.sa@provedor.com.br ,53.0,Feminino,,Minas Gerais,2024/05/24,2.492,7,1.456,5.0
CUST003755,Bryan Aparecida,bryan.aparecida@provedor.com.br,36.0,male,Santos,Sao Paulo,24-10-2024,"R$ 2.163,00",7,958,4.9
CUST002812,ENRICO SANTOS,ENRICO.SANTOS@WEBMAIL.COM,36.0,Masculino,Brasília,df,23/05/2025,3019,5,1522,3.6
CUST000577,Caleb Câmara,caleb.camara@mail.com,40.0,masc,Rio Verde,Goiás,2024/03/29,"R$ 3.494,00",13,3178,4.4
CUST000169,Erick Pimenta,erick.pimenta@mail.com,47.0,masc,Recife,PE,22-07-2021,4.776,5,"R$ 1.271,00",3.5
CUST001028,Marcelo Sales,marcelo.sales@email.com,57.0,Masculino,Contagem,Minas Gerais,2025-05-19,4.617,4,"R$ 1.755,00",2.6
CUST003586,Caleb Porto,caleb.porto@email.com,34.0,male,Juiz de Fora,minas gerais,2023/10/23,"R$ 2.742,00",7,1786,4.6
CUST004923,Mariana Nunes,mariana.nunes@correio.net,31.0,F,Porto Alegre,rio grande do sul,2024-05-12,6859,4,"R$ 1.498,00",3.8
CUST002271,JOAQUIM MELO,joaquim.melo@correio.net,31.0,male,Campinas,SP,2022-10-19,3851,8,2102,4.0
CUST002212,Luiz Fernando Pereira, luiz.fernando.pereira@mail.com ,22.0,Masculino,Ribeirão Preto,sp,2025-09-03,1836,4,"R$ 1.195,00",2.7
CUST000704,sara das neves,sara.das.neves@mail.com,32.0,Feminino,Olinda,Pernambuco,23/08/2024,"R$ 2.511,00",7,"R$ 2.246,00",2.7
CUST003164,ISABELLA MENDES, isabella.mendes@webmail.com ,25.0,fem,Serra,es,2022/12/26,3910,12,2822,3.9
CUST002756,Sr. Pedro Miguel Vieira,SR..PEDRO.MIGUEL.VIEIRA@MAIL.COM,42.0,Masc,Santos,SP,2024/12/21,2570,7,"R$ 2.147,00",4.6
CUST004680,ANA JÚLIA BORGES,ana.julia.borges@email.com,38.0,Feminino,Curitiba,Paraná,2025/02/23,1281,3,"R$ 848,00",
CUST004524,Bianca Ramos,BIANCA.RAMOS@PROVEDOR.COM.BR,38.0,FEMININO,Brasília,Distrito Federal,16/08/2024,,8,1675,
CUST001742,Murilo Fogaça,murilo. fogaca@mail.com,27.0,masc,Ananindeua,Para,2024-09-11,3771,5,1885,3.8
CUST001756,Marcos Vinicius Nunes,marcos.vinicius.nunes@webmail.com,59.0,MASCULINO,Vitória da Conquista,BA ,03-11-2024,"R$ 4.830,00",6,"R$ 1.115,00",4.2
CUST004779,Luiz Felipe Barros,luiz.felipe.barros@webmail.com,46.0,Masc,Niterói,Rio De Janeiro,2021/05/25,"R$ 3.126,00",9,"R$ 2.088,00",5.0
CUST003359,anna liz lima,anna.liz.lima@provedor.com.br,21.0,fem,Porto Alegre,Rio Grande do Sul,08/03/2022,1014,4,854,2.4
CUST004459,ana carolina leão, ana.carolina.leao@correio.net ,63.0,Feminino,Rio de Janeiro,Rio De Janeiro,2024-02-05,"R$ 4.663,00",18,3775,5.0
CUST001040,maria vitória santos,maria.vitoria.santos@mail.com,26.0,Feminino,Caruaru,pernambuco,2021/01/25,,7,1.870,4.9
CUST003464,José Pedro Camargo,jose.pedro.camargo@webmail.com,36.0,masc,Goiânia,GO,2024-12-02,1695,5,"R$ 1.615,00",5.0
CUST002662,Apollo Teixeira, apollo.teixeira@mail.com ,38.0,masc,Blumenau,SC,18-04-2025,4600,9,1470,3.7
CUST004971,Lucas Barbosa,LUCAS.BARBOSA@MAIL.COM,37.0,prefer not to say,Sobral,Ceará,17/04/2024,"R$ 2.265,00",8,1673,4.8
CUST003824,Ana Clara Nunes, ana.clara.nunes@provedor.com.br ,36.0,FEMININO,Cuiabá,MT,2024-01-13,"R$ 3.596,00",5,"R$ 1.223,00",4.8
CUST003227,Larissa Ferreira,LARISSA.FERREIRA@PROVEDOR.COM.BR,35.0,female,Ribeirão Preto,São Paulo,12-02-2022,3.781,7,1.586,3.5
CUST002321,ayla araújo,ayla.araujo@mail.com,36.0,Feminino,Santos,Sao Paulo,2024/07/11,"R$ 2.957,00",5,1524,2.9
CUST000655,Dr. Luiz Felipe Santos,dr..luiz.felipe.santos@webmail.com,,MASCULINO,Cuiabá,mato grosso,24-10-2022,"R$ 1.808,00",9,2.748,2.4
CUST004845,Ana Carolina Teixeira,ana. carolina.teixeira@webmail.com,47.0,Fem,Curitiba,Paraná,2023/02/12,6.925,7,1965,4.6
CUST003015,Rael Rios,rael.rios@mail.com,39.0,M,Parintins,am,2023-11-12,,6,"R$ 2.204,00",
CUST003161,Thales Câmara,thales.camara@webmail.com,49.0,Masc,Duque de Caxias,Rio De Janeiro,24-10-2022,"R$ 2.885,00",12,"R$ 3.835,00",4.5
CUST001170,Ísis Teixeira,isis.teixeira@email.com,38.0,Feminino,Feira de Santana,BA ,29-07-2022,"R$ 1.674,00",8,1.861,3.6
CUST000659,Sophia Câmara,sophia.camara@provedor.com.br,21.0,F,Ribeirão Preto,São Paulo,17-05-2023,1928,5,1144,4.5
CUST004196,Camila Lopes, camila.lopes@email.com ,52.0,Fem,Manaus,Amazonas,09-06-2024,5078,6,2.046,2.7
CUST003080,Sr. Noah Novais,SR..NOAH.NOVAIS@EMAIL.COM,35.0,male,,PR,17-01-2023,5220,10,2.780,3.3
CUST003088,alexia câmara,alexia.camara@webmail.com,29.0,fem,Salvador,Bahia,04-05-2025,2851,7,1.858,4.0
CUST002943,MARIAH VIANA,mariah.viana@mail.com,,Fem,Duque de Caxias,rio de janeiro,01/03/2023,"R$ 1.327,00",7,1744,4.7
CUST003466,MANUELA SOUSA,manuela.sousa@webmail.com,42.0,FEMININO,Niterói,rio de janeiro,10-11-2022,"R$ 3.856,00",11,"R$ 2.544,00",4.0
CUST004902,dr. pedro lucas camargo,dr..pedro.lucas.camargo@correio.net,53.0,MASCULINO,Santos,São Paulo,2024-06-14,3.902,5,"R$ 924,00",3.9
CUST000877,luiz miguel moraes,luiz.miguel.moraes@webmail.com,18.0,male,Sorocaba,São Paulo,2022/12/03,4.975,9,2.252,
CUST002164,Theo da Costa,theo.da.costa@email.com,24.0,Masculino,Caruaru,Pernambuco,2023-10-29,1625,12,2.607,4.4
CUST002394,júlia moreira,JULIA.MOREIRA@WEBMAIL.COM,34.0,female,Sorocaba,São Paulo,20-05-2023,2.394,15,875,5.0
CUST000467,Lucas Rios,lucas.rios@webmail.com,42.0,Masculino,Sorocaba,Sao Paulo,2023-09-22,4546,6,1754,3.0
CUST003193,Srta. Olivia Vieira, srta..olivia.vieira@provedor.com.br ,37.0,female,Olinda,PE ,21-12-2023,2.987,8,2.242,4.2
CUST001596,Dra. Ana Clara Sampaio,dra..ana.clara.sampaio@email.com,30.0,Feminino,Curitiba,Parana,17-06-2022,2.408,9,2214,3.8
CUST001119,Mathias Nunes,mathias.nunes@provedor.com.br,18.0,masc,São Paulo,sp,24-09-2025,1.590,6,1243,4.2
CUST004116,raul albuquerque,raul.albuquerque@webmail.com,20.0,male,Belém,PA,02/11/2021,3792,11,3791,3.5
CUST000386,Luiz Henrique Oliveira,luiz.henrique.oliveira@email.com,55.0,MASCULINO,São Paulo,SP,16-04-2025,2.880,2,"R$ 451,00",3.3
CUST002451,Leandro Castro,LEANDRO.CASTRO@CORREIO.NET,26.0,M,Olinda,PE,21-07-2024,"R$ 1.688,00",420,1.189,5.0
CUST002435,Heloísa Borges,HELOISA.BORGES@MAIL.COM,42.0,Não binário,,sp,10-10-2024,"R$ 4.733,00",11,"R$ 2.082,00",3.2
CUST000927,Vitor Hugo Farias,vitor.hugo.farias@email.com,48.0,Masculino,São Paulo,sp,2024/01/25,3137,7,1752,2.9
CUST003781,olívia carvalho,olivia.carvalho@webmail.com,47.0,fem,Salvador,BA,05-06-2024,"R$ 2.238,00",4,761,2.8
CUST002709,isabelly das neves,isabelly.das.neves@provedor.com.br,31.0,Feminino,Goiânia,Goiás,2024-01-10,"R$ 3.574,00",5,"R$ 1.206,00",3.0
CUST003336,Alice da Conceição,alice.da.conceicao@mail.com,18.0,FEMININO,Santos,SÃO PAULO,2024-01-10,"R$ 4.506,00",4,1119,4.7
CUST004946,Aurora Macedo, aurora.macedo@provedor.com.br ,20.0,FEMININO,Brasília,DF,2021-05-02,,8,1.918,4.4
CUST000119,Dra. Alexia Rios,dra. .alexia.rios@email.com,66.0,Fem,Campinas,SÃO PAULO,2022/01/05,3.584,8,1.621,4.0
CUST002214,Maria Luiza Silva,maria.luiza.silva@mail.com,50.0,Feminino,Santos,SP,2024-06-26,"R$ 2.929,00",3,492,4.4
CUST000638,Maysa Andrade,maysa.andrade@email.com,41.0,Fem,Fortaleza,CE,17-02-2022,2.332,3,738,4.5
CUST003601,ana júlia lima,ANA.JULIA.LIMA@PROVEDOR.COM.BR,27.0,Fem,Sobral,CE,2023/03/06,3.440,5,915,4.6
CUST004786,Larissa Novais,larissa.novais@correio.net,30.0,Fem,Goiânia,go,04-11-2023,"R$ 1.951,00",6,1.161,2.9
CUST003813,Dr. Mateus Cavalcante,dr..mateus.cavalcante@mail.com,,M,,SP,2022/02/03,"R$ 1.305,00",4,"R$ 464,00",2.4
CUST003006,Larissa Cunha, larissa.cunha@correio.net ,30.0,FEMININO,Santos,SP,2023/09/12,"R$ 4.218,00",11,3.211,4.3
CUST004139,Laura Azevedo,laura.azevedo@correio.net,-5.0,female,Maringá,Paraná,2022-10-03,3.204,10,2549,4.8
CUST001814,Fernanda Oliveira,FERNANDA.OLIVEIRA@EMAIL.COM,48.0,F,Sobral,Ceará,2025-02-27,1612,8,2.505,5.0
CUST003817,lucas gabriel alves, lucas.gabriel.alves@webmail.com ,32.0,male,Sorocaba,São Paulo,02-12-2024,,6,"R$ 864,00",4.2
CUST002466,BERNARDO NOVAIS,BERNARDO.NOVAIS@WEBMAIL.COM,38.0,masc,Vitória da Conquista,BA,2022-10-07,4203,11,4352,4.2
CUST004503,Sr. Marcos Vinicius Rezende,sr..marcos.vinicius.rezende@mail.com,31.0,Masc,Sorocaba,São Paulo,17-10-2024,"R$ 6.597,00",16,4.788,3.0
CUST001979,Oliver Campos,oliver. campos@provedor.com.br,21.0,Masculino,Ananindeua,Para,2021/09/17,1.086,3,"R$ 340,00",3.7
CUST002750,Lucas Gabriel Silva,LUCAS.GABRIEL.SILVA@MAIL.COM,28.0,male,Feira de Santana,BA,2022-12-05,3123,14,"R$ 3.127,00",2.7
CUST001968,RAUL FOGAÇA,RAUL.FOGACA@PROVEDOR.COM.BR,29.0,MASCULINO,Porto Alegre,rio grande do sul,2021/05/28,4.755,5,926,4.0
CUST001211,ANA JULIA CAVALCANTE,ANA.JULIA.CAVALCANTE@MAIL.COM,37.0,Outro,Várzea Grande,MT,2023-03-29,"R$ 3.519,00",5,"R$ 1.015,00",4.1
CUST002229,maria helena duarte,maria.helena.duarte@webmail.com,56.0,Fem,Duque de Caxias,Rio De Janeiro,2024/11/23,"R$ 2.612,00",8,1865,2.6
CUST003612,LUCAS DA ROSA,lucas. da.rosa@mail.com,25.0,MASCULINO,Pelotas,rs,23-11-2024,"R$ 7.655,00",9,2915,4.0
CUST004240,Srta. Maya Moura, srta..maya.moura@mail.com ,45.0,F,Feira de Santana,Bahia,07/12/2022,2.293,4,"R$ 1.044,00",2.6
CUST000143,LUCAS GABRIEL VIANA, lucas.gabriel.viana@provedor.com.br ,35.0,M,Pelotas,RS,18/08/2023,4.381,6,1.462,3.5
CUST004244,Maria Luísa Nunes,maria. luisa.nunes@mail.com,30.0,fem,Belo Horizonte,minas gerais,2023-06-29,3539,6,1.418,3.7
CUST002663,DR. MATEUS BRITO, dr..mateus.brito@provedor.com.br ,45.0,male,Belém,Para,2023/02/17,5.075,5,1296,3.5
CUST000288,Letícia Pastor,leticia.pastor@correio.net,27.0,Fem,Florianópolis,santa catarina,2024/03/03,1.263,10,2769,
CUST002091,Amanda Cavalcanti,amanda.cavalcanti@webmail.com,45.0,FEMININO,Santos,São Paulo,2023-02-17,4752,7,2028,4.9
CUST001569,Vinícius Melo,vinicius.melo@mail.com,48.0,masc,Caxias do Sul,Rio Grande do Sul,2025-06-17,3.236,9,2900,2.9
CUST004983,Beatriz Alves,beatriz.alves@email.com,49.0,FEMININO,São Paulo,SÃO PAULO,22-04-2024,3.701,7,1.643,3.6
CUST004872,LUCAS MONTENEGRO,lucas.montenegro@webmail.com,20.0,outro,Brasília,distrito federal,19/09/2022,5597,5,"R$ 1.008,00",4.7
CUST003283,Sr. Henrique Monteiro,sr. .henrique.monteiro@webmail.com,43.0,masc,Blumenau,sc,2024/01/15,"R$ 1.487,00",4,1310,3.3
CUST004961,Ana Beatriz Montenegro,ana.beatriz.montenegro@mail.com,39.0,Outro,Ribeirão Preto,Sao Paulo,23/06/2022,1.490,6,"R$ 148.465,00",
CUST000948,Amanda Borges,amanda.borges@provedor.com.br,22.0,female,Campinas,sp,2022-10-22,2032,8,"R$ 1.434,00",4.0
CUST004693,Sra. Nicole Santos,sra. .nicole.santos@provedor.com.br,63.0,FEMININO,Salvador,Bahia,2025/12/07,3.914,8,2.636,4.3
CUST003116,DRA. AYLLA ALVES, dra..aylla.alves@provedor.com.br ,40.0,Feminino,Pelotas,rs,2022/10/14,4.640,4,"R$ 743,00",3.9
CUST000089,Dra. Alice Borges,dra. .alice.borges@email.com,49.0,Feminino,Rio de Janeiro,Rio de Janeiro,18/11/2022,4125,5,1.645,3.2
CUST004651,Luiz Felipe Ramos, luiz.felipe.ramos@email.com ,56.0,masc,Ribeirão Preto,sp,07-07-2024,6685,10,"R$ 2.131,00",2.6
CUST001201,Nathan Machado,NATHAN.MACHADO@MAIL.COM,38.0,Masculino,Campinas,Sao Paulo,2024/05/08,"R$ 4.752,00",6,"R$ 1.524,00",3.6
CUST003896,FERNANDA BARBOSA, fernanda.barbosa@mail.com ,46.0,Feminino,Uberlândia,mg,2022/04/14,4059,501,2.663,5.0
CUST004715,Liam Cardoso, liam.cardoso@webmail.com ,26.0,male,Vitória,Espírito Santo,2023/12/19,"R$ 6.334,00",4,"R$ 988,00",2.1
CUST001391,Maria Fernanda da Luz,maria.fernanda.da.luz@mail.com,49.0,FEMININO,Santos,SÃO PAULO,16/10/2022,2.505,7,"R$ 845,00",3.1
CUST004527,Gustavo Henrique Mendonça,GUSTAVO.HENRIQUE.MENDONCA@CORREIO.NET,31.0,M,Sorocaba,SP,2024/12/04,2136,8,1.639,4.9
CUST004671,Rafaela Rocha,RAFAELA.ROCHA@PROVEDOR.COM.BR,49.0,FEMININO,São Paulo,SP,14/11/2023,2884,8,1692,3.2
CUST001679,Davi Lucas Oliveira,davi. lucas.oliveira@webmail.com,47.0,Masc,Santos,SÃO PAULO,2023-11-25,4720,5,"R$ 1.241,00",3.8
CUST003677,GABRIEL CORREIA,gabriel.correia@email.com,52.0,masc,Ananindeua,pa,2021/11/13,,4,1.303,5.0
CUST002495,Eloá Vieira,eloa.vieira@mail.com,18.0,F,Juazeiro do Norte,CE,2024/05/22,"R$ 1.764,00",10,1743,4.5
CUST004792,Murilo Novaes,murilo.novaes@webmail.com,35.0,outro,Porto Alegre,Rio Grande do Sul,19-12-2023,"R$ 3.791,00",9,2.795,3.7
CUST004366,Ana Clara da Rocha, ana.clara.da.rocha@webmail.com ,44.0,Feminino,Niterói,Rio De Janeiro,2024-08-06,3.588,10,2.620,5.0
CUST003177,Mateus Rezende,mateus.rezende@mail.com,55.0,MASCULINO,Salvador,BA,2023/06/26,"R$ 4.696,00",8,2001,4.0
CUST003868,maria julia martins,maria.julia.martins@correio.net,47.0,Fem,Petrópolis,RJ,18-03-2025,2589,7,1.836,
CUST002697,Hadassa Ribeiro,HADASSA.RIBEIRO@WEBMAIL.COM,25.0,Feminino,Belém,pa,2025-03-19,"R$ 2.620,00",6,1724,4.2
CUST001609,Antonella das Neves, antonella.das.neves@webmail.com ,34.0,Fem,Pelotas,Rio Grande do Sul,25-11-2022,1.894,4,1070,3.8
CUST003252,Yuri Cavalcanti,yuri.cavalcanti@mail.com,39.0,Masculino,Contagem,Minas Gerais,31-01-2023,4015,5,1.226,3.8
CUST001849,rafaela nogueira,rafaela.nogueira@webmail.com,43.0,female,Londrina,Parana,2024/07/03,4.591,11,"R$ 2.476,00",4.9
CUST001499,Sra. Milena Camargo,sra..milena.camargo@webmail.com,66.0,female,Campinas,São Paulo,03-04-2026,"R$ 3.005,00",12,1053,4.5
CUST002987,Ana Vitória Freitas,ANA.VITORIA.FREITAS@PROVEDOR.COM.BR,19.0,female,Brasília,df,12/05/2024,"R$ 2.790,00",7,"R$ 1.373,00",4.7
CUST001983,Dom Duarte,dom.duarte@provedor.com.br,999.0,MASCULINO,Juiz de Fora,Minas Gerais,28-07-2022,,8,"R$ 2.306,00",3.9
CUST000420,EDUARDO LEÃO,eduardo.leao@mail.com,27.0,male,Petrópolis,rio de janeiro,06-07-2022,"R$ 1.703,00",8,1.396,4.4
CUST003159,Otto Farias,OTTO.FARIAS@WEBMAIL.COM,38.0,Masc,Petrópolis,rio de janeiro,18-03-2024,3303,9,"R$ 2.538,00",3.7
CUST003268,Sra. Kamilly Costa,sra..kamilly.costa@webmail.com,28.0,Feminino,Sorocaba,SÃO PAULO,06-05-2024,3.986,8,2.467,5.0
CUST001870,Dr. Gabriel Duarte,dr..gabriel.duarte@correio.net,38.0,masc,Campinas,sp,2025-08-03,3146,4,"R$ 1.176,00",5.0
CUST004164,Theodoro Rodrigues, theodoro.rodrigues@provedor.com.br ,48.0,Masc,São Paulo,SÃO PAULO,2023/09/02,2.954,6,1508,4.3
CUST000456,Carlos Eduardo Vieira, carlos.eduardo.vieira@correio.net ,18.0,M,Salvador,Bahia,25/12/2024,3717,9,2359,3.7
CUST004445,MIRELLA PIRES,mirella.pires@mail.com,46.0,fem,Rio de Janeiro,Rio De Janeiro,05/04/2024,2614,10,2399,5.0
CUST003880,ARTHUR GABRIEL PEIXOTO,arthur.gabriel.peixoto@provedor.com.br,29.0,male,Sorocaba,São Paulo,27/04/2024,3.137,4,720,3.9
CUST001248,ALÍCIA CASA GRANDE, alicia.casa.grande@email.com ,40.0,fem,Juazeiro do Norte,Ceara,2024/03/08,6.475,6,"R$ 1.416,00",2.9
CUST002723,VINICIUS DA CUNHA,VINICIUS.DA.CUNHA@PROVEDOR.COM.BR,51.0,male,Ananindeua,PA,2024-09-22,3.841,5,783,4.2
CUST002184,Luiza Vargas,luiza.vargas@provedor.com.br,27.0,fem,Caruaru,PE,17/07/2022,"R$ 5.068,00",9,"R$ 3.456,00",2.4
CUST002380,Dra. Maria Liz Duarte,dra..maria.liz.duarte@correio.net,51.0,FEMININO,Vitória,es,2021/12/05,"R$ 1.449,00",9,"R$ 1.355,00",4.8
CUST000755,Yago Garcia,yago.garcia@webmail.com,44.0,masc,Curitiba,pr,27/04/2025,2649,4,"R$ 840,00",4.6
CUST003382,Ana Sophia Jesus, ana.sophia.jesus@webmail.com ,53.0,fem,,rio grande do sul,2025-03-08,6376,4,1086,3.8
CUST003049,THIAGO GOMES,thiago.gomes@mail.com,39.0,male,São Paulo,Sao Paulo,2024-01-18,"R$ 3.040,00",7,1249,
CUST003760,Sra. Laura Ferreira,sra..laura.ferreira@mail.com,46.0,Feminino,Duque de Caxias,Rio de Janeiro,26/03/2022,2.835,9,1.949,3.1
CUST002981,BELLA DUARTE, bella.duarte@webmail.com ,49.0,Feminino,Santos,São Paulo,2025/02/04,2971,5,1.107,3.5
CUST001863,JOÃO BARROS,JOAO.BARROS@CORREIO.NET,,outro,Belo Horizonte,MG,13/04/2024,"R$ 1.981,00",10,2174,2.1
CUST001746,JOÃO MIGUEL SILVEIRA,joao. miguel.silveira@correio.net,29.0,masc,Vitória,es,2024/10/02,3789,4,"R$ 1.088,00",4.0
CUST004943,Sr. Luan Vasconcelos,sr..luan.vasconcelos@provedor.com.br,18.0,male,Vitória da Conquista,BA,2024-01-13,"R$ 1.389,00",9,2.073,4.6
CUST004103,Mariane Farias,mariane.farias@webmail.com,49.0,Feminino,Brasília,DF,19-06-2024,3057,7,1.626,2.7
CUST003637,ANTÔNIO CARDOSO,antonio.cardoso@provedor.com.br,999.0,Masc,,Bahia,28/09/2023,"R$ 2.178,00",14,4.462,3.4
CUST001414,Luana Cardoso,LUANA.CARDOSO@MAIL.COM,38.0,F,Cuiabá,MT,11/01/2025,1.715,2,237,4.0
CUST001167,liz sousa, liz.sousa@webmail.com ,29.0,Fem,Londrina,PR,24-04-2024,900,9,2023,2.6
CUST004337,Luna da Luz,LUNA.DA.LUZ@PROVEDOR.COM.BR,40.0,Feminino,Parintins,am,12/06/2023,"R$ 2.944,00",8,1.534,4.4
CUST004905,Ana Luiza Teixeira, ana.luiza.teixeira@webmail.com ,47.0,F,Maringá,pr,2024/04/16,2433,6,1043,5.0
CUST001127,ANTONELLA PORTO,ANTONELLA.PORTO@EMAIL.COM,33.0,FEMININO,Pelotas,RS,12/11/2022,"R$ 5.324,00",4,1214,5.0
CUST002822,Emilly Leão, emilly.leao@provedor.com.br ,52.0,Feminino,Santos,SP,2023-12-29,4917,8,2.664,3.3
CUST002793,AUGUSTO ABREU,augusto.abreu@correio.net,43.0,male,Curitiba,Parana,2022-08-15,4725,5,1383,3.3
CUST003876,DRA. OLÍVIA CAMARGO,DRA..OLIVIA.CAMARGO@CORREIO.NET,29.0,Outro,Rio de Janeiro,Rio De Janeiro,2024-02-09,"R$ 2.533,00",7,"R$ 1.826,00",5.0
CUST004411,Thomas Barros,thomas.barros@webmail.com,,Masc,,sp,02/01/2022,6.093,8,2.684,4.7
CUST000750,João Lucas Novais,joao.lucas.novais@email.com,47.0,Não binário,Sorocaba,SÃO PAULO,22/06/2024,"R$ 2.985,00",1,"R$ 144,00",3.8
CUST003627,Sr. Daniel Correia,sr..daniel.correia@email.com,23.0,M,Joinville,SC,18-04-2024,2511,7,1.435,3.1
CUST000392,Srta. Isis Rocha,SRTA..ISIS.ROCHA@WEBMAIL.COM,32.0,F,Uberlândia,minas gerais,16-06-2022,3.755,6,1.627,3.3
CUST000998,Juan Leão,JUAN.LEAO@MAIL.COM,24.0,Masc,Blumenau,Santa Catarina,2021/11/06,"R$ 5.653,00",7,"R$ 2.347,00",4.3
CUST003886,KAMILLY GUERRA,kamilly.guerra@correio.net,46.0,F,Belém,pa,2025/04/25,3.882,5,1145,2.5
CUST000915,sr. enzo gabriel barros, sr..enzo.gabriel.barros@provedor.com.br ,32.0,M,Londrina,pr,28-04-2023,4.627,7,2.713,4.7
CUST004912,Kaique Pimenta,KAIQUE.PIMENTA@PROVEDOR.COM.BR,42.0,MASCULINO,Sorocaba,sp,2024/12/16,2131,3,"R$ 728,00",4.1
CUST003578,Juliana Aragão,juliana.aragao@webmail.com,28.0,outro,Recife,PE ,2023/07/02,"R$ 1.658,00",5,928,4.3
CUST001946,vitor gomes,VITOR.GOMES@EMAIL.COM,32.0,prefer not to say,Maringá,PR,2024/03/04,5.270,7,2.356,4.0
CUST003666,Pedro Cirino,pedro. cirino@mail.com,,Masculino,Belo Horizonte,mg,18-01-2025,2.041,10,"R$ 2.027,00",4.0
CUST001940,Sr. Luiz Miguel Novais,sr..luiz.miguel.novais@email.com,28.0,male,Campinas,sp,2022-06-20,4.584,10,2.567,3.7
CUST000564,larissa sá,larissa.sa@correio.net,30.0,FEMININO,Vitória da Conquista,BA ,30-12-2022,"R$ 3.143,00",6,1437,4.2
CUST004508,Sr. Calebe Sousa,sr..calebe.sousa@correio.net,27.0,M,Ribeirão Preto,SÃO PAULO,01/10/2023,1.097,4,473,3.3
CUST001355,Marcela Ferreira,marcela. ferreira@webmail.com,,FEMININO,Santos,sp,2025-07-11,5.853,846,2.777,4.4
CUST001425,Sofia Cavalcante, sofia.cavalcante@webmail.com ,38.0,Feminino,Vila Velha,Espirito Santo,23/10/2023,4.443,1,135,
CUST000747,Emanuella Marques,EMANUELLA.MARQUES@MAIL.COM,18.0,Fem,Ribeirão Preto,Sao Paulo,2023/04/14,1599,9,1749,3.6
CUST000159,Gabriel da Cunha,GABRIEL.DA.CUNHA@CORREIO.NET,18.0,Masculino,Juiz de Fora,MG,10-04-2023,"R$ 3.126,00",4,"R$ 931,00",3.4
CUST000486,Emanuel Sá,emanuel.sa@mail.com,47.0,N/I,Duque de Caxias,Rio de Janeiro,27-11-2024,"R$ 6.086,00",3,"R$ 946,00",5.0
CUST000348,ZOE MENDES,zoe.mendes@correio.net,43.0,fem,Recife,pernambuco,18-02-2023,"R$ 5.549,00",2,"R$ 509,00",3.7
CUST004950,cecilia vargas, cecilia.vargas@email.com ,27.0,Feminino,Florianópolis,sc,2023-08-20,4553,2,756,3.5
CUST002579,Allana Mendes, allana.mendes@provedor.com.br ,48.0,Fem,Ribeirão Preto,sp,22-08-2023,"R$ 2.203,00",8,2123,3.1
CUST001393,Ravy Aragão,ravy.aragao@email.com,58.0,male,Parintins,amazonas,16-03-2024,5.465,4,1.298,4.4
CUST001561,maria alice barbosa, maria.alice.barbosa@email.com ,27.0,fem,Duque de Caxias,Rio De Janeiro,2023/07/02,"R$ 4.653,00",6,"R$ 1.811,00",4.0
CUST003234,RAVI FERNANDES,RAVI.FERNANDES@MAIL.COM,28.0,Masc,,pernambuco,06-10-2022,2.149,3,133514,3.3
CUST001922,Sofia Garcia,sofia. garcia@mail.com,40.0,Fem,Pelotas,rs,13/02/2024,"R$ 3.198,00",6,1540,
CUST000352,Matheus da Conceição,matheus. da.conceicao@provedor.com.br,42.0,male,Rio de Janeiro,RJ ,26-01-2023,2.353,6,1.721,4.4
CUST004677,Kaique Peixoto,kaique.peixoto@email.com,47.0,Masculino,São Paulo,SÃO PAULO,29/09/2023,4752,4,"R$ 1.309,00",
CUST003302,sr. joão gabriel cassiano,SR..JOAO.GABRIEL.CASSIANO@MAIL.COM,48.0,M,São Paulo,São Paulo,2022/02/01,"R$ 2.400,00",11,3.432,5.0
CUST000801,HELLENA CÂMARA,HELLENA.CAMARA@MAIL.COM,48.0,Fem,Londrina,pr,2022-07-20,5.883,7,1962,3.9
CUST003658,Sophia Lima, sophia.lima@provedor.com.br ,42.0,Feminino,Uberlândia,minas gerais,25/07/2022,3419,10,2788,3.3
CUST000641,Ana Beatriz Pereira,ana.beatriz.pereira@webmail.com,0.0,fem,Niterói,RJ,2023-12-30,"R$ 5.793,00",682,"R$ 1.819,00",4.0
CUST000351,GABRIEL SAMPAIO,gabriel. sampaio@mail.com,48.0,male,Santos,Sao Paulo,15/07/2024,3.462,7,2217,5.0
CUST004851,SRA. LAÍS CASSIANO,sra..lais.cassiano@webmail.com,37.0,female,Brasília,DF,2023-05-15,3.397,6,1851,4.6
CUST002786,Natália Barros, natalia.barros@correio.net ,21.0,Fem,Porto Alegre,Rio Grande do Sul,27-01-2024,"R$ 4.267,00",7,1.731,3.7
CUST002608,Srta. Emilly Fogaça,srta..emilly.fogaca@email.com,47.0,female,Caxias do Sul,rs,2024-07-29,6376,6,1.703,3.7
CUST000587,André Barros, andre.barros@provedor.com.br ,44.0,M,Juazeiro do Norte,CE,2024-12-04,"R$ 4.680,00",13,"R$ 3.528,00",2.6
CUST001289,AYLLA ARAGÃO,AYLLA.ARAGAO@WEBMAIL.COM,56.0,female,Contagem,minas gerais,06/04/2024,4056,8,2385,4.1
CUST004824,Alana Souza,alana.souza@correio.net,50.0,F,Niterói,rio de janeiro,09-01-2024,"R$ 3.503,00",7,1410,4.9
CUST004391,João Pedro Fernandes, joao.pedro.fernandes@email.com ,33.0,MASCULINO,Goiânia,GO,2024/01/13,3827,4,709,4.6
CUST004370,manuella cunha,manuella. cunha@correio.net,55.0,F,,bahia,2024-03-20,4.253,4,873,2.8
CUST000021,Carlos Eduardo Garcia,carlos.eduardo.garcia@mail.com,60.0,masc,Sorocaba,São Paulo,2022-04-23,"R$ 4.503,00",10,"R$ 2.558,00",5.0
CUST003481,Leonardo Montenegro,leonardo.montenegro@mail.com,36.0,Masc,São Paulo,SÃO PAULO,13/08/2023,5812,9,2513,4.0
CUST004194,Yago da Luz, yago.da.luz@provedor.com.br ,22.0,MASCULINO,Florianópolis,Santa Catarina,14-11-2023,5296,8,2.047,4.7
CUST004142,Davi Aragão,DAVI.ARAGAO@CORREIO.NET,18.0,M,Curitiba,Paraná,11/12/2023,3.967,8,"R$ 2.011,00",5.0
CUST004975,Maria Julia Almeida,maria.julia.almeida@webmail.com,23.0,F,Campinas,sp,2024-02-29,"R$ 930,00",8,"R$ 572,00",4.8
CUST000546,Clarice Farias,clarice.farias@mail.com,27.0,FEMININO,Petrópolis,RJ,16-02-2024,1.002,6,"R$ 2.273,00",3.9
CUST004985,Vitor Hugo Ferreira, vitor.hugo.ferreira@provedor.com.br ,59.0,MASCULINO,Contagem,MG,2025/05/27,5.884,9,3.250,4.0
CUST003784,cecília novaes,cecilia.novaes@mail.com,,F,Rio de Janeiro,Rio de Janeiro,2024-02-25,3.587,9,"R$ 2.503,00",3.1
CUST003704,Júlia Vieira,julia.vieira@correio.net,53.0,female,Juiz de Fora,MG,2023-07-11,2336,7,1.802,3.5
CUST004324,dra. ana laura caldeira,dra..ana.laura.caldeira@email.com,34.0,Feminino,Brasília,df,2025/03/17,"R$ 4.749,00",9,"R$ 3.852,00",2.5
CUST003337,Davi das Neves, davi.das.neves@webmail.com ,35.0,Não binário,Fortaleza,Ceará,06/02/2024,2978,6,880,3.5
CUST004866,LARA PEREIRA,lara.pereira@email.com,46.0,FEMININO,Contagem,MG,05-04-2024,4.587,8,1596,4.1
CUST000010,André Teixeira,ANDRE.TEIXEIRA@MAIL.COM,35.0,Masculino,São Paulo,sp,13-12-2021,3.876,9,2350,5.0
CUST004793,Luiz Gustavo Sá,luiz.gustavo.sa@webmail.com,33.0,masc,São Paulo,Sao Paulo,2025-02-13,"R$ 2.426,00",6,"R$ 1.694,00",4.1
CUST003654,Caleb Aragão,caleb.aragao@webmail.com,41.0,outro,Sorocaba,sp,2024/01/31,2.525,11,2.994,3.6
CUST002379,PAULO FERNANDES,paulo.fernandes@mail.com,38.0,Masculino,Vitória da Conquista,BA,18/12/2024,1826,7,1.681,2.8
CUST003068,Enrico Sousa,enrico.sousa@correio.net,39.0,MASCULINO,Feira de Santana,Bahia,24-04-2024,2.939,8,1.714,2.8
CUST004476,Juliana Montenegro, juliana.montenegro@email.com ,49.0,F,Blumenau,santa catarina,14/03/2024,2.642,8,1997,3.7
CUST004302,Vitor Hugo Montenegro,vitor. hugo.montenegro@webmail.com,42.0,masc,Joinville,SC,15-04-2023,3.654,4,916,4.5
CUST001777,Vitor Hugo Aparecida,vitor.hugo.aparecida@email.com,18.0,masc,Parintins,AM,2023/04/29,5044,4,"R$ 839,00",
CUST001536,Elisa da Paz,elisa.da.paz@correio.net,46.0,female,Olinda,PE ,15-03-2024,5922,4,1175,5.0
CUST003984,Rafaela Costa,rafaela.costa@mail.com,24.0,Feminino,Brasília,df,11/02/2023,2.464,4,1.148,4.5
CUST000697,Nina Campos,NINA.CAMPOS@WEBMAIL.COM,32.0,female,Petrópolis,RJ,2024-07-18,2956,7,"R$ 2.295,00",2.8
CUST000122,Cauê Souza,CAUE.SOUZA@WEBMAIL.COM,51.0,Masculino,Manaus,Amazonas,2023/10/07,"R$ 3.343,00",6,1.471,5.0
CUST004863,Alice Rios,ALICE.RIOS@WEBMAIL.COM,31.0,Feminino,Salvador,Bahia,10/01/2025,2.638,5,814,3.3
CUST003970,Dr. Marcos Vinicius Dias, dr..marcos.vinicius.dias@mail.com ,20.0,Masculino,Vitória da Conquista,Bahia,2022-12-02,2.009,10,1.572,3.1
CUST000240,ana lívia montenegro, ana.livia.montenegro@provedor.com.br ,52.0,female,Duque de Caxias,rio de janeiro,27-11-2024,"R$ 3.015,00",7,1044,1.7
CUST001760,José Pedro Azevedo,jose.pedro.azevedo@email.com,40.0,Masc,Caxias do Sul,RS,27/12/2023,3172,8,"R$ 1.825,00",4.2
CUST000069,Alícia Pastor,alicia.pastor@webmail.com,28.0,FEMININO,Santos,SÃO PAULO,2024/05/20,"R$ 2.150,00",6,"R$ 1.441,00",4.3
CUST000549,Bryan das Neves,BRYAN.DAS.NEVES@WEBMAIL.COM,69.0,M,Niterói,Rio De Janeiro,16/10/2024,"R$ 4.786,00",11,"R$ 3.133,00",3.8
CUST001793,Ravy Pimenta,ravy. pimenta@provedor.com.br,34.0,masc,Campinas,sp,03-08-2023,5.487,10,"R$ 2.133,00",5.0
CUST003304,arthur gabriel rocha,ARTHUR.GABRIEL.ROCHA@PROVEDOR.COM.BR,60.0,male,Maringá,pr,2022-12-25,,7,1496,3.4
CUST002578,Breno Camargo,breno.camargo@mail.com,36.0,Masc,Florianópolis,santa catarina,2024-04-09,,6,1.216,
CUST003077,Lucas Almeida,lucas.almeida@email.com,30.0,Masc,Pelotas,Rio Grande do Sul,2024-05-30,,7,1253,4.2
CUST003996,MARIA FREITAS,MARIA.FREITAS@CORREIO.NET,34.0,F,Manaus,Amazonas,23/02/2023,"R$ 1.262,00",8,1.498,4.2
CUST002557,MARCELO MORAES,MARCELO.MORAES@PROVEDOR.COM.BR,53.0,prefer not to say,Niterói,RJ,2022-08-25,3600,5,1212,4.6
CUST002966,thomas novaes,thomas.novaes@provedor.com.br,49.0,masc,Santos,SP,2025-02-05,2.928,11,4.150,4.5
CUST003142,Rodrigo Silveira,rodrigo.silveira@webmail.com,34.0,masc,Sorocaba,SÃO PAULO,2022/03/14,3.669,9,2204,4.6
CUST004077,Clarice Gonçalves, clarice.goncalves@provedor.com.br ,47.0,FEMININO,Sorocaba,Sao Paulo,18/07/2024,3004,6,1.292,4.3
CUST000109,Dr. Isaque da Luz,DR..ISAQUE.DA.LUZ@EMAIL.COM,25.0,MASCULINO,Ribeirão Preto,sp,2023-07-26,2.924,6,1.369,5.0
CUST002640,Calebe Teixeira,calebe.teixeira@email.com,150.0,M,Olinda,pernambuco,2024-12-21,2.670,7,1.540,3.9
CUST003325,João Lucas Rezende,joao.lucas.rezende@provedor.com.br,51.0,Masculino,Porto Alegre,rs,17-06-2023,3.675,6,2.427,4.1
CUST004512,sr. kevin da mota,sr..kevin.da.mota@webmail.com,21.0,male,Ananindeua,PA,01/07/2025,"R$ 2.009,00",8,"R$ 2.274,00",3.1
CUST000547,Diego Ferreira,diego.ferreira@webmail.com,47.0,male,Juazeiro do Norte,Ceará,10/07/2024,2743,4,732,3.7
CUST000924,Cecília Sá,cecilia.sa@mail.com,52.0,N/I,Blumenau,SC,2024/05/10,3.067,5,832,3.6
CUST000275,Sr. João Guilherme Aparecida,sr. .joao.guilherme.aparecida@mail.com,35.0,masc,Salvador,BA,13/06/2025,"R$ 3.512,00",4,"R$ 1.039,00",4.8
CUST002590,Pedro Aparecida,pedro.aparecida@mail.com,54.0,masc,Belém,Para,22-01-2023,2836,3,"R$ 1.016,00",4.1
CUST004723,brenda viana,brenda.viana@email.com,44.0,fem,Joinville,sc,2025-03-10,"R$ 3.672,00",6,1.581,4.9
CUST001241,Thales Nogueira, thales.nogueira@provedor.com.br ,54.0,MASCULINO,Porto Alegre,RS,2021/12/02,4.394,15,"R$ 2.434,00",5.0
CUST003571,João Miguel Novaes, joao.miguel.novaes@correio.net ,46.0,Masc,Campinas,SÃO PAULO,11-07-2025,3540,5,1184,4.4
CUST004781,João Vitor Sá,JOAO.VITOR.SA@WEBMAIL.COM,26.0,Masculino,Curitiba,Paraná,2021/11/04,3427,5,1334,3.7
CUST002630,João Lucas Teixeira,joao.lucas.teixeira@mail.com,41.0,Masculino,Rio de Janeiro,RJ ,2023-07-30,12798,5,"R$ 2.316,00",5.0
CUST000271,VALENTINA PEIXOTO,valentina.peixoto@email.com,46.0,FEMININO,Contagem,MG,2022/07/10,3687,6,1310,4.7
CUST004531,Igor Araújo,IGOR.ARAUJO@PROVEDOR.COM.BR,37.0,male,Campinas,São Paulo,10-02-2025,3281,8,1857,4.1
CUST001320,Miguel Novaes,MIGUEL.NOVAES@CORREIO.NET,47.0,Masc,Campinas,SÃO PAULO,06-01-2025,"R$ 2.120,00",15,2.412,3.7
CUST004028,Kamilly Dias,kamilly.dias@email.com,18.0,F,Porto Alegre,rio grande do sul,07-08-2021,"R$ 900,00",7,1.661,4.0
CUST004265,JOSÉ PEDRO COSTA,jose.pedro.costa@webmail.com,30.0,masc,Petrópolis,Rio de Janeiro,10-04-2023,,5,1.532,5.0
CUST003975,Ísis Abreu,ISIS.ABREU@MAIL.COM,35.0,F,Petrópolis,Rio De Janeiro,11/03/2024,,11,"R$ 3.092,00",4.0
CUST002475,Davi Melo,DAVI.MELO@MAIL.COM,61.0,masc,Niterói,Rio De Janeiro,2024-04-06,4.145,14,3.338,3.4
CUST001880,diogo araújo, diogo.araujo@mail.com ,61.0,M,Parintins,AM,03/09/2025,"R$ 2.955,00",7,"R$ 1.707,00",4.2
CUST000196,kamilly macedo, kamilly.macedo@mail.com ,44.0,F,Manaus,amazonas,2024/01/26,4224,8,2.190,4.6
CUST002062,luiz henrique barros,luiz. henrique.barros@webmail.com,51.0,MASCULINO,Olinda,PE ,2022-04-12,6.068,6,1.489,5.0
CUST001667,RAFAELA PEREIRA,rafaela.pereira@email.com,40.0,Não binário,Parintins,am,17-11-2023,,8,2.067,5.0
CUST004947,Luan Oliveira,luan.oliveira@email.com,49.0,Masculino,Rio Verde,Goias,2024/05/06,6684,3,845,4.9
CUST001874,Pedro Lucas Siqueira,PEDRO.LUCAS.SIQUEIRA@PROVEDOR.COM.BR,44.0,N/I,Salvador,bahia,2024/03/06,3.263,6,1883,3.7
CUST001593,Maria Julia Rocha, maria.julia.rocha@email.com ,28.0,F,Caxias do Sul,RS,2022-04-10,"R$ 1.224,00",4,"R$ 758,00",3.9
CUST001330,KAMILLY GUERRA,kamilly.guerra@correio.net,51.0,fem,Serra,Espirito Santo,2022-04-15,2.594,6,1092,5.0
CUST002712,Gabriela Castro,gabriela.castro@provedor.com.br,71.0,Fem,Santos,São Paulo,2024-10-03,"R$ 5.149,00",3,681,4.5
CUST000642,Rael Freitas, rael.freitas@mail.com ,63.0,masc,,RJ ,2021-07-28,2630,10,1.461,4.8
CUST000482,sr. marcos vinicius leão,SR..MARCOS.VINICIUS.LEAO@WEBMAIL.COM,18.0,masc,Campinas,SÃO PAULO,2022-02-15,2.030,5,1.362,2.6
CUST001038,Sofia Rezende,SOFIA.REZENDE@CORREIO.NET,52.0,female,Vitória da Conquista,Bahia,13/06/2024,3603,9,1766,5.0
CUST000639,Ana Lívia da Costa,ana.livia.da.costa@email.com,42.0,F,Goiânia,GO,24/02/2024,5494,6,1.857,3.3
CUST004936,Dr. Ravy Aparecida, dr..ravy.aparecida@provedor.com.br ,52.0,masc,Joinville,santa catarina,2024/10/26,"R$ 4.318,00",17,4278,3.6
CUST004610,Olívia Souza,olivia.souza@provedor.com.br,40.0,Feminino,Caruaru,PE,12/08/2024,1583,9,"R$ 1.808,00",4.0
CUST001665,Henry Gabriel Moreira,henry.gabriel.moreira@mail.com,23.0,Masculino,Ananindeua,Para,2021-12-19,3328,6,"R$ 2.143,00",4.0
CUST000218,Luan Cunha, luan.cunha@correio.net ,50.0,Masc,Belo Horizonte,mg,20/07/2025,4.005,10,"R$ 2.753,00",4.7
CUST001691,Luigi Marques,luigi.marques@email.com,28.0,Masc,Feira de Santana,BA,25-02-2025,"R$ 1.862,00",7,2092,
CUST002577,Dra. Bruna Leão,DRA..BRUNA.LEAO@PROVEDOR.COM.BR,63.0,female,Contagem,minas gerais,25/04/2024,,5,1.372,
CUST004669,Olívia da Cruz,olivia.da.cruz@correio.net,30.0,F,Porto Alegre,rio grande do sul,2022-05-06,4.586,6,"R$ 1.322,00",3.7
CUST002318,Pietro Ferreira,pietro.ferreira@provedor.com.br,41.0,Masculino,Santos,Sao Paulo,21-07-2024,"R$ 3.622,00",13,"R$ 2.974,00",3.5
CUST001838,SRA. LUANA DA CONCEIÇÃO,SRA..LUANA.DA.CONCEICAO@PROVEDOR.COM.BR,44.0,Fem,Olinda,PE ,2025/06/14,,6,1.084,4.1
CUST001111,Larissa Vasconcelos,larissa.vasconcelos@mail.com,46.0,F,Várzea Grande,Mato Grosso,2024-11-24,4.157,7,1446,3.5
CUST001692,Bernardo da Conceição,bernardo.da.conceicao@provedor.com.br,28.0,male,Londrina,PR,17-07-2023,2800,5,"R$ 1.721,00",3.8
CUST002956,SRA. MANUELLA ALBUQUERQUE,sra. .manuella.albuquerque@mail.com,27.0,FEMININO,Belém,pa,2021-07-31,5.677,7,1740,3.8
CUST004100,Ana Lívia Cavalcante,ANA.LIVIA.CAVALCANTE@CORREIO.NET,52.0,F,Uberlândia,Minas Gerais,17/05/2024,"R$ 3.689,00",9,204.162,5.0
CUST001837,DANIELA BARROS,daniela.barros@email.com,22.0,female,Serra,ES,13/05/2024,"R$ 5.724,00",8,2856,5.0
CUST001444,NICOLAS DA ROCHA,nicolas.da.rocha@mail.com,74.0,Masc,Ribeirão Preto,SP,2023/08/24,"R$ 6.253,00",5,"R$ 1.225,00",5.0
CUST002706,Elisa da Cunha,elisa.da.cunha@mail.com,66.0,Fem,Vila Velha,ES,14/03/2023,3737,8,1.842,4.9
CUST000133,Clarice Nogueira,clarice.nogueira@provedor.com.br,31.0,fem,Juiz de Fora,MG,17-08-2024,4.975,5,"R$ 1.199,00",2.4
CUST002192,ENZO GABRIEL BARBOSA,ENZO.GABRIEL.BARBOSA@PROVEDOR.COM.BR,47.0,Masc,Feira de Santana,bahia,2024/09/05,2385,5,"R$ 722,00",3.9
CUST002967,Stephany Fernandes,stephany. fernandes@provedor.com.br,33.0,Feminino,Ribeirão Preto,Sao Paulo,2022/09/20,4.047,7,"R$ 1.817,00",4.5
CUST002032,Vinícius das Neves,VINICIUS.DAS.NEVES@CORREIO.NET,29.0,Masc,Petrópolis,rio de janeiro,2024/09/05,1.703,6,1472,4.3
CUST000604,Maria Julia Freitas, maria.julia.freitas@correio.net ,,Feminino,,pernambuco,2023/06/06,,6,1.205,3.6
CUST001965,Hellena Cunha,hellena.cunha@mail.com,43.0,F,Sorocaba,sp,20/04/2022,"R$ 4.218,00",10,2.441,5.0
CUST001557,Ravi Lucca Santos,RAVI.LUCCA.SANTOS@PROVEDOR.COM.BR,26.0,MASCULINO,Porto Alegre,Rio Grande do Sul,17-05-2024,4.076,4,1427,4.5
CUST003669,ALICE RODRIGUES,alice.rodrigues@mail.com,45.0,F,Anápolis,go,2023/08/25,"R$ 2.321,00",8,180059,3.6
CUST004592,Enzo Porto,enzo. porto@provedor.com.br,62.0,Masc,São Paulo,São Paulo,26-11-2024,2.981,4,841,4.4
CUST002531,Luiz Fernando das Neves,LUIZ.FERNANDO.DAS.NEVES@WEBMAIL.COM,48.0,MASCULINO,São Paulo,SP,2025-01-15,2487,12,3290,4.5
CUST004520,dr. marcelo teixeira,dr. .marcelo.teixeira@correio.net,25.0,M,Campinas,SP,2024/10/08,"R$ 1.691,00",2,"R$ 345,00",4.0
CUST001608,Maria Júlia Nascimento, maria.julia.nascimento@email.com ,18.0,Outro,Pelotas,Rio Grande do Sul,14/08/2023,2.838,6,"R$ 1.475,00",5.0
CUST000405,Ayla Vieira,AYLA.VIEIRA@WEBMAIL.COM,,fem,Manaus,amazonas,2021-08-10,"R$ 1.811,00",8,898,4.2
CUST000366,ana lívia da costa, ana.livia.da.costa@correio.net ,61.0,female,Pelotas,RS,18-11-2023,3253,5,1.268,
CUST001783,otávio mendes,otavio.mendes@correio.net,18.0,Masculino,Santos,Sao Paulo,2023-09-24,4.717,3,129.035,4.2
CUST002936,gabriela macedo,GABRIELA.MACEDO@EMAIL.COM,150.0,female,Anápolis,Goias,17/07/2024,2.749,7,1404,3.4
CUST003020,Melina Sousa, melina.sousa@mail.com ,21.0,F,Maringá,Parana,16-03-2024,"R$ 2.404,00",15,1.404,3.6
CUST004563,sr. vitor gabriel marques,SR..VITOR.GABRIEL.MARQUES@WEBMAIL.COM,28.0,MASCULINO,Vila Velha,Espirito Santo,07/08/2024,5.841,667,2659,4.4
CUST004374,theodoro oliveira,theodoro.oliveira@email.com,23.0,male,Cuiabá,MT,05-01-2025,4738,5,"R$ 1.337,00",2.9
CUST001439,Thomas Silveira,thomas. silveira@correio.net,39.0,Masculino,Serra,Espirito Santo,18/03/2022,3.069,4,"R$ 893,00",3.4
CUST003470,srta. luana araújo, srta..luana.araujo@email.com ,61.0,fem,Santos,Sao Paulo,2022-11-22,"R$ 4.280,00",8,1555,5.0
CUST003013,davi lucca teixeira,davi.lucca.teixeira@email.com,36.0,M,Curitiba,pr,25-10-2024,6157,9,3.185,3.5
CUST001624,Lorena Sales, lorena.sales@correio.net ,22.0,female,Vitória da Conquista,bahia,2025-04-11,"R$ 3.394,00",9,1.970,3.9
CUST001394,Sr. Ravy Correia, sr..ravy.correia@correio.net ,43.0,male,Santos,sp,27/11/2023,"R$ 7.606,00",14,5437,3.8
CUST002642,Nina Costa,nina.costa@email.com,23.0,Fem,Ribeirão Preto,São Paulo,05-09-2024,"R$ 5.108,00",10,"R$ 2.245,00",3.4
CUST003459,Dr. Caleb Vieira,DR..CALEB.VIEIRA@MAIL.COM,58.0,M,Porto Alegre,rio grande do sul,2023/02/22,3575,7,1070,4.5
CUST001767,Emanuelly Melo,emanuelly.melo@provedor.com.br,36.0,FEMININO,Contagem,Minas Gerais,03/11/2023,"R$ 2.425,00",6,1.444,
CUST003974,luiz felipe mendes,LUIZ.FELIPE.MENDES@PROVEDOR.COM.BR,49.0,male,Santos,SP,2022-05-20,6106,5,1.584,4.2
CUST004255,ÁGATHA FARIAS,AGATHA.FARIAS@PROVEDOR.COM.BR,44.0,female,Belo Horizonte,minas gerais,2022/01/13,"R$ 3.830,00",3,658,3.5
CUST004604,José Montenegro,jose.montenegro@mail.com,30.0,Masculino,Blumenau,Santa Catarina,2025/09/12,"R$ 11.236,00",9,"R$ 3.804,00",4.2
CUST001443,Stephany Costa,stephany.costa@email.com,48.0,Fem,Sorocaba,São Paulo,2024-02-24,4.356,10,3113,
CUST003454,Arthur Castro, arthur.castro@email.com ,43.0,Masculino,Duque de Caxias,RJ ,2024/07/23,3960,5,1.468,4.1
CUST002330,BRAYAN DA MOTA,brayan.da.mota@webmail.com,29.0,M,Petrópolis,Rio De Janeiro,2023/06/20,2.103,4,"R$ 786,00",4.8
CUST001148,Sophia Fonseca,sophia.fonseca@email.com,61.0,Feminino,Ribeirão Preto,sp,14/01/2023,2.727,9,1648,4.4
CUST004277,Apollo Vasconcelos,APOLLO.VASCONCELOS@EMAIL.COM,37.0,MASCULINO,Sorocaba,Sao Paulo,24-08-2023,3.287,5,"R$ 1.244,00",4.5
CUST004316,Henry Gabriel Costela,HENRY.GABRIEL.COSTELA@CORREIO.NET,37.0,N/I,Belém,Para,2024-01-31,"R$ 3.537,00",10,2.808,5.0
CUST000499,PEDRO CAVALCANTI,PEDRO.CAVALCANTI@EMAIL.COM,32.0,M,São Paulo,Sao Paulo,16/06/2022,"R$ 5.722,00",5,1710,3.1
CUST002453,CECILIA SANTOS, cecilia.santos@provedor.com.br ,,Fem,Caruaru,PE ,2023/01/10,4.064,8,1.844,4.0
CUST001130,Anna Liz Moraes,anna.liz.moraes@webmail.com,33.0,Feminino,Brasília,df,2024/07/01,"R$ 4.470,00",10,4100,4.1
CUST003022,Srta. Luana Novais,SRTA..LUANA.NOVAIS@EMAIL.COM,33.0,FEMININO,Sorocaba,sp,2022-09-06,1274,9,926,3.0
CUST001516,Erick Siqueira,erick.siqueira@mail.com,22.0,Masculino,Campinas,SP,15-01-2024,"R$ 2.416,00",9,1.743,2.9
CUST002239,thomas guerra,thomas.guerra@correio.net,19.0,MASCULINO,Brasília,df,21/06/2023,2832,10,1512,2.4
CUST001392,JUAN MARTINS,JUAN.MARTINS@EMAIL.COM,48.0,masc,Serra,es,16-09-2021,3999,9,2487,4.2
CUST004759,João Guilherme Souza, joao.guilherme.souza@email.com ,30.0,masc,Brasília,DF,19-05-2023,"R$ 1.611,00",5,1162,4.1
CUST003782,bento ferreira,bento.ferreira@webmail.com,36.0,Masc,Cuiabá,Mato Grosso,26/02/2025,4060,6,1.028,3.7
CUST001011,Maria Luiza Pires,maria.luiza.pires@provedor.com.br,41.0,fem,Várzea Grande,mato grosso,16-09-2024,5.712,14,"R$ 3.823,00",
CUST004719,Kevin Lima, kevin.lima@email.com ,33.0,N/I,Contagem,mg,2023/06/28,"R$ 3.090,00",6,"R$ 1.459,00",4.3
CUST002474,Ryan Montenegro, ryan.montenegro@webmail.com ,42.0,M,Serra,Espirito Santo,2023/09/01,,17,1.832,4.6
CUST001288,DR. JOÃO MIGUEL DA ROSA,dr..joao.miguel.da.rosa@mail.com,56.0,M,Parintins,AM,10-09-2024,4495,6,"R$ 888,00",5.0
CUST004941,Maysa da Paz,maysa.da.paz@email.com,30.0,fem,Juiz de Fora,Minas Gerais,30-06-2024,,12,"R$ 3.288,00",3.5
CUST001869,rael da mata,RAEL.DA.MATA@MAIL.COM,28.0,M,Belo Horizonte,MG,28-06-2022,1994,3,377,3.2
CUST001396,Vitória da Rosa,VITORIA.DA.ROSA@EMAIL.COM,49.0,Fem,São Paulo,São Paulo,2022/06/19,"R$ 2.713,00",7,2467,3.2
CUST003744,DAVI ALMEIDA,davi.almeida@correio.net,36.0,male,,rio grande do sul,2021-12-31,2.873,4,"R$ 1.036,00",
CUST000769,Maria Luísa Rezende,MARIA.LUISA.REZENDE@MAIL.COM,26.0,FEMININO,Maringá,pr,2024-09-23,7951,5,1675,2.9
CUST003803,Alexia Gonçalves,alexia. goncalves@provedor.com.br,42.0,FEMININO,Sorocaba,SP,2024/09/10,"R$ 2.441,00",7,1944,3.3
CUST004012,cauã novais,CAUA.NOVAIS@EMAIL.COM,44.0,Masc,,go,26-11-2023,"R$ 1.399,00",8,1.526,3.3
CUST003600,Catarina Moraes,CATARINA.MORAES@CORREIO.NET,45.0,F,Belém,Pará,20/02/2024,3.499,4,"R$ 711,00",4.1
CUST000023,ELISA FREITAS,elisa.freitas@webmail.com,38.0,fem,Sorocaba,SÃO PAULO,12-02-2022,"R$ 2.770,00",11,2775,3.5
CUST004074,Rael Fogaça, rael.fogaca@correio.net ,38.0,masc,Fortaleza,ce,2021/09/11,3464,9,2.917,4.1
CUST002606,dr. luiz otávio sampaio,DR..LUIZ.OTAVIO.SAMPAIO@CORREIO.NET,66.0,MASCULINO,Pelotas,RS,26/11/2023,"R$ 3.189,00",4,"R$ 736,00",4.4
CUST000986,Vitor Gabriel Peixoto,vitor. gabriel.peixoto@email.com,,Masculino,Contagem,MG,2024-08-06,2.616,5,954,5.0
CUST001403,ANDRÉ MACHADO,ANDRE.MACHADO@MAIL.COM,58.0,masc,São Paulo,SÃO PAULO,2024-03-31,6.930,5,1804,3.7
CUST003072,Lara Lopes,lara.lopes@webmail.com,48.0,FEMININO,Vitória da Conquista,bahia,2021-07-13,2.453,11,2.980,5.0
CUST001744,Valentim Albuquerque,valentim.albuquerque@mail.com,18.0,Masculino,Ananindeua,Pará,2023-03-28,3.313,11,2445,3.8
CUST001939,sra. anna liz martins,sra. .anna.liz.martins@webmail.com,24.0,FEMININO,Rio de Janeiro,RJ ,2023/06/30,2.191,7,"R$ 1.325,00",4.5
CUST001544,Luara Novaes,luara.novaes@mail.com,38.0,female,Ribeirão Preto,Sao Paulo,2024/04/04,3859,7,2019,1.7
CUST003913,Mariane Moreira, mariane.moreira@provedor.com.br ,18.0,fem,São Paulo,sp,2023/03/11,,6,"R$ 1.758,00",3.7
CUST004059,RYAN CALDEIRA,ryan.caldeira@correio.net,56.0,M,Porto Alegre,rs,2025-01-05,2.977,9,1344,4.1
CUST001270,Bianca Silveira,BIANCA.SILVEIRA@CORREIO.NET,41.0,Fem,Brasília,distrito federal,2021/09/10,2.250,9,"R$ 2.534,00",3.6
CUST005015,Luara Brito,luara.brito@correio.net,46.0,N/I,Campinas,SÃO PAULO,16-04-2023,"R$ 5.187,00",7,"R$ 1.583,00",3.9
CUST003386,Dr. Thomas Santos, dr..thomas.santos@correio.net ,46.0,Masculino,Caruaru,Pernambuco,20/09/2022,5148,8,3262,3.8
CUST002368,Stephany Marques,stephany.marques@email.com,39.0,female,Florianópolis,Santa Catarina,05/11/2024,4.936,7,1657,1.9
CUST001000,Marcela das Neves,marcela.das.neves@provedor.com.br,18.0,Feminino,Blumenau,santa catarina,16/07/2023,2022,7,"R$ 1.373,00",4.7
CUST002687,João Gabriel Azevedo, joao.gabriel.azevedo@email.com ,33.0,Masculino,São Paulo,SP,25-03-2023,5484,6,"R$ 91.177,00",4.0
CUST004990,Apollo Carvalho,APOLLO.CARVALHO@MAIL.COM,45.0,masc,Ribeirão Preto,SP,07-01-2024,1440,5,1.103,3.9
CUST000574,davi da paz, davi.da.paz@email.com ,38.0,Masc,Porto Alegre,Rio Grande do Sul,09/08/2024,1.546,4,293,4.2
CUST002694,Sophie Marques, sophie.marques@provedor.com.br ,36.0,F,Rio de Janeiro,Rio De Janeiro,2024-04-13,4.860,7,2423,4.5
CUST002558,dra. allana da luz,dra..allana.da.luz@mail.com,24.0,female,Caruaru,PE ,2024-09-08,5.246,7,2361,2.9
CUST001702,Dr. Vicente Leão,DR..VICENTE.LEAO@EMAIL.COM,31.0,MASCULINO,Sorocaba,Sao Paulo,14/10/2024,"R$ 3.833,00",8,"R$ 1.799,00",3.8
CUST001540,Cauã Pimenta,CAUA.PIMENTA@EMAIL.COM,73.0,Masculino,Feira de Santana,bahia,15/01/2022,9.443,8,"R$ 2.552,00",2.5
CUST003947,Sr. Thiago Campos, sr..thiago.campos@webmail.com ,24.0,Masculino,Rio Verde,GO,19-10-2024,4.989,4,1102,2.8
CUST002264,Ana Beatriz Andrade,ana.beatriz.andrade@correio.net,0.0,fem,Várzea Grande,Mato Grosso,24/08/2025,"R$ 4.619,00",5,"R$ 1.202,00",3.0
CUST000756,Manuella Vargas, manuella.vargas@provedor.com.br ,36.0,Feminino,Niterói,rio de janeiro,11/02/2022,2952,13,2.830,4.3
CUST002362,Sr. Samuel Gomes,sr..samuel.gomes@mail.com,24.0,masc,Duque de Caxias,Rio De Janeiro,2023/08/02,1395,8,1.032,3.4
CUST003537,Enzo Gabriel Lima,enzo.gabriel.lima@correio.net,29.0,Masc,Florianópolis,sc,27-07-2021,"R$ 260.164,00",7,2832,4.6
CUST003198,Sra. Valentina Sales,SRA..VALENTINA.SALES@CORREIO.NET,39.0,FEMININO,Cuiabá,Mato Grosso,01-07-2024,2.968,7,"R$ 1.877,00",5.0
CUST004063,Sofia Caldeira,sofia.caldeira@correio.net,48.0,F,Uberlândia,Minas Gerais,2023-10-07,4.731,4,"R$ 1.082,00",3.2
CUST001704,Paulo da Conceição, paulo.da.conceicao@mail.com ,31.0,Masc,Sorocaba,SP,2023-08-31,3.489,4,"R$ 574,00",4.8
CUST001483,LORENZO DA COSTA,lorenzo.da.costa@correio.net,43.0,M,Juiz de Fora,minas gerais,2025-10-12,"R$ 3.482,00",12,2787,2.8
CUST002741,Dra. Maria Cecília Rodrigues,dra..maria.cecilia.rodrigues@provedor.com.br,33.0,female,São Paulo,Sao Paulo,2023/06/13,2.553,4,876,3.0
CUST003685,Rodrigo Leão,RODRIGO.LEAO@EMAIL.COM,48.0,MASCULINO,São Paulo,São Paulo,04/09/2023,3979,6,"R$ 1.589,00",3.7
CUST000616,Théo Gonçalves,THEO.GONCALVES@MAIL.COM,23.0,Masc,Sorocaba,São Paulo,2022/12/20,4.536,6,2192,
CUST000589,Vitória Lima,VITORIA.LIMA@CORREIO.NET,26.0,female,Uberlândia,MG,2022/12/03,4175,11,2380,5.0
CUST001522,davi miguel jesus,davi.miguel.jesus@provedor.com.br,,masc,Uberlândia,mg,09/04/2024,"R$ 3.158,00",6,1.692,5.0
CUST002617,rafael peixoto,RAFAEL.PEIXOTO@EMAIL.COM,49.0,MASCULINO,Campinas,Sao Paulo,07-04-2022,,9,"R$ 1.654,00",2.5
CUST000539,Sra. Maysa Moura,SRA..MAYSA.MOURA@PROVEDOR.COM.BR,45.0,female,Curitiba,pr,2023-08-31,5.547,7,"R$ 1.598,00",5.0
CUST002201,vitor barros,VITOR.BARROS@WEBMAIL.COM,41.0,masc,Sobral,ce,05-11-2024,2.208,11,835,3.2
CUST002561,Maria Alice Castro,maria.alice.castro@correio.net,18.0,FEMININO,Contagem,Minas Gerais,07/01/2023,3517,9,"R$ 2.621,00",4.6
CUST001441,Bianca Monteiro,bianca.monteiro@mail.com,50.0,Fem,Cuiabá,mato grosso,31-07-2023,"R$ 2.731,00",7,1262,3.4
CUST004914,Evelyn Vargas,evelyn.vargas@email.com,47.0,female,Caxias do Sul,rio grande do sul,2022/08/18,2228,7,1953,4.5
CUST004167,Nicole Alves,NICOLE.ALVES@WEBMAIL.COM,35.0,fem,Blumenau,SC,17-02-2022,4.242,6,1.124,4.0
CUST004796,Cauê Rios, caue.rios@correio.net ,45.0,masc,Petrópolis,Rio de Janeiro,2025-03-16,5833,6,2004,4.4
CUST001294,AMANDA COSTELA,AMANDA.COSTELA@WEBMAIL.COM,35.0,Fem,Sorocaba,São Paulo,22/10/2024,"R$ 2.727,00",4,"R$ 1.100,00",3.3
CUST000016,sra. zoe campos,SRA..ZOE.CAMPOS@CORREIO.NET,34.0,FEMININO,Goiânia,Goiás,2021-07-09,11.105,5,1.943,4.6
CUST001005,Kaique Aparecida,kaique.aparecida@webmail.com,59.0,M,Ananindeua,pa,2025/07/24,4765,3,225.561,
CUST004279,ALLANA NOVAES,ALLANA.NOVAES@WEBMAIL.COM,,F,Juazeiro do Norte,CE,2021/02/15,5098,8,"R$ 3.332,00",4.1
CUST002924,Juliana Cassiano, juliana.cassiano@correio.net ,53.0,fem,São Paulo,SP,30/03/2023,2.300,5,1199,
CUST001072,Rafael Mendonça,rafael.mendonca@mail.com,18.0,Masculino,Curitiba,Parana,03/10/2024,3447,7,2347,4.3
CUST004830,Pedro Lucas Mendes,PEDRO.LUCAS.MENDES@EMAIL.COM,28.0,prefer not to say,Rio Verde,go,16/08/2023,1931,8,3.135,3.9
CUST002426,Evelyn Pires,evelyn.pires@provedor.com.br,48.0,Fem,Blumenau,Santa Catarina,17/05/2024,2657,11,4.114,5.0
CUST002033,rebeca gonçalves,rebeca. goncalves@webmail.com,24.0,Fem,Santos,SÃO PAULO,2023/01/21,900,5,1.292,3.3
CUST002718,letícia azevedo,leticia. azevedo@correio.net,35.0,FEMININO,Belo Horizonte,MG,30/07/2024,"R$ 4.699,00",7,1401,2.5
CUST002110,Renan Marques, renan.marques@correio.net ,40.0,male,Caxias do Sul,rs,2024-07-21,,5,1.270,3.6
CUST001326,carlos eduardo viana,carlos.eduardo.viana@mail.com,43.0,masc,,rio de janeiro,2023-04-27,2955,7,"R$ 1.374,00",5.0
CUST002103,Leonardo Siqueira,leonardo. siqueira@email.com,54.0,N/I,,mg,2024-06-14,"R$ 2.104,00",10,1854,5.0
CUST002650,Rebeca Lopes,rebeca.lopes@webmail.com,61.0,fem,Belém,Pará,2023-08-15,"R$ 5.108,00",5,"R$ 958,00",3.7
CUST004935,Enrico Duarte, enrico.duarte@mail.com ,50.0,Masculino,Sobral,CE,2021-03-31,8129,4,1301,3.5
CUST003862,Sra. Sofia Machado,sra..sofia.machado@webmail.com,56.0,Fem,Joinville,Santa Catarina,22/02/2024,5040,11,3606,4.9
CUST004185,Sra. Alana Mendonça,sra..alana.mendonca@mail.com,20.0,female,Cuiabá,MT,04-01-2024,,5,689,3.6
CUST001455,Erick Aparecida,erick.aparecida@email.com,30.0,Masculino,,São Paulo,2023/05/15,"R$ 2.977,00",4,1.242,3.6
CUST001548,Dra. Maria Eduarda Sá,dra. .maria.eduarda.sa@email.com,39.0,female,Santos,Sao Paulo,2025/07/15,1851,4,"R$ 1.571,00",5.0
CUST002268,Dra. Valentina Sá, dra..valentina.sa@webmail.com ,22.0,FEMININO,Ribeirão Preto,sp,2024/08/02,1.403,11,2791,5.0
CUST002717,ana laura barros,ANA.LAURA.BARROS@PROVEDOR.COM.BR,46.0,Fem,Rio de Janeiro,RJ,22/04/2024,"R$ 1.886,00",8,2.160,
CUST004989,ISABEL CUNHA,isabel.cunha@mail.com,41.0,fem,Londrina,PR,2025-06-14,1890,9,"R$ 1.299,00",3.4
CUST002711,MARIANA RAMOS,mariana.ramos@correio.net,36.0,female,Ribeirão Preto,SÃO PAULO,03/07/2024,2.951,9,"R$ 3.169,00",5.0
CUST004146,Marcela da Paz, marcela.da.paz@webmail.com ,53.0,female,Sorocaba,SP,10-07-2023,,12,"R$ 2.043,00",4.1
CUST002473,Maria Fernanda Ferreira,maria.fernanda.ferreira@mail.com,38.0,F,Salvador,bahia,19/01/2023,"R$ 3.330,00",10,"R$ 1.267,00",4.7
CUST002191,João Miguel Oliveira,JOAO.MIGUEL.OLIVEIRA@PROVEDOR.COM.BR,24.0,MASCULINO,Vitória da Conquista,BA ,05/01/2025,1.888,14,4025,4.5
CUST001613,Isis Correia,isis.correia@email.com,29.0,Feminino,Vitória da Conquista,BA,2024-05-23,,8,"R$ 1.717,00",
CUST002064,OLIVIA SILVA,olivia.silva@email.com,38.0,FEMININO,Caxias do Sul,rio grande do sul,18/04/2025,4385,9,3111,3.8
CUST003526,rebeca azevedo,rebeca.azevedo@provedor.com.br,52.0,Feminino,Sorocaba,SÃO PAULO,2022/12/01,2575,2,381,3.6
CUST002906,Dr. Ravi Lucca Cardoso, dr..ravi.lucca.cardoso@mail.com ,53.0,male,Rio de Janeiro,Rio De Janeiro,16-03-2023,3718,3,638,5.0
CUST002721,Isabela Camargo, isabela.camargo@webmail.com ,31.0,F,Porto Alegre,Rio Grande do Sul,22/05/2024,"R$ 3.827,00",8,2.035,3.7
CUST003119,Cauê Melo,CAUE.MELO@WEBMAIL.COM,,M,,rs,2024/03/01,"R$ 5.776,00",7,"R$ 1.982,00",5.0
CUST002212,Luiz Fernando Pereira, luiz.fernando.pereira@mail.com ,22.0,Masculino,Ribeirão Preto,sp,2025-09-03,1836,4,"R$ 1.195,00",2.7
CUST001121,Sr. Ravy Vargas,SR..RAVY.VARGAS@MAIL.COM,39.0,male,Ribeirão Preto,SP,2023-09-16,1427,7,"R$ 1.433,00",2.6
CUST003235,Luara Correia,LUARA.CORREIA@CORREIO.NET,39.0,F,Sorocaba,sp,28/06/2024,"R$ 3.626,00",8,2.369,4.7
CUST005029,Sr. João Vitor Barros, sr..joao.vitor.barros@webmail.com ,69.0,Masculino,Ribeirão Preto,SP,2022-11-18,8464,9,2.911,4.8
CUST003959,José Pedro Ribeiro,jose. pedro.ribeiro@email.com,55.0,Masc,Juiz de Fora,Minas Gerais,2024/06/20,4.463,4,1.245,4.7
CUST002244,Matteo Pires,matteo.pires@correio.net,48.0,masc,Niterói,Rio De Janeiro,2021-09-06,7244,8,2686,3.4
CUST002395,Maria Sophia da Costa,maria.sophia.da.costa@email.com,38.0,N/I,Serra,ES,2023/11/23,2.490,10,2229,
CUST001701,Srta. Ágatha Abreu,srta..agatha.abreu@webmail.com,29.0,Feminino,Feira de Santana,BA ,11/02/2022,2.879,5,1658,4.5
CUST003044,LIAM CASA GRANDE,liam.casa.grande@mail.com,45.0,MASCULINO,Campinas,São Paulo,2022-01-29,"R$ 3.949,00",7,1.634,3.2
CUST001156,Arthur Miguel Novaes,arthur.miguel.novaes@correio.net,35.0,male,Rio de Janeiro,rio de janeiro,12/11/2023,"R$ 1.714,00",5,"R$ 1.276,00",3.1
CUST003156,Luigi Correia,luigi.correia@email.com,58.0,masc,Campinas,São Paulo,2024/10/14,,5,"R$ 1.962,00",
CUST000953,JOAQUIM OLIVEIRA,JOAQUIM.OLIVEIRA@PROVEDOR.COM.BR,27.0,masc,Sorocaba,Sao Paulo,31/12/2023,5047,6,1873,3.5
CUST002915,Giovanna Novais,giovanna.novais@provedor.com.br,,F,Londrina,pr,2023/02/12,"R$ 4.014,00",9,"R$ 2.891,00",4.3
CUST002242,Luiz Henrique Camargo, luiz.henrique.camargo@email.com ,42.0,masc,Maringá,Parana,06/06/2022,,4,595,4.4
CUST003447,Thiago Andrade,THIAGO.ANDRADE@EMAIL.COM,47.0,masc,Uberlândia,Minas Gerais,2024/06/25,3274,10,"R$ 1.810,00",3.2
CUST001118,Maria Cecília Dias,MARIA.CECILIA.DIAS@EMAIL.COM,32.0,female,Feira de Santana,BA,09/01/2023,4.088,7,2409,3.0
CUST000955,ENZO GABRIEL CARVALHO, enzo.gabriel.carvalho@correio.net ,65.0,Masculino,Belém,pa,19/12/2024,5.127,8,"R$ 2.297,00",4.7
CUST002524,vitor gabriel machado,vitor. gabriel.machado@webmail.com,47.0,Outro,Salvador,BA,01-04-2021,"R$ 4.024,00",7,1.941,5.0
CUST000369,Sr. Pedro Miguel Cavalcante, sr..pedro.miguel.cavalcante@provedor.com.br ,59.0,masc,Porto Alegre,rs,2023/02/16,3055,7,1.559,5.0
CUST002799,RAVI LUCCA CARDOSO, ravi.lucca.cardoso@webmail.com ,35.0,Masculino,Porto Alegre,rs,2024/04/30,"R$ 2.281,00",7,1378,4.4
CUST001173,MANUELLA PORTO,manuella.porto@mail.com,36.0,prefer not to say,Rio Verde,GO,10/12/2021,"R$ 2.982,00",12,3.246,3.5
CUST004149,Pedro Pacheco,PEDRO.PACHECO@CORREIO.NET,37.0,MASCULINO,Maringá,Paraná,2023-05-12,"R$ 5.776,00",10,3402,4.3
CUST004720,Danilo Pereira,DANILO.PEREIRA@CORREIO.NET,47.0,N/I,Parintins,Amazonas,03-06-2023,"R$ 5.201,00",1,"R$ 272,00",4.5
CUST004288,Vitor Gabriel Nunes,vitor.gabriel.nunes@provedor.com.br,33.0,M,Ribeirão Preto,Sao Paulo,2024-01-29,3103,5,1053,5.0
CUST003153,Benjamim Lima,benjamim.lima@mail.com,31.0,male,Olinda,PE ,2023-08-25,"R$ 3.568,00",7,"R$ 1.752,00",3.9
CUST000342,THOMAS SOUZA, thomas.souza@webmail.com ,28.0,masc,Campinas,SÃO PAULO,2023/12/23,2.176,9,1398,3.3
CUST001377,Liam Rodrigues, liam.rodrigues@webmail.com ,,Masc,Londrina,PR,2023/07/24,937,7,1.741,4.6
CUST003777,otto moura, otto.moura@correio.net ,38.0,masc,Sobral,Ceará,2023/12/29,,4,611,5.0
CUST003816,Cauã Barbosa, caua.barbosa@email.com ,47.0,M,Cuiabá,mato grosso,2023/10/27,5.961,8,2427,3.4
CUST000416,Bruna Brito,bruna. brito@correio.net,30.0,female,Brasília,Distrito Federal,2025-04-23,,8,"R$ 1.910,00",3.1
CUST003665,LARA PEREIRA,lara.pereira@webmail.com,42.0,FEMININO,Blumenau,SC,2021/11/20,6536,9,2.601,4.5
CUST003777,otto moura, otto.moura@correio.net ,38.0,masc,Sobral,Ceará,30/08/2023,,2,611,5.0
CUST000945,Caio Cirino,caio.cirino@mail.com,18.0,male,Maringá,Parana,08-10-2023,"R$ 1.837,00",7,"R$ 1.036,00",4.6
CUST004315,Maria Isis Macedo,maria. isis.macedo@email.com,49.0,F,São Paulo,SP,07-01-2024,3.086,7,1328,3.7
CUST001981,DR. BENJAMIM DAS NEVES,dr..benjamim.das.neves@webmail.com,45.0,Masculino,Vitória,es,2024/06/03,3128,2,"R$ 604,00",5.0
CUST003572,Beatriz Aragão, beatriz.aragao@webmail.com ,20.0,FEMININO,Goiânia,GO,2024/08/13,3.663,6,1.383,2.3
CUST001869,rael da mata,RAEL.DA.MATA@MAIL.COM,28.0,M,Belo Horizonte,MG,28-06-2022,1994,3,377,3.2
CUST004714,Sr. Nathan Albuquerque,sr..nathan.albuquerque@provedor.com.br,35.0,MASCULINO,Santos,SP,30-09-2023,3270,7,1.950,4.4
CUST003005,Mariah Aragão,mariah. aragao@mail.com,44.0,Fem,,GO,03-07-2023,"R$ 2.479,00",6,"R$ 1.330,00",4.4
CUST001958,Isabella Nunes, isabella.nunes@correio.net ,45.0,Feminino,Olinda,Pernambuco,08-01-2025,"R$ 7.976,00",8,3.150,3.6
CUST001894,Gael Henrique Fonseca,gael.henrique.fonseca@mail.com,49.0,outro,Sorocaba,São Paulo,26/12/2024,3.068,8,2248,5.0
CUST000524,clarice macedo,clarice.macedo@mail.com,37.0,fem,Brasília,Distrito Federal,2025-02-22,5520,4,1128,4.1
CUST002373,Srta. Alice Cavalcanti,srta..alice.cavalcanti@webmail.com,56.0,Feminino,,PA,20-12-2022,3547,5,1.572,4.2
CUST000092,BENTO CAVALCANTE,bento.cavalcante@email.com,53.0,masc,Vila Velha,Espirito Santo,2023-08-20,2271,7,"R$ 1.118,00",2.8
CUST002934,Eduardo Ramos,EDUARDO.RAMOS@CORREIO.NET,36.0,M,Pelotas,rs,23/12/2024,2474,9,1.794,2.2
CUST001567,Luísa Farias,luisa. farias@correio.net,33.0,Feminino,Parintins,Amazonas,03/05/2024,"R$ 3.200,00",2,287,3.2
CUST000443,Théo Pastor, theo.pastor@provedor.com.br ,38.0,M,Rio Verde,GO,2021-11-02,1763,8,115.640,5.0
CUST003671,Luiz Miguel Souza,luiz.miguel.souza@email.com,41.0,Masculino,Blumenau,santa catarina,04/09/2023,"R$ 6.277,00",8,2536,
CUST001550,Gael Henrique Vasconcelos,gael. henrique.vasconcelos@mail.com,36.0,Masculino,Sobral,Ceara,16-08-2022,3.600,9,2272,3.8
CUST001821,Mariah Pires,mariah.pires@correio.net,36.0,FEMININO,,Bahia,05/12/2024,3.902,6,1398,2.4
CUST001462,MARCELO FERNANDES,marcelo. fernandes@correio.net,999.0,prefer not to say,Cuiabá,Mato Grosso,09-05-2023,3231,7,1.186,3.5
CUST000659,Sophia Câmara,sophia.camara@provedor.com.br,21.0,F,Ribeirão Preto,São Paulo,2024/06/18,1928,6,1144,4.5
CUST003384,Enrico Correia,enrico.correia@webmail.com,18.0,Masculino,Ananindeua,pa,19/06/2024,3.092,15,3163,4.8
CUST003973,dra. ana beatriz campos, dra..ana.beatriz.campos@mail.com ,36.0,F,,santa catarina,2022-12-26,3397,9,"R$ 1.920,00",4.4
CUST003489,Kaique Ribeiro, kaique.ribeiro@correio.net ,54.0,MASCULINO,Belo Horizonte,minas gerais,07-10-2025,1897,7,"R$ 1.174,00",5.0
CUST000315,Dr. João Lucas Cirino,dr..joao.lucas.cirino@correio.net,36.0,Masculino,Ribeirão Preto,SÃO PAULO,2023/04/21,2.908,9,1815,4.3
CUST003120,Manuela Aragão, manuela.aragao@mail.com ,49.0,Feminino,Caxias do Sul,Rio Grande do Sul,23/03/2025,"R$ 6.571,00",5,"R$ 1.284,00",4.8
CUST000806,Bruno Moura,BRUNO.MOURA@CORREIO.NET,18.0,Masculino,Curitiba,Paraná,2025/06/17,4.115,1,270,3.9
CUST003308,Pedro Miguel Aragão,pedro.miguel.aragao@webmail.com,46.0,M,Sobral,CE,14-11-2023,6591,10,2959,
CUST004859,THEODORO DIAS,theodoro.dias@mail.com,34.0,M,Brasília,df,2021-03-18,,5,346,
CUST001784,Ana Beatriz Montenegro,ana.beatriz.montenegro@mail.com,38.0,Fem,Cuiabá,Mato Grosso,2024/09/05,2.114,8,1553,3.4
CUST002539,marcos vinicius borges,marcos.vinicius.borges@provedor.com.br,27.0,M,Campinas,sp,2022/10/16,4.426,7,1596,
CUST004593,Cecília Lopes,CECILIA.LOPES@EMAIL.COM,18.0,FEMININO,São Paulo,São Paulo,06/11/2024,3.776,11,2924,4.1
CUST002009,isabelly pinto,ISABELLY.PINTO@PROVEDOR.COM.BR,18.0,Feminino,Duque de Caxias,rio de janeiro,2024-11-01,"R$ 2.362,00",8,"R$ 2.528,00",4.5
CUST002338,Bianca Macedo,bianca.macedo@webmail.com,40.0,female,Uberlândia,mg,04/10/2024,2382,4,1.035,4.1
CUST002848,Pedro Henrique Pires, pedro.henrique.pires@email.com ,,MASCULINO,Pelotas,RS,2022-12-26,"R$ 348.628,00",3,"R$ 761,00",4.0
CUST002024,Júlia Ribeiro,JULIA.RIBEIRO@WEBMAIL.COM,37.0,Fem,Caxias do Sul,rs,26/10/2023,3.560,5,"R$ 1.034,00",3.7
CUST005044,letícia pimenta, leticia.pimenta@provedor.com.br ,38.0,Feminino,Londrina,Paraná,2025/05/28,"R$ 1.808,00",8,3209,4.4
CUST003553,antonella da cunha,antonella.da.cunha@provedor.com.br,18.0,female,Maringá,Parana,2022/10/21,1.978,9,"R$ 1.920,00",3.4
CUST003583,Kamilly Lima,KAMILLY.LIMA@MAIL.COM,51.0,F,,Sao Paulo,28-12-2024,,10,1923,4.1
CUST002070,GABRIELA SÁ,GABRIELA.SA@EMAIL.COM,25.0,fem,Ananindeua,PA,30/11/2024,"R$ 200.645,00",3,819,4.7
CUST003058,Theodoro Costela,theodoro.costela@webmail.com,18.0,male,Petrópolis,RJ ,23/07/2024,3424,3,752,3.8
CUST003851,João Lucas Oliveira,joao.lucas.oliveira@mail.com,36.0,MASCULINO,Caxias do Sul,rio grande do sul,04/12/2021,333870,3,880,
CUST000314,olivia moreira,olivia.moreira@email.com,49.0,female,Vitória da Conquista,BA ,02-05-2024,"R$ 3.065,00",5,1301,5.0
CUST003944,SRA. EMANUELLA GUERRA,sra..emanuella.guerra@mail.com,42.0,F,Maringá,pr,2024/06/18,2781,4,887,2.9
CUST003632,dante leão,DANTE.LEAO@EMAIL.COM,19.0,M,Santos,Sao Paulo,17-05-2023,"R$ 916,00",12,2.252,4.5
CUST003149,LUANA PEREIRA,LUANA.PEREIRA@PROVEDOR.COM.BR,42.0,Fem,Campinas,SÃO PAULO,2025-07-16,"R$ 3.313,00",6,"R$ 1.377,00",3.8
CUST003717,HELLENA DUARTE,hellena.duarte@correio.net,18.0,fem,Caxias do Sul,rs,26-09-2023,2220,11,2807,2.9
CUST000623,Theo Sales, theo.sales@provedor.com.br ,27.0,M,Petrópolis,Rio de Janeiro,14/10/2024,3.317,837,1738,4.3
CUST004008,Heitor Martins, heitor.martins@mail.com ,42.0,Masculino,Niterói,Rio de Janeiro,2024-01-05,"R$ 7.711,00",9,3538,3.5
CUST001292,Aurora da Rocha,aurora.da.rocha@mail.com,41.0,FEMININO,Belo Horizonte,minas gerais,18/09/2021,4716,8,"R$ 1.767,00",5.0
CUST004532,isis jesus,ISIS.JESUS@EMAIL.COM,36.0,FEMININO,Santos,sp,2023/06/07,"R$ 3.364,00",6,725,3.0
CUST001219,THEO JESUS, theo.jesus@provedor.com.br ,38.0,Masc,Duque de Caxias,Rio de Janeiro,2023/06/05,"R$ 4.687,00",7,"R$ 1.765,00",3.8
CUST004555,Sra. Stella Pereira,SRA..STELLA.PEREIRA@EMAIL.COM,29.0,Outro,Santos,São Paulo,10-01-2023,5.545,5,"R$ 1.559,00",
CUST003727,Gabriel Azevedo,gabriel.azevedo@mail.com,43.0,Masculino,Belém,pa,05-12-2023,"R$ 4.573,00",11,3716,3.8
CUST003048,ISAAC MONTEIRO,ISAAC.MONTEIRO@CORREIO.NET,42.0,M,Brasília,df,20/06/2023,3872,9,1551,4.3
CUST004250,Paulo Pires,paulo. pires@correio.net,53.0,Masculino,,SÃO PAULO,2022/10/13,3882,6,"R$ 2.088,00",4.1
CUST003383,camila gomes,camila.gomes@provedor.com.br,43.0,female,Maringá,pr,20-03-2023,4617,8,"R$ 1.762,00",5.0
CUST001060,Zoe Cavalcante,zoe.cavalcante@provedor.com.br,45.0,F,Porto Alegre,rs,27-05-2024,,8,2.764,4.7
CUST003508,Clarice Pires, clarice.pires@email.com ,18.0,fem,Belém,PA,10-01-2023,,2,"R$ 654,00",4.4
CUST003920,Beatriz Borges, beatriz.borges@webmail.com ,42.0,FEMININO,Manaus,AM,05/05/2024,3288,9,"R$ 1.466,00",4.6
CUST000726,Mirella Cassiano, mirella.cassiano@webmail.com ,48.0,Feminino,Caxias do Sul,rs,2024-06-12,4.417,9,2865,
CUST001899,Alexia Aparecida, alexia.aparecida@provedor.com.br ,42.0,FEMININO,,bahia,2023-05-23,3.627,4,"R$ 783,00",2.9
CUST003927,Mirella Novaes, mirella.novaes@webmail.com ,35.0,Fem,Porto Alegre,Rio Grande do Sul,23-05-2023,"R$ 8.656,00",14,"R$ 5.516,00",3.9
CUST001260,Maria Júlia Vargas,MARIA.JULIA.VARGAS@MAIL.COM,44.0,Feminino,Ribeirão Preto,sp,28-05-2025,5.390,9,"R$ 3.333,00",3.2
CUST003507,MAITÊ PASTOR,MAITE.PASTOR@EMAIL.COM,18.0,Fem,Feira de Santana,bahia,19-07-2023,"R$ 1.184,00",9,2254,3.4
CUST002998,Maria Luísa Camargo,maria.luisa.camargo@correio.net,35.0,outro,Juazeiro do Norte,ce,04-08-2024,1647,7,1137,4.6
CUST003737,Cauê Nogueira, caue.nogueira@provedor.com.br ,47.0,Masc,Rio de Janeiro,RJ,02/02/2023,"R$ 5.900,00",3,"R$ 808,00",3.8
CUST003867,Maria Liz Barbosa,maria. liz.barbosa@provedor.com.br,61.0,F,Sorocaba,SP,20-07-2024,2679,7,2.319,3.7
CUST001505,DR. CAUÊ DA CUNHA, dr..caue.da.cunha@provedor.com.br ,28.0,male,Pelotas,RS,09-06-2023,3.151,6,1218,4.3
CUST000682,dra. maitê nunes,DRA..MAITE.NUNES@PROVEDOR.COM.BR,18.0,female,Ananindeua,Para,02-01-2025,3007,8,1.876,4.9
CUST003693,Maria Liz Pereira,maria.liz.pereira@email.com,38.0,FEMININO,Olinda,PE,2022/05/23,2.293,8,2.316,5.0
CUST003590,Dr. Yuri Monteiro, dr..yuri.monteiro@webmail.com ,31.0,Masculino,Blumenau,SC,2025/11/03,3.073,5,"R$ 915,00",3.9
CUST005060,isabella pinto,ISABELLA.PINTO@PROVEDOR.COM.BR,28.0,female,Parintins,amazonas,11-12-2024,2.221,5,891,4.3
CUST000897,Mirella Freitas,mirella. freitas@provedor.com.br,54.0,FEMININO,Sorocaba,SP,29/07/2024,,7,"R$ 2.300,00",3.9
CUST004409,Sra. Maya da Rocha, sra..maya.da.rocha@correio.net ,48.0,female,Belém,Para,2025/12/18,"R$ 5.346,00",7,2201,4.5
CUST004951,Levi Fonseca,LEVI.FONSECA@EMAIL.COM,46.0,M,Anápolis,go,2024-11-17,2702,8,1.140,2.3
CUST004973,Marina Almeida,marina.almeida@provedor.com.br,23.0,fem,Porto Alegre,RS,03-05-2024,5411,9,2396,
CUST004800,João Pedro Machado, joao.pedro.machado@mail.com ,44.0,masc,Belém,pa,2025/02/01,"R$ 2.775,00",10,"R$ 2.481,00",4.9
CUST003165,sra. maria flor costela,sra..maria.flor.costela@correio.net,66.0,Fem,Belo Horizonte,Minas Gerais,2024-04-07,"R$ 4.261,00",7,1.992,4.0
CUST004427,maysa câmara,maysa.camara@mail.com,31.0,F,Joinville,sc,05-11-2024,1590,4,861,2.5
CUST001722,Luiz Felipe Vasconcelos,luiz.felipe.vasconcelos@provedor.com.br,62.0,male,Rio de Janeiro,Rio de Janeiro,07/10/2023,8359,6,"R$ 2.157,00",5.0
CUST003594,Sr. Nathan Albuquerque,sr..nathan.albuquerque@provedor.com.br,51.0,M,,pernambuco,05-01-2024,3.628,6,1.134,3.5
CUST003625,Maria Souza,MARIA.SOUZA@EMAIL.COM,31.0,Fem,Petrópolis,Rio de Janeiro,2021/10/14,3359,7,2.212,5.0
CUST003462,Marcos Vinicius Silva,marcos.vinicius.silva@provedor.com.br,56.0,MASCULINO,Vila Velha,ES,2025-05-11,3.855,5,1187,3.8
CUST002228,cauê rodrigues,caue.rodrigues@provedor.com.br,,masc,Parintins,AM,2023/08/13,2.470,10,1631,3.7
CUST000599,Maria Vitória Cirino,maria.vitoria.cirino@email.com,33.0,Fem,Campinas,SP,15/11/2021,4235,7,1862,2.2
CUST003014,sofia porto,sofia.porto@mail.com,31.0,Feminino,Sobral,ce,03/01/2022,"R$ 2.206,00",6,"R$ 1.161,00",3.1
CUST004619,SRA. ELOÁ PASTOR,sra..eloa.pastor@correio.net,21.0,F,Ribeirão Preto,sp,16-12-2023,3697,3,866,
CUST001913,PEDRO LUCAS NOVAIS, pedro.lucas.novais@email.com ,,MASCULINO,Santos,SÃO PAULO,2024/07/16,2.732,6,1.714,4.6
CUST001824,Levi Dias, levi.dias@provedor.com.br ,43.0,Masc,Sorocaba,São Paulo,05/09/2023,"R$ 5.152,00",12,"R$ 4.018,00",4.3
CUST003323,Anthony Gabriel Gomes,ANTHONY.GABRIEL.GOMES@EMAIL.COM,33.0,male,Ribeirão Preto,Sao Paulo,10/11/2022,4228,8,1.981,4.1
CUST003172,Henry da Luz,HENRY.DA.LUZ@PROVEDOR.COM.BR,44.0,masc,Curitiba,PR,2024-10-22,"R$ 1.776,00",8,"R$ 1.708,00",5.0
CUST002238,Sra. Aurora Pacheco,SRA..AURORA.PACHECO@CORREIO.NET,22.0,Feminino,,SÃO PAULO,2021/04/25,1.931,9,"R$ 2.019,00",4.6
CUST001848,dra. yasmin das neves, dra..yasmin.das.neves@email.com ,32.0,F,Blumenau,sc,25/03/2024,,9,"R$ 2.218,00",3.6
CUST004803,Ravi Rezende, ravi.rezende@correio.net ,31.0,masc,Feira de Santana,BA,2023-05-11,5146,4,1.236,3.3
CUST004485,Zoe Costela,zoe.costela@email.com,26.0,Feminino,São Paulo,Sao Paulo,16/01/2023,"R$ 2.477,00",8,1.453,3.7
CUST001009,Eduarda Farias,eduarda.farias@provedor.com.br,40.0,fem,Pelotas,RS,20/06/2024,"R$ 6.863,00",8,2473,
CUST000940,Maria Helena Silva, maria.helena.silva@webmail.com ,31.0,fem,Várzea Grande,MT,25/10/2023,2523,6,"R$ 1.862,00",3.5
CUST000875,Mateus Martins, mateus.martins@correio.net ,39.0,M,Brasília,Distrito Federal,2023/07/27,4.632,7,1.933,5.0
CUST001794,Luiz Otávio Cirino,luiz.otavio.cirino@webmail.com,44.0,Masculino,Sorocaba,Sao Paulo,18/03/2024,4.611,10,2654,4.1
CUST003564,João Gabriel Casa Grande,joao.gabriel.casa.grande@correio.net,33.0,Masc,Porto Alegre,rio grande do sul,2022/07/30,"R$ 3.056,00",7,1.158,4.3
CUST001407,Mariane Guerra,MARIANE.GUERRA@MAIL.COM,41.0,Feminino,Sobral,CE,07/07/2023,"R$ 4.492,00",10,"R$ 2.994,00",3.7
CUST000861,Noah Leão, noah.leao@provedor.com.br ,46.0,Masc,Uberlândia,mg,2025-07-17,1934,8,"R$ 1.625,00",3.6
CUST004089,João Felipe da Costa,JOAO.FELIPE.DA.COSTA@EMAIL.COM,33.0,male,Brasília,Distrito Federal,2025/02/07,2292,17,1.774,3.4
CUST003152,Sr. Benjamin da Costa,sr..benjamin.da.costa@mail.com,47.0,male,Santos,Sao Paulo,23-07-2024,3785,6,956,4.0
CUST004952,Hadassa Cirino,hadassa.cirino@provedor.com.br,48.0,fem,Caruaru,PE,16/11/2024,7202,9,3307,4.6
CUST002250,João Pedro Rios,joao.pedro.rios@email.com,51.0,M,Ananindeua,pa,2024-08-03,4297,4,1.210,3.6
CUST002160,Maria Julia Cirino,MARIA.JULIA.CIRINO@MAIL.COM,59.0,fem,Sorocaba,Sao Paulo,23-02-2022,"R$ 3.582,00",8,2.451,4.3
CUST003131,Aylla Pinto,aylla.pinto@email.com,37.0,Feminino,Feira de Santana,Bahia,2023-05-31,"R$ 6.660,00",12,2.356,3.1
CUST003883,Hadassa Almeida,HADASSA.ALMEIDA@PROVEDOR.COM.BR,30.0,female,Duque de Caxias,RJ ,13-05-2023,3.426,9,"R$ 2.290,00",3.8
CUST000854,Mateus Viana,mateus.viana@provedor.com.br,32.0,masc,Goiânia,GO,13-02-2024,"R$ 5.690,00",4,1458,2.7
CUST004174,Carolina Guerra,CAROLINA.GUERRA@WEBMAIL.COM,18.0,FEMININO,Niterói,RJ,07-08-2024,,7,655,3.6
CUST002000,Dr. Otávio Fonseca,dr..otavio.fonseca@correio.net,44.0,masc,Ribeirão Preto,SP,2023-10-19,2362,6,1053,4.6
CUST000375,Anna Liz Pimenta, anna.liz.pimenta@email.com ,25.0,fem,Santos,São Paulo,09/12/2024,"R$ 1.394,00",12,"R$ 2.902,00",3.6
CUST004643,Júlia Costa,julia.costa@webmail.com,18.0,fem,Curitiba,pr,24/09/2023,5755,12,3276,5.0
CUST001520,Sr. João Guilherme Gonçalves,sr..joao.guilherme.goncalves@mail.com,55.0,Masc,Pelotas,rio grande do sul,2022/04/14,"R$ 3.208,00",10,1552,4.1
CUST001535,Benjamin Costa,benjamin.costa@correio.net,32.0,male,Caruaru,PE ,2023-08-27,"R$ 1.471,00",6,"R$ 1.594,00",3.5
CUST001811,Joana Fonseca,JOANA.FONSECA@CORREIO.NET,,F,Feira de Santana,Bahia,2021/05/19,"R$ 4.087,00",6,2235,3.0
CUST001387,Dr. Fernando Rodrigues, dr..fernando.rodrigues@mail.com ,37.0,male,Juazeiro do Norte,ce,05-12-2023,2004,5,529,4.3
CUST002633,João Lucas Casa Grande,joao.lucas.casa.grande@correio.net,28.0,Masc,Maringá,Paraná,15-01-2023,2247,7,1.432,4.1
CUST002137,Amanda Martins,amanda.martins@webmail.com,32.0,Feminino,Caxias do Sul,Rio Grande do Sul,27/04/2024,"R$ 9.742,00",11,3.294,2.4
CUST002500,Enrico Silva,enrico.silva@provedor.com.br,25.0,masc,Parintins,AM,2025-08-31,3220,2,504,4.0
CUST003029,isabelly santos,isabelly. santos@provedor.com.br,49.0,fem,Vila Velha,ES,20/08/2022,3.941,13,3.151,
CUST002204,nina melo,nina.melo@email.com,28.0,Fem,Londrina,pr,2024-03-05,1731,8,"R$ 2.043,00",4.7
CUST001179,Isabel Moreira,isabel.moreira@email.com,38.0,Feminino,Brasília,distrito federal,2025/07/29,3.319,5,1.070,4.4
CUST002406,renan monteiro,renan.monteiro@email.com,47.0,masc,Olinda,PE,03-01-2024,"R$ 1.919,00",10,1.816,3.2
CUST000794,Luísa da Rosa,LUISA.DA.ROSA@CORREIO.NET,33.0,Feminino,Sorocaba,Sao Paulo,2022/10/10,"R$ 5.715,00",9,2546,4.6
CUST002506,Arthur Gabriel Rios,ARTHUR.GABRIEL.RIOS@EMAIL.COM,41.0,Masc,Vila Velha,ES,23-07-2024,"R$ 4.480,00",10,"R$ 2.672,00",3.6
CUST001493,Agatha Borges,AGATHA.BORGES@PROVEDOR.COM.BR,49.0,female,Parintins,AM,11-12-2024,392.045,5,1.303,2.9
CUST002716,RAQUEL VIANA,raquel.viana@webmail.com,34.0,Feminino,Petrópolis,Rio De Janeiro,2023-04-24,6.450,9,3018,4.4
CUST003796,Olivia Souza,olivia.souza@webmail.com,39.0,F,Blumenau,santa catarina,2024/05/09,5153,10,3188,
CUST004995,gabrielly vargas,gabrielly.vargas@correio.net,31.0,FEMININO,Recife,Pernambuco,2025-04-27,"R$ 1.566,00",5,631,3.8
CUST003598,Sr. Pietro Cavalcante,sr..pietro.cavalcante@email.com,42.0,male,Ribeirão Preto,SP,25-11-2022,2197,6,1.338,5.0
CUST001232,Isabel Castro,ISABEL.CASTRO@MAIL.COM,23.0,Não binário,Recife,PE,2023-11-20,3330,11,3810,5.0
CUST001499,Sra. Milena Camargo,sra..milena.camargo@webmail.com,66.0,female,Campinas,São Paulo,2025/09/19,"R$ 3.005,00",6,1053,4.5
CUST004291,DAVI LUCAS MACEDO,davi.lucas.macedo@provedor.com.br,31.0,Masculino,Belém,Pará,2021/10/24,4603,12,"R$ 2.550,00",3.2
CUST002040,Luigi Gonçalves, luigi.goncalves@email.com ,,outro,Rio de Janeiro,RJ ,2023-10-31,"R$ 1.916,00",5,1083,2.8
CUST004732,maria eduarda da cunha,MARIA.EDUARDA.DA.CUNHA@EMAIL.COM,68.0,female,Vitória da Conquista,BA,2024-03-24,"R$ 4.636,00",10,3.348,3.7
CUST001925,sr. vitor gabriel gomes,sr. .vitor.gabriel.gomes@webmail.com,45.0,male,Pelotas,Rio Grande do Sul,10/11/2023,3702,3,742,3.7
CUST003354,Sr. Benício Mendonça,SR..BENICIO.MENDONCA@WEBMAIL.COM,60.0,male,Santos,sp,2024/09/29,2083,8,2.419,3.1
CUST001105,Melina Cunha,melina.cunha@provedor.com.br,18.0,fem,Campinas,SÃO PAULO,2025/05/23,"R$ 900,00",5,1.477,2.4
CUST003885,Sr. Bryan Casa Grande,sr..bryan.casa.grande@webmail.com,57.0,male,,PE ,25-01-2023,4.409,8,2.390,4.3
CUST001325,Beatriz Caldeira,beatriz.caldeira@email.com,43.0,fem,Contagem,Minas Gerais,2024-04-19,3725,7,1526,4.3
CUST003894,SR. PEDRO HENRIQUE FOGAÇA, sr..pedro.henrique.fogaca@email.com ,45.0,male,Petrópolis,Rio de Janeiro,2024-09-29,3007,9,1539,3.9
CUST002805,Julia Pimenta,julia. pimenta@webmail.com,33.0,Fem,Joinville,santa catarina,2023/01/11,2998,8,"R$ 1.941,00",4.4
CUST004081,Maria Helena Siqueira,maria.helena.siqueira@provedor.com.br,51.0,Feminino,,sp,2022/06/26,"R$ 4.919,00",5,"R$ 1.032,00",
CUST001030,DAVI MIGUEL OLIVEIRA,davi. miguel.oliveira@correio.net,18.0,Masc,Santos,sp,2025-02-18,1395,9,"R$ 1.861,00",2.9
CUST003850,Juan Castro, juan.castro@email.com ,36.0,M,Vitória da Conquista,BA ,2023-03-27,2728,6,949,4.1
CUST001690,Sophia da Luz,sophia.da.luz@correio.net,58.0,Outro,Juazeiro do Norte,CE,2022-05-14,3078,5,"R$ 1.686,00",3.2
CUST002461,Ana Laura Moraes,ana.laura.moraes@provedor.com.br,39.0,Feminino,Belém,PA,14-10-2024,"R$ 3.508,00",8,1495,2.9
CUST002118,Ana Julia Caldeira,ANA.JULIA.CALDEIRA@EMAIL.COM,54.0,Fem,Contagem,minas gerais,2024-06-12,"R$ 3.247,00",9,"R$ 2.943,00",4.9
CUST000581,Anna Liz Freitas, anna.liz.freitas@correio.net ,36.0,female,Duque de Caxias,RJ,11-05-2025,"R$ 3.267,00",7,"R$ 2.019,00",5.0
CUST003614,Ester Guerra,ester.guerra@email.com,46.0,fem,Campinas,SP,13/02/2024,1.194,5,1107,3.6
CUST004268,SR. ISAAC MONTEIRO,sr..isaac.monteiro@mail.com,43.0,Não binário,Ribeirão Preto,SP,2025/02/07,3.023,10,"R$ 1.838,00",4.3
CUST004666,ESTER SÁ,ester.sa@correio.net,41.0,fem,Santos,Sao Paulo,02/04/2023,288165,8,1583,4.8
CUST000120,Letícia Ribeiro,LETICIA.RIBEIRO@CORREIO.NET,50.0,FEMININO,Niterói,rio de janeiro,04/08/2024,4778,5,1522,2.9
CUST001409,ana carolina nascimento,ana. carolina.nascimento@mail.com,999.0,FEMININO,Juiz de Fora,minas gerais,2023/10/28,2600,12,"R$ 2.549,00",
CUST003405,Alana Cavalcante, alana.cavalcante@provedor.com.br ,53.0,female,São Paulo,SÃO PAULO,23/04/2022,"R$ 6.616,00",11,"R$ 2.933,00",3.2
CUST004917,Olívia Rezende,olivia.rezende@email.com,56.0,Fem,Porto Alegre,rs,25-11-2024,3.099,3,662,5.0
CUST003411,Gael Henrique Mendonça,gael.henrique.mendonca@webmail.com,44.0,outro,Goiânia,Goias,2024/09/28,5192,11,2079,4.1
CUST002591,Cauê Andrade,caue.andrade@webmail.com,43.0,M,Sorocaba,sp,24/04/2023,4.785,9,2650,4.3
CUST002055,Melina Souza,melina.souza@mail.com,33.0,Fem,Salvador,bahia,15-10-2022,1.896,4,1134,3.5
CUST002777,GUSTAVO CORREIA,gustavo.correia@email.com,,male,Londrina,PR,02-04-2023,7.901,7,2438,2.8
CUST000808,Breno Nunes,breno.nunes@webmail.com,18.0,MASCULINO,Campinas,Sao Paulo,06/05/2025,1.903,8,913,3.7
CUST004150,joão vitor câmara,joao. vitor.camara@email.com,39.0,male,Brasília,df,01-06-2022,3.586,8,2085,3.7
CUST001383,luiz henrique montenegro, luiz.henrique.montenegro@mail.com ,33.0,masc,Pelotas,Rio Grande do Sul,2024/07/21,6.029,7,1988,4.2
CUST000068,Henry Gabriel Azevedo,henry.gabriel.azevedo@email.com,53.0,prefer not to say,Petrópolis,RJ ,2024-06-27,7208,6,2456,3.5
CUST002354,Anna Liz Marques, anna.liz.marques@provedor.com.br ,56.0,FEMININO,Várzea Grande,mt,15/05/2024,5515,7,"R$ 2.064,00",4.5
CUST000860,Ravi Araújo,ravi.araujo@webmail.com,58.0,MASCULINO,Florianópolis,santa catarina,2023/07/08,5513,11,3450,4.1
CUST004765,Nicole Peixoto,nicole.peixoto@provedor.com.br,18.0,female,Maringá,PR,13/08/2024,2.661,6,"R$ 752,00",2.1
CUST004395,EMILLY MARQUES, emilly.marques@mail.com ,36.0,FEMININO,Ribeirão Preto,SÃO PAULO,05-01-2022,1538,14,2.034,4.8
CUST000113,Carlos Eduardo Barbosa,carlos.eduardo.barbosa@webmail.com,45.0,Masc,Campinas,sp,2024-08-16,6118,7,"R$ 2.728,00",5.0
CUST003372,Emanuella da Cunha,EMANUELLA.DA.CUNHA@WEBMAIL.COM,39.0,FEMININO,Anápolis,Goias,23/10/2024,2.681,8,1749,2.6
CUST002154,Luara Novais,luara.novais@webmail.com,44.0,female,Londrina,Paraná,14-09-2023,"R$ 3.933,00",4,1.166,4.4
CUST004507,DR. ANTÔNIO ALBUQUERQUE,dr..antonio.albuquerque@correio.net,27.0,MASCULINO,Várzea Grande,mt,16-03-2022,1462,5,"R$ 1.193,00",5.0
CUST004542,Srta. Maria Flor Cardoso, srta..maria.flor.cardoso@email.com ,38.0,F,Recife,PE ,2024-02-02,2.704,6,926,2.6
CUST001503,Srta. Ana Clara Cavalcante,SRTA..ANA.CLARA.CAVALCANTE@MAIL.COM,28.0,F,Ribeirão Preto,sp,18/09/2023,2255,8,"R$ 1.656,00",3.8
CUST004369,Sophia Viana,sophia.viana@provedor.com.br,27.0,FEMININO,Parintins,am,2023/06/03,1.851,8,1.818,3.7
CUST004558,srta. eloah moura,SRTA..ELOAH.MOURA@CORREIO.NET,28.0,F,Rio de Janeiro,rio de janeiro,20-03-2024,2.886,10,2.933,3.8
CUST001582,Sr. Gustavo Henrique Rios,sr. .gustavo.henrique.rios@provedor.com.br,47.0,male,Contagem,minas gerais,17/02/2025,2623,6,855,5.0
CUST003823,Antonella Nunes,antonella.nunes@webmail.com,18.0,fem,,Paraná,26-08-2023,6.222,4,1.310,3.3
CUST004577,Kamilly Sousa,kamilly.sousa@provedor.com.br,40.0,FEMININO,Serra,es,2025/01/06,6.236,6,"R$ 2.722,00",5.0
CUST004502,Srta. Ana Beatriz da Mata,SRTA..ANA.BEATRIZ.DA.MATA@WEBMAIL.COM,33.0,prefer not to say,Olinda,pernambuco,2025-10-11,2143,8,2200,4.3
CUST003774,Theo Nascimento, theo.nascimento@email.com ,22.0,masc,Juiz de Fora,minas gerais,29-03-2024,2.102,6,1.172,
CUST003739,Rhavi Teixeira,rhavi.teixeira@email.com,,male,Duque de Caxias,Rio de Janeiro,11-05-2025,2594,1,286,5.0
CUST004030,LUARA MONTEIRO,LUARA.MONTEIRO@EMAIL.COM,37.0,Fem,Santos,SP,25/01/2023,5.550,10,850,3.4
CUST000328,Pedro Miguel Teixeira,pedro.miguel.teixeira@webmail.com,59.0,Masc,Vila Velha,ES,27-10-2021,5692,4,1.432,5.0
CUST002995,Sr. Heitor Marques,sr..heitor.marques@webmail.com,28.0,masc,Duque de Caxias,Rio de Janeiro,2023-09-30,2.149,5,1.021,3.4
CUST002052,Francisco Dias, francisco.dias@provedor.com.br ,22.0,MASCULINO,Parintins,Amazonas,2022/08/18,"R$ 5.510,00",11,2.682,5.0
CUST000180,Joaquim Melo,JOAQUIM.MELO@CORREIO.NET,45.0,MASCULINO,Curitiba,Parana,2022/11/26,10.954,12,5.428,3.7
CUST002092,Gabriela Marques,gabriela.marques@webmail.com,41.0,Feminino,Brasília,Distrito Federal,27-05-2023,2413,8,"R$ 1.664,00",4.8
CUST002994,Raul Cardoso, raul.cardoso@correio.net ,34.0,male,Londrina,PR,2024/05/24,"R$ 1.180,00",4,"R$ 823,00",4.0
CUST004311,joão lucas pastor,joao.lucas.pastor@provedor.com.br,18.0,Masc,Santos,sp,05/08/2023,2857,5,"R$ 1.349,00",4.1
CUST004054,Isabelly Ribeiro,isabelly. ribeiro@email.com,40.0,FEMININO,Ribeirão Preto,São Paulo,21-05-2025,2199,7,970,3.1
CUST000520,Ana Vitória Cavalcanti, ana.vitoria.cavalcanti@webmail.com ,51.0,female,São Paulo,Sao Paulo,2024-04-09,3.258,7,1202,5.0
CUST003519,Pietra da Mota,pietra.da.mota@webmail.com,60.0,fem,Duque de Caxias,RJ,07/12/2023,4.091,10,"R$ 2.014,00",4.8
CUST004849,Leandro Silva,leandro.silva@mail.com,30.0,outro,Juazeiro do Norte,Ceará,18-03-2024,1852,5,782,3.3
CUST003954,maria helena alves,maria.helena.alves@correio.net,50.0,outro,Maringá,Parana,2024/08/28,4.580,7,1545,4.5
CUST003634,Carolina Duarte,carolina.duarte@email.com,46.0,Não binário,Uberlândia,MG,2025/02/23,4918,12,4.324,5.0
CUST000782,Evelyn Camargo,evelyn.camargo@correio.net,47.0,Fem,Niterói,rio de janeiro,26-06-2024,"R$ 3.845,00",2,528,4.0
CUST002347,Pietra Lopes,PIETRA.LOPES@CORREIO.NET,24.0,prefer not to say,Campinas,sp,13-04-2024,"R$ 1.784,00",8,1656,3.4
CUST001123,Anthony Gabriel da Luz,anthony.gabriel.da.luz@mail.com,36.0,masc,Caxias do Sul,Rio Grande do Sul,27/07/2021,"R$ 2.503,00",6,925,3.9
CUST000203,Nina Leão, nina.leao@email.com ,26.0,fem,Porto Alegre,rs,24-06-2024,3891,7,"R$ 1.429,00",3.7
CUST001802,Dom Melo,DOM.MELO@PROVEDOR.COM.BR,30.0,M,Porto Alegre,rs,2024/03/22,2648,11,"R$ 3.201,00",4.1
CUST001597,luiz henrique montenegro,luiz.henrique.montenegro@webmail.com,18.0,M,Maringá,PR,2025/03/22,,11,2.807,3.3
CUST000075,ryan cunha,ryan.cunha@mail.com,19.0,Masc,Caruaru,Pernambuco,10-03-2023,"R$ 900,00",4,1061,5.0
CUST003623,João Felipe Caldeira,joao.felipe.caldeira@provedor.com.br,35.0,male,Uberlândia,MG,29/12/2021,2190,3,725,4.6
CUST000041,Daniel Cassiano,DANIEL.CASSIANO@WEBMAIL.COM,38.0,M,Porto Alegre,rs,27/03/2023,3.489,3,"R$ 681,00",3.7
CUST000731,léo farias,LEO.FARIAS@WEBMAIL.COM,29.0,Masc,Várzea Grande,mt,2023-09-15,5096,5,"R$ 768,00",3.8
CUST000110,davi lucca rios, davi.lucca.rios@email.com ,41.0,Masculino,Contagem,minas gerais,2024/05/03,3691,7,1740,4.7
CUST004663,Maitê Ramos,maite.ramos@provedor.com.br,48.0,Feminino,Goiânia,GO,14/05/2022,3276,5,"R$ 1.214,00",3.3
CUST002413,Emanuel Viana,emanuel.viana@webmail.com,32.0,Masc,Rio de Janeiro,Rio de Janeiro,2025-06-20,1939,17,1.852,3.1
CUST000193,Rael da Luz,RAEL.DA.LUZ@EMAIL.COM,45.0,masc,Maringá,pr,2024-08-16,3.379,6,"R$ 1.174,00",3.9
CUST004885,Rhavi Martins,rhavi.martins@webmail.com,55.0,Masculino,Florianópolis,sc,21/04/2021,3.526,8,2.124,3.9
CUST001369,Maria Fernanda Novais,MARIA.FERNANDA.NOVAIS@PROVEDOR.COM.BR,43.0,FEMININO,Blumenau,Santa Catarina,2024-03-25,2545,9,1357,3.9
CUST003528,Sr. Gustavo Henrique Ribeiro,sr..gustavo.henrique.ribeiro@correio.net,30.0,MASCULINO,Rio de Janeiro,rio de janeiro,2022/08/20,4.582,9,"R$ 2.053,00",3.2
CUST001710,Esther Abreu,esther.abreu@provedor.com.br,44.0,female,Sobral,Ceará,07/08/2022,"R$ 2.581,00",2,315,5.0
CUST003442,RAQUEL GUERRA,RAQUEL.GUERRA@MAIL.COM,51.0,female,Joinville,Santa Catarina,2022-06-19,5776,10,"R$ 3.129,00",5.0
CUST003539,Stella Viana,stella.viana@provedor.com.br,44.0,female,Duque de Caxias,Rio De Janeiro,02/03/2025,4.009,6,1572,5.0
CUST002626,Sr. Enzo Gabriel Azevedo,SR..ENZO.GABRIEL.AZEVEDO@WEBMAIL.COM,61.0,Masculino,Parintins,amazonas,2024-10-29,4727,11,"R$ 2.369,00",3.9
CUST004087,Josué Camargo,josue.camargo@correio.net,41.0,Masc,São Paulo,SÃO PAULO,2025/02/01,2.592,7,1655,4.9
CUST001015,Mathias Abreu,mathias. abreu@email.com,40.0,masc,Ribeirão Preto,São Paulo,2025-05-05,"R$ 1.811,00",9,2.456,4.3
CUST003788,sr. marcos vinicius siqueira,sr..marcos.vinicius.siqueira@mail.com,25.0,M,Ananindeua,pa,11/10/2022,"R$ 7.521,00",12,4649,5.0
CUST004958,Ryan Aragão,ryan. aragao@webmail.com,42.0,Masculino,Duque de Caxias,RJ ,28/09/2023,3739,2,417,2.8
CUST001893,rafaela porto, rafaela.porto@correio.net ,18.0,FEMININO,Sobral,Ceara,2021-08-03,2.551,9,1424,4.7
CUST003332,Liam Rios,LIAM.RIOS@PROVEDOR.COM.BR,18.0,masc,Ribeirão Preto,SÃO PAULO,01/09/2023,5079,7,1812,5.0
CUST002215,lunna novais,lunna.novais@provedor.com.br,36.0,fem,Florianópolis,santa catarina,2024/05/16,"R$ 1.963,00",8,1805,3.9
CUST003199,THALES MELO,thales. melo@email.com,41.0,MASCULINO,Maringá,Paraná,2022-04-09,"R$ 4.829,00",11,"R$ 4.335,00",2.4
CUST001323,Dr. Daniel Leão,dr..daniel.leao@mail.com,29.0,Masculino,Sorocaba,São Paulo,03/07/2024,4667,10,3.923,3.4
CUST004035,Anthony Carvalho,anthony.carvalho@mail.com,39.0,MASCULINO,Ribeirão Preto,SÃO PAULO,23/01/2024,4019,688,"R$ 2.604,00",4.9
CUST002816,Clara Campos, clara.campos@email.com ,32.0,Feminino,,sp,2024/03/29,"R$ 2.403,00",8,1217,4.0
CUST002714,João Lucas Ribeiro,JOAO.LUCAS.RIBEIRO@EMAIL.COM,53.0,N/I,Niterói,RJ,01-11-2022,3.888,6,"R$ 1.333,00",4.3
CUST000870,LUCAS GABRIEL DA ROSA, lucas.gabriel.da.rosa@correio.net ,66.0,male,Duque de Caxias,RJ,12/10/2021,3758,6,1243,4.0
CUST001607,Alana Oliveira, alana.oliveira@mail.com ,37.0,F,Santos,sp,2024/12/16,3.909,6,"R$ 1.498,00",3.6
CUST002303,Dr. Renan da Luz,dr..renan.da.luz@mail.com,36.0,male,Caxias do Sul,rs,2023-10-12,7741,8,2.819,4.1
CUST003248,MARIA ISIS CORREIA,maria.isis.correia@correio.net,42.0,FEMININO,Petrópolis,Rio de Janeiro,2024/02/03,"R$ 5.486,00",6,713,3.7
CUST005051,Valentina Peixoto, valentina.peixoto@provedor.com.br ,47.0,Feminino,Contagem,Minas Gerais,2022/08/20,3610,5,1.262,4.6
CUST003399,José Sales,jose.sales@correio.net,34.0,Masculino,Juiz de Fora,Minas Gerais,15/04/2023,1.305,7,"R$ 1.891,00",5.0
CUST000046,Srta. Zoe Sá,srta..zoe.sa@webmail.com,41.0,Feminino,São Paulo,sp,2024-01-31,222.493,10,"R$ 3.348,00",4.7
CUST003889,Joana Cirino,JOANA.CIRINO@MAIL.COM,18.0,fem,Florianópolis,santa catarina,12-12-2023,"R$ 3.762,00",8,2.301,4.5
CUST000334,Yuri Jesus,YURI.JESUS@EMAIL.COM,27.0,Masc,Várzea Grande,mt,28-02-2024,"R$ 3.249,00",5,"R$ 1.177,00",4.3
CUST001754,José Miguel Nascimento, jose.miguel.nascimento@correio.net ,34.0,Masculino,Rio de Janeiro,Rio de Janeiro,2024-04-29,4552,10,"R$ 2.188,00",5.0
CUST001225,Sra. Pietra Nogueira, sra..pietra.nogueira@mail.com ,26.0,fem,Santos,São Paulo,13-04-2025,3.252,8,"R$ 1.889,00",4.8
CUST000728,LIAM CASTRO,LIAM.CASTRO@EMAIL.COM,27.0,M,Blumenau,Santa Catarina,2024-07-15,"R$ 2.853,00",7,"R$ 1.846,00",3.8
CUST004576,MATHEUS FARIAS,matheus.farias@correio.net,27.0,Masculino,Campinas,São Paulo,2022-06-20,"R$ 4.962,00",5,2.059,3.9
CUST002191,João Miguel Oliveira,JOAO.MIGUEL.OLIVEIRA@PROVEDOR.COM.BR,24.0,MASCULINO,Vitória da Conquista,BA ,05/01/2025,1.888,14,4025,4.5
CUST002072,SAMUEL SALES,samuel.sales@email.com,27.0,Masc,,RS,22-10-2023,7.317,8,2051,3.7
CUST003231,Heloísa Silveira, heloisa.silveira@mail.com ,40.0,FEMININO,Recife,PE,01/04/2024,"R$ 4.615,00",7,1971,4.1
CUST001856,dr. rhavi da rosa,dr. .rhavi.da.rosa@provedor.com.br,,Masc,Ananindeua,Para,01/09/2022,,10,1.026,5.0
CUST003098,Sr. Benício Pastor,sr..benicio.pastor@mail.com,55.0,M,Sorocaba,SÃO PAULO,2025-02-09,"R$ 4.625,00",1,243,4.3
CUST000964,maria laura farias,maria. laura.farias@webmail.com,33.0,Feminino,Sorocaba,sp,01/08/2023,"R$ 5.377,00",4,1309,
CUST002571,DAVI MIGUEL MOREIRA,DAVI.MIGUEL.MOREIRA@MAIL.COM,40.0,masc,Maringá,Parana,27-03-2025,2.514,6,"R$ 1.883,00",3.7
CUST002573,Maria Sophia Fernandes, maria.sophia.fernandes@mail.com ,42.0,Fem,Petrópolis,Rio De Janeiro,17/06/2024,"R$ 1.901,00",6,"R$ 1.063,00",4.7
CUST002389,Antony Mendonça,antony.mendonca@provedor.com.br,44.0,M,Duque de Caxias,rio de janeiro,2024-05-26,3.872,7,2.393,3.5
CUST000233,Apollo das Neves, apollo.das.neves@correio.net ,30.0,M,Cuiabá,mato grosso,05-07-2025,2.771,8,1.358,4.2
CUST003045,Luna da Luz, luna.da.luz@provedor.com.br ,46.0,N/I,Sobral,Ceará,22/12/2024,4287,9,2420,3.2
CUST001302,Pedro Lucas Martins, pedro.lucas.martins@mail.com ,28.0,Não binário,Brasília,Distrito Federal,2022-12-16,"R$ 1.017,00",7,"R$ 2.040,00",4.0
CUST001090,Sra. Isabel Lima,SRA..ISABEL.LIMA@CORREIO.NET,50.0,FEMININO,Duque de Caxias,RJ,05-07-2023,"R$ 376.636,00",10,"R$ 3.937,00",3.5
CUST002969,josé pedro da costa,jose. pedro.da.costa@email.com,49.0,Masc,Duque de Caxias,RJ,24-03-2023,9.575,7,"R$ 2.880,00",3.0
CUST001551,Srta. Laís Machado,srta..lais.machado@mail.com,34.0,F,São Paulo,Sao Paulo,09/12/2022,7.014,10,2.904,3.5
CUST000077,Olívia da Cruz,OLIVIA.DA.CRUZ@CORREIO.NET,42.0,fem,Brasília,distrito federal,2022-06-07,"R$ 4.146,00",7,1.803,5.0
CUST004737,Lunna da Rosa,lunna.da.rosa@webmail.com,,female,Manaus,amazonas,2022/06/15,1838,7,1.623,
CUST000234,Maria Flor Gonçalves,maria. flor.goncalves@email.com,35.0,FEMININO,Salvador,bahia,2023/09/07,1.507,8,"R$ 1.986,00",
CUST001429,Benicio Ribeiro,benicio.ribeiro@correio.net,49.0,MASCULINO,Feira de Santana,Bahia,21/08/2023,3595,803,2418,4.6
CUST004453,RYAN CIRINO,RYAN.CIRINO@MAIL.COM,41.0,Masculino,Vitória da Conquista,BA,2021-10-30,"R$ 2.812,00",7,1079,5.0
CUST000257,SAMUEL NOVAIS,SAMUEL.NOVAIS@MAIL.COM,51.0,Masculino,Sorocaba,Sao Paulo,2024/02/05,4139,6,1.191,5.0
CUST002814,Ana Cecília Macedo,ana.cecilia.macedo@webmail.com,38.0,Fem,Várzea Grande,MT,2023-05-28,"R$ 1.888,00",7,1840,3.6
CUST002227,Leandro Guerra,leandro.guerra@correio.net,44.0,N/I,,GO,2023/11/03,,4,715,4.1
CUST003368,marina teixeira,MARINA.TEIXEIRA@PROVEDOR.COM.BR,33.0,female,Pelotas,Rio Grande do Sul,2024-02-20,"R$ 8.434,00",6,"R$ 2.001,00",3.9
CUST001257,ERICK GARCIA,erick.garcia@webmail.com,58.0,Masculino,Olinda,PE ,2023/12/09,4.565,9,"R$ 2.975,00",4.5
CUST000155,João Andrade, joao.andrade@mail.com ,42.0,MASCULINO,,AM,2024/12/29,,472,3.280,3.8
CUST004716,Thiago Gomes,thiago.gomes@correio.net,25.0,masc,Blumenau,Santa Catarina,2024/04/26,"R$ 2.301,00",7,1939,4.5
CUST004638,ESTHER SOUZA,esther.souza@correio.net,24.0,prefer not to say,,Rio de Janeiro,2024/02/23,3.725,9,2.736,3.2
CUST004056,Ana Vitória Monteiro,ana. vitoria.monteiro@mail.com,30.0,fem,Campinas,sp,17/08/2024,2709,407,"R$ 3.029,00",4.8
CUST001097,SRTA. PIETRA BARBOSA, srta..pietra.barbosa@correio.net ,33.0,Feminino,Vitória da Conquista,BA,22-06-2024,"R$ 3.094,00",7,"R$ 2.037,00",3.8
CUST003427,João Felipe Mendonça,joao.felipe.mendonca@correio.net,47.0,masc,Ananindeua,Para,2024-10-09,3.502,6,2.631,3.4
CUST001395,Bárbara Rodrigues,barbara.rodrigues@provedor.com.br,45.0,FEMININO,Anápolis,Goias,2024/07/11,4916,6,"R$ 1.844,00",3.5
CUST001368,dr. cauã abreu,DR..CAUA.ABREU@PROVEDOR.COM.BR,44.0,Masc,Salvador,BA,21-04-2023,4101,4,"R$ 1.068,00",3.7
CUST001995,Fernanda Novais, fernanda.novais@mail.com ,40.0,female,Caruaru,Pernambuco,23/03/2023,"R$ 3.517,00",6,804,3.6
CUST002562,Júlia Fonseca,julia.fonseca@provedor.com.br,28.0,Fem,Duque de Caxias,Rio de Janeiro,2023-07-04,"R$ 2.199,00",10,2.306,3.4
CUST004673,thiago caldeira,thiago.caldeira@provedor.com.br,40.0,male,Duque de Caxias,RJ,19/03/2025,4.565,13,3.742,4.1
CUST004127,Dra. Ísis Machado,dra..isis.machado@webmail.com,50.0,FEMININO,Cuiabá,mt,2023/09/01,"R$ 2.603,00",4,1056,3.9
CUST000387,Laís Almeida,lais.almeida@correio.net,18.0,Feminino,Londrina,Parana,2022-01-18,,8,"R$ 1.470,00",4.0
CUST000912,Ana Beatriz Borges,ana.beatriz.borges@email.com,29.0,Fem,,Sao Paulo,2024/08/16,1801,7,"R$ 1.242,00",2.4
CUST002953,Stephany da Rocha,stephany. da.rocha@webmail.com,55.0,female,Sobral,CE,2023-09-26,259515,8,2.601,5.0
CUST001375,stella teixeira, stella.teixeira@correio.net ,42.0,fem,Olinda,pernambuco,30/06/2025,5.346,9,3215,4.4
CUST001406,Caroline Pimenta,caroline.pimenta@provedor.com.br,24.0,Feminino,Londrina,pr,02/05/2025,"R$ 2.018,00",6,"R$ 1.750,00",5.0
CUST003811,Breno Sales,breno.sales@provedor.com.br,52.0,Masculino,,bahia,2022-09-13,3.281,7,"R$ 1.380,00",3.9
CUST001469,PEDRO LUCAS CIRINO,pedro. lucas.cirino@provedor.com.br,53.0,Masculino,Parintins,Amazonas,26/01/2022,"R$ 2.425,00",5,965,3.5
CUST000780,Valentina Monteiro,valentina.monteiro@mail.com,34.0,outro,Rio de Janeiro,RJ,04/08/2025,3.768,4,"R$ 880,00",
CUST001489,melissa dias,melissa.dias@correio.net,29.0,Fem,Sorocaba,São Paulo,2022/12/20,1170,8,"R$ 1.415,00",
CUST002730,Nicolas da Cunha,NICOLAS.DA.CUNHA@CORREIO.NET,68.0,male,Juiz de Fora,MG,04-06-2024,2580,11,2391,5.0
CUST003151,Stella Pastor,stella.pastor@mail.com,41.0,female,Porto Alegre,rio grande do sul,27-10-2022,,7,2185,4.3
CUST001154,Augusto Melo, augusto.melo@webmail.com ,32.0,M,Londrina,Paraná,2024-03-27,"R$ 4.971,00",14,3485,2.9
CUST000977,Gustavo Henrique Macedo,gustavo.henrique.macedo@webmail.com,52.0,MASCULINO,São Paulo,SP,23/08/2022,2920,9,1054,4.1
CUST002483,Gustavo Moreira,gustavo. moreira@email.com,46.0,Masculino,Petrópolis,Rio De Janeiro,2022/09/22,3.475,9,1678,4.7
CUST002813,pedro henrique camargo, pedro.henrique.camargo@webmail.com ,33.0,Masculino,Juiz de Fora,Minas Gerais,11-06-2024,2.827,6,"R$ 1.048,00",4.5
CUST002223,Srta. Emanuella Ribeiro, srta..emanuella.ribeiro@correio.net ,36.0,Fem,Salvador,bahia,2024/11/03,"R$ 4.480,00",4,1.182,3.4
CUST000002,Sra. Isabelly Câmara,sra..isabelly.camara@mail.com,18.0,FEMININO,Rio de Janeiro,rio de janeiro,26/11/2021,2058,6,2.248,4.3
CUST001566,luiz fernando câmara, luiz.fernando.camara@email.com ,49.0,Masculino,Niterói,Rio de Janeiro,2024/11/23,3.404,8,"R$ 2.876,00",3.6
CUST004284,Maria Eduarda Fogaça,maria.eduarda.fogaca@provedor.com.br,60.0,N/I,Pelotas,Rio Grande do Sul,2021/09/22,"R$ 6.343,00",10,"R$ 123.187,00",3.7
CUST002011,Daniel das Neves,daniel.das.neves@correio.net,35.0,Masculino,Sorocaba,sp,12-11-2023,3082,8,1.171,2.5
CUST003881,BENTO FONSECA,BENTO.FONSECA@WEBMAIL.COM,53.0,male,Anápolis,Goias,2024-05-28,4.362,7,1910,4.6
CUST004818,Gustavo Oliveira,gustavo.oliveira@correio.net,41.0,masc,Brasília,Distrito Federal,2024/04/20,4.374,4,1.183,3.3
CUST004740,isadora cavalcanti,ISADORA.CAVALCANTI@EMAIL.COM,62.0,Feminino,Caruaru,PE,25/11/2023,7.566,8,2.765,4.1
CUST001709,Yago Jesus,yago.jesus@webmail.com,,M,Rio de Janeiro,RJ,2024-01-30,,8,1168,4.2
CUST002672,Otto da Mata, otto.da.mata@webmail.com ,33.0,Masculino,Duque de Caxias,Rio De Janeiro,2024/03/21,2.345,4,1.406,4.5
CUST002188,Sophie Caldeira,sophie. caldeira@correio.net,35.0,Feminino,Santos,SÃO PAULO,25/03/2023,"R$ 1.819,00",8,1.886,4.0
CUST000996,Dra. Sarah Cassiano,DRA..SARAH.CASSIANO@WEBMAIL.COM,28.0,female,Santos,Sao Paulo,13/02/2023,1870,4,880,4.2
CUST004216,Dra. Maitê Marques,DRA..MAITE.MARQUES@PROVEDOR.COM.BR,34.0,FEMININO,Recife,pernambuco,06/03/2024,3.589,8,"R$ 547,00",3.9
CUST001782,Davi Lucas Aragão,davi.lucas.aragao@email.com,61.0,Masc,,SP,2025/01/08,2.280,12,2568,2.9
CUST003396,Dr. Miguel Santos,dr..miguel.santos@email.com,31.0,M,Duque de Caxias,RJ ,2023-02-21,,10,"R$ 1.913,00",3.8
CUST000410,Srta. Olivia Alves,srta..olivia.alves@correio.net,43.0,FEMININO,Brasília,distrito federal,2022/01/30,4.165,7,1.602,4.4
CUST000804,Dr. Vitor Gabriel Rios,DR..VITOR.GABRIEL.RIOS@EMAIL.COM,56.0,masc,Sorocaba,SÃO PAULO,2024-11-06,"R$ 4.056,00",5,1474,3.9
CUST003747,Cecília Abreu, cecilia.abreu@provedor.com.br ,18.0,FEMININO,Rio Verde,GO,12-12-2021,"R$ 4.058,00",8,1.786,3.8
CUST005006,lara pereira, lara.pereira@provedor.com.br ,45.0,Feminino,Contagem,minas gerais,2024-04-24,4.418,9,"R$ 1.490,00",4.2
CUST000856,MARIA LUÍSA CASSIANO, maria.luisa.cassiano@mail.com ,46.0,Fem,Manaus,Amazonas,23-03-2025,2.595,3,617,2.8
CUST002691,MARINA RIBEIRO,marina.ribeiro@correio.net,28.0,Fem,Duque de Caxias,RJ ,03-02-2025,8091,7,2.166,3.4
CUST003331,DR. DAVI LUIZ FARIAS,dr..davi.luiz.farias@provedor.com.br,42.0,M,Feira de Santana,Bahia,2025/10/17,171.489,6,"R$ 838,00",3.8
CUST001637,Ana Vitória Siqueira, ana.vitoria.siqueira@mail.com ,18.0,FEMININO,Cuiabá,mt,06-09-2024,"R$ 3.920,00",15,1.829,3.6
CUST002464,Ana Cecília Fonseca,ANA.CECILIA.FONSECA@WEBMAIL.COM,24.0,fem,Brasília,Distrito Federal,23/06/2022,1636,2,418,3.8
CUST003364,júlia viana,JULIA.VIANA@EMAIL.COM,,Feminino,Vitória da Conquista,BA ,11-01-2024,,6,1.711,5.0
CUST000212,Maria Julia Fernandes,maria.julia.fernandes@mail.com,46.0,female,Ribeirão Preto,sp,19/12/2024,3076,9,"R$ 2.582,00",4.5
CUST003314,Ana Luiza Câmara,ana.luiza.camara@provedor.com.br,18.0,Fem,,go,26-06-2021,,3,762,
CUST000584,Davi Miguel Andrade,davi.miguel.andrade@correio.net,37.0,Masc,Juiz de Fora,mg,01-02-2023,2126,10,"R$ 2.299,00",3.7
CUST002041,Srta. Aurora Siqueira,srta..aurora.siqueira@mail.com,,F,Londrina,pr,2025-07-04,2.417,8,1918,3.9
CUST001970,Josué da Conceição, josue.da.conceicao@webmail.com ,61.0,Masc,Vitória,Espirito Santo,30/03/2024,4.340,6,881,3.8
CUST000533,SR. RAEL OLIVEIRA, sr..rael.oliveira@email.com ,21.0,M,Parintins,AM,2023-10-14,6152,11,"R$ 2.858,00",3.3
CUST000256,Isabella Silveira,isabella.silveira@correio.net,32.0,Feminino,Duque de Caxias,Rio De Janeiro,16-12-2022,4.778,10,"R$ 3.578,00",4.6
CUST002261,Sara Siqueira,sara. siqueira@correio.net,51.0,FEMININO,Campinas,Sao Paulo,07-10-2022,"R$ 6.501,00",8,2.605,
CUST000516,luiz fernando ferreira, luiz.fernando.ferreira@webmail.com ,34.0,MASCULINO,Caxias do Sul,rs,24/04/2025,"R$ 4.998,00",7,"R$ 1.800,00",3.0
CUST004222,luna pastor,luna.pastor@correio.net,18.0,Feminino,Santos,SP,16-05-2024,"R$ 3.950,00",6,923,4.5
CUST002847,Maria Eduarda Pimenta, maria.eduarda.pimenta@email.com ,24.0,FEMININO,Caxias do Sul,Rio Grande do Sul,13/11/2024,4.761,8,"R$ 2.552,00",2.9
CUST002580,Luana Sales,luana.sales@webmail.com,51.0,Feminino,Goiânia,go,11-04-2024,7.409,7,1757,3.8
CUST000532,YURI VIEIRA,YURI.VIEIRA@PROVEDOR.COM.BR,26.0,M,Caruaru,pernambuco,2023-10-12,2.138,8,1.948,3.5
CUST001461,Juliana Siqueira,juliana.siqueira@mail.com,23.0,Feminino,Duque de Caxias,rio de janeiro,2023-12-27,2536,7,2076,4.7
CUST000327,Luiz Miguel Pinto,luiz.miguel.pinto@correio.net,27.0,male,Curitiba,Paraná,12-03-2024,"R$ 4.342,00",4,922,3.9
CUST000247,JULIANA DUARTE,juliana.duarte@email.com,43.0,Feminino,Ribeirão Preto,SP,2025/02/14,2.087,5,1558,3.6
CUST002861,Isis Fogaça,ISIS.FOGACA@EMAIL.COM,18.0,FEMININO,Sorocaba,São Paulo,20/04/2024,"R$ 2.444,00",4,923,3.1
CUST001623,Ryan Machado,ryan. machado@provedor.com.br,57.0,MASCULINO,Contagem,Minas Gerais,23/12/2021,5.005,10,"R$ 3.071,00",4.2
CUST000931,Isabel Barbosa, isabel.barbosa@email.com ,,Fem,Rio Verde,go,25-02-2021,"R$ 900,00",5,"R$ 366,00",4.2
CUST002151,Dr. Vitor Gabriel Farias,DR..VITOR.GABRIEL.FARIAS@EMAIL.COM,33.0,M,Santos,sp,2023/10/16,,1,"R$ 266,00",4.8
CUST001714,Maria Luísa Fonseca,maria.luisa.fonseca@provedor.com.br,39.0,F,Londrina,PR,2024-09-07,6.528,7,"R$ 2.675,00",5.0
CUST000070,Ian Pastor, ian.pastor@correio.net ,18.0,Masculino,Porto Alegre,rs,2024/12/10,"R$ 1.371,00",4,705,4.2
CUST000389,Benicio Pereira,benicio.pereira@webmail.com,31.0,M,Várzea Grande,MT,11-07-2025,3.351,7,"R$ 1.597,00",
CUST003631,Sr. Rhavi Rios, sr..rhavi.rios@provedor.com.br ,49.0,masc,Caxias do Sul,RS,2023-02-05,6.937,6,"R$ 2.301,00",3.8
CUST004894,Sra. Evelyn Pastor,sra..evelyn.pastor@mail.com,37.0,N/I,Rio de Janeiro,Rio De Janeiro,2022/10/09,3054,4,640,4.5
CUST003795,Oliver Cassiano, oliver.cassiano@provedor.com.br ,38.0,masc,Ribeirão Preto,São Paulo,17-11-2022,4414,8,1458,5.0
CUST000699,Calebe Aragão, calebe.aragao@mail.com ,40.0,M,Fortaleza,ce,07/04/2025,"R$ 6.410,00",5,1.846,4.1
CUST000748,Luigi Nogueira,LUIGI.NOGUEIRA@WEBMAIL.COM,32.0,Masculino,Caxias do Sul,RS,17/06/2022,"R$ 3.386,00",4,"R$ 1.066,00",4.5
CUST003844,Dr. Isaque Costela, dr..isaque.costela@correio.net ,28.0,MASCULINO,Santos,sp,30/06/2022,"R$ 2.844,00",4,"R$ 1.148,00",3.9
CUST002096,Antonella Moura, antonella.moura@provedor.com.br ,43.0,F,Santos,sp,2023/03/25,,5,"R$ 1.574,00",2.7
CUST003865,ANTHONY CASSIANO, anthony.cassiano@email.com ,75.0,male,Brasília,df,11/11/2022,4872,6,2308,4.4
CUST002764,Dra. Lunna da Paz,DRA..LUNNA.DA.PAZ@MAIL.COM,25.0,fem,Ribeirão Preto,São Paulo,03/08/2023,2.818,7,2748,4.6
CUST002237,Liz Lopes,liz.lopes@correio.net,150.0,Fem,Goiânia,GO,02/08/2023,"R$ 2.587,00",8,215.040,
CUST002686,Calebe Pastor,calebe.pastor@mail.com,51.0,Masculino,Pelotas,rio grande do sul,2022-11-13,2994,5,"R$ 1.546,00",2.8
CUST003042,Emilly Alves,emilly. alves@webmail.com,37.0,F,Sorocaba,Sao Paulo,15-04-2024,4752,10,3.485,3.5
CUST004192,camila da rosa, camila.da.rosa@email.com ,38.0,FEMININO,Cuiabá,mt,2025-05-16,"R$ 3.133,00",10,"R$ 1.640,00",3.4
CUST000228,Danilo Nunes,danilo.nunes@provedor.com.br,30.0,M,Vitória da Conquista,BA,2023/12/28,"R$ 3.848,00",8,1768,3.1
CUST001036,Luiz Henrique Albuquerque, luiz.henrique.albuquerque@webmail.com ,41.0,MASCULINO,Contagem,mg,21/04/2022,"R$ 3.505,00",4,"R$ 614,00",3.3
CUST001860,Maya Gonçalves,maya. goncalves@webmail.com,29.0,Feminino,Pelotas,rio grande do sul,04/12/2021,,8,"R$ 2.128,00",
CUST003542,VICENTE FOGAÇA,vicente. fogaca@email.com,27.0,Masculino,Fortaleza,ce,15-04-2023,3537,4,"R$ 1.073,00",4.0
CUST001096,DR. DANTE LIMA,dr..dante.lima@provedor.com.br,26.0,MASCULINO,Várzea Grande,MT,01-02-2022,,6,1666,2.9
CUST002882,Rodrigo Rezende, rodrigo.rezende@webmail.com ,32.0,masc,Maringá,Paraná,17/03/2021,2.495,5,1.250,3.3
CUST004086,Cauê Rodrigues, caue.rodrigues@email.com ,50.0,male,Feira de Santana,bahia,2024/11/29,"R$ 4.539,00",5,619,3.6
CUST001999,Aurora Camargo,AURORA.CAMARGO@PROVEDOR.COM.BR,33.0,female,Petrópolis,RJ,2025-06-07,"R$ 5.300,00",3,708,3.8
CUST003635,Sarah Silveira,sarah. silveira@correio.net,24.0,fem,,RJ,2024-03-24,2740,3,584,4.0
CUST000963,Catarina da Rosa,catarina. da.rosa@mail.com,41.0,female,Ananindeua,Para,2023/03/09,7805,4,"R$ 1.151,00",5.0
CUST000892,valentina andrade, valentina.andrade@mail.com ,47.0,F,Pelotas,Rio Grande do Sul,2024/03/15,250752,4,"R$ 871,00",4.6
CUST000190,Dr. Pedro Miguel Pimenta,DR..PEDRO.MIGUEL.PIMENTA@WEBMAIL.COM,57.0,M,Porto Alegre,RS,22-05-2024,"R$ 2.975,00",6,1105,3.2
CUST000947,SOPHIE JESUS,sophie.jesus@email.com,36.0,fem,Belém,PA,2024/10/18,2.765,5,"R$ 1.060,00",3.8
CUST001055,ISABELA COSTELA, isabela.costela@email.com ,37.0,Fem,Blumenau,sc,09/01/2024,"R$ 4.069,00",8,"R$ 1.864,00",3.9
CUST002823,Josué Vargas,JOSUE.VARGAS@MAIL.COM,,MASCULINO,Vitória da Conquista,BA,2025-10-02,3.561,6,1459,5.0
CUST000173,Luna Martins, luna.martins@email.com ,21.0,Fem,Campinas,SÃO PAULO,14-07-2022,6277,8,2043,5.0
CUST001589,Brayan Oliveira,brayan.oliveira@webmail.com,62.0,Masculino,Sobral,CE,24-02-2024,2.804,5,"R$ 1.399,00",3.9
CUST001831,sr. gustavo henrique cavalcante, sr..gustavo.henrique.cavalcante@email.com ,19.0,male,Pelotas,RS,03-02-2024,2.680,12,1690,3.6
CUST002256,DRA. MARIANA PINTO,dra..mariana.pinto@mail.com,38.0,Feminino,Niterói,Rio De Janeiro,2024/08/14,4.892,4,"R$ 1.098,00",3.5
CUST000272,Beatriz Correia,BEATRIZ.CORREIA@EMAIL.COM,30.0,F,Salvador,BA,16/03/2024,,5,1316,4.3
CUST001875,Isabel Borges,isabel.borges@provedor.com.br,37.0,Fem,Brasília,Distrito Federal,26/04/2024,4569,6,"R$ 1.616,00",4.0
CUST003902,SR. RAEL CARDOSO,sr..rael.cardoso@correio.net,,male,Cuiabá,mato grosso,14-02-2022,4594,10,2.203,4.5
CUST002831,Milena Duarte, milena.duarte@provedor.com.br ,52.0,F,Contagem,mg,2023/06/20,4.508,9,2872,3.5
CUST000715,Evelyn Fonseca,evelyn.fonseca@correio.net,34.0,prefer not to say,Parintins,am,2022/07/12,2.778,3,"R$ 939,00",4.3
CUST002409,LARISSA COSTELA,larissa. costela@correio.net,29.0,Fem,Ribeirão Preto,SÃO PAULO,20/07/2022,3.245,8,2.099,2.8
CUST003864,Sr. Joaquim Sampaio,sr..joaquim.sampaio@mail.com,39.0,MASCULINO,Niterói,Rio de Janeiro,2024-05-04,"R$ 4.230,00",5,1.236,5.0
CUST000178,Leonardo Câmara,leonardo. camara@mail.com,28.0,male,Caruaru,Pernambuco,2023/02/04,"R$ 1.378,00",9,2.512,3.5
CUST001700,Caleb Mendes,caleb.mendes@email.com,38.0,M,Manaus,Amazonas,04/07/2022,2315,8,2454,3.6
CUST001361,Dr. Théo Almeida,DR..THEO.ALMEIDA@PROVEDOR.COM.BR,44.0,M,Pelotas,RS,2024/05/23,2623,10,1.124,3.6
CUST004964,Ana Vitória Nunes,ana.vitoria.nunes@correio.net,56.0,Feminino,Sobral,Ceará,2023-10-25,"R$ 3.124,00",6,1.579,
CUST000873,Sr. Miguel da Costa,SR..MIGUEL.DA.COSTA@CORREIO.NET,,MASCULINO,,RJ ,05/06/2024,"R$ 3.018,00",11,"R$ 1.223,00",4.2
CUST002018,Dra. Allana Garcia,dra..allana.garcia@provedor.com.br,44.0,Fem,Santos,sp,2023-02-28,4.986,4,"R$ 1.294,00",3.1
CUST000929,Dra. Anna Liz Montenegro,DRA..ANNA.LIZ.MONTENEGRO@EMAIL.COM,57.0,N/I,Vitória da Conquista,bahia,2024-09-12,1.342,4,478,5.0
CUST002258,Yuri Machado,yuri.machado@webmail.com,61.0,masc,Pelotas,rio grande do sul,2021-06-21,6.839,8,1893,4.4
CUST004290,Benjamin Barbosa,benjamin.barbosa@webmail.com,53.0,masc,Parintins,am,2023-10-21,7.894,8,2723,4.6
CUST003100,IAN MOREIRA, ian.moreira@webmail.com ,49.0,M,Joinville,SC,2025-05-10,"R$ 2.616,00",4,"R$ 742,00",4.8
CUST000778,Cauê Farias,CAUE.FARIAS@WEBMAIL.COM,,male,Uberlândia,mg,05/12/2023,1330,7,1.458,5.0
CUST002053,Ana Teixeira,ANA.TEIXEIRA@EMAIL.COM,40.0,F,Várzea Grande,mt,21-04-2024,3.736,12,4.050,4.7
CUST003745,cauã nogueira,CAUA.NOGUEIRA@PROVEDOR.COM.BR,20.0,masc,Salvador,Bahia,2022/02/06,1.307,5,"R$ 896,00",4.9
CUST003584,heloísa das neves,heloisa.das.neves@provedor.com.br,40.0,FEMININO,Petrópolis,Rio De Janeiro,09/06/2025,"R$ 3.904,00",6,2409,3.4
CUST002643,Theo Mendonça,theo.mendonca@mail.com,40.0,Masc,Pelotas,RS,2024-11-04,"R$ 1.500,00",7,1107,3.8
CUST000477,DR. ARTHUR CIRINO,dr..arthur.cirino@provedor.com.br,32.0,Masculino,Parintins,AM,2024/01/30,"R$ 8.152,00",10,"R$ 3.365,00",
CUST001070,Caleb Guerra,CALEB.GUERRA@PROVEDOR.COM.BR,32.0,male,Pelotas,RS,20-03-2022,3.511,7,"R$ 1.758,00",3.6
CUST003010,luana nunes,luana.nunes@provedor.com.br,30.0,F,Belo Horizonte,mg,09-10-2023,2.205,3,613,
CUST000787,SR. ERICK PIMENTA,sr..erick.pimenta@provedor.com.br,30.0,M,Várzea Grande,mt,19-05-2024,3.302,5,"R$ 1.076,00",3.6
CUST003765,Pietro Silveira, pietro.silveira@email.com ,49.0,M,Cuiabá,MT,2024/09/28,"R$ 3.109,00",4,947,3.6
CUST001328,Julia Gomes,julia.gomes@mail.com,55.0,female,Contagem,MG,13-03-2024,4.139,5,1.625,4.2
CUST002942,Sr. Dom Sá,sr..dom.sa@correio.net,37.0,M,Ananindeua,PA,04/11/2023,"R$ 2.113,00",7,"R$ 1.485,00",2.2
CUST003413,heitor cirino,heitor. cirino@correio.net,24.0,Masculino,Juiz de Fora,MG,2023-11-19,3151,6,655,4.2
CUST000565,sra. isabel nascimento,sra. .isabel.nascimento@correio.net,58.0,fem,Campinas,sp,12-04-2025,6.215,8,2604,
CUST002270,Vicente Pimenta,vicente.pimenta@provedor.com.br,18.0,M,Rio de Janeiro,rio de janeiro,04/03/2024,1.511,1,"R$ 266,00",5.0
CUST004386,Sr. Luiz Miguel Rezende, sr..luiz.miguel.rezende@correio.net ,46.0,prefer not to say,Londrina,Paraná,2025-02-02,7420,3,1.181,4.9
CUST003021,caio cavalcante,caio.cavalcante@correio.net,35.0,outro,Duque de Caxias,Rio De Janeiro,14-01-2023,"R$ 3.055,00",8,"R$ 2.280,00",3.7
CUST004489,sra. maria vargas,sra. .maria.vargas@mail.com,36.0,female,Pelotas,Rio Grande do Sul,03/09/2023,1683,7,888,4.1
CUST002830,Sra. Alana Farias,sra..alana.farias@provedor.com.br,42.0,female,Vila Velha,Espirito Santo,2024/02/02,2.799,4,633,4.1
CUST004053,Bryan Fogaça,BRYAN.FOGACA@EMAIL.COM,41.0,Masculino,Duque de Caxias,RJ ,03/09/2023,"R$ 5.179,00",8,"R$ 2.387,00",4.0
CUST003770,Maria Dias,maria. dias@webmail.com,35.0,fem,Santos,SP,19-01-2024,,6,"R$ 1.382,00",3.9
CUST004490,Ana Luiza Rezende,ana.luiza.rezende@webmail.com,25.0,female,São Paulo,Sao Paulo,2023/05/20,"R$ 6.750,00",9,2570,3.0
CUST003390,LUIZ MIGUEL PIRES, luiz.miguel.pires@mail.com ,25.0,MASCULINO,Rio Verde,Goias,23-11-2023,1876,4,"R$ 1.153,00",1.9
CUST001835,Vinicius Teixeira, vinicius.teixeira@email.com ,19.0,Masc,Londrina,Parana,2024/02/22,1.911,7,2.451,4.1
CUST000805,Isadora Rodrigues,ISADORA.RODRIGUES@MAIL.COM,60.0,Fem,Feira de Santana,BA ,26/11/2023,1915,4,692,3.1
CUST004967,Ravi Lucca Pimenta,ravi.lucca.pimenta@webmail.com,63.0,M,Maringá,Parana,2022/12/26,4541,3,"R$ 740,00",3.7
CUST004708,Otávio Cassiano,otavio. cassiano@provedor.com.br,40.0,Masc,Porto Alegre,rs,2022/10/15,"R$ 2.853,00",6,1229,3.1
CUST004052,Julia Vargas,julia.vargas@email.com,28.0,F,Feira de Santana,BA ,09-08-2024,"R$ 3.125,00",12,1749,5.0
CUST004172,Yago Nunes,yago.nunes@correio.net,56.0,M,Joinville,sc,27/03/2022,3.916,4,"R$ 843,00",2.9
CUST003277,maria vitória da cruz, maria.vitoria.da.cruz@webmail.com ,24.0,female,Rio Verde,Goiás,2024-07-31,,8,1203,3.7
CUST002671,Otávio Nunes,otavio. nunes@email.com,35.0,Masc,Caxias do Sul,RS,07/12/2022,"R$ 1.682,00",6,"R$ 1.006,00",3.5
CUST000417,zoe carvalho,zoe.carvalho@email.com,27.0,Fem,Niterói,rio de janeiro,2024/07/25,4.470,3,"R$ 814,00",2.1
CUST002173,Valentim Rocha, valentim.rocha@mail.com ,46.0,M,Uberlândia,mg,2023/12/03,6773,4,1.269,5.0
CUST002625,Miguel Guerra,miguel.guerra@correio.net,19.0,male,Joinville,sc,2024/06/25,7223,5,2.036,5.0
CUST002019,Vinicius Aparecida, vinicius.aparecida@email.com ,29.0,MASCULINO,Contagem,MG,2024-05-25,"R$ 3.488,00",3,"R$ 1.017,00",4.5
CUST003110,luara abreu,luara.abreu@webmail.com,25.0,FEMININO,Ribeirão Preto,SÃO PAULO,2024/02/07,5601,8,"R$ 1.901,00",4.4
CUST004656,BRUNA MOREIRA, bruna.moreira@email.com ,26.0,FEMININO,Santos,Sao Paulo,2022-11-07,2012,7,"R$ 1.199,00",4.5
CUST001967,Daniela Brito,DANIELA.BRITO@PROVEDOR.COM.BR,18.0,FEMININO,Juiz de Fora,minas gerais,13/01/2025,"R$ 3.193,00",3,779,5.0
CUST002544,Mateus da Rocha, mateus.da.rocha@mail.com ,41.0,MASCULINO,,Distrito Federal,2022/09/07,4398,6,1754,2.2
CUST004448,Liam Correia,LIAM.CORREIA@EMAIL.COM,37.0,MASCULINO,Rio de Janeiro,RJ ,2024/10/04,7659,8,1.712,4.1
CUST000615,asafe dias, asafe.dias@mail.com ,31.0,Outro,Santos,SP,18-06-2024,4031,5,1.489,5.0
CUST004554,Gabrielly Pimenta, gabrielly.pimenta@provedor.com.br ,42.0,female,Sobral,CE,10-02-2025,5.568,9,2542,2.4
CUST000956,Liz da Mata,LIZ.DA.MATA@MAIL.COM,52.0,female,São Paulo,Sao Paulo,2025/02/06,3832,7,"R$ 2.229,00",
CUST000084,Evelyn Correia,evelyn.correia@mail.com,18.0,FEMININO,Juazeiro do Norte,Ceará,21/03/2024,1696,7,"R$ 812,00",3.5
CUST001068,João Felipe Pires,joao. felipe.pires@webmail.com,29.0,male,Londrina,pr,2024-12-13,2683,5,971,4.8
CUST000958,pedro henrique da mota, pedro.henrique.da.mota@provedor.com.br ,44.0,masc,Manaus,am,2024-05-07,2758,4,1.089,3.4
CUST002536,Caio Casa Grande,CAIO.CASA.GRANDE@EMAIL.COM,38.0,MASCULINO,Vitória da Conquista,BA,16/01/2024,,6,"R$ 863,00",3.6
CUST002729,HEITOR DA MOTA,HEITOR.DA.MOTA@WEBMAIL.COM,44.0,MASCULINO,Campinas,Sao Paulo,2024-02-09,"R$ 2.641,00",0,"R$ 0,00",3.9
CUST003969,Breno Costela, breno.costela@provedor.com.br ,34.0,male,Várzea Grande,MT,2023-11-12,"R$ 3.191,00",9,1.664,4.5
CUST001826,Sra. Júlia Macedo,sra..julia.macedo@mail.com,31.0,fem,Duque de Caxias,Rio De Janeiro,09/01/2022,"R$ 1.078,00",5,639,4.3
CUST004530,Vicente Silveira, vicente.silveira@provedor.com.br ,38.0,Masc,Goiânia,Goias,29/10/2022,"R$ 2.405,00",6,"R$ 1.284,00",4.8
CUST003725,joão miguel almeida,joao.miguel.almeida@provedor.com.br,41.0,M,Niterói,RJ,17-04-2024,3.293,5,119.306,3.9
CUST001658,Ana Clara Aparecida,ana.clara.aparecida@provedor.com.br,38.0,Feminino,Pelotas,rs,2024-06-03,2251,3,"R$ 389,00",4.6
CUST003310,guilherme da cruz, guilherme.da.cruz@mail.com ,38.0,male,Recife,PE,20-06-2021,"R$ 3.367,00",7,"R$ 2.634,00",3.5
CUST001890,Luana Duarte,luana.duarte@email.com,30.0,Outro,Porto Alegre,Rio Grande do Sul,09-01-2022,"R$ 4.797,00",9,1.749,5.0
CUST003191,Davi Lucas Moraes,davi.lucas.moraes@email.com,39.0,Masculino,Londrina,Paraná,04/07/2024,2.733,5,"R$ 1.625,00",4.2
CUST002957,Vitória Pimenta,VITORIA.PIMENTA@WEBMAIL.COM,60.0,Fem,Juiz de Fora,Minas Gerais,2025/02/06,"R$ 3.714,00",12,2.937,2.8
CUST004728,Rafael Lopes,rafael.lopes@correio.net,47.0,male,Porto Alegre,rio grande do sul,22-11-2021,4.350,9,"R$ 2.760,00",3.7
CUST003688,caroline da rocha,caroline.da.rocha@provedor.com.br,39.0,F,Sorocaba,São Paulo,2023-04-29,"R$ 6.480,00",5,1782,2.9
CUST003831,dra. aylla farias, dra..aylla.farias@email.com ,150.0,FEMININO,Ribeirão Preto,São Paulo,2023-09-28,"R$ 2.247,00",5,696,4.6
CUST004354,Sra. Ágatha Silva,sra..agatha.silva@provedor.com.br,70.0,fem,Brasília,Distrito Federal,11-01-2025,5.758,7,"R$ 1.369,00",3.8
CUST004026,Bernardo Melo,BERNARDO.MELO@CORREIO.NET,28.0,Outro,Recife,Pernambuco,19-04-2024,"R$ 7.364,00",4,1.433,4.6
CUST001511,Raul Ribeiro,raul.ribeiro@correio.net,0.0,M,Belém,pa,2022-09-15,2.469,4,561,4.4
CUST000504,Ana Vitória Dias,ana.vitoria.dias@webmail.com,34.0,F,Salvador,Bahia,03-03-2025,"R$ 6.274,00",7,2.045,2.8
CUST003700,Dr. Yuri Campos,dr..yuri.campos@webmail.com,27.0,M,Salvador,BA,2024/11/22,3.415,687,"R$ 914,00",4.4
CUST003345,davi luiz da mota, davi.luiz.da.mota@mail.com ,28.0,MASCULINO,Florianópolis,Santa Catarina,2022-09-24,2.962,9,1804,5.0
CUST004562,gabriel costa,GABRIEL.COSTA@CORREIO.NET,45.0,masc,Rio Verde,GO,09-01-2022,3.461,4,962,4.3
CUST004435,Maria Eduarda Costela,maria.eduarda.costela@webmail.com,21.0,fem,Feira de Santana,Bahia,2023/06/29,2.159,2,398,4.4
CUST002979,Cecilia Silva, cecilia.silva@provedor.com.br ,41.0,F,Maringá,Parana,29-07-2025,,7,"R$ 1.248,00",3.2
CUST001301,Melissa Aparecida,MELISSA.APARECIDA@MAIL.COM,28.0,fem,Brasília,Distrito Federal,2022/06/04,"R$ 2.734,00",8,"R$ 1.995,00",3.3
CUST000506,Maria Vitória da Rocha,maria.vitoria.da.rocha@provedor.com.br,36.0,F,São Paulo,Sao Paulo,2024-05-08,6.555,11,3.067,4.9
CUST000442,Srta. Olívia Machado,srta..olivia.machado@webmail.com,34.0,F,Londrina,Paraná,2023-02-04,"R$ 4.358,00",6,1.334,3.5
CUST003056,Davi Lucas da Rosa, davi.lucas.da.rosa@provedor.com.br ,20.0,masc,Porto Alegre,Rio Grande do Sul,13-01-2023,2.274,5,614,2.5
CUST001600,Maria Helena Gonçalves,maria.helena.goncalves@webmail.com,42.0,prefer not to say,Curitiba,pr,22/07/2024,2423,5,1.160,4.1
CUST000840,Ana Lívia Brito,ana.livia.brito@email.com,32.0,Fem,Contagem,mg,2022/11/10,4.605,6,2.159,2.1
CUST004118,Valentim Vasconcelos,VALENTIM.VASCONCELOS@WEBMAIL.COM,38.0,Masculino,Joinville,santa catarina,25/12/2021,"R$ 3.351,00",7,"R$ 1.854,00",4.5
CUST003105,Maria Luísa da Mota, maria.luisa.da.mota@correio.net ,30.0,female,Maringá,PR,14-10-2021,2.195,7,1.062,
CUST002970,Otávio Montenegro,otavio.montenegro@correio.net,46.0,M,Pelotas,Rio Grande do Sul,30-12-2024,"R$ 2.468,00",2,"R$ 399,00",3.8
CUST002960,Pedro Miguel Sampaio,pedro.miguel.sampaio@mail.com,58.0,M,Sobral,ce,2024-10-28,9558,14,4872,4.0
CUST001818,Dr. Bruno Garcia,DR..BRUNO.GARCIA@CORREIO.NET,65.0,Masculino,Sobral,Ceara,2023/01/01,"R$ 3.391,00",10,"R$ 2.114,00",3.1
CUST000916,Maya Ramos,maya.ramos@correio.net,32.0,Fem,São Paulo,SP,2023/10/23,4273,6,2.056,3.9
CUST000736,Pietra Cavalcante,pietra. cavalcante@correio.net,27.0,Feminino,Florianópolis,santa catarina,2024/05/02,1.634,6,"R$ 937,00",3.7
CUST000108,Gustavo Rios, gustavo.rios@correio.net ,22.0,Masculino,,BA ,2024-01-23,1.064,5,843,4.3
CUST000689,Sra. Letícia Marques,SRA..LETICIA.MARQUES@CORREIO.NET,22.0,female,Contagem,mg,2024/05/27,2.180,5,1.133,3.8
CUST001678,Antônio da Cruz,antonio. da.cruz@correio.net,49.0,masc,Sobral,Ceara,2023/08/15,"R$ 3.604,00",3,983,4.5
CUST003962,BELLA CAMARGO,BELLA.CAMARGO@CORREIO.NET,39.0,prefer not to say,Feira de Santana,Bahia,11/02/2022,3.300,5,"R$ 1.197,00",3.3
CUST001163,Bernardo Martins,BERNARDO.MARTINS@MAIL.COM,60.0,male,Várzea Grande,Mato Grosso,2022/07/19,5368,10,"R$ 2.611,00",3.3
CUST003684,Dante Lopes,dante.lopes@email.com,27.0,masc,Rio Verde,GO,05-10-2024,"R$ 1.294,00",6,2.012,4.3
CUST003648,Bella Sampaio,bella.sampaio@webmail.com,18.0,F,Campinas,SÃO PAULO,2024/09/02,,4,"R$ 1.241,00",2.0
CUST002674,Liam Garcia,liam.garcia@provedor.com.br,29.0,MASCULINO,Sorocaba,Sao Paulo,2024/06/02,"R$ 2.725,00",4,"R$ 1.375,00",4.7
CUST002604,Zoe Abreu, zoe.abreu@provedor.com.br ,33.0,F,Campinas,São Paulo,2023-07-01,2.146,6,946,3.2
CUST000762,Dr. Davi Miguel Caldeira,DR..DAVI.MIGUEL.CALDEIRA@WEBMAIL.COM,,Masc,Niterói,RJ,2025/07/22,"R$ 3.244,00",9,3415,3.1
CUST004587,Isabella Novais,isabella.novais@email.com,53.0,Fem,Niterói,RJ ,2022-05-24,2.310,8,1.416,3.4
CUST000910,Isabelly Sampaio,isabelly.sampaio@email.com,44.0,Outro,,rio grande do sul,2025/02/27,"R$ 301.348,00",8,"R$ 1.369,00",
CUST005066,srta. heloísa das neves,srta..heloisa.das.neves@provedor.com.br,38.0,N/I,Londrina,PR,2022/01/03,5.472,11,3197,4.5
CUST000832,Agatha Sá,agatha. sa@correio.net,40.0,F,Goiânia,GO,2024/05/30,4.583,7,1.092,3.7
CUST004344,fernando da luz,FERNANDO.DA.LUZ@MAIL.COM,18.0,masc,Vila Velha,ES,2024/05/20,"R$ 2.714,00",4,"R$ 1.198,00",3.8
CUST002574,bella cunha, bella.cunha@email.com ,18.0,Feminino,Campinas,SÃO PAULO,2022/01/28,3.241,5,1441,3.5
CUST003233,Yuri Sá,yuri.sa@email.com,59.0,male,Niterói,RJ,2024-05-04,"R$ 3.426,00",3,"R$ 759,00",3.4
CUST004050,Samuel da Mota,samuel. da.mota@correio.net,55.0,male,Florianópolis,Santa Catarina,04-03-2023,4.373,6,1462,3.6
CUST000872,SR. RHAVI DA CRUZ,sr. .rhavi.da.cruz@email.com,22.0,masc,Juazeiro do Norte,ce,2023-09-03,3050,6,"R$ 1.471,00",4.8
CUST003732,BEATRIZ GARCIA,beatriz.garcia@mail.com,34.0,F,Juiz de Fora,MG,2023/02/22,288.510,7,"R$ 2.656,00",3.0
CUST004611,Ísis Caldeira,isis.caldeira@webmail.com,22.0,N/I,São Paulo,São Paulo,2023-08-09,"R$ 3.585,00",4,861,4.5
CUST003258,Maria Eduarda Moreira,MARIA.EDUARDA.MOREIRA@PROVEDOR.COM.BR,22.0,FEMININO,Brasília,DF,2024-09-09,"R$ 3.181,00",6,1504,3.7
CUST001099,Srta. Bella Dias,srta..bella.dias@mail.com,42.0,female,Maringá,Paraná,02/02/2024,"R$ 3.107,00",7,1.393,3.9
CUST000296,Dr. João Vitor Andrade,dr..joao.vitor.andrade@mail.com,29.0,masc,Belo Horizonte,MG,24-12-2021,4057,10,2474,4.5
CUST004263,Srta. Olivia da Luz,SRTA..OLIVIA.DA.LUZ@WEBMAIL.COM,18.0,N/I,Porto Alegre,RS,2023/02/28,4.303,10,1731,
CUST004188,Dante Moreira,DANTE.MOREIRA@CORREIO.NET,48.0,M,Brasília,Distrito Federal,2023-08-22,"R$ 8.074,00",17,5.690,3.7
CUST004062,rafael rezende,rafael.rezende@email.com,30.0,Masc,Santos,SÃO PAULO,2023/03/06,"R$ 4.221,00",10,"R$ 3.289,00",4.8
CUST002087,Milena Borges,milena.borges@provedor.com.br,54.0,FEMININO,Curitiba,pr,2024/03/13,"R$ 3.765,00",6,1.312,3.8
CUST004499,RAQUEL APARECIDA,RAQUEL.APARECIDA@CORREIO.NET,40.0,FEMININO,Ribeirão Preto,São Paulo,02-03-2023,"R$ 1.632,00",6,866,4.1
CUST003269,DIEGO MACHADO, diego.machado@correio.net ,18.0,N/I,Vila Velha,ES,2022-06-24,4331,13,"R$ 4.134,00",2.1
CUST000398,Erick Costa,erick.costa@webmail.com,55.0,male,Juiz de Fora,mg,02/02/2024,3896,9,2425,5.0
CUST000855,Liam Sampaio,liam.sampaio@email.com,34.0,Masculino,Uberlândia,Minas Gerais,2023-11-26,"R$ 1.564,00",6,1.018,4.8
CUST003541,samuel sales,samuel.sales@mail.com,35.0,Masc,Sorocaba,Sao Paulo,11-05-2024,2.655,10,"R$ 2.750,00",2.7
CUST002081,Stella Teixeira,stella.teixeira@provedor.com.br,39.0,Feminino,Pelotas,Rio Grande do Sul,17/12/2022,"R$ 2.249,00",7,1.829,3.6
CUST000019,Bernardo Aparecida,BERNARDO.APARECIDA@CORREIO.NET,32.0,Masculino,Porto Alegre,Rio Grande do Sul,20-04-2024,3.266,4,810,4.5
CUST002668,LEANDRO CAMARGO,leandro.camargo@email.com,57.0,Masc,Belém,Para,31-03-2025,5081,18,3.207,5.0
CUST003450,ravi lucca cavalcante,ravi.lucca.cavalcante@webmail.com,33.0,masc,Belém,Para,2023-11-16,1599,7,1.075,2.5
CUST003743,JULIANA PIRES,JULIANA.PIRES@MAIL.COM,46.0,Feminino,Belo Horizonte,MG,2023/11/27,6190,9,2316,3.7
CUST001253,Lorenzo Carvalho,lorenzo.carvalho@mail.com,,Masc,Vila Velha,es,2023/09/11,1.279,8,1177,4.6
CUST000196,kamilly macedo, kamilly.macedo@mail.com ,44.0,F,Manaus,amazonas,2024/01/26,4224,8,2.190,4.6
CUST003228,Maria Luiza Pacheco,maria.luiza.pacheco@webmail.com,47.0,fem,Petrópolis,rio de janeiro,09/03/2025,8341,1,318,4.6
CUST000204,GUSTAVO LEÃO,gustavo.leao@correio.net,36.0,Masc,Santos,SP,25/04/2024,3517,4,1630,3.1
CUST000293,EMANUEL DA COSTA, emanuel.da.costa@correio.net ,150.0,MASCULINO,Brasília,df,28-06-2024,"R$ 2.935,00",9,2404,4.7
CUST001346,Ana Cavalcanti,ana.cavalcanti@provedor.com.br,43.0,Outro,Caruaru,Pernambuco,09-02-2025,12.718,5,2246,3.6
CUST002162,Luara Santos,luara.santos@correio.net,39.0,female,Brasília,df,21-12-2022,"R$ 1.645,00",4,"R$ 639,00",4.4
CUST004068,Otávio Cavalcante,otavio. cavalcante@correio.net,30.0,Masculino,Londrina,Parana,2022/10/24,"R$ 4.044,00",6,1.329,4.8
CUST004359,Marcelo Rodrigues, marcelo.rodrigues@mail.com ,55.0,masc,Curitiba,Parana,07-10-2024,"R$ 3.682,00",16,3.678,4.0
CUST003079,Alana Albuquerque,ALANA.ALBUQUERQUE@WEBMAIL.COM,37.0,Fem,Florianópolis,SC,2025/02/05,10.800,12,4.654,4.7
CUST004569,Paulo Pacheco,paulo.pacheco@mail.com,26.0,Masc,Rio de Janeiro,Rio de Janeiro,2024-02-26,902,8,1.004,2.6
CUST003764,sr. liam casa grande, sr..liam.casa.grande@provedor.com.br ,35.0,masc,Juiz de Fora,MG,2023-02-27,2952,5,1003,4.3
CUST001630,DAVI LUIZ ROCHA, davi.luiz.rocha@correio.net ,35.0,Masculino,Rio de Janeiro,RJ ,2023/07/30,2468,14,"R$ 3.537,00",4.0
CUST002991,OTÁVIO MACEDO,otavio.macedo@webmail.com,60.0,M,Blumenau,sc,29/05/2024,"R$ 2.683,00",6,1349,4.7
CUST000005,Arthur Gabriel Alves,ARTHUR.GABRIEL.ALVES@EMAIL.COM,42.0,M,Goiânia,Goias,08-09-2024,1.590,5,"R$ 1.368,00",4.7
CUST000176,Srta. Antonella da Paz,srta..antonella.da.paz@mail.com,43.0,female,Florianópolis,sc,15/12/2023,3.448,7,"R$ 2.366,00",4.3
CUST000413,KEVIN REZENDE,kevin.rezende@mail.com,48.0,Masc,Londrina,PR,2023-07-01,5356,6,1309,4.2
CUST004023,Davi Lucca Guerra,davi.lucca.guerra@email.com,40.0,Masculino,Uberlândia,MG,25/08/2023,2799,13,3.520,3.6
CUST001991,João Barros,JOAO.BARROS@WEBMAIL.COM,,male,Cuiabá,MT,2023-10-09,,6,1961,4.8
CUST001431,Srta. Maria Vitória Macedo,srta. .maria.vitoria.macedo@mail.com,33.0,Fem,Niterói,Rio De Janeiro,10/01/2023,1.712,5,"R$ 1.269,00",5.0
CUST001941,Dr. Léo Vieira,dr..leo.vieira@correio.net,49.0,male,Campinas,Sao Paulo,26-10-2024,"R$ 3.310,00",11,"R$ 2.984,00",5.0
CUST002585,hellena cardoso,hellena.cardoso@mail.com,27.0,Fem,Parintins,AM,07/06/2024,2.354,5,688,2.9
CUST000024,Giovanna Rios,GIOVANNA.RIOS@CORREIO.NET,29.0,F,Petrópolis,Rio de Janeiro,2025-04-11,2582,11,2106,4.9
CUST004706,Pedro Henrique Borges,pedro.henrique.borges@correio.net,18.0,Masc,Sobral,Ceará,09-05-2024,2.848,5,1089,4.7
CUST002293,Ana Beatriz Fernandes,ANA.BEATRIZ.FERNANDES@WEBMAIL.COM,42.0,fem,Campinas,SP,2021/09/14,4662,10,2.734,3.4
CUST003918,João Miguel Ribeiro,JOAO.MIGUEL.RIBEIRO@CORREIO.NET,50.0,MASCULINO,Sorocaba,São Paulo,2023/11/09,,4,662,
CUST004334,KAMILLY FONSECA,kamilly.fonseca@webmail.com,32.0,fem,Brasília,distrito federal,26/05/2024,2.034,8,1905,4.1
CUST002075,MATEUS SILVEIRA,mateus.silveira@correio.net,56.0,Não binário,Maringá,Parana,2023-04-24,10.479,5,"R$ 1.992,00",4.0
CUST000421,Srta. Rebeca Pimenta,SRTA..REBECA.PIMENTA@PROVEDOR.COM.BR,20.0,FEMININO,Belo Horizonte,minas gerais,2024-01-31,4114,7,1.218,3.0
CUST000960,MARIA CECÍLIA DA CUNHA,maria.cecilia.da.cunha@correio.net,60.0,F,Contagem,MG,2022/12/15,2585,16,"R$ 3.908,00",4.1
CUST000603,mathias melo,mathias. melo@mail.com,45.0,masc,Rio de Janeiro,Rio de Janeiro,2022-02-15,"R$ 313.826,00",8,2.554,4.2
CUST001792,João da Costa,JOAO.DA.COSTA@EMAIL.COM,34.0,M,Caruaru,pernambuco,2023/01/13,2.304,327,1.804,3.8
CUST004326,Laura Nascimento, laura.nascimento@webmail.com ,63.0,N/I,Sorocaba,SÃO PAULO,24-09-2024,3.586,9,"R$ 3.053,00",2.4
CUST000830,Vitor Gabriel Gonçalves,vitor.gabriel.goncalves@correio.net,52.0,MASCULINO,Porto Alegre,rio grande do sul,07/12/2024,3.153,6,1.465,2.9
CUST002564,Lavínia Moura, lavinia.moura@provedor.com.br ,54.0,fem,Brasília,DF,26-10-2024,"R$ 3.148,00",3,605,3.8
CUST004962,Vitor Gabriel Mendonça,VITOR.GABRIEL.MENDONCA@PROVEDOR.COM.BR,39.0,Masc,Joinville,Santa Catarina,2022/08/03,,6,1.455,2.1
CUST000507,Nathan Almeida,nathan.almeida@webmail.com,36.0,MASCULINO,Niterói,Rio De Janeiro,2022-04-30,3372,6,1.329,5.0
CUST003437,Olívia Moraes,olivia. moraes@correio.net,53.0,Fem,Parintins,Amazonas,19-07-2025,"R$ 3.568,00",6,1242,4.3
CUST003711,sr. luiz henrique câmara, sr..luiz.henrique.camara@webmail.com ,34.0,Masculino,Porto Alegre,rs,2022/03/19,1.855,8,2.071,
CUST002529,Sra. Maria Eduarda Gomes,SRA..MARIA.EDUARDA.GOMES@WEBMAIL.COM,24.0,fem,São Paulo,SÃO PAULO,04/12/2024,"R$ 3.417,00",3,1142,3.5
CUST001577,PIETRO MENDONÇA, pietro.mendonca@mail.com ,29.0,MASCULINO,Maringá,pr,13/12/2023,"R$ 3.376,00",11,"R$ 3.197,00",
CUST000583,Lívia Vieira,livia.vieira@provedor.com.br,40.0,FEMININO,Caxias do Sul,rs,2024/08/02,2.313,9,1992,4.6
CUST002931,EDUARDA SIQUEIRA,eduarda. siqueira@correio.net,46.0,fem,Pelotas,Rio Grande do Sul,24-07-2024,3800,7,1358,3.2
CUST003563,Aurora Fonseca,aurora. fonseca@correio.net,36.0,fem,Niterói,Rio De Janeiro,2024/01/21,"R$ 2.482,00",6,1834,4.0
CUST004881,Ayla Souza,ayla.souza@provedor.com.br,33.0,F,Sorocaba,Sao Paulo,2023-11-19,4292,9,3.313,4.3
CUST002881,GABRIEL ALVES,gabriel.alves@webmail.com,29.0,N/I,Rio de Janeiro,Rio De Janeiro,2023/05/04,"R$ 2.263,00",10,1.226,3.9
CUST001227,Lorenzo Gomes,lorenzo. gomes@correio.net,31.0,MASCULINO,Juazeiro do Norte,CE,19-08-2024,"R$ 10.180,00",8,3.029,5.0
CUST000698,Milena da Cruz,milena.da.cruz@correio.net,18.0,Feminino,Juiz de Fora,Minas Gerais,2023/07/08,7984,11,"R$ 3.957,00",4.4
CUST004299,Liz Fonseca,liz.fonseca@email.com,21.0,prefer not to say,Ribeirão Preto,sp,2024/08/04,1.233,5,582,2.8
CUST003853,EMANUELLY SANTOS,emanuelly.santos@webmail.com,33.0,FEMININO,Pelotas,rio grande do sul,2024/12/08,"R$ 2.112,00",8,1491,4.4
CUST001486,sra. maria luiza da costa,SRA..MARIA.LUIZA.DA.COSTA@CORREIO.NET,39.0,fem,Sorocaba,sp,30/04/2023,"R$ 4.546,00",5,"R$ 1.298,00",3.9
CUST000455,Thiago Pereira,THIAGO.PEREIRA@EMAIL.COM,22.0,M,Sorocaba,SÃO PAULO,2021-05-28,2940,12,2.790,4.5
CUST002324,DAVI LUCCA GARCIA,DAVI.LUCCA.GARCIA@WEBMAIL.COM,32.0,male,Sorocaba,São Paulo,2023/12/17,"R$ 1.543,00",5,1.218,3.4
CUST003316,Augusto Leão,AUGUSTO.LEAO@MAIL.COM,20.0,masc,São Paulo,São Paulo,21-02-2025,1.683,4,468,5.0
CUST002130,LAURA LIMA,LAURA.LIMA@MAIL.COM,27.0,F,Juazeiro do Norte,CE,2021/10/15,5209,12,"R$ 4.020,00",4.1
CUST001677,ELISA RAMOS,elisa.ramos@correio.net,51.0,fem,Sorocaba,Sao Paulo,05/02/2023,3.342,6,1261,4.2
CUST000862,Vinícius Carvalho, vinicius.carvalho@email.com ,36.0,Masc,Caxias do Sul,rs,2024/04/28,5.075,12,"R$ 2.917,00",4.4
CUST000502,DR. BRAYAN GONÇALVES, dr..brayan.goncalves@mail.com ,30.0,M,Belém,pa,27-03-2024,3308,7,1685,3.1
CUST003706,Danilo Abreu, danilo.abreu@correio.net ,38.0,M,Santos,sp,2024/05/18,5641,11,2503,2.9
CUST002100,LÍVIA NUNES,livia.nunes@mail.com,34.0,FEMININO,Ribeirão Preto,sp,2024-07-09,"R$ 4.506,00",8,1863,4.8
CUST004870,Srta. Maria Clara Rios,srta. .maria.clara.rios@webmail.com,19.0,Feminino,Sobral,Ceara,2022-08-25,5.005,9,2.703,3.1
CUST004659,Maria Flor Ribeiro,maria.flor.ribeiro@email.com,38.0,F,Rio Verde,Goiás,07/03/2022,5.824,8,"R$ 132.204,00",4.3
CUST004221,Dra. Valentina da Luz,DRA..VALENTINA.DA.LUZ@EMAIL.COM,43.0,female,Curitiba,pr,14/01/2025,"R$ 4.755,00",6,"R$ 1.287,00",3.5
CUST004071,Isaque Almeida,ISAQUE.ALMEIDA@PROVEDOR.COM.BR,30.0,Masculino,Brasília,Distrito Federal,15-07-2024,"R$ 3.878,00",7,1.456,4.3
CUST001801,Mateus Costa,mateus.costa@provedor.com.br,45.0,Masc,Caxias do Sul,Rio Grande do Sul,2023/05/31,"R$ 2.061,00",8,1495,3.3
CUST001191,Levi Jesus, levi.jesus@mail.com ,43.0,Masc,Caruaru,PE ,17-06-2022,2655,3,621,2.8
CUST001367,Ravi Lucca da Rosa,ravi. lucca.da.rosa@correio.net,65.0,masc,Niterói,rio de janeiro,2024/11/11,4450,10,"R$ 187.255,00",3.7
CUST004330,Srta. Caroline Albuquerque,SRTA..CAROLINE.ALBUQUERQUE@CORREIO.NET,33.0,Fem,Recife,PE ,26-08-2024,3.319,7,1.385,5.0
CUST003866,João Vitor Garcia,joao.vitor.garcia@provedor.com.br,30.0,male,Blumenau,sc,04-05-2023,5228,5,2.163,4.0
CUST002307,Sr. Calebe Nascimento,sr..calebe.nascimento@email.com,39.0,masc,Florianópolis,Santa Catarina,08/10/2024,2123,5,"R$ 643,00",4.0
CUST001295,Lavínia Barros,lavinia. barros@correio.net,29.0,female,Sorocaba,São Paulo,2023-03-30,,10,3219,
CUST004537,REBECA NOGUEIRA,rebeca.nogueira@mail.com,45.0,Feminino,,GO,2025-02-19,4178,6,1623,3.6
CUST003137,Luísa Pastor,luisa.pastor@email.com,18.0,female,Joinville,Santa Catarina,25-08-2021,1238,5,361,4.2
CUST003305,Helena Macedo,helena. macedo@correio.net,26.0,FEMININO,São Paulo,São Paulo,17-05-2024,3.870,6,1555,3.6
CUST003547,davi luiz pereira,davi.luiz.pereira@email.com,28.0,Masc,Ribeirão Preto,sp,04-12-2022,,8,2641,2.9
CUST000217,Ana Julia da Luz,ANA.JULIA.DA.LUZ@WEBMAIL.COM,58.0,FEMININO,Campinas,sp,2021-09-30,"R$ 5.338,00",11,2847,3.9
CUST003621,Marcelo da Rosa,marcelo.da.rosa@provedor.com.br,52.0,MASCULINO,Ribeirão Preto,Sao Paulo,26-04-2024,2.820,826,"R$ 2.294,00",5.0
CUST003182,Benício Campos,BENICIO.CAMPOS@WEBMAIL.COM,41.0,M,Cuiabá,Mato Grosso,29-06-2023,4423,8,2.199,3.5
CUST004159,Lorena Barros, lorena.barros@provedor.com.br ,20.0,fem,Parintins,am,2023-01-30,"R$ 1.671,00",5,1.198,4.0
CUST000494,DR. AUGUSTO CÂMARA,dr. .augusto.camara@webmail.com,18.0,Masc,Santos,sp,16/04/2022,2.282,9,2415,2.5
CUST000473,Marcela Novais,MARCELA.NOVAIS@CORREIO.NET,44.0,Feminino,Contagem,minas gerais,31-01-2024,"R$ 3.318,00",7,1.996,3.1
CUST001652,Sra. Maria Alice Aparecida,sra..maria.alice.aparecida@mail.com,51.0,F,Sobral,ce,24/09/2023,7922,4,"R$ 1.369,00",3.9
CUST002358,cauê pires,CAUE.PIRES@WEBMAIL.COM,18.0,masc,Campinas,São Paulo,26-09-2022,"R$ 2.020,00",3,717,
CUST003710,Luan Araújo,luan. araujo@correio.net,36.0,Masculino,Juiz de Fora,MG,17/07/2024,"R$ 1.629,00",7,1.224,5.0
CUST001755,Isis Sales, isis.sales@email.com ,29.0,Fem,Maringá,PR,18-01-2023,"R$ 6.604,00",4,1374,3.4
CUST000997,apollo mendes,apollo. mendes@mail.com,33.0,Masculino,Porto Alegre,rs,2022-10-11,"R$ 4.679,00",6,"R$ 925,00",4.0
CUST004110,Dr. Ian Moura, dr..ian.moura@provedor.com.br ,36.0,Masculino,Ananindeua,Pará,19/03/2024,"R$ 4.651,00",7,1793,3.4
CUST004745,Isabelly Siqueira,ISABELLY.SIQUEIRA@WEBMAIL.COM,21.0,fem,Juiz de Fora,MG,09/11/2024,1607,5,904,5.0
CUST004472,Luiz Felipe Sampaio,luiz. felipe.sampaio@correio.net,24.0,masc,Parintins,amazonas,2022/08/11,1628,9,1525,4.9
CUST001861,Elisa Silva,elisa. silva@webmail.com,38.0,FEMININO,Brasília,Distrito Federal,09/12/2023,2504,6,2114,3.7
CUST002322,Helena Peixoto,helena.peixoto@mail.com,18.0,Fem,Vila Velha,ES,2024/02/28,1.395,8,1714,4.9
CUST003718,gustavo pacheco,gustavo.pacheco@provedor.com.br,28.0,M,Vitória da Conquista,Bahia,20-12-2024,"R$ 2.359,00",9,"R$ 2.702,00",3.0
CUST002356,ana cecília gomes,ana.cecilia.gomes@email.com,46.0,FEMININO,,df,2024-09-29,3.827,6,2.095,4.1
CUST000887,dra. maitê da cunha, dra..maite.da.cunha@webmail.com ,36.0,fem,São Paulo,São Paulo,29/10/2024,4.056,13,"R$ 2.165,00",4.3
CUST000397,Luan Souza, luan.souza@mail.com ,48.0,outro,Uberlândia,mg,2023/10/14,"R$ 3.011,00",7,1.449,5.0
CUST003963,Camila Caldeira,camila. caldeira@webmail.com,42.0,prefer not to say,,distrito federal,07-10-2023,1.527,5,717,4.4
CUST002802,Danilo Dias,danilo.dias@provedor.com.br,41.0,male,Curitiba,Parana,2024-10-30,"R$ 6.822,00",7,"R$ 1.622,00",4.3
CUST002217,MARIA LIZ PASTOR,maria.liz.pastor@correio.net,29.0,F,Pelotas,rio grande do sul,2023/12/01,"R$ 2.328,00",896,485,3.6
CUST000626,bruno lopes,BRUNO.LOPES@MAIL.COM,18.0,masc,Curitiba,PR,2023/11/16,"R$ 2.131,00",10,1836,3.7
CUST003837,Anna Liz Pires,anna.liz.pires@correio.net,45.0,Feminino,Porto Alegre,RS,22/03/2023,"R$ 1.434,00",7,1045,5.0
CUST002381,Ísis Carvalho,ISIS.CARVALHO@CORREIO.NET,33.0,Feminino,Ribeirão Preto,Sao Paulo,26/12/2023,1.469,4,1077,3.1
CUST004642,Noah Câmara,NOAH.CAMARA@WEBMAIL.COM,18.0,Masculino,Santos,Sao Paulo,26-09-2024,1.893,3,"R$ 730,00",
CUST000380,Yago Castro,YAGO.CASTRO@MAIL.COM,41.0,Masculino,Brasília,df,2025/04/22,"R$ 5.296,00",5,1838,4.0
CUST002860,Maria Sophia Brito,maria.sophia.brito@email.com,44.0,fem,Feira de Santana,Bahia,13/06/2023,3.063,5,1277,4.4
CUST001177,Samuel Araújo,samuel.araujo@webmail.com,26.0,male,Rio de Janeiro,RJ,2024/12/29,"R$ 2.971,00",13,884,3.9
CUST002142,João Miguel da Cunha,JOAO.MIGUEL.DA.CUNHA@PROVEDOR.COM.BR,50.0,male,Várzea Grande,mt,2024/03/25,"R$ 6.242,00",7,1.973,3.4
CUST003650,Sr. Ian Campos,sr..ian.campos@mail.com,46.0,Masc,Juazeiro do Norte,Ceará,19-10-2024,5.510,11,3.483,4.1
CUST003393,Clara da Cunha,CLARA.DA.CUNHA@CORREIO.NET,46.0,Fem,Brasília,DF,18/05/2024,4.523,10,2298,2.7
CUST003997,Ana Luiza Machado, ana.luiza.machado@mail.com ,33.0,Outro,Cuiabá,Mato Grosso,2025-10-03,1574,3,365,4.4
CUST000150,LARA AZEVEDO,lara. azevedo@webmail.com,21.0,Fem,,pernambuco,05-08-2023,2.098,5,1274,4.0
CUST003362,Josué da Rosa,josue.da.rosa@email.com,32.0,MASCULINO,Florianópolis,Santa Catarina,24/03/2023,,5,741,4.1
CUST002241,Sr. Alexandre Santos,sr..alexandre.santos@email.com,49.0,Outro,,rs,2023-03-23,9.873,7,2.739,4.3
CUST000722,Gael Henrique Pereira, gael.henrique.pereira@webmail.com ,60.0,Masc,Brasília,DF,2023/08/25,3.091,9,"R$ 1.260,00",3.2
CUST002411,rafael aparecida, rafael.aparecida@email.com ,56.0,male,Salvador,BA ,11-07-2023,2.465,7,1.701,3.5
CUST000431,GUSTAVO AZEVEDO, gustavo.azevedo@webmail.com ,,MASCULINO,Ribeirão Preto,sp,27/03/2024,3.529,6,1.024,2.3
CUST002490,Dr. Luigi Rezende,dr..luigi.rezende@mail.com,50.0,Não binário,Feira de Santana,BA ,15-08-2021,3.176,6,1.418,2.5
CUST004523,Pietro Freitas, pietro.freitas@email.com ,41.0,male,Brasília,df,13-11-2024,3856,10,3311,4.1
CUST001106,Carlos Eduardo Carvalho, carlos.eduardo.carvalho@provedor.com.br ,45.0,Masc,Sorocaba,Sao Paulo,2024/11/05,3.670,13,3.258,3.0
CUST001362,Sr. Renan Cardoso,sr..renan.cardoso@email.com,52.0,masc,Petrópolis,rio de janeiro,2024/08/19,"R$ 1.597,00",5,1084,3.5
CUST001581,Vitor Abreu,vitor.abreu@webmail.com,18.0,Masc,Pelotas,rs,2023-03-20,2473,1,290,4.6
CUST003766,Ana Lívia Camargo,ANA.LIVIA.CAMARGO@WEBMAIL.COM,55.0,Feminino,Parintins,Amazonas,2024/12/15,2.987,10,"R$ 3.067,00",4.0
CUST001052,dra. isadora da rosa,dra..isadora.da.rosa@correio.net,30.0,fem,São Paulo,São Paulo,2022/12/10,"R$ 3.958,00",10,3432,4.1
CUST003154,Fernanda Costa,fernanda.costa@email.com,24.0,Fem,Belo Horizonte,MG,2023/10/29,1827,7,1.684,3.9
CUST003033,MANUELA LOPES, manuela.lopes@mail.com ,18.0,Fem,Ananindeua,PA,25/12/2024,2.761,8,2.733,4.7
CUST001556,JADE ABREU, jade.abreu@correio.net ,27.0,FEMININO,Maringá,Paraná,11/05/2022,"R$ 1.831,00",8,1790,4.0
CUST004809,NICOLAS ALMEIDA,nicolas.almeida@provedor.com.br,49.0,masc,Rio Verde,GO,2023-10-24,3.997,9,1.723,4.2
CUST003077,Lucas Almeida,lucas.almeida@email.com,30.0,Masc,Pelotas,Rio Grande do Sul,2024/12/31,,16,1253,4.2
CUST000360,nicolas rezende,NICOLAS.REZENDE@MAIL.COM,999.0,MASCULINO,Campinas,Sao Paulo,2021-10-29,3.829,8,1386,4.6
CUST005035,DR. YURI CARDOSO,DR..YURI.CARDOSO@CORREIO.NET,25.0,Masculino,Recife,Pernambuco,2024-12-27,"R$ 3.911,00",4,"R$ 575,00",4.3
CUST001672,EMANUEL FONSECA,emanuel.fonseca@mail.com,31.0,Não binário,Ananindeua,Para,29/06/2021,2197,14,"R$ 4.033,00",5.0
CUST001973,breno silveira, breno.silveira@correio.net ,29.0,male,Manaus,AM,07/11/2023,4477,8,2.115,4.1
CUST000878,Nina Brito,nina.brito@provedor.com.br,36.0,F,Petrópolis,RJ,17/04/2025,2273,11,"R$ 2.846,00",2.7
CUST001411,Vitória Correia,vitoria.correia@provedor.com.br,42.0,fem,Anápolis,GO,11/01/2023,4.462,3,786,3.3
CUST000353,Ana Clara Dias,ana.clara.dias@webmail.com,33.0,female,Belo Horizonte,mg,2023-06-13,4001,6,1.484,4.9
CUST002568,Liz da Mata,liz.da.mata@email.com,27.0,Fem,Ananindeua,Pará,15/05/2025,4428,9,2548,4.0
CUST003189,Clarice Duarte, clarice.duarte@correio.net ,,Fem,Caxias do Sul,RS,2023/10/10,"R$ 324.895,00",8,1.077,4.1
CUST001949,Dr. Cauê Vargas,dr..caue.vargas@correio.net,53.0,masc,Caxias do Sul,rs,02-02-2024,"R$ 7.117,00",9,"R$ 3.339,00",3.8
CUST003872,Sr. Miguel Vargas,sr. .miguel.vargas@email.com,-5.0,Masc,Olinda,PE,2021/04/04,2078,3,482,4.8
CUST001358,ana julia castro,ana.julia.castro@correio.net,46.0,fem,Vitória da Conquista,bahia,2023-01-09,8.085,7,2.176,3.2
CUST000408,João Pacheco,joao.pacheco@correio.net,46.0,MASCULINO,Sorocaba,SÃO PAULO,21/12/2022,,8,1.873,3.9
CUST003881,BENTO FONSECA,BENTO.FONSECA@WEBMAIL.COM,53.0,male,Anápolis,Goias,26-01-2025,4.362,9,1910,4.6
CUST004084,kamilly moura,kamilly.moura@webmail.com,25.0,FEMININO,Niterói,Rio De Janeiro,2024-12-05,3064,6,"R$ 1.558,00",3.5
CUST004724,Mariana Nascimento, mariana.nascimento@webmail.com ,35.0,FEMININO,Belo Horizonte,Minas Gerais,2023/03/03,1.538,7,"R$ 1.455,00",
CUST002601,Ana Lívia Brito,ana.livia.brito@correio.net,56.0,fem,Ananindeua,PA,17-05-2023,5489,9,2582,3.8
CUST004212,Luiz Henrique Montenegro,LUIZ.HENRIQUE.MONTENEGRO@PROVEDOR.COM.BR,18.0,prefer not to say,Brasília,df,28-01-2025,2.782,8,1.769,
CUST001931,Ana Clara Cardoso,ana.clara.cardoso@email.com,39.0,female,Pelotas,rs,2025-03-13,4.022,9,2.104,4.2
CUST003836,Clarice Rodrigues,CLARICE.RODRIGUES@PROVEDOR.COM.BR,55.0,FEMININO,Contagem,Minas Gerais,04-07-2025,6180,8,1915,
CUST004819,Raul da Cruz,RAUL.DA.CRUZ@WEBMAIL.COM,55.0,masc,Parintins,Amazonas,2022/11/21,"R$ 2.358,00",2,618,4.4
CUST004289,Alice Silveira,alice. silveira@webmail.com,,Fem,Duque de Caxias,RJ ,2024-11-22,4.137,7,"R$ 2.685,00",3.8
CUST001416,Leandro Cavalcante,LEANDRO.CAVALCANTE@WEBMAIL.COM,41.0,Masc,Recife,PE,03/12/2022,3.883,7,2697,2.5
CUST003740,Pedro Miguel Castro,pedro.miguel.castro@email.com,24.0,Masculino,Uberlândia,minas gerais,2023/08/21,"R$ 4.296,00",10,178.030,3.8
CUST003484,Thales da Rocha,thales.da.rocha@correio.net,33.0,M,Uberlândia,mg,2023-02-07,1.971,4,1.208,4.1
CUST003843,Pedro Aparecida, pedro.aparecida@email.com ,29.0,M,São Paulo,SP,2023/05/14,4732,8,1.866,2.9
CUST001470,mateus vasconcelos,MATEUS.VASCONCELOS@MAIL.COM,33.0,male,Fortaleza,ce,2025-04-07,4.004,8,"R$ 2.911,00",5.0
CUST004776,ELOÁ ROCHA,eloa.rocha@email.com,38.0,Feminino,Sorocaba,SP,14/03/2023,3.126,7,2.459,4.7
CUST001625,daniela nunes,daniela.nunes@webmail.com,44.0,FEMININO,Santos,sp,15-09-2025,"R$ 3.242,00",11,2.020,3.3
CUST002689,GIOVANNA FERREIRA,giovanna. ferreira@email.com,18.0,Feminino,,São Paulo,16/09/2024,"R$ 1.538,00",5,715,3.4
CUST001828,eloah cirino,eloah.cirino@provedor.com.br,31.0,female,Sobral,Ceará,2025/06/09,"R$ 3.968,00",5,1266,3.5
CUST004662,Mariah Melo,mariah. melo@provedor.com.br,44.0,Feminino,Salvador,BA ,11/11/2024,4.927,5,1.616,2.8
CUST003761,João Gabriel Monteiro,joao. gabriel.monteiro@email.com,32.0,M,Duque de Caxias,rio de janeiro,10/01/2022,,7,"R$ 1.316,00",
CUST004014,dr. pedro henrique dias,dr..pedro.henrique.dias@provedor.com.br,40.0,Masculino,Santos,SP,03-01-2022,"R$ 2.417,00",7,1739,4.4
CUST004661,Sr. Luiz Henrique Albuquerque,sr..luiz.henrique.albuquerque@mail.com,53.0,Masc,Porto Alegre,Rio Grande do Sul,2024/08/28,2.461,9,"R$ 1.065,00",5.0
CUST002947,Clara Vargas,clara.vargas@email.com,18.0,fem,Ribeirão Preto,Sao Paulo,2024-04-21,2258,7,"R$ 1.428,00",5.0
CUST001271,Ana Julia Gomes,ana. julia.gomes@correio.net,21.0,female,Rio de Janeiro,Rio de Janeiro,14-12-2024,,11,3.078,
CUST003759,Clarice Rios,clarice.rios@provedor.com.br,18.0,prefer not to say,Londrina,PR,07/09/2023,"R$ 2.542,00",8,1531,3.6
CUST003814,Maria Fernanda Ramos,MARIA.FERNANDA.RAMOS@EMAIL.COM,27.0,FEMININO,Curitiba,Parana,2024/06/25,"R$ 1.365,00",5,591,3.0
CUST000278,João Miguel Melo,joao.miguel.melo@webmail.com,39.0,MASCULINO,Vitória da Conquista,BA,2024-02-04,4165,5,1503,4.8
CUST001585,Dr. Brayan Souza,dr..brayan.souza@email.com,37.0,M,Blumenau,sc,2023/04/24,"R$ 4.527,00",11,2536,3.4
CUST003746,CAUÃ MORAES, caua.moraes@email.com ,31.0,MASCULINO,Petrópolis,RJ,06-10-2021,"R$ 3.667,00",4,"R$ 704,00",2.8
CUST002361,GAEL ALVES,GAEL.ALVES@MAIL.COM,18.0,MASCULINO,Vitória da Conquista,bahia,2021/04/22,900,5,"R$ 980,00",5.0
CUST000137,Asafe Fogaça,asafe.fogaca@provedor.com.br,,Masc,Belém,Para,20/04/2022,4468,8,"R$ 2.331,00",5.0
CUST002383,Emanuella Farias, emanuella.farias@provedor.com.br ,56.0,fem,Rio de Janeiro,RJ ,02-05-2021,"R$ 4.828,00",12,"R$ 2.961,00",3.5
CUST003107,Maria Cecília Moreira,MARIA.CECILIA.MOREIRA@WEBMAIL.COM,51.0,Fem,Sorocaba,SP,29-06-2023,"R$ 3.466,00",7,1.353,3.3
CUST002260,Mariana Pereira,mariana.pereira@email.com,42.0,fem,Contagem,minas gerais,22/02/2024,1491,8,"R$ 1.793,00",4.5
CUST004098,Pietra Sousa,PIETRA.SOUSA@CORREIO.NET,39.0,FEMININO,Brasília,DF,13-10-2023,"R$ 3.842,00",6,"R$ 2.252,00",4.9
CUST000340,Joaquim Marques,JOAQUIM.MARQUES@WEBMAIL.COM,30.0,masc,Vitória da Conquista,BA ,2024-03-24,1932,9,1721,4.1
CUST005043,LIZ SALES,liz.sales@provedor.com.br,22.0,Feminino,São Paulo,SÃO PAULO,05/12/2024,1.465,5,1660,3.4
CUST003043,Sr. Kaique Gomes,sr..kaique.gomes@mail.com,22.0,Masculino,Pelotas,rio grande do sul,2022-12-21,"R$ 2.580,00",9,1484,4.4
CUST002049,Sr. Pedro Vargas,sr..pedro.vargas@email.com,46.0,MASCULINO,Goiânia,GO,04/04/2024,"R$ 3.246,00",5,988,4.2
CUST004022,DRA. ALANA MARTINS,DRA..ALANA.MARTINS@MAIL.COM,41.0,F,Santos,sp,26/11/2025,"R$ 5.894,00",9,1.810,2.5
CUST004230,maria isis sá,MARIA.ISIS.SA@PROVEDOR.COM.BR,53.0,FEMININO,Santos,SÃO PAULO,24/09/2023,2.282,12,"R$ 3.978,00",4.5
CUST004650,Gustavo Henrique Sampaio, gustavo.henrique.sampaio@webmail.com ,42.0,Masculino,Duque de Caxias,RJ ,2024-05-05,2.740,4,597,3.7
CUST004801,Emanuelly Guerra,EMANUELLY.GUERRA@PROVEDOR.COM.BR,35.0,female,Duque de Caxias,RJ ,09/10/2023,4247,9,2.491,4.1
CUST004123,Ana da Cruz,ANA.DA.CRUZ@PROVEDOR.COM.BR,43.0,FEMININO,Niterói,rio de janeiro,09-06-2023,2339,11,2.095,3.8
CUST000792,José Pedro Gomes, jose.pedro.gomes@webmail.com ,64.0,MASCULINO,Juazeiro do Norte,Ceará,2025-03-05,8.160,11,3.188,3.2
CUST001846,Rafael Pires,rafael. pires@webmail.com,55.0,Masculino,Recife,pernambuco,2023/09/27,3.686,8,2174,4.8
CUST003209,asafe martins,asafe.martins@correio.net,18.0,Masculino,Maringá,PR,2023/03/08,"R$ 1.826,00",4,"R$ 947,00",4.0
CUST001908,Luiza Novais,luiza.novais@mail.com,36.0,F,,SP,10-10-2023,5.817,4,"R$ 1.304,00",3.5
CUST001791,José Pedro Cirino, jose.pedro.cirino@provedor.com.br ,43.0,Masc,Juiz de Fora,Minas Gerais,18/10/2024,3041,11,3145,4.3
CUST001345,Dra. Maria Luiza Carvalho,dra..maria.luiza.carvalho@email.com,53.0,female,Florianópolis,Santa Catarina,28-01-2022,"R$ 4.909,00",5,1273,4.0
CUST001806,raquel da rosa,raquel.da.rosa@webmail.com,39.0,fem,Porto Alegre,rs,2023-01-11,6154,6,1748,
CUST001817,Dra. Raquel Vasconcelos,DRA..RAQUEL.VASCONCELOS@MAIL.COM,,Fem,Santos,sp,26/09/2023,"R$ 3.077,00",7,1239,5.0
CUST002907,Maria Julia Leão,maria.julia.leao@webmail.com,52.0,F,Manaus,am,05-07-2023,5031,9,"R$ 1.553,00",5.0
CUST000825,Nicolas Cirino,nicolas.cirino@email.com,47.0,Masculino,Niterói,RJ,09-01-2024,5.289,7,2833,2.8
CUST000991,Bianca Albuquerque,BIANCA.ALBUQUERQUE@EMAIL.COM,,prefer not to say,Santos,Sao Paulo,2024-10-22,2.537,6,"R$ 880,00",3.8
CUST002917,MARIA ALICE ROCHA,maria.alice.rocha@email.com,34.0,fem,Salvador,bahia,2024/12/11,3.162,9,1949,4.0
CUST000818,NICOLE ROCHA,NICOLE.ROCHA@MAIL.COM,32.0,fem,Contagem,minas gerais,2021-11-14,"R$ 3.096,00",6,"R$ 1.330,00",4.7
CUST003576,joana albuquerque,joana.albuquerque@mail.com,,Feminino,,PR,29-12-2023,3107,12,"R$ 3.427,00",3.7
CUST001575,Larissa Alves,LARISSA.ALVES@CORREIO.NET,36.0,Feminino,Belo Horizonte,Minas Gerais,2023/09/11,6.073,13,4375,3.2
CUST001018,Luiz Otávio Duarte,LUIZ.OTAVIO.DUARTE@CORREIO.NET,37.0,Não binário,Duque de Caxias,rio de janeiro,2025/05/11,2121,9,"R$ 1.669,00",4.0
CUST004285,luigi lopes,luigi.lopes@provedor.com.br,22.0,masc,São Paulo,São Paulo,05-06-2023,4.558,10,4.066,5.0
CUST002456,srta. ana sophia gomes,srta. .ana.sophia.gomes@provedor.com.br,45.0,female,Duque de Caxias,Rio de Janeiro,2023-06-29,"R$ 5.697,00",5,1627,4.3
CUST000978,Ana Lívia Vieira,ana.livia.vieira@mail.com,51.0,fem,,bahia,01-04-2023,"R$ 3.910,00",9,1797,4.1
CUST000341,DIOGO GOMES, diogo.gomes@mail.com ,36.0,masc,Juazeiro do Norte,ce,2024/02/02,5616,4,"R$ 1.459,00",2.8
CUST000332,Isaque Santos,isaque.santos@mail.com,36.0,Masculino,Ribeirão Preto,SÃO PAULO,2023/10/02,1951,4,971,4.2
CUST003662,Ana Julia Cirino,ana. julia.cirino@correio.net,30.0,fem,Duque de Caxias,rio de janeiro,22/11/2024,"R$ 1.720,00",3,"R$ 501,00",3.9
CUST002857,Laís Nunes,lais.nunes@email.com,65.0,Fem,Joinville,SC,09/05/2025,7.495,11,2.926,2.6
CUST002216,Srta. Liz Nascimento, srta..liz.nascimento@email.com ,21.0,Feminino,Juazeiro do Norte,CE,2021-03-13,2.179,8,1760,4.3
CUST004378,Stephany Macedo,stephany.macedo@email.com,23.0,Fem,Caruaru,pernambuco,21/01/2023,2.705,10,2.379,4.9
CUST000297,João Pedro Santos,joao. pedro.santos@correio.net,28.0,male,Sorocaba,SÃO PAULO,2023/07/24,3915,5,"R$ 638,00",4.1
CUST001214,Paulo Cavalcanti, paulo.cavalcanti@email.com ,28.0,Masculino,Duque de Caxias,RJ ,22/06/2021,5023,8,2.528,5.0
CUST004913,Eduardo Duarte, eduardo.duarte@correio.net ,38.0,M,Niterói,Rio De Janeiro,2024-02-16,5.524,9,"R$ 3.197,00",2.8
CUST000320,Noah Sales,noah.sales@mail.com,37.0,masc,Petrópolis,RJ ,2023-03-27,2545,6,1961,4.6
CUST004974,LAÍS ABREU, lais.abreu@mail.com ,52.0,N/I,Brasília,Distrito Federal,26/05/2024,"R$ 1.544,00",6,"R$ 724,00",3.6
CUST000831,Carolina Siqueira,carolina.siqueira@mail.com,32.0,F,Niterói,RJ,13/02/2024,5.123,7,"R$ 1.979,00",3.8
CUST000663,Maria Eduarda Martins,maria.eduarda.martins@provedor.com.br,18.0,F,Sorocaba,Sao Paulo,2025/02/26,"R$ 1.816,00",4,1.073,4.6
CUST004479,DR. NOAH GONÇALVES,dr..noah.goncalves@correio.net,40.0,male,Cuiabá,mt,14/06/2025,2272,9,1361,
CUST002615,SR. BRYAN DUARTE,sr..bryan.duarte@mail.com,21.0,Masculino,Belém,Pará,27/02/2024,"R$ 5.120,00",7,1.470,
CUST004498,Cauã Montenegro,CAUA.MONTENEGRO@EMAIL.COM,47.0,male,Curitiba,Parana,2025-01-12,3020,5,1.215,4.6
CUST003092,Igor Monteiro,igor. monteiro@mail.com,48.0,M,,rio grande do sul,2021-12-28,5.040,7,2.733,5.0
CUST000536,Rael Caldeira,rael.caldeira@email.com,44.0,Outro,Duque de Caxias,RJ,2023/03/31,"R$ 2.551,00",0,0,
CUST003086,Anthony Campos,anthony.campos@mail.com,23.0,MASCULINO,Uberlândia,Minas Gerais,2024-08-09,3.813,7,"R$ 1.725,00",5.0
CUST001588,benjamim cavalcanti,BENJAMIM.CAVALCANTI@EMAIL.COM,34.0,MASCULINO,Caxias do Sul,rio grande do sul,2024/06/27,,12,3.864,4.1
CUST000333,Luana Novaes, luana.novaes@provedor.com.br ,49.0,Fem,Porto Alegre,rs,2023/08/30,"R$ 3.212,00",10,1851,3.2
CUST000859,Kaique Santos,kaique. santos@mail.com,,masc,Salvador,Bahia,06-12-2024,"R$ 5.504,00",6,"R$ 2.192,00",5.0
CUST001264,Luísa Souza,LUISA.SOUZA@PROVEDOR.COM.BR,25.0,Feminino,Vitória da Conquista,Bahia,09/03/2025,2.549,3,729,4.4
CUST004203,Matteo Gomes,MATTEO.GOMES@EMAIL.COM,33.0,Masc,Duque de Caxias,rio de janeiro,26/05/2024,5.621,7,3.080,4.8
CUST002858,ana vitória aparecida,ANA.VITORIA.APARECIDA@CORREIO.NET,38.0,female,,minas gerais,2024-01-21,"R$ 4.761,00",8,"R$ 1.544,00",5.0
CUST001655,asafe rios,ASAFE.RIOS@WEBMAIL.COM,48.0,Masc,Belém,Pará,15-02-2023,6473,5,"R$ 1.539,00",4.1
CUST003914,Danilo Cavalcanti,danilo.cavalcanti@webmail.com,56.0,male,Sobral,ce,2025-03-15,2.758,9,2611,3.1
CUST003779,Isaac Fonseca,ISAAC.FONSECA@EMAIL.COM,58.0,masc,Olinda,pernambuco,2023-08-11,"R$ 4.124,00",9,"R$ 2.948,00",4.1
CUST003791,Ana Sophia Mendes,ana.sophia.mendes@email.com,23.0,Não binário,Brasília,DF,17/09/2024,3298,6,"R$ 1.671,00",3.7
CUST004994,Pedro Lucas Guerra,pedro.lucas.guerra@webmail.com,48.0,M,Feira de Santana,BA,21-12-2021,,6,1397,4.9
CUST004128,Erick da Luz,ERICK.DA.LUZ@WEBMAIL.COM,53.0,Masc,Santos,sp,2022-11-03,2051,3,818,3.3
CUST002569,Dr. Calebe Nascimento,dr..calebe.nascimento@webmail.com,47.0,male,Anápolis,GO,2024/08/27,,4,544,3.0
CUST000561,Eloah Silveira,eloah.silveira@provedor.com.br,23.0,fem,Campinas,sp,24/07/2024,1312,4,966,4.8
CUST005016,MELISSA COSTA,melissa.costa@provedor.com.br,27.0,Fem,Juiz de Fora,mg,2024-06-09,"R$ 5.636,00",5,2057,4.2
CUST003297,JOÃO LUCAS CASTRO,joao.lucas.castro@provedor.com.br,24.0,Masc,São Paulo,SÃO PAULO,17/09/2024,3181,10,2568,4.1
CUST000961,thales peixoto,thales.peixoto@correio.net,37.0,masc,Maringá,pr,2021/08/13,3.718,7,1926,3.7
CUST001161,BENJAMIM CAVALCANTI,BENJAMIM.CAVALCANTI@EMAIL.COM,35.0,masc,Parintins,AM,13/07/2024,3673,4,"R$ 538,00",
CUST003698,Dra. Valentina da Luz,dra..valentina.da.luz@email.com,28.0,Feminino,Maringá,pr,08/11/2024,2.637,8,"R$ 1.724,00",4.0
CUST001776,SABRINA PIMENTA,sabrina. pimenta@correio.net,43.0,Não binário,Rio de Janeiro,RJ,2024-05-04,8.612,5,"R$ 1.797,00",4.4
CUST004256,Heloisa da Rocha, heloisa.da.rocha@webmail.com ,,FEMININO,Vitória da Conquista,BA,09/05/2023,3.166,13,2956,4.5
CUST001442,Gabriela Vasconcelos,gabriela.vasconcelos@mail.com,32.0,F,Florianópolis,SC,2024/03/03,2.480,3,"R$ 830,00",4.5
CUST003726,ENRICO CAVALCANTI,enrico.cavalcanti@correio.net,42.0,Masc,São Paulo,SP,14-10-2024,,2,"R$ 617,00",4.6
CUST002016,Yan Mendes,yan.mendes@correio.net,,M,Uberlândia,Minas Gerais,13/11/2022,4.344,7,"R$ 2.258,00",3.8
CUST001332,Lucas Sales,LUCAS.SALES@WEBMAIL.COM,32.0,Masculino,Parintins,amazonas,10/04/2022,2614,2,270,4.2
CUST004382,Igor Marques,IGOR.MARQUES@MAIL.COM,35.0,MASCULINO,Ribeirão Preto,Sao Paulo,2023/12/07,"R$ 3.485,00",4,900,2.6
CUST000017,BRUNO NOVAES, bruno.novaes@correio.net ,32.0,masc,Belém,Pará,2025/01/14,"R$ 4.524,00",8,"R$ 2.192,00",3.1
CUST004125,Aurora Correia, aurora.correia@email.com ,25.0,FEMININO,Juazeiro do Norte,ce,2023-11-02,6.392,4,1175,4.0
CUST001132,Matteo Pastor,MATTEO.PASTOR@CORREIO.NET,47.0,Masculino,Juazeiro do Norte,Ceará,2025/02/19,"R$ 4.033,00",9,"R$ 2.990,00",5.0
CUST003216,Luiz Henrique Barros,luiz.henrique.barros@webmail.com,30.0,Masc,Vitória,Espirito Santo,2023-10-01,"R$ 3.598,00",11,2574,4.7
CUST003317,Bianca Duarte,bianca.duarte@correio.net,38.0,F,Feira de Santana,BA,2024/06/25,"R$ 4.695,00",9,2836,4.1
CUST000658,Dra. Emanuella Vieira,DRA..EMANUELLA.VIEIRA@WEBMAIL.COM,43.0,Feminino,Porto Alegre,rs,09/04/2023,3456,10,2180,5.0
CUST001656,Valentim Vieira,valentim.vieira@webmail.com,50.0,masc,Ribeirão Preto,sp,13-03-2023,3.238,11,"R$ 3.051,00",2.8
CUST002900,Renan Camargo, renan.camargo@provedor.com.br ,45.0,M,Santos,Sao Paulo,19/12/2023,3.451,12,"R$ 3.116,00",4.8
CUST000156,PEDRO HENRIQUE FERREIRA,pedro.henrique.ferreira@email.com,44.0,MASCULINO,Cuiabá,MT,27/12/2023,,8,2.104,4.8
CUST004408,melissa jesus, melissa.jesus@provedor.com.br ,,FEMININO,Goiânia,Goiás,2025/01/11,3.764,12,"R$ 3.140,00",3.6
CUST000393,Dra. Cecilia Pires,dra..cecilia.pires@email.com,55.0,female,Cuiabá,mato grosso,2024-08-25,1.851,10,"R$ 3.168,00",4.2
CUST001696,Clarice Pereira,clarice.pereira@provedor.com.br,42.0,female,Pelotas,rs,21/04/2025,6804,15,6546,5.0
CUST001296,Danilo das Neves,DANILO.DAS.NEVES@CORREIO.NET,26.0,male,Brasília,Distrito Federal,2024-01-10,2554,4,508,4.3
CUST002748,João Guilherme Barros,joao.guilherme.barros@webmail.com,18.0,male,Feira de Santana,bahia,2023/11/01,,9,"R$ 2.216,00",3.1
CUST001881,Matteo Barbosa,matteo.barbosa@correio.net,,Não binário,Duque de Caxias,Rio de Janeiro,2025-03-14,2594,5,"R$ 1.294,00",5.0
CUST001428,sra. yasmin pinto,sra..yasmin.pinto@mail.com,45.0,FEMININO,Anápolis,go,19-05-2024,"R$ 3.867,00",7,766,2.5
CUST001590,Joana Jesus, joana.jesus@provedor.com.br ,35.0,Fem,Vila Velha,Espírito Santo,12-02-2023,2.586,5,886,
CUST002523,Fernanda Almeida,fernanda.almeida@provedor.com.br,25.0,F,Juiz de Fora,mg,12/06/2024,4.885,6,1927,3.3
CUST004896,Nicolas Peixoto,nicolas.peixoto@mail.com,33.0,male,Fortaleza,Ceara,2025/05/14,"R$ 4.127,00",9,2.321,3.8
CUST001016,Sr. Gustavo da Mota,sr..gustavo.da.mota@provedor.com.br,19.0,masc,Várzea Grande,Mato Grosso,11-05-2024,8358,8,2.905,4.5
CUST002770,Sr. Benicio Guerra,sr..benicio.guerra@mail.com,38.0,M,Ribeirão Preto,sp,2023/12/09,6.696,7,1745,3.9
CUST002868,Sra. Milena Pinto,sra. .milena.pinto@provedor.com.br,26.0,Outro,Brasília,Distrito Federal,2022/03/11,2137,8,1.976,4.4
CUST000181,Brayan Marques, brayan.marques@provedor.com.br ,38.0,M,Santos,Sao Paulo,2022/06/30,4.534,10,"R$ 2.404,00",3.9
CUST002269,NINA MOREIRA,NINA.MOREIRA@WEBMAIL.COM,53.0,Feminino,Niterói,Rio De Janeiro,08/01/2025,3233,8,"R$ 2.559,00",4.2
CUST002762,Milena Mendes,MILENA.MENDES@MAIL.COM,19.0,Feminino,Sobral,Ceara,2023-05-01,7.604,12,3787,
CUST001632,Maria Alice Vasconcelos,maria.alice.vasconcelos@email.com,35.0,fem,Santos,São Paulo,28-06-2023,3.498,10,"R$ 2.496,00",4.9
CUST003494,joão miguel da paz, joao.miguel.da.paz@correio.net ,45.0,male,Niterói,Rio De Janeiro,2024-08-13,"R$ 4.687,00",6,"R$ 1.317,00",3.7
CUST004785,Marina Leão, marina.leao@correio.net ,52.0,Feminino,Recife,Pernambuco,2023-03-03,4560,9,2.695,5.0
CUST001293,Pietra Costa, pietra.costa@mail.com ,45.0,Não binário,Ananindeua,Para,2022-06-11,5.265,8,"R$ 2.066,00",3.9
CUST003223,ISIS DA ROSA,isis.da.rosa@mail.com,41.0,fem,Sobral,CE,09/01/2023,2.611,7,"R$ 2.067,00",3.9
CUST002925,Dra. Bella Santos, dra..bella.santos@provedor.com.br ,44.0,female,Manaus,AM,18-08-2022,3.957,6,1.690,4.3
CUST004853,Lavínia Gomes,lavinia.gomes@email.com,36.0,fem,Campinas,sp,2021/07/17,5.324,7,"R$ 1.999,00",4.6
CUST004473,Davi Lucas Vasconcelos,davi.lucas.vasconcelos@email.com,48.0,MASCULINO,Goiânia,go,2022-11-10,3.751,7,716,3.1
CUST002607,Francisco Macedo,francisco.macedo@email.com,49.0,masc,Juazeiro do Norte,Ceará,2024/04/27,"R$ 7.634,00",11,3.358,4.9
CUST003036,Caleb Camargo,caleb.camargo@provedor.com.br,31.0,male,Rio de Janeiro,Rio De Janeiro,2025-06-26,"R$ 2.944,00",4,726,3.0
CUST000555,Evelyn Câmara,evelyn.camara@mail.com,51.0,Feminino,Santos,São Paulo,2023-10-07,2.172,7,1746,3.4
CUST000401,José Miguel Mendes,JOSE.MIGUEL.MENDES@EMAIL.COM,48.0,Masculino,Pelotas,rio grande do sul,02-07-2023,3742,8,3132,3.0
CUST002790,José Miguel Barbosa,JOSE.MIGUEL.BARBOSA@CORREIO.NET,46.0,Masculino,Ananindeua,Pará,08-05-2022,"R$ 6.932,00",9,3467,4.5
CUST003433,Agatha Marques,agatha.marques@correio.net,47.0,fem,Blumenau,Santa Catarina,31/05/2024,2465,10,3.217,3.6
CUST001854,manuella da paz,manuella.da.paz@webmail.com,34.0,Feminino,Campinas,Sao Paulo,31/08/2023,,10,3213,
CUST003245,Davi Miguel Cassiano,DAVI.MIGUEL.CASSIANO@MAIL.COM,37.0,MASCULINO,Porto Alegre,rs,14-12-2023,6.164,715,1.890,4.8
CUST004162,Calebe Carvalho,CALEBE.CARVALHO@MAIL.COM,56.0,Masculino,Campinas,SÃO PAULO,16/01/2023,"R$ 2.532,00",7,962,5.0
CUST004124,pedro fonseca,pedro.fonseca@email.com,30.0,male,São Paulo,São Paulo,01/01/2025,3213,11,"R$ 3.640,00",5.0
CUST000993,Stella Novais,stella. novais@webmail.com,32.0,Fem,Rio Verde,Goias,2024/03/03,2.745,7,"R$ 1.774,00",4.3
CUST003040,maria luísa rocha,maria.luisa.rocha@mail.com,34.0,Fem,Ribeirão Preto,Sao Paulo,2024/04/08,"R$ 7.803,00",7,2445,5.0
CUST005048,dr. davi luiz martins,DR..DAVI.LUIZ.MARTINS@MAIL.COM,62.0,male,Parintins,AM,2022/11/06,3931,10,"R$ 2.727,00",4.6
CUST002618,Sra. Melina Câmara,sra. .melina.camara@email.com,18.0,Não binário,Brasília,DF,2023/07/24,2617,7,"R$ 1.830,00",5.0
CUST004493,vitor gabriel gonçalves,vitor. gabriel.goncalves@email.com,46.0,masc,Duque de Caxias,RJ ,24/02/2023,"R$ 2.916,00",14,"R$ 1.824,00",
CUST003897,Dra. Clara Duarte, dra..clara.duarte@email.com ,25.0,female,,Rio Grande do Sul,2021/09/04,5.266,8,2294,5.0
CUST000171,alexandre da rosa,ALEXANDRE.DA.ROSA@PROVEDOR.COM.BR,40.0,MASCULINO,Brasília,distrito federal,15-08-2024,3727,5,1.242,2.7
CUST000687,lavínia ramos,lavinia.ramos@email.com,45.0,female,Caxias do Sul,Rio Grande do Sul,2025/02/02,5672,6,1353,4.5
CUST003449,KEVIN ROCHA,kevin.rocha@provedor.com.br,18.0,M,São Paulo,SÃO PAULO,2025-02-27,1.984,5,813,5.0
CUST003538,Srta. Isadora da Rosa,SRTA..ISADORA.DA.ROSA@PROVEDOR.COM.BR,18.0,Fem,Brasília,Distrito Federal,2022-10-14,"R$ 3.703,00",7,"R$ 2.443,00",3.6
CUST000061,carolina cardoso, carolina.cardoso@correio.net ,52.0,female,Porto Alegre,rio grande do sul,2024-10-09,2751,5,1.387,3.6
CUST004750,Bruno Fernandes, bruno.fernandes@correio.net ,23.0,male,Brasília,DF,08-02-2025,4949,8,"R$ 1.750,00",4.9
CUST004701,Isabela Freitas,isabela.freitas@correio.net,32.0,female,Maringá,pr,2021-11-16,"R$ 4.672,00",9,2392,3.1
CUST004107,Alexandre Mendonça,alexandre.mendonca@mail.com,29.0,Masculino,Juiz de Fora,Minas Gerais,2024/04/06,2.407,5,1182,4.4
CUST004318,VITOR ARAGÃO,vitor.aragao@correio.net,32.0,MASCULINO,Sorocaba,São Paulo,2023-04-04,"R$ 2.435,00",6,1.328,5.0
CUST002315,Alexia Rocha,ALEXIA.ROCHA@MAIL.COM,-5.0,Fem,Curitiba,PR,24-03-2024,6725,7,"R$ 2.586,00",4.2
CUST003122,Pedro Lucas Teixeira, pedro.lucas.teixeira@email.com ,22.0,M,Feira de Santana,Bahia,2024-06-15,3765,9,1822,4.4
CUST000720,marcelo vieira,marcelo.vieira@provedor.com.br,38.0,Masculino,Cuiabá,Mato Grosso,2024-04-19,6.040,12,3.452,4.2
CUST002455,Ravi Santos,RAVI.SANTOS@CORREIO.NET,60.0,Masculino,Belém,Pará,2024-04-16,3552,4,"R$ 861,00",3.9
CUST002707,Sr. Nathan da Costa,sr. .nathan.da.costa@provedor.com.br,40.0,MASCULINO,Campinas,SÃO PAULO,2022-03-14,3229,7,1032,5.0
CUST003778,HENRY SAMPAIO,henry.sampaio@provedor.com.br,63.0,Masc,Uberlândia,MG,18-03-2022,2.314,7,1.289,3.3
CUST000526,Dr. João Guilherme Pastor,dr. .joao.guilherme.pastor@provedor.com.br,0.0,male,Rio Verde,Goias,2022/07/11,"R$ 5.593,00",4,"R$ 1.257,00",3.7
CUST000670,dr. davi lucas vasconcelos, dr..davi.lucas.vasconcelos@provedor.com.br ,50.0,Masculino,Joinville,santa catarina,2024-01-26,3854,12,"R$ 3.005,00",4.6
CUST001109,Isadora da Mota,isadora.da.mota@correio.net,,Fem,Porto Alegre,rio grande do sul,2024-09-11,3.492,8,2216,4.6
CUST003941,matteo correia,matteo.correia@provedor.com.br,53.0,M,Niterói,RJ ,15-04-2024,4.072,4,"R$ 1.051,00",3.7
CUST003891,Letícia Cavalcante,leticia.cavalcante@email.com,,female,Blumenau,santa catarina,2023-09-13,"R$ 5.206,00",7,"R$ 1.906,00",4.3
CUST000999,Danilo Siqueira, danilo.siqueira@correio.net ,,MASCULINO,Campinas,sp,2025/04/16,"R$ 1.947,00",4,720,3.4
CUST004513,guilherme brito,guilherme.brito@webmail.com,33.0,masc,Caxias do Sul,rs,09/02/2024,900,5,1380,5.0
CUST003699,HENRY DA ROCHA,henry.da.rocha@webmail.com,51.0,Masc,Niterói,RJ ,2025-05-20,"R$ 4.766,00",12,"R$ 4.421,00",4.3
CUST003641,Sr. Pedro Henrique Mendes,sr. .pedro.henrique.mendes@mail.com,39.0,Masculino,Parintins,AM,03/08/2024,2738,2,"R$ 501,00",3.8
CUST000054,Vitor Hugo Vasconcelos,vitor.hugo.vasconcelos@provedor.com.br,18.0,masc,Florianópolis,SC,2021-09-01,4.884,7,1477,5.0
CUST003752,Brenda Câmara,BRENDA.CAMARA@MAIL.COM,38.0,female,Goiânia,Goias,2023-01-16,3178,6,940,3.2
CUST003342,Gustavo Ramos,gustavo.ramos@mail.com,27.0,M,Manaus,AM,11-01-2024,900,5,1401,3.9
CUST002243,Ana da Costa,ana.da.costa@correio.net,50.0,F,Pelotas,RS,2023/06/04,4.529,8,2091,4.2
CUST001825,Sra. Juliana Pereira,sra..juliana.pereira@mail.com,37.0,FEMININO,Contagem,MG,2024-09-24,"R$ 2.733,00",8,1525,3.8
CUST001451,Ana Vitória Silveira,ana.vitoria.silveira@email.com,40.0,FEMININO,Sobral,Ceara,2024-03-26,4.363,10,2516,5.0
CUST003877,mirella andrade,MIRELLA.ANDRADE@CORREIO.NET,40.0,Feminino,Campinas,SP,10/12/2022,"R$ 6.323,00",6,"R$ 1.614,00",4.4
CUST003931,dra. maria laura abreu,dra..maria.laura.abreu@correio.net,56.0,fem,Joinville,santa catarina,25/04/2023,4.706,9,"R$ 2.536,00",3.3
CUST004684,Guilherme Cavalcanti,GUILHERME.CAVALCANTI@PROVEDOR.COM.BR,21.0,MASCULINO,Santos,SP,2023-10-15,"R$ 4.198,00",10,1894,4.6
CUST000206,MATEUS MENDES,mateus.mendes@mail.com,34.0,MASCULINO,Ribeirão Preto,sp,07/11/2025,4931,5,1.305,5.0
CUST004918,Oliver Vasconcelos,oliver.vasconcelos@email.com,44.0,Masc,Caxias do Sul,RS,2023/10/11,7382,5,"R$ 1.201,00",4.9
CUST001832,Cauã Brito, caua.brito@webmail.com ,25.0,Masculino,Ananindeua,Para,2023/12/09,4240,4,907,4.8
CUST002337,pedro cunha,PEDRO.CUNHA@WEBMAIL.COM,56.0,MASCULINO,Petrópolis,Rio de Janeiro,24-12-2023,6531,7,2511,3.6
CUST004394,Sabrina Pires, sabrina.pires@mail.com ,40.0,FEMININO,Londrina,Paraná,2025/03/12,"R$ 5.083,00",8,2.443,
CUST003692,Maria Isis Novais,maria.isis.novais@email.com,40.0,fem,Duque de Caxias,Rio De Janeiro,21/08/2024,2954,6,"R$ 986,00",4.0
CUST001193,Rael das Neves,rael.das.neves@email.com,58.0,Masculino,Rio de Janeiro,Rio de Janeiro,20-07-2022,"R$ 2.832,00",5,1.693,5.0
CUST002199,PIETRO PIMENTA, pietro.pimenta@mail.com ,50.0,male,Olinda,PE,2024-07-21,"R$ 4.898,00",7,1885,5.0
CUST003463,Dr. Pedro Henrique da Conceição,DR..PEDRO.HENRIQUE.DA.CONCEICAO@EMAIL.COM,34.0,Masc,Juiz de Fora,mg,18-12-2023,"R$ 2.793,00",7,1.988,4.4
CUST002880,Esther Camargo,esther.camargo@webmail.com,28.0,FEMININO,Ribeirão Preto,Sao Paulo,14/05/2023,3426,11,"R$ 2.960,00",3.3
CUST000935,luiz henrique novaes, luiz.henrique.novaes@webmail.com ,24.0,masc,Goiânia,go,2022-09-04,9553,10,"R$ 3.750,00",3.4
CUST004614,Srta. Caroline Barros,srta. .caroline.barros@webmail.com,23.0,F,Pelotas,RS,2024-05-24,4004,7,1748,3.8
CUST002989,Valentim Vasconcelos,valentim.vasconcelos@webmail.com,24.0,male,Contagem,minas gerais,2021/08/23,1251,13,2.591,4.0
CUST004313,João Lucas Pimenta,JOAO.LUCAS.PIMENTA@PROVEDOR.COM.BR,59.0,Masculino,Sorocaba,sp,2024/12/24,6278,12,"R$ 3.098,00",3.0
CUST003158,Dr. Lucas Gabriel Pimenta,dr. .lucas.gabriel.pimenta@webmail.com,25.0,M,Várzea Grande,mt,21/04/2024,"R$ 5.162,00",3,"R$ 1.053,00",3.5
CUST001889,Renan Gomes,RENAN.GOMES@CORREIO.NET,45.0,Masc,Brasília,DF,24/08/2022,4450,4,"R$ 1.225,00",
CUST003312,Antony Leão,antony.leao@correio.net,,Masc,Campinas,SÃO PAULO,2024/06/10,"R$ 2.573,00",5,"R$ 1.030,00",5.0
CUST003276,Sra. Maria Júlia Pimenta,sra..maria.julia.pimenta@mail.com,41.0,FEMININO,Manaus,AM,2025-05-17,"R$ 2.350,00",5,1263,3.8
CUST003021,caio cavalcante,caio.cavalcante@correio.net,35.0,outro,Duque de Caxias,Rio De Janeiro,29/09/2023,"R$ 3.055,00",12,"R$ 2.280,00",3.7
CUST001336,luana da mota,LUANA.DA.MOTA@WEBMAIL.COM,38.0,F,Goiânia,Goias,2023/06/16,3185,10,2.741,3.5
CUST001795,Mariana Costela,mariana.costela@provedor.com.br,44.0,Feminino,Pelotas,rs,2023/04/29,"R$ 3.819,00",7,1.802,5.0
CUST004456,DRA. HADASSA ABREU,dra..hadassa.abreu@webmail.com,49.0,F,Campinas,Sao Paulo,2022/07/28,4.009,6,1.507,3.1
CUST004312,Kaique Barros,KAIQUE.BARROS@PROVEDOR.COM.BR,67.0,M,Porto Alegre,rs,2023/06/02,"R$ 3.355,00",8,2439,5.0
CUST001276,henry gabriel castro,henry.gabriel.castro@mail.com,46.0,Masculino,Contagem,Minas Gerais,25/07/2023,,9,"R$ 2.219,00",4.0
CUST000739,sr. gabriel almeida,sr..gabriel.almeida@email.com,49.0,Masc,Feira de Santana,bahia,2024-12-19,6.643,9,2.863,3.2
CUST004933,Theodoro Macedo,theodoro.macedo@email.com,38.0,M,Campinas,SP,2025-02-03,"R$ 3.443,00",6,1834,4.2
CUST004412,Alana Pastor,ALANA.PASTOR@EMAIL.COM,30.0,female,Ribeirão Preto,Sao Paulo,10/06/2024,8.943,9,3.238,3.3
CUST000992,José Pedro Câmara, jose.pedro.camara@email.com ,49.0,masc,Ribeirão Preto,São Paulo,2022/07/28,"R$ 3.143,00",5,925,3.9
CUST002051,Yasmin Silveira,YASMIN.SILVEIRA@CORREIO.NET,46.0,female,Caxias do Sul,rs,2023-01-26,"R$ 4.227,00",7,2.135,
CUST003307,Sr. Mathias Sales, sr..mathias.sales@provedor.com.br ,26.0,male,Contagem,Minas Gerais,29/06/2023,"R$ 3.173,00",5,1230,3.6
CUST001177,Samuel Araújo,samuel.araujo@webmail.com,26.0,male,Rio de Janeiro,RJ,10-06-2024,"R$ 2.971,00",3,884,3.9
CUST002908,Dra. Maria Cecília Vieira,dra..maria.cecilia.vieira@correio.net,45.0,FEMININO,Niterói,Rio De Janeiro,2024-10-01,2.552,8,1.367,4.7
CUST000048,Maya Castro,MAYA.CASTRO@WEBMAIL.COM,34.0,fem,Juiz de Fora,Minas Gerais,2025/03/03,"R$ 2.021,00",8,1.255,3.6
CUST000606,Manuella da Costa, manuella.da.costa@mail.com ,18.0,female,Ribeirão Preto,SP,16/11/2021,1961,5,"R$ 913,00",4.4
CUST004833,dra. maysa lima, dra..maysa.lima@provedor.com.br ,42.0,Fem,Santos,SÃO PAULO,2025/09/30,4224,8,1.504,5.0
CUST003377,Fernanda Cassiano,fernanda.cassiano@webmail.com,47.0,female,Blumenau,Santa Catarina,14-04-2024,2.553,10,"R$ 2.820,00",4.3
CUST003183,Caroline Vieira,caroline.vieira@provedor.com.br,24.0,female,Uberlândia,mg,2024-12-26,"R$ 7.841,00",11,"R$ 4.870,00",3.5
CUST004927,ANTONY SANTOS, antony.santos@email.com ,41.0,Masc,Juazeiro do Norte,ce,24/10/2023,5775,6,2031,3.4
CUST000673,Camila Moreira, camila.moreira@correio.net ,18.0,fem,Rio de Janeiro,RJ ,2025/07/04,2092,5,"R$ 246.253,00",4.2
CUST000488,João Gabriel Macedo,joao.gabriel.macedo@provedor.com.br,38.0,Masc,Campinas,sp,29/11/2022,4593,2,628,4.2
CUST002878,dra. maria laura da rosa,DRA..MARIA.LAURA.DA.ROSA@CORREIO.NET,0.0,fem,,SP,19-09-2023,,5,878,3.7
CUST002869,Luigi Cirino,LUIGI.CIRINO@PROVEDOR.COM.BR,38.0,Masc,Vitória da Conquista,bahia,2024-01-26,6.939,6,1.842,3.8
CUST000300,dra. fernanda lima,dra..fernanda.lima@webmail.com,27.0,F,Petrópolis,Rio De Janeiro,26/02/2025,2066,4,1106,3.8
CUST004439,Dra. Bárbara Macedo,DRA..BARBARA.MACEDO@CORREIO.NET,61.0,FEMININO,Vitória,Espirito Santo,2024-12-09,4.084,11,"R$ 3.256,00",4.7
CUST003385,José Miguel Vargas,JOSE.MIGUEL.VARGAS@EMAIL.COM,52.0,masc,Maringá,PR,2023/03/28,2633,11,3320,2.4
CUST002988,DRA. MARIA LUIZA PASTOR,dra. .maria.luiza.pastor@webmail.com,29.0,female,Campinas,SÃO PAULO,2024/09/18,6097,6,"R$ 1.421,00",4.2
CUST002912,Gabriela Castro, gabriela.castro@provedor.com.br ,50.0,F,Ananindeua,pa,2022-12-27,4.170,5,1177,3.8
CUST004141,Henrique da Paz,HENRIQUE.DA.PAZ@EMAIL.COM,34.0,male,São Paulo,sp,2023/05/26,3.820,7,2.161,5.0
CUST003575,Dr. Rhavi Pastor,DR..RHAVI.PASTOR@MAIL.COM,52.0,Masculino,Caxias do Sul,RS,07-10-2025,2631,7,"R$ 1.908,00",
CUST003054,Antony da Mata, antony.da.mata@provedor.com.br ,23.0,M,Duque de Caxias,RJ,16/06/2023,1.912,10,2.521,3.2
CUST001930,Vicente Ribeiro,VICENTE.RIBEIRO@MAIL.COM,44.0,N/I,Rio de Janeiro,RJ,2025/05/16,2493,7,"R$ 965,00",3.3
CUST004410,davi luiz siqueira,davi.luiz.siqueira@mail.com,36.0,male,Brasília,distrito federal,2024/02/22,"R$ 3.705,00",10,2414,4.2
CUST001573,MATEUS VIEIRA, mateus.vieira@email.com ,36.0,M,Recife,Pernambuco,21/05/2025,,7,1.290,3.5
CUST001648,Eloah Sá,eloah.sa@correio.net,34.0,Fem,Petrópolis,rio de janeiro,13-08-2023,5245,8,2941,5.0
CUST000107,Stephany Dias,stephany. dias@webmail.com,30.0,Feminino,Ribeirão Preto,sp,28/01/2025,,8,"R$ 1.367,00",3.8
CUST000607,dra. bella vargas,DRA..BELLA.VARGAS@MAIL.COM,37.0,F,Caruaru,pernambuco,12/08/2023,"R$ 6.062,00",11,2.815,3.9
CUST003798,RAVY JESUS,ravy.jesus@provedor.com.br,41.0,Masc,Pelotas,Rio Grande do Sul,15/10/2022,3.050,9,1.890,3.6
CUST001222,Mariah Costa, mariah.costa@correio.net ,26.0,fem,Várzea Grande,mato grosso,2025/07/09,1263,8,1.724,4.1
CUST003076,Sra. Manuela Costela,sra..manuela.costela@correio.net,39.0,Fem,Juiz de Fora,minas gerais,01/04/2024,"R$ 4.252,00",3,573,3.6
CUST004911,Vitória Melo,VITORIA.MELO@CORREIO.NET,37.0,F,Cuiabá,MT,2024-07-08,"R$ 1.755,00",6,916,3.0
CUST003986,Laís Martins,LAIS.MARTINS@PROVEDOR.COM.BR,31.0,fem,Blumenau,Santa Catarina,05-04-2025,2.144,6,"R$ 1.316,00",2.9
CUST004541,Sr. Cauã Lima,sr. .caua.lima@provedor.com.br,48.0,male,Vitória da Conquista,BA,26/02/2023,6557,6,"R$ 1.620,00",4.4
CUST000079,Aylla Ribeiro,aylla.ribeiro@mail.com,18.0,F,Contagem,mg,2024-07-03,4139,6,2441,4.0
CUST000032,Heitor Nunes,heitor. nunes@email.com,37.0,M,Brasília,DF,2024/09/06,2.877,10,"R$ 2.378,00",
CUST002198,Emanuelly Santos,EMANUELLY.SANTOS@EMAIL.COM,22.0,Fem,Campinas,São Paulo,13-03-2023,"R$ 4.285,00",8,1.822,2.6
CUST004926,DAVI MIGUEL MARQUES,davi.miguel.marques@correio.net,44.0,Masc,,pernambuco,11/08/2021,3124,3,735,5.0
CUST003890,Caleb Lima, caleb.lima@mail.com ,53.0,Masc,Olinda,PE ,21-02-2025,4430,9,680,4.9
CUST004889,PEDRO MIGUEL BARROS, pedro.miguel.barros@webmail.com ,46.0,Masc,Curitiba,Parana,2022/10/17,"R$ 3.476,00",5,1.567,3.3
CUST004090,Yasmin Brito,yasmin. brito@email.com,41.0,female,,Pernambuco,2024/12/25,4632,5,1198,3.6
CUST003095,MIGUEL CAMARGO, miguel.camargo@provedor.com.br ,36.0,Masculino,Ribeirão Preto,SÃO PAULO,20-08-2024,8648,10,4094,4.9
CUST001735,Sabrina Macedo,sabrina.macedo@provedor.com.br,22.0,Feminino,São Paulo,SP,2024-12-25,5239,8,2.392,
CUST000390,Sra. Laura Vasconcelos,sra. .laura.vasconcelos@mail.com,29.0,Fem,Ribeirão Preto,SP,30-11-2022,4.867,7,"R$ 2.207,00",3.6
CUST002136,Gael Abreu,GAEL.ABREU@WEBMAIL.COM,38.0,M,Uberlândia,Minas Gerais,31-10-2024,4066,10,1.863,4.3
CUST005052,Juan Cardoso,juan.cardoso@correio.net,32.0,masc,Campinas,sp,28/08/2024,6.062,5,"R$ 1.772,00",4.7
CUST000045,Alexia Rodrigues,alexia.rodrigues@mail.com,40.0,Fem,Ananindeua,PA,10/09/2022,3480,5,1070,4.5
CUST002771,mariane peixoto,mariane.peixoto@mail.com,18.0,Fem,Salvador,BA ,2021/11/02,1774,3,"R$ 963,00",4.4
CUST001988,Clara Cardoso,clara.cardoso@webmail.com,26.0,fem,Manaus,AM,13/08/2023,2854,8,1.406,
CUST004798,Maria Júlia Câmara, maria.julia.camara@webmail.com ,50.0,Fem,Olinda,PE,2023-01-03,8.760,11,"R$ 3.265,00",5.0
CUST003190,ANA JÚLIA PIRES,ana.julia.pires@mail.com,29.0,Feminino,Ananindeua,PA,2025/05/01,5418,5,1.497,4.5
CUST001960,jade fonseca,jade.fonseca@mail.com,54.0,F,Ribeirão Preto,SÃO PAULO,2022-02-25,4503,9,3139,4.6
CUST004871,MURILO PIRES,murilo. pires@webmail.com,33.0,male,Blumenau,Santa Catarina,01-02-2022,1095,6,1057,4.9
CUST000819,Antônio Gonçalves, antonio.goncalves@provedor.com.br ,36.0,MASCULINO,Várzea Grande,mato grosso,07-08-2024,4086,5,1899,
CUST003848,Aurora Monteiro,AURORA.MONTEIRO@MAIL.COM,23.0,female,Anápolis,GO,08/08/2024,1894,7,1.928,3.8
CUST000708,ANA JULIA ARAGÃO,ana.julia.aragao@webmail.com,42.0,F,Porto Alegre,Rio Grande do Sul,2023/10/08,,4,192514,2.8
CUST000811,Clarice Cavalcante,clarice.cavalcante@email.com,41.0,fem,São Paulo,sp,2022-09-17,6177,4,"R$ 1.270,00",
CUST002197,caio lima,caio. lima@mail.com,-5.0,Masculino,Belém,PA,2023-12-06,"R$ 2.791,00",5,1.387,4.6
CUST003946,Igor Brito, igor.brito@webmail.com ,53.0,male,Anápolis,go,2022-05-17,2.989,11,2.683,
CUST002195,Ravy Rocha,ravy.rocha@mail.com,,MASCULINO,Caruaru,PE ,2024/10/17,2292,6,"R$ 616,00",5.0
CUST004713,Bryan Ferreira,bryan.ferreira@mail.com,35.0,male,Petrópolis,Rio de Janeiro,2021/08/10,4389,7,"R$ 2.062,00",3.9
CUST004392,Bárbara Barros, barbara.barros@correio.net ,52.0,FEMININO,Uberlândia,MG,26-11-2022,3306,9,1.363,4.3
CUST004428,João Pedro da Luz, joao.pedro.da.luz@mail.com ,49.0,male,Duque de Caxias,rio de janeiro,2024-09-30,5.588,11,"R$ 3.314,00",4.4
CUST004372,srta. maria helena teixeira, srta..maria.helena.teixeira@provedor.com.br ,23.0,Feminino,São Paulo,sp,2025/04/18,6.015,5,1787,
CUST001592,PEDRO DIAS,PEDRO.DIAS@CORREIO.NET,43.0,masc,Duque de Caxias,RJ ,2023/06/18,2721,15,1.953,4.5
CUST003114,fernanda cavalcante,fernanda.cavalcante@webmail.com,43.0,F,,RS,2024-10-27,"R$ 4.948,00",8,2.392,
CUST003875,Raquel Cunha,raquel.cunha@correio.net,42.0,FEMININO,Londrina,pr,23-08-2023,2100,8,2.061,5.0
CUST004069,sra. bella casa grande,sra..bella.casa.grande@webmail.com,27.0,female,Uberlândia,Minas Gerais,21/12/2024,,5,1525,3.3
CUST000905,Valentina Cassiano,VALENTINA.CASSIANO@MAIL.COM,42.0,Fem,Manaus,AM,2024/11/21,"R$ 4.595,00",10,2879,3.8
CUST002488,Benício Almeida,BENICIO.ALMEIDA@EMAIL.COM,34.0,masc,Niterói,rio de janeiro,08/06/2023,3733,7,"R$ 2.230,00",5.0
CUST000851,Kamilly Araújo,kamilly. araujo@webmail.com,56.0,female,Ribeirão Preto,Sao Paulo,2023-03-05,"R$ 4.129,00",8,"R$ 2.040,00",4.2
CUST001297,Ravy Mendonça, ravy.mendonca@webmail.com ,40.0,MASCULINO,Caxias do Sul,rs,2025/02/18,"R$ 5.862,00",16,"R$ 6.200,00",2.0
CUST003145,CAROLINA DAS NEVES,CAROLINA.DAS.NEVES@MAIL.COM,32.0,FEMININO,Porto Alegre,Rio Grande do Sul,01/03/2024,2875,10,3447,
CUST003436,Isadora Freitas,ISADORA.FREITAS@WEBMAIL.COM,41.0,Feminino,Petrópolis,RJ ,2023/11/28,3.783,7,"R$ 1.945,00",4.5
CUST003084,Luiz Gustavo Garcia,LUIZ.GUSTAVO.GARCIA@CORREIO.NET,19.0,male,Niterói,RJ,2024/06/25,3032,8,1974,
CUST002509,vitor da rosa, vitor.da.rosa@correio.net ,33.0,N/I,Ananindeua,Para,25/11/2024,3.480,15,"R$ 2.293,00",3.8
CUST003181,Valentina Pinto,VALENTINA.PINTO@PROVEDOR.COM.BR,44.0,fem,Contagem,MG,2023/05/02,3.017,9,2964,
CUST002514,Diogo Nunes,diogo.nunes@provedor.com.br,45.0,Masc,,go,18-03-2024,"R$ 2.611,00",7,1911,4.0
CUST003512,EMANUELLA REZENDE,EMANUELLA.REZENDE@CORREIO.NET,63.0,F,Brasília,DF,2025/06/25,4509,6,1907,3.1
CUST001732,ANA CAROLINA SILVEIRA,ana.carolina.silveira@email.com,42.0,fem,Duque de Caxias,RJ ,2025/07/18,5854,5,"R$ 1.293,00",
CUST000258,Renan Ramos,renan. ramos@provedor.com.br,40.0,masc,Sorocaba,São Paulo,2023-06-11,3461,5,1305,3.4
CUST000242,bianca lopes,BIANCA.LOPES@MAIL.COM,60.0,outro,Olinda,Pernambuco,2023/08/28,4674,6,1898,
CUST004356,breno montenegro,breno.montenegro@email.com,24.0,Masculino,Rio Verde,Goias,2025/05/07,2259,15,3.394,4.3
CUST004617,Yago da Mota,YAGO.DA.MOTA@CORREIO.NET,,Masculino,Goiânia,go,2023/07/10,4300,11,3.055,4.0
CUST001067,Dr. Samuel Casa Grande,dr..samuel.casa.grande@correio.net,42.0,male,Ribeirão Preto,sp,2024-10-06,1.471,651,"R$ 2.546,00",4.1
CUST004641,Cecilia Nunes,CECILIA.NUNES@PROVEDOR.COM.BR,31.0,FEMININO,Rio Verde,Goias,2024/12/27,"R$ 3.313,00",9,1985,2.8
CUST002287,João Lucas da Mota,joao.lucas.da.mota@correio.net,,male,Ribeirão Preto,sp,2023-02-12,4.891,5,"R$ 1.836,00",4.4
CUST003150,Lavínia Freitas,LAVINIA.FREITAS@MAIL.COM,42.0,FEMININO,Caxias do Sul,Rio Grande do Sul,2024/09/26,"R$ 1.434,00",2,"R$ 112,00",
CUST001706,carlos eduardo lima,carlos.eduardo.lima@mail.com,35.0,male,Campinas,Sao Paulo,2022-03-08,2.654,7,"R$ 2.037,00",4.2
CUST003858,Murilo Jesus, murilo.jesus@webmail.com ,30.0,M,Parintins,amazonas,2022-08-26,5566,9,"R$ 2.037,00",3.0
CUST002265,Rodrigo Santos, rodrigo.santos@mail.com ,19.0,Masc,Juazeiro do Norte,ce,09/09/2021,3831,15,4.920,3.9
CUST003638,Luiz Felipe Montenegro,LUIZ.FELIPE.MONTENEGRO@WEBMAIL.COM,39.0,M,Petrópolis,Rio de Janeiro,2023/02/02,5.233,7,"R$ 1.366,00",3.7
CUST001646,Miguel Fonseca,MIGUEL.FONSECA@CORREIO.NET,,Masculino,Ribeirão Preto,São Paulo,2023/03/24,,10,1.082,3.6
CUST002366,Benjamin Fernandes,benjamin.fernandes@correio.net,34.0,Masculino,São Paulo,sp,2023-03-27,"R$ 4.411,00",5,1366,3.4
CUST000324,SR. NATHAN MORAES,SR..NATHAN.MORAES@CORREIO.NET,32.0,N/I,Campinas,São Paulo,2024/10/28,"R$ 2.721,00",4,924,3.6
CUST003443,SR. LUIZ FERNANDO LIMA,SR..LUIZ.FERNANDO.LIMA@EMAIL.COM,38.0,male,Juiz de Fora,Minas Gerais,2024/03/13,"R$ 5.332,00",9,2271,3.4
CUST003874,Ana Luiza Dias,ana.luiza.dias@provedor.com.br,37.0,Fem,Caxias do Sul,Rio Grande do Sul,01/04/2021,1920,2,750,3.8
CUST004397,JOÃO TEIXEIRA,joao.teixeira@provedor.com.br,26.0,male,Blumenau,SC,2024/05/19,4.981,4,"R$ 1.005,00",4.7
CUST000703,Sara Moraes,SARA.MORAES@EMAIL.COM,26.0,fem,Niterói,Rio de Janeiro,2023/03/24,2.951,13,"R$ 3.314,00",3.5
CUST000719,sr. davi lucas brito, sr..davi.lucas.brito@email.com ,18.0,Masc,Santos,Sao Paulo,2024-04-24,1867,10,"R$ 1.341,00",3.9
CUST004546,sabrina cavalcante,SABRINA.CAVALCANTE@PROVEDOR.COM.BR,34.0,female,Uberlândia,MG,2024/10/01,1.993,16,"R$ 1.818,00",4.4
CUST003901,Sra. Julia Moreira,sra..julia.moreira@email.com,39.0,Fem,Sorocaba,sp,2024-09-14,"R$ 5.447,00",7,"R$ 2.343,00",4.3
CUST004884,IAN DA CRUZ,IAN.DA.CRUZ@MAIL.COM,45.0,masc,Recife,Pernambuco,2024-08-17,"R$ 4.691,00",10,2.543,3.4
CUST002472,João Guilherme Aragão,joao.guilherme.aragao@webmail.com,18.0,Masc,,mato grosso,15-07-2023,1688,3,568,4.6
CUST004511,MARIANA MORAES,mariana.moraes@correio.net,45.0,FEMININO,Ribeirão Preto,São Paulo,2023-05-26,"R$ 2.596,00",11,1.914,3.3
CUST004711,Felipe Castro, felipe.castro@mail.com ,69.0,Masc,Fortaleza,CE,21/10/2023,5.635,7,"R$ 2.530,00",4.6
CUST004209,dra. melina aparecida,dra..melina.aparecida@correio.net,31.0,FEMININO,Petrópolis,rio de janeiro,24-05-2024,3.763,6,1932,2.8
CUST004831,Srta. Lavínia Gonçalves,srta..lavinia.goncalves@correio.net,999.0,fem,Campinas,sp,07-11-2024,"R$ 4.140,00",3,"R$ 718,00",4.2
CUST004898,Luísa Montenegro,LUISA.MONTENEGRO@PROVEDOR.COM.BR,62.0,Fem,Campinas,São Paulo,2024-01-03,4.187,11,"R$ 2.666,00",3.9
CUST000205,Antônio Teixeira,ANTONIO.TEIXEIRA@MAIL.COM,,Masculino,,Pernambuco,2025/02/20,3896,10,3.322,3.6
CUST005030,letícia oliveira,leticia.oliveira@webmail.com,56.0,F,Ribeirão Preto,sp,21/10/2023,6.991,5,1554,3.6
CUST002415,Ana Sophia da Costa,ana.sophia.da.costa@webmail.com,51.0,fem,Joinville,Santa Catarina,08-09-2022,"R$ 2.867,00",3,786,4.3
CUST002703,Sra. Maya Jesus,sra..maya.jesus@webmail.com,52.0,F,,Rio Grande do Sul,23/12/2024,4271,8,2435,3.9
CUST000972,LUAN GARCIA, luan.garcia@webmail.com ,42.0,Masculino,Porto Alegre,RS,2023-12-15,7.113,9,"R$ 3.601,00",3.1
CUST001398,GABRIELA FERNANDES, gabriela.fernandes@provedor.com.br ,,FEMININO,Vitória,es,2024-09-01,"R$ 1.784,00",11,1.238,3.6
CUST002320,ARTHUR GABRIEL ALVES,ARTHUR.GABRIEL.ALVES@EMAIL.COM,18.0,MASCULINO,São Paulo,SP,2025/03/13,4.224,8,1.840,4.7
CUST002189,Ágatha Ferreira,agatha.ferreira@provedor.com.br,33.0,female,Porto Alegre,Rio Grande do Sul,2024/07/17,"R$ 2.102,00",12,3380,3.0
CUST002520,Lunna Araújo,LUNNA.ARAUJO@EMAIL.COM,69.0,fem,Niterói,rio de janeiro,2022-07-07,"R$ 5.749,00",7,1761,4.7
CUST003236,Maria Vitória Costela,maria.vitoria.costela@mail.com,38.0,Fem,Juiz de Fora,MG,19/09/2023,3.575,9,3.208,3.7
CUST000231,Bruna Vasconcelos,BRUNA.VASCONCELOS@EMAIL.COM,42.0,FEMININO,Contagem,MG,13/09/2024,2795,6,1451,5.0
CUST004869,Sr. Vinicius da Conceição,sr. .vinicius.da.conceicao@webmail.com,36.0,M,Florianópolis,SC,2023/06/08,"R$ 4.995,00",5,1313,4.7
CUST004664,Francisco Fogaça,francisco. fogaca@mail.com,18.0,Masc,Campinas,SP,2021/11/06,2.241,9,"R$ 1.756,00",4.7
CUST003546,Cecília da Rosa, cecilia.da.rosa@provedor.com.br ,47.0,F,Serra,Espírito Santo,2021/05/13,5.614,6,1971,3.3
CUST003630,Ana Beatriz Castro,ana.beatriz.castro@webmail.com,43.0,female,Anápolis,go,2024-12-23,4.167,7,"R$ 2.180,00",4.2
CUST002635,SAMUEL MONTEIRO, samuel.monteiro@correio.net ,49.0,Masc,São Paulo,SÃO PAULO,2025/11/15,"R$ 8.289,00",7,2.088,4.3
CUST000954,Eloá Rodrigues,eloa.rodrigues@correio.net,43.0,fem,São Paulo,SÃO PAULO,30-10-2024,1.099,5,811,2.9
CUST003365,Anna Liz Fonseca,anna.liz.fonseca@provedor.com.br,57.0,fem,Cuiabá,mato grosso,2025-06-20,3.278,10,3.030,3.2
CUST003246,matteo garcia, matteo.garcia@correio.net ,37.0,masc,Blumenau,santa catarina,2024/10/16,5521,11,139.098,3.9
CUST005038,rafael mendonça,rafael. mendonca@correio.net,19.0,Masc,Curitiba,PR,2024-10-20,3462,8,2.188,4.3
CUST001543,Sr. Mateus Gomes,sr. .mateus.gomes@provedor.com.br,26.0,male,,ce,2022/04/21,3435,5,"R$ 1.235,00",4.1
CUST001216,Lara Machado, lara.machado@correio.net ,28.0,F,Porto Alegre,rs,2024-01-22,"R$ 4.660,00",5,676,4.1
CUST002143,Leandro da Rosa,LEANDRO.DA.ROSA@MAIL.COM,35.0,masc,Brasília,DF,20/01/2023,"R$ 3.650,00",5,1.536,4.8
CUST002646,Maria Isis Machado,maria.isis.machado@mail.com,33.0,F,Niterói,rio de janeiro,31/08/2024,3.591,7,1865,
CUST002542,Nicole Santos,NICOLE.SANTOS@EMAIL.COM,,female,Duque de Caxias,RJ,06/02/2023,3.714,4,1.248,3.6
CUST001621,Sr. Carlos Eduardo da Paz,sr. .carlos.eduardo.da.paz@webmail.com,26.0,male,Brasília,df,2025/11/20,3.552,7,2164,5.0
CUST002887,Daniela Sousa,daniela.sousa@provedor.com.br,32.0,female,São Paulo,Sao Paulo,28/07/2022,3908,10,3.504,3.9
CUST001975,Calebe Peixoto, calebe.peixoto@correio.net ,56.0,M,Vitória,es,18-07-2024,"R$ 4.226,00",16,1.553,5.0
CUST004455,Caio Moreira,caio.moreira@email.com,29.0,M,Duque de Caxias,RJ,26-02-2024,3.355,5,1.117,3.7
CUST000437,SR. DAVI LUCCA ALBUQUERQUE,SR..DAVI.LUCCA.ALBUQUERQUE@PROVEDOR.COM.BR,55.0,M,Santos,SÃO PAULO,2023-12-14,"R$ 5.609,00",6,2146,3.4
CUST001604,Sr. Kaique Rocha,sr..kaique.rocha@mail.com,42.0,M,Vitória da Conquista,bahia,2024-05-08,3442,4,898,2.7
CUST003128,Pedro Azevedo,pedro.azevedo@mail.com,63.0,male,Caxias do Sul,Rio Grande do Sul,23-07-2023,2.599,9,"R$ 2.237,00",3.3
CUST002636,Catarina Alves,CATARINA.ALVES@PROVEDOR.COM.BR,26.0,Fem,São Paulo,SP,26/02/2023,3123,3,"R$ 905,00",5.0
CUST003195,Mathias Sá,MATHIAS.SA@WEBMAIL.COM,32.0,Masculino,Pelotas,rio grande do sul,2023-05-13,8321,4,1.286,2.6
CUST000821,Brayan Aparecida,brayan.aparecida@email.com,43.0,male,Contagem,Minas Gerais,2023/03/12,8184,14,"R$ 4.895,00",
CUST001341,Hadassa Jesus,hadassa.jesus@provedor.com.br,42.0,Feminino,São Paulo,Sao Paulo,2022-04-14,3916,4,"R$ 1.449,00",4.2
CUST000282,Samuel Barbosa,samuel.barbosa@correio.net,53.0,Masc,Blumenau,SC,31-12-2023,"R$ 2.863,00",9,3112,
CUST001982,Asafe Dias,asafe.dias@email.com,61.0,M,Vila Velha,ES,2022-06-08,4138,3,728,
CUST001249,DIEGO VASCONCELOS,DIEGO.VASCONCELOS@MAIL.COM,45.0,MASCULINO,Fortaleza,Ceará,09/04/2022,3.641,10,"R$ 1.898,00",3.6
CUST002679,Dr. Enzo Pimenta, dr..enzo.pimenta@mail.com ,65.0,Masculino,Campinas,SÃO PAULO,22-08-2022,3614,8,2126,4.6
CUST001494,Kevin Moraes, kevin.moraes@mail.com ,44.0,Masc,Blumenau,sc,27-10-2024,7.112,11,"R$ 2.446,00",5.0
CUST004273,Srta. Bella Andrade,srta. .bella.andrade@correio.net,35.0,Feminino,Ananindeua,Pará,20-12-2024,6.805,3,"R$ 1.224,00",3.5
CUST001719,Maria Sophia Novaes, maria.sophia.novaes@correio.net ,33.0,FEMININO,,Mato Grosso,2023/09/16,"R$ 212.277,00",10,1.044,4.1
CUST003063,Enzo Abreu,enzo.abreu@mail.com,,male,Campinas,SP,2024-05-19,"R$ 3.781,00",8,2.460,3.4
CUST002815,Dr. Raul Monteiro,dr..raul.monteiro@mail.com,,Outro,Anápolis,go,2023-04-30,4.977,9,1466,3.8
CUST002652,Ryan Teixeira,ryan.teixeira@webmail.com,60.0,MASCULINO,Caruaru,pernambuco,09/02/2022,2892,2,711,3.2
CUST001027,LORENA CAMARGO, lorena.camargo@webmail.com ,,female,São Paulo,sp,2023-02-10,3.014,4,"R$ 1.347,00",3.1
CUST004707,MARIA ISIS REZENDE,maria.isis.rezende@mail.com,26.0,Fem,Campinas,SP,01-11-2023,3769,6,"R$ 1.152,00",
CUST001210,Camila Aparecida, camila.aparecida@provedor.com.br ,49.0,Fem,Brasília,df,2021/04/25,2.473,8,1984,3.9
CUST002458,Paulo Sá, paulo.sa@webmail.com ,37.0,MASCULINO,Belo Horizonte,MG,30/05/2024,"R$ 1.092,00",11,"R$ 2.549,00",4.3
CUST001100,DR. DAVI MIGUEL GARCIA,dr. .davi.miguel.garcia@correio.net,41.0,Outro,Olinda,pernambuco,11-04-2025,7076,13,"R$ 4.883,00",3.9
CUST002327,BRENO PORTO,breno. porto@webmail.com,22.0,MASCULINO,Londrina,PR,28-06-2022,1407,10,2168,3.0
CUST001136,Rafael Pimenta,RAFAEL.PIMENTA@MAIL.COM,40.0,Masc,Sorocaba,São Paulo,16/08/2024,"R$ 4.037,00",13,"R$ 1.596,00",4.1
CUST005065,Ana Lívia Marques,ana.livia.marques@mail.com,29.0,Feminino,Porto Alegre,rio grande do sul,2023/07/11,4.856,4,1097,4.5
CUST003510,Isaque Gonçalves,isaque. goncalves@webmail.com,23.0,masc,Contagem,minas gerais,2025-09-13,"R$ 3.615,00",3,891,4.5
CUST004838,Gustavo Henrique da Luz,gustavo.henrique.da.luz@provedor.com.br,57.0,masc,Curitiba,pr,05-02-2023,6713,12,4.166,
CUST000302,Sr. João Felipe Casa Grande,sr. .joao.felipe.casa.grande@correio.net,35.0,Masc,Manaus,amazonas,2023-07-27,3.563,8,1533,3.2
CUST004013,Ana Vitória Oliveira,ANA.VITORIA.OLIVEIRA@MAIL.COM,39.0,F,Sorocaba,SÃO PAULO,04-08-2024,4323,5,"R$ 1.168,00",2.7
CUST001753,MANUELA CAMARGO,manuela.camargo@correio.net,33.0,female,Olinda,PE,17-03-2025,1141,9,2.707,3.8
CUST003491,lucca lima, lucca.lima@webmail.com ,43.0,MASCULINO,Florianópolis,Santa Catarina,05-12-2022,4.062,9,2239,3.7
CUST003397,anna liz moreira,anna.liz.moreira@provedor.com.br,30.0,F,Rio de Janeiro,RJ,23/04/2023,3590,5,1.764,3.5
CUST004011,Heitor Moura,heitor.moura@email.com,42.0,male,Ribeirão Preto,SÃO PAULO,2024/09/23,"R$ 4.498,00",8,"R$ 1.847,00",4.3
CUST004624,ANTONELLA CAVALCANTI, antonella.cavalcanti@webmail.com ,,female,Feira de Santana,BA,2024/05/21,5.472,7,"R$ 2.119,00",3.9
CUST002673,Olivia Pastor,olivia.pastor@provedor.com.br,35.0,Feminino,Serra,es,2024-05-25,,9,"R$ 3.289,00",3.5
CUST000852,Erick Pires, erick.pires@email.com ,52.0,Masculino,,MG,24/07/2023,"R$ 3.919,00",7,"R$ 1.121,00",3.8
CUST005034,ana luiza rezende, ana.luiza.rezende@provedor.com.br ,24.0,fem,São Paulo,SP,24/06/2023,"R$ 6.484,00",8,2319,3.2
CUST004091,Heloisa Pinto,heloisa.pinto@webmail.com,46.0,Fem,Rio Verde,Goiás,2023-07-03,3592,3,"R$ 851,00",3.9
CUST004854,Ian Alves,ian.alves@email.com,66.0,male,Parintins,am,2023-01-29,4.992,11,2.626,4.4
CUST000081,Nina Siqueira,nina.siqueira@webmail.com,150.0,FEMININO,Caxias do Sul,RS,05/01/2025,4.063,4,"R$ 1.480,00",4.3
CUST003123,Pietro Pacheco,pietro.pacheco@provedor.com.br,18.0,male,Campinas,Sao Paulo,24/06/2024,3123,9,1.008,4.0
CUST000884,GAEL HENRIQUE FARIAS, gael.henrique.farias@email.com ,57.0,Masc,Serra,es,19/02/2022,"R$ 4.435,00",4,1.165,3.2
CUST001962,Arthur Gabriel da Paz, arthur.gabriel.da.paz@provedor.com.br ,29.0,MASCULINO,Porto Alegre,Rio Grande do Sul,2023/05/10,4968,6,1340,4.5
CUST001465,Pietra Leão,pietra.leao@correio.net,37.0,Feminino,Ananindeua,Pará,2023-12-28,"R$ 3.768,00",9,2.202,3.0
CUST000319,Cauã Castro,caua.castro@webmail.com,25.0,Masculino,Florianópolis,SC,01/12/2024,3278,3,"R$ 722,00",3.5
CUST000980,dr. isaque da cunha,DR..ISAQUE.DA.CUNHA@WEBMAIL.COM,46.0,Masc,,Goias,16/10/2024,2.656,10,3032,3.8
CUST002939,Eloá Barros,eloa.barros@email.com,38.0,fem,Blumenau,Santa Catarina,2026/07/24,"R$ 2.325,00",6,585,4.9
CUST004828,Dante Silva,dante.silva@correio.net,25.0,MASCULINO,Santos,Sao Paulo,2022/10/28,3926,2,616,4.2
CUST003261,Davi Lucca Nascimento,davi.lucca.nascimento@mail.com,35.0,Masculino,Uberlândia,mg,14-03-2024,3.229,4,"R$ 1.055,00",5.0
CUST002667,Dr. Bryan Sales,dr. .bryan.sales@webmail.com,65.0,M,Brasília,Distrito Federal,2023-05-20,"R$ 4.375,00",6,1.977,4.2
CUST002781,JOÃO MIGUEL SIQUEIRA,JOAO.MIGUEL.SIQUEIRA@EMAIL.COM,40.0,male,Uberlândia,minas gerais,26-01-2025,7124,10,3.299,3.9
CUST000216,dr. davi luiz martins,DR..DAVI.LUIZ.MARTINS@PROVEDOR.COM.BR,63.0,Masc,Parintins,AM,22/09/2022,"R$ 3.925,00",8,"R$ 2.525,00",4.4
CUST004823,Nicole Silveira,nicole.silveira@email.com,49.0,Feminino,Ananindeua,Pará,2023/12/03,"R$ 3.092,00",14,3.824,3.5
CUST000839,Antony da Costa,antony.da.costa@provedor.com.br,18.0,male,Caruaru,PE,26/12/2024,,6,"R$ 2.082,00",2.4
CUST001333,BENICIO SOUZA,BENICIO.SOUZA@MAIL.COM,43.0,M,Uberlândia,Minas Gerais,2022-10-23,"R$ 3.434,00",6,1445,5.0
CUST004919,Sra. Heloísa da Luz,SRA..HELOISA.DA.LUZ@EMAIL.COM,28.0,female,Juazeiro do Norte,Ceará,2022/09/17,4417,2,"R$ 587,00",4.9
CUST001915,Esther Nunes,ESTHER.NUNES@PROVEDOR.COM.BR,59.0,female,Parintins,Amazonas,09/12/2021,3646,9,1991,4.7
CUST004772,Olívia Novais, olivia.novais@provedor.com.br ,43.0,female,Ribeirão Preto,São Paulo,2023-01-05,3.415,669,"R$ 1.346,00",4.4
CUST003254,Fernanda Azevedo,fernanda. azevedo@provedor.com.br,38.0,F,Belém,PA,2024/04/08,,4,1.470,4.1
CUST004061,SOPHIE DIAS,sophie.dias@provedor.com.br,37.0,Fem,Anápolis,GO,2022/06/22,3252,10,226.560,3.1
CUST001687,HELLENA JESUS, hellena.jesus@correio.net ,30.0,Feminino,Belém,pa,2024-05-17,1777,10,"R$ 2.097,00",
CUST001530,Luiz Gustavo Novais,luiz.gustavo.novais@correio.net,34.0,male,Vitória da Conquista,BA,31/05/2021,"R$ 2.424,00",5,741,
CUST000635,ANA VITÓRIA RIOS,ana.vitoria.rios@mail.com,38.0,fem,Caruaru,PE,2024-02-14,"R$ 6.936,00",9,2901,4.3
CUST004993,Srta. Maria Helena Aragão,SRTA..MARIA.HELENA.ARAGAO@WEBMAIL.COM,,Fem,Vitória,es,24/12/2022,"R$ 1.334,00",8,1473,2.4
CUST003649,Sr. Gabriel Pastor,sr..gabriel.pastor@webmail.com,18.0,MASCULINO,Salvador,BA,2023-07-02,5.729,13,3.032,3.7
CUST004901,Luigi da Mota,luigi.da.mota@correio.net,24.0,MASCULINO,Parintins,amazonas,15-04-2024,,5,"R$ 1.588,00",4.1
CUST003440,augusto sousa,augusto.sousa@webmail.com,37.0,MASCULINO,,Para,07-01-2024,2884,7,716,4.0
CUST004698,DR. MATTEO NASCIMENTO,DR..MATTEO.NASCIMENTO@WEBMAIL.COM,49.0,M,Serra,es,2024-05-12,2949,10,"R$ 2.793,00",3.4
CUST000449,SAMUEL SILVA, samuel.silva@mail.com ,35.0,Masculino,,Sao Paulo,05-09-2023,"R$ 5.023,00",9,3.085,4.1
CUST001539,Ana Beatriz Fogaça,ana.beatriz.fogaca@correio.net,,fem,Belo Horizonte,mg,09-02-2025,3596,7,"R$ 2.204,00",4.0
CUST002273,Dra. Luana Pimenta, dra..luana.pimenta@email.com ,40.0,fem,,São Paulo,20-12-2023,"R$ 3.068,00",9,"R$ 1.936,00",3.6
CUST004550,Laís Silveira,lais.silveira@webmail.com,38.0,Fem,Curitiba,PR,2022-06-01,2.608,5,1.182,3.7
CUST002359,sra. raquel barros,sra. .raquel.barros@email.com,26.0,N/I,Salvador,BA,2024-07-22,3541,8,1914,4.8
CUST001254,Pedro Henrique Vieira,pedro.henrique.vieira@webmail.com,23.0,M,Campinas,São Paulo,16/08/2021,"R$ 1.469,00",9,1319,
CUST001006,Srta. Alícia Fernandes,SRTA..ALICIA.FERNANDES@CORREIO.NET,38.0,fem,Sorocaba,Sao Paulo,2024-12-05,2.385,10,1.226,4.0
CUST002698,Dr. João Felipe Porto,dr..joao.felipe.porto@email.com,46.0,Masculino,Porto Alegre,rs,06/11/2024,"R$ 3.182,00",7,2601,
CUST000426,Dr. Bento Gonçalves,dr. .bento.goncalves@webmail.com,27.0,masc,Várzea Grande,MT,2022-09-12,"R$ 2.358,00",8,"R$ 1.979,00",4.7
CUST004292,João Miguel Aparecida,JOAO.MIGUEL.APARECIDA@EMAIL.COM,35.0,MASCULINO,Porto Alegre,RS,2024/08/17,"R$ 2.969,00",7,1.454,4.8
CUST002039,Lara Câmara,lara.camara@webmail.com,44.0,female,Juazeiro do Norte,CE,2024/06/30,2.841,4,738,3.9
CUST003349,Manuela da Cruz,manuela.da.cruz@email.com,21.0,Feminino,Fortaleza,Ceara,12-09-2023,5.018,6,"R$ 1.979,00",
CUST000230,Léo Cavalcante,leo.cavalcante@email.com,,Masculino,São Paulo,SP,2024-10-11,2.376,4,810,3.1
CUST002563,Luiz Henrique Aragão,luiz.henrique.aragao@webmail.com,47.0,M,Ribeirão Preto,Sao Paulo,24-01-2024,4.083,6,1.072,3.9
CUST002955,Dra. Liz Silveira,dra..liz.silveira@email.com,34.0,fem,Belo Horizonte,MG,2025/01/04,2240,3,355,4.2
CUST003482,Srta. Kamilly Santos,srta..kamilly.santos@provedor.com.br,33.0,female,Duque de Caxias,Rio De Janeiro,18/05/2023,6209,6,"R$ 1.558,00",3.8
CUST002773,Eloá Nunes,eloa.nunes@mail.com,46.0,F,Rio Verde,Goiás,2023-11-24,3.651,2,"R$ 388,00",4.1
CUST004613,Eduardo Santos,eduardo. santos@email.com,42.0,MASCULINO,Porto Alegre,RS,19-08-2025,"R$ 4.976,00",5,1296,3.2
CUST004349,SRTA. ESTER RODRIGUES, srta..ester.rodrigues@provedor.com.br ,42.0,FEMININO,Brasília,Distrito Federal,03/01/2023,5350,7,2306,4.7
CUST003395,Ayla Ramos,ayla.ramos@email.com,53.0,female,Recife,PE,28-11-2021,4022,7,203.817,
CUST002152,Maria Sophia Souza,MARIA.SOPHIA.SOUZA@MAIL.COM,47.0,Fem,Belo Horizonte,mg,2025-02-24,"R$ 3.183,00",5,"R$ 1.264,00",4.9
CUST001327,ZOE FERREIRA,zoe.ferreira@provedor.com.br,35.0,F,Santos,SP,2023-05-01,"R$ 2.773,00",3,777,3.9
CUST001206,Murilo Freitas,murilo. freitas@email.com,38.0,male,Santos,SÃO PAULO,2023/11/26,,5,1588,
CUST004814,Enrico Marques,ENRICO.MARQUES@CORREIO.NET,50.0,male,Caxias do Sul,rs,2024-09-07,4.448,9,2.130,3.5
CUST004965,Brenda Nascimento,brenda. nascimento@email.com,29.0,F,Maringá,Paraná,23-02-2023,2520,5,"R$ 1.561,00",4.5
CUST004649,Matheus Cassiano,matheus.cassiano@email.com,19.0,male,Blumenau,SC,2024/02/23,3.485,6,728,4.9
CUST003187,Augusto Teixeira,augusto.teixeira@provedor.com.br,36.0,N/I,Porto Alegre,rio grande do sul,2022-11-25,"R$ 3.684,00",7,1781,5.0
CUST004524,Bianca Ramos,BIANCA.RAMOS@PROVEDOR.COM.BR,38.0,FEMININO,Brasília,Distrito Federal,29-06-2025,,13,1675,
CUST002290,SR. PIETRO FREITAS,sr..pietro.freitas@provedor.com.br,18.0,masc,Brasília,Distrito Federal,07-11-2022,2089,7,1.530,4.3
CUST000475,Henry Gabriel Lima,henry. gabriel.lima@mail.com,39.0,MASCULINO,Niterói,RJ ,2023/12/16,1.188,8,1490,
CUST001480,Ana Júlia Albuquerque,ANA.JULIA.ALBUQUERQUE@EMAIL.COM,37.0,Fem,Recife,PE,2024-01-15,2.042,7,2.069,3.6
CUST004352,Sr. Bento Silva, sr..bento.silva@provedor.com.br ,46.0,M,Florianópolis,Santa Catarina,2024/01/22,4601,5,1517,5.0
CUST001053,rael da luz,rael.da.luz@webmail.com,42.0,male,Caxias do Sul,rs,2024/03/17,6674,12,"R$ 835,00",3.1
CUST000570,Otto Castro,otto.castro@email.com,,M,Maringá,PR,2022-05-07,1.722,5,1.006,3.9
CUST000106,Otto Ribeiro,OTTO.RIBEIRO@PROVEDOR.COM.BR,18.0,masc,Juiz de Fora,Minas Gerais,20/10/2025,3259,5,"R$ 1.019,00",3.9
CUST002202,Caroline Borges,CAROLINE.BORGES@MAIL.COM,28.0,FEMININO,Fortaleza,Ceara,2022-11-20,3423,8,1406,5.0
CUST003604,SRTA. ÁGATHA VARGAS, srta..agatha.vargas@provedor.com.br ,26.0,Fem,São Paulo,SP,26/05/2023,,5,"R$ 2.070,00",4.9
CUST003121,Sr. Brayan Vasconcelos,SR..BRAYAN.VASCONCELOS@WEBMAIL.COM,32.0,Outro,Niterói,RJ ,2022-05-25,3.093,2,"R$ 377,00",3.1
CUST004771,Lucas Nogueira, lucas.nogueira@email.com ,65.0,Masculino,Belém,pa,21-11-2021,"R$ 5.402,00",8,"R$ 2.481,00",4.2
CUST000254,João Guilherme Novais,JOAO.GUILHERME.NOVAIS@CORREIO.NET,44.0,MASCULINO,Goiânia,go,2024-03-06,2559,5,1.337,4.9
CUST003839,Sr. Enrico Montenegro,SR..ENRICO.MONTENEGRO@PROVEDOR.COM.BR,35.0,MASCULINO,Pelotas,RS,19-03-2023,2674,5,"R$ 893,00",4.3
CUST001972,Murilo Nunes, murilo.nunes@email.com ,40.0,MASCULINO,Rio de Janeiro,RJ ,24/12/2022,9535,4,"R$ 1.086,00",3.8
CUST001423,heloísa câmara,heloisa.camara@mail.com,38.0,FEMININO,Sorocaba,SÃO PAULO,2022-04-26,2697,1,257,4.7
CUST001287,gabriel jesus,gabriel.jesus@mail.com,37.0,N/I,Cuiabá,Mato Grosso,2022-01-18,"R$ 4.562,00",6,1.891,5.0
CUST002502,Eduardo Castro,eduardo.castro@webmail.com,18.0,masc,Petrópolis,RJ,2024-01-02,2943,8,1363,4.2
CUST002503,danilo aparecida,danilo.aparecida@mail.com,32.0,Masculino,Duque de Caxias,rio de janeiro,22-12-2022,"R$ 5.306,00",10,"R$ 3.412,00",5.0
CUST002535,Oliver Carvalho,OLIVER.CARVALHO@CORREIO.NET,33.0,male,Ribeirão Preto,São Paulo,27-01-2024,2.777,4,"R$ 748,00",3.5
CUST002196,CAUÊ GOMES, caue.gomes@email.com ,22.0,Masculino,Sorocaba,Sao Paulo,2025-05-08,"R$ 2.837,00",8,1.794,3.3
CUST004944,sra. clarice cassiano,sra. .clarice.cassiano@provedor.com.br,18.0,outro,Anápolis,GO,14-07-2025,1524,7,1151,
CUST004578,renan costela, renan.costela@correio.net ,49.0,Masc,Blumenau,sc,26/09/2024,4.773,7,2.685,
CUST002306,Luara Moura,luara. moura@webmail.com,19.0,Feminino,Cuiabá,mato grosso,29-04-2022,1999,6,"R$ 1.273,00",3.6
CUST003318,sr. gustavo henrique nogueira, sr..gustavo.henrique.nogueira@correio.net ,40.0,N/I,Duque de Caxias,rio de janeiro,28/07/2024,2.793,8,1844,2.7
CUST004384,pedro miguel siqueira, pedro.miguel.siqueira@correio.net ,18.0,Masc,Contagem,MG,2025/01/23,2797,6,"R$ 1.163,00",3.9
CUST001764,João da Cruz,joao.da.cruz@correio.net,49.0,male,Santos,São Paulo,2022-03-31,3.296,8,2.085,4.0
CUST003534,Jade Sá,jade. sa@webmail.com,54.0,F,Ribeirão Preto,sp,2022-10-24,3656,10,3.167,4.3
CUST001313,Clara Campos,clara.campos@mail.com,42.0,Fem,,MT,2023-04-08,9332,14,5429,3.8
CUST004721,Theodoro Freitas, theodoro.freitas@email.com ,54.0,Masculino,Caxias do Sul,rio grande do sul,18-01-2024,"R$ 5.648,00",7,"R$ 2.397,00",3.3
CUST004717,sra. alexia mendonça,sra..alexia.mendonca@provedor.com.br,37.0,FEMININO,Juiz de Fora,mg,28/05/2024,"R$ 1.993,00",7,"R$ 1.225,00",3.1
CUST004646,Luiz Gustavo Pacheco,luiz. gustavo.pacheco@correio.net,30.0,masc,Salvador,bahia,30/04/2022,"R$ 2.609,00",4,1.085,4.3
CUST004001,Arthur Camargo, arthur.camargo@email.com ,28.0,Masculino,Olinda,Pernambuco,10/05/2025,"R$ 3.935,00",9,"R$ 2.692,00",3.9
CUST004006,davi albuquerque,DAVI.ALBUQUERQUE@EMAIL.COM,29.0,M,Manaus,am,2023-10-25,4505,5,"R$ 1.297,00",5.0
CUST004921,Leandro Farias,leandro.farias@webmail.com,53.0,outro,Caxias do Sul,RS,16/01/2025,2.980,8,2.022,4.4
CUST003847,Diego Vargas, diego.vargas@email.com ,43.0,male,Contagem,Minas Gerais,15-12-2022,2295,6,"R$ 838,00",3.8
CUST003805,dr. theodoro das neves,dr..theodoro.das.neves@email.com,41.0,M,Belém,Para,2024/05/11,"R$ 5.216,00",6,1.198,3.4
CUST000391,MARIA CÂMARA,maria.camara@mail.com,47.0,FEMININO,Campinas,SÃO PAULO,25-08-2023,3271,6,"R$ 1.089,00",4.0
CUST003680,Sra. Gabriela Nascimento,sra..gabriela.nascimento@correio.net,45.0,Fem,Manaus,AM,28-10-2021,3356,8,2517,3.6
CUST002441,Clarice Oliveira,clarice.oliveira@webmail.com,40.0,F,Sorocaba,sp,2024/03/20,2.310,7,1737,3.0
CUST005003,theodoro rodrigues,theodoro.rodrigues@provedor.com.br,48.0,Masc,São Paulo,SP,2023/10/21,3036,7,1.412,4.3
CUST001683,Fernando Moreira,FERNANDO.MOREIRA@CORREIO.NET,32.0,M,Joinville,sc,2024-08-28,1.492,12,"R$ 2.586,00",3.9
CUST000007,Amanda Novais,amanda. novais@email.com,18.0,Feminino,Florianópolis,SC,25-12-2023,"R$ 4.269,00",2,"R$ 360,00",
CUST002298,Luiz Felipe Aragão,luiz.felipe.aragao@webmail.com,33.0,Masculino,Blumenau,SC,2024/04/15,2367,9,1.970,3.4
CUST000463,Sra. Ana Lívia Borges,sra..ana.livia.borges@provedor.com.br,21.0,FEMININO,Parintins,am,02/03/2023,"R$ 1.996,00",6,"R$ 2.333,00",2.1
CUST003438,gabriel abreu, gabriel.abreu@email.com ,46.0,Masculino,Vila Velha,Espírito Santo,2025/07/14,3.411,5,223.938,
CUST005061,renan costela,renan.costela@email.com,50.0,Masc,Blumenau,santa catarina,2024/10/03,4.855,9,2438,3.1
CUST000661,ISAAC VIEIRA,isaac.vieira@provedor.com.br,61.0,M,Juiz de Fora,mg,2024-08-08,4039,6,1854,5.0
CUST004891,Henrique Peixoto,henrique.peixoto@email.com,55.0,Masculino,Porto Alegre,RS,2022-11-28,2718,6,1694,3.9
CUST003532,davi lucas oliveira,davi.lucas.oliveira@mail.com,56.0,Masculino,Feira de Santana,BA,2024/08/24,"R$ 375.726,00",12,3.179,3.5
CUST003545,Isaac Andrade,isaac.andrade@email.com,40.0,N/I,Niterói,rio de janeiro,07-01-2025,"R$ 4.180,00",7,"R$ 1.575,00",4.1
CUST000185,SRTA. BIANCA VASCONCELOS,srta..bianca.vasconcelos@email.com,52.0,female,Vitória da Conquista,Bahia,2024-09-24,,12,2656,3.7
CUST003821,Gabriel Novaes,gabriel.novaes@webmail.com,31.0,MASCULINO,Caruaru,PE ,03-11-2023,2.103,6,"R$ 1.292,00",3.7
CUST003529,Fernando Peixoto,fernando.peixoto@correio.net,30.0,male,Uberlândia,mg,2021-03-20,"R$ 3.129,00",8,"R$ 1.641,00",5.0
CUST001202,Isadora Brito, isadora.brito@email.com ,40.0,F,Vitória da Conquista,BA ,2025-02-21,2948,3,838,4.7
CUST000519,erick pereira,ERICK.PEREIRA@MAIL.COM,43.0,M,São Paulo,SÃO PAULO,03-06-2024,6.095,8,"R$ 1.578,00",3.3
CUST002984,Sra. Maria Sophia Barros, sra..maria.sophia.barros@provedor.com.br ,33.0,Feminino,Petrópolis,RJ ,18/04/2024,3.711,3,"R$ 809,00",4.8
CUST000274,kevin albuquerque,kevin.albuquerque@correio.net,30.0,M,Caxias do Sul,RS,29/12/2023,"R$ 3.462,00",4,"R$ 966,00",3.6
CUST003741,Luísa Mendes,luisa.mendes@email.com,57.0,Fem,Rio de Janeiro,Rio De Janeiro,2024-03-10,4479,3,985,3.3
CUST001689,emilly pinto,emilly.pinto@webmail.com,39.0,FEMININO,São Paulo,São Paulo,05/08/2023,1400,7,1.748,4.1
CUST004615,bárbara araújo, barbara.araujo@email.com ,48.0,Feminino,Pelotas,rio grande do sul,2023/11/08,322852,7,"R$ 1.626,00",3.4
CUST001424,Srta. Hadassa Siqueira,SRTA..HADASSA.SIQUEIRA@CORREIO.NET,18.0,FEMININO,Caruaru,PE,2025-03-19,1.763,12,"R$ 3.557,00",4.6
CUST001921,Maria Clara Marques,maria.clara.marques@webmail.com,38.0,fem,Niterói,Rio de Janeiro,2022-09-01,3844,9,1.729,2.7
CUST002165,Rael da Rosa,RAEL.DA.ROSA@EMAIL.COM,30.0,Masc,Brasília,distrito federal,09/02/2025,6510,8,2050,4.0
CUST001284,Marina Rezende, marina.rezende@provedor.com.br ,30.0,female,Londrina,PR,22/07/2024,1.798,9,2026,3.5
CUST003633,YAN MONTEIRO,yan.monteiro@mail.com,72.0,male,Uberlândia,Minas Gerais,08/07/2024,5.033,3,857,4.1
CUST001768,MARIA CUNHA,maria.cunha@email.com,41.0,FEMININO,Niterói,rio de janeiro,23/08/2022,,7,"R$ 1.909,00",5.0
CUST004248,sarah fogaça, sarah.fogaca@webmail.com ,34.0,FEMININO,Várzea Grande,Mato Grosso,2023-04-04,,5,835,4.8
CUST004754,Gael Oliveira, gael.oliveira@webmail.com ,39.0,MASCULINO,Ribeirão Preto,São Paulo,2022-06-02,"R$ 5.288,00",5,1.651,4.3
CUST004808,Sarah Barros, sarah.barros@provedor.com.br ,26.0,F,Porto Alegre,Rio Grande do Sul,15/08/2022,3549,7,"R$ 1.212,00",3.3
CUST000828,Anna Liz Rodrigues, anna.liz.rodrigues@provedor.com.br ,57.0,outro,Juazeiro do Norte,ce,17-01-2022,5.147,3,625,3.4
CUST002169,thiago alves,THIAGO.ALVES@MAIL.COM,58.0,Masc,São Paulo,sp,13/06/2024,5.493,11,3191,2.5
CUST002309,Sra. Lívia da Mata,sra..livia.da.mata@webmail.com,43.0,Fem,Londrina,pr,08/12/2022,6192,11,"R$ 3.461,00",4.5
CUST001056,Dr. Paulo Cavalcante,DR..PAULO.CAVALCANTE@MAIL.COM,19.0,male,Anápolis,go,20/03/2024,3023,4,991,3.2
CUST002724,AYLA DA COSTA,ayla. da.costa@email.com,41.0,FEMININO,Joinville,Santa Catarina,04-04-2024,"R$ 6.358,00",6,1814,4.2
CUST003344,Melina Sousa,MELINA.SOUSA@PROVEDOR.COM.BR,46.0,F,Porto Alegre,RS,2025-09-06,3.024,7,1580,4.0
CUST003136,Dra. Amanda Marques,DRA..AMANDA.MARQUES@PROVEDOR.COM.BR,40.0,Fem,Pelotas,Rio Grande do Sul,07-04-2025,2.844,3,798,3.2
CUST000981,Sr. Otávio Vieira,sr..otavio.vieira@correio.net,50.0,male,Juazeiro do Norte,ce,19/11/2024,"R$ 1.905,00",8,1.320,4.1
CUST000241,dr. anthony gabriel leão,dr..anthony.gabriel.leao@provedor.com.br,,MASCULINO,,São Paulo,06-09-2022,4205,8,918,
CUST001909,Sra. Maysa Siqueira,SRA..MAYSA.SIQUEIRA@MAIL.COM,-5.0,fem,Pelotas,RS,13/04/2024,"R$ 2.693,00",5,1458,
CUST003907,Esther Rocha,ESTHER.ROCHA@CORREIO.NET,25.0,Fem,Campinas,Sao Paulo,23/03/2025,9218,10,2150,4.7
CUST003970,Dr. Marcos Vinicius Dias, dr..marcos.vinicius.dias@mail.com ,20.0,Masculino,Vitória da Conquista,Bahia,05/06/2022,2.009,7,1.572,3.1
CUST004140,Anthony Gabriel Marques,ANTHONY.GABRIEL.MARQUES@EMAIL.COM,44.0,Masc,São Paulo,SÃO PAULO,2024-03-11,4.310,8,"R$ 2.014,00",4.6
CUST002341,Dr. Pietro Almeida, dr..pietro.almeida@mail.com ,41.0,Masc,Santos,Sao Paulo,2024/12/30,7.884,12,2.534,4.6
CUST000721,luiz otávio sá,luiz.otavio.sa@correio.net,,masc,Ribeirão Preto,SÃO PAULO,2022-12-05,1.915,7,1.696,3.4
CUST000469,Dr. Benjamim da Paz,dr. .benjamim.da.paz@webmail.com,34.0,Masculino,Feira de Santana,BA ,2022-12-30,2380,6,1308,4.2
CUST001859,Maria Fernanda Correia,maria.fernanda.correia@email.com,38.0,female,Santos,São Paulo,2025-02-19,"R$ 4.924,00",13,3569,5.0
CUST002093,José Duarte,jose.duarte@email.com,52.0,Masculino,Contagem,minas gerais,2023-12-20,"R$ 1.697,00",7,1374,3.5
CUST003081,DR. MATTEO NASCIMENTO,DR..MATTEO.NASCIMENTO@MAIL.COM,41.0,Masculino,Caxias do Sul,RS,22/05/2024,"R$ 3.562,00",6,"R$ 2.138,00",4.0
CUST001778,Maria Fernanda Pinto,MARIA.FERNANDA.PINTO@EMAIL.COM,42.0,fem,Várzea Grande,Mato Grosso,2021-04-15,"R$ 3.470,00",8,1640,3.4
CUST004317,ester ribeiro,ester.ribeiro@provedor.com.br,33.0,Feminino,Sorocaba,SÃO PAULO,2023-11-26,"R$ 2.318,00",7,"R$ 1.287,00",4.0
CUST000127,Ana Júlia Borges,ANA.JULIA.BORGES@WEBMAIL.COM,36.0,FEMININO,Juazeiro do Norte,Ceará,01-11-2023,"R$ 2.219,00",9,2774,4.0
CUST002958,nathan machado, nathan.machado@webmail.com ,32.0,Masculino,Santos,SP,2025-01-01,4.828,10,2205,3.8
CUST004736,Maria Vitória Almeida, maria.vitoria.almeida@provedor.com.br ,27.0,Feminino,Fortaleza,ce,31/05/2024,6137,4,"R$ 1.083,00",4.8
CUST003972,ALEXIA CAVALCANTI, alexia.cavalcanti@provedor.com.br ,30.0,Feminino,Recife,PE ,14-03-2024,"R$ 4.759,00",12,4021,5.0
CUST001987,Pedro da Rocha,pedro.da.rocha@correio.net,49.0,M,Juiz de Fora,Minas Gerais,22/07/2023,2839,7,"R$ 2.428,00",5.0
CUST000652,GUILHERME CAMPOS,guilherme.campos@email.com,45.0,male,Pelotas,Rio Grande do Sul,30/04/2024,3.913,9,1888,3.8
CUST003425,Stephany Vieira,STEPHANY.VIEIRA@MAIL.COM,23.0,F,Ribeirão Preto,SÃO PAULO,02/08/2023,5.575,9,2.686,3.0
CUST000235,srta. ana vitória pastor,srta..ana.vitoria.pastor@email.com,,F,Uberlândia,MG,2024/01/19,"R$ 2.353,00",5,1241,3.5
CUST001405,Eduarda Mendonça,EDUARDA.MENDONCA@EMAIL.COM,38.0,Fem,Belém,PA,2024-12-30,"R$ 3.990,00",8,"R$ 2.814,00",4.3
CUST000289,Lorena Nunes,lorena. nunes@provedor.com.br,29.0,F,Ribeirão Preto,SP,2025/02/13,"R$ 1.254,00",7,1999,3.4
CUST002842,Dr. Davi Lucca Fogaça,DR..DAVI.LUCCA.FOGACA@WEBMAIL.COM,37.0,Masc,Ribeirão Preto,Sao Paulo,2022-08-18,1.462,7,1470,4.0
CUST002509,vitor da rosa, vitor.da.rosa@correio.net ,33.0,N/I,Ananindeua,Para,2024/08/03,3.480,8,"R$ 2.293,00",3.8
CUST003504,Eloá Araújo,eloa.araujo@email.com,42.0,Feminino,Caxias do Sul,Rio Grande do Sul,2024-04-14,7.964,15,"R$ 4.783,00",4.2
CUST000199,Anna Liz Carvalho,ANNA.LIZ.CARVALHO@EMAIL.COM,33.0,fem,Rio Verde,go,22/12/2023,"R$ 2.376,00",8,1270,2.9
CUST005069,DR. MATHIAS DA CONCEIÇÃO,DR..MATHIAS.DA.CONCEICAO@PROVEDOR.COM.BR,40.0,MASCULINO,Joinville,SC,2023-12-10,"R$ 1.209,00",8,1.198,3.7
CUST001813,Noah Campos,noah.campos@mail.com,40.0,M,Duque de Caxias,Rio de Janeiro,2024/07/05,4.920,603,2.052,3.6
CUST002763,Srta. Joana Cavalcanti,SRTA..JOANA.CAVALCANTI@CORREIO.NET,18.0,FEMININO,Sorocaba,SP,18-04-2024,"R$ 2.765,00",6,"R$ 1.301,00",3.2
CUST002095,rael porto,RAEL.PORTO@WEBMAIL.COM,28.0,N/I,Uberlândia,minas gerais,11/11/2022,"R$ 7.104,00",12,3.627,4.3
CUST001643,Maria Clara Gonçalves, maria.clara.goncalves@provedor.com.br ,29.0,Feminino,,AM,2022-08-23,1679,9,2081,2.6
CUST004396,Eloah Campos,eloah.campos@email.com,68.0,F,Petrópolis,Rio De Janeiro,27-02-2024,3276,3,732,4.5
CUST000775,Felipe Andrade,FELIPE.ANDRADE@WEBMAIL.COM,20.0,Masc,Várzea Grande,mato grosso,2024/10/02,"R$ 3.469,00",10,2.495,2.9
CUST003379,Maria Fernanda Mendonça, maria.fernanda.mendonca@correio.net ,34.0,Feminino,Belo Horizonte,MG,2024-02-17,4384,9,3.054,3.2
CUST001098,Maria Isis Borges,maria. isis.borges@mail.com,42.0,FEMININO,Santos,São Paulo,24-11-2023,4485,8,"R$ 210.011,00",
CUST002186,Eduarda da Mota,eduarda.da.mota@mail.com,30.0,Fem,Ribeirão Preto,SÃO PAULO,2024/03/12,,10,2.217,3.8
CUST003689,Ana Liz Vieira,ANA.LIZ.VIEIRA@PROVEDOR.COM.BR,44.0,Fem,Duque de Caxias,rio de janeiro,04/02/2022,5.748,8,"R$ 2.561,00",4.3
CUST005011,MARCOS VINICIUS REZENDE, marcos.vinicius.rezende@provedor.com.br ,26.0,Masculino,Sobral,Ceará,2023-02-04,4002,9,"R$ 2.450,00",4.0
CUST004689,maria fernanda abreu, maria.fernanda.abreu@provedor.com.br ,31.0,Feminino,São Paulo,SP,2025/04/11,6.880,10,3585,4.2
CUST000694,Dr. Luiz Felipe Guerra,DR..LUIZ.FELIPE.GUERRA@PROVEDOR.COM.BR,64.0,male,Olinda,PE ,2022-08-14,4170,11,4.445,2.9
CUST001628,Josué Viana,JOSUE.VIANA@PROVEDOR.COM.BR,32.0,masc,Sorocaba,sp,11-08-2023,2.346,9,1897,
CUST000043,MATHEUS GARCIA,MATHEUS.GARCIA@MAIL.COM,29.0,male,Pelotas,rs,26-11-2023,"R$ 256.084,00",6,1.154,4.2
CUST004321,Dr. Henrique Sá,dr..henrique.sa@provedor.com.br,38.0,Outro,Ribeirão Preto,SP,18-05-2022,2.631,9,"R$ 1.188,00",4.4
CUST003210,Lucca Lima, lucca.lima@correio.net ,31.0,Masculino,Caruaru,PE ,30/12/2023,"R$ 2.797,00",6,755,4.8
CUST001095,sra. alexia albuquerque,sra..alexia.albuquerque@mail.com,46.0,fem,Ananindeua,PA,21-09-2023,3.988,3,416,4.1
CUST002808,Sra. Clarice Novais,sra..clarice.novais@provedor.com.br,18.0,female,Curitiba,PR,2023/07/12,1830,8,1.570,3.1
CUST001448,Alice Rios,ALICE.RIOS@CORREIO.NET,23.0,fem,Olinda,PE ,25-04-2024,2.280,2,"R$ 419,00",3.5
CUST004535,nicolas abreu,NICOLAS.ABREU@PROVEDOR.COM.BR,33.0,male,Joinville,sc,11-09-2023,2399,8,"R$ 538,00",5.0
CUST004992,pedro miguel souza, pedro.miguel.souza@webmail.com ,37.0,MASCULINO,Manaus,Amazonas,2025/02/20,5793,6,"R$ 2.256,00",4.9
CUST000556,Eduardo Barbosa,eduardo.barbosa@webmail.com,23.0,male,Juiz de Fora,MG,24/12/2023,2949,16,"R$ 2.016,00",3.7
CUST000249,JOAQUIM SÁ,joaquim. sa@mail.com,39.0,male,Belo Horizonte,MG,2021/11/03,2632,3,"R$ 127.361,00",4.8
CUST000709,Sabrina Peixoto,SABRINA.PEIXOTO@WEBMAIL.COM,24.0,F,Sobral,Ceará,2023-03-22,4011,5,1.174,3.4
CUST003180,Marcelo Ribeiro, marcelo.ribeiro@email.com ,44.0,male,Campinas,SP,2023-04-24,"R$ 2.785,00",4,927,3.8
CUST002468,Ágatha Camargo,agatha.camargo@correio.net,36.0,Fem,Salvador,Bahia,15/09/2024,"R$ 1.963,00",1,243,4.1
CUST001180,marcelo marques,marcelo.marques@correio.net,45.0,masc,Duque de Caxias,Rio de Janeiro,12-04-2022,1.763,3,776,3.5
CUST000162,Sr. Luiz Otávio Lopes,SR..LUIZ.OTAVIO.LOPES@MAIL.COM,27.0,male,Curitiba,Parana,2023/03/14,5181,0,"R$ 0,00",4.0
CUST002127,Valentina Costela,VALENTINA.COSTELA@PROVEDOR.COM.BR,29.0,N/I,Juazeiro do Norte,Ceara,2024/04/20,982,4,1.075,3.6
CUST003007,Samuel Abreu, samuel.abreu@provedor.com.br ,50.0,Masc,Contagem,Minas Gerais,08/06/2021,2.750,3,790,4.1
CUST001450,Dr. Dom Borges,dr..dom.borges@mail.com,42.0,Masculino,Porto Alegre,Rio Grande do Sul,2024-10-10,3294,10,2.356,4.3
CUST004360,ANA SOPHIA RAMOS,ana.sophia.ramos@email.com,22.0,fem,Santos,sp,25/09/2022,2443,6,1.533,3.4
CUST003679,Manuela da Rosa,manuela.da.rosa@webmail.com,47.0,Fem,Niterói,Rio de Janeiro,20/08/2025,4.539,8,"R$ 1.691,00",2.7
CUST000224,Bernardo Vasconcelos,bernardo. vasconcelos@webmail.com,58.0,male,,mg,2024/02/10,"R$ 3.412,00",6,"R$ 1.046,00",4.5
CUST000702,LUARA CORREIA,LUARA.CORREIA@EMAIL.COM,38.0,FEMININO,Brasília,Distrito Federal,2024-08-30,2.910,8,2.356,3.6
CUST000690,Bento Castro,bento.castro@correio.net,54.0,Masculino,Niterói,RJ,03/07/2024,2.376,6,1.263,4.8
CUST003506,Benjamim Campos,benjamim.campos@provedor.com.br,35.0,Não binário,São Paulo,Sao Paulo,17/04/2023,4135,14,4328,5.0
CUST000665,benício das neves,benicio.das.neves@provedor.com.br,35.0,Outro,Campinas,SP,19/02/2025,"R$ 2.878,00",8,"R$ 2.248,00",3.8
CUST004144,luiz gustavo ribeiro,luiz.gustavo.ribeiro@correio.net,27.0,Masc,Porto Alegre,rs,24-05-2022,,4,985,4.6
CUST001877,luigi leão,LUIGI.LEAO@MAIL.COM,21.0,Outro,Niterói,Rio de Janeiro,24/08/2022,1198,5,1.150,4.5
CUST003284,Camila Freitas, camila.freitas@provedor.com.br ,28.0,female,São Paulo,Sao Paulo,2024-08-20,1683,5,1274,4.7
CUST004297,Ísis Costela,isis.costela@email.com,,Feminino,Santos,SP,18/01/2025,2.714,7,1630,5.0
CUST004751,Dr. Otávio Guerra,dr..otavio.guerra@mail.com,,MASCULINO,Caxias do Sul,Rio Grande do Sul,18/12/2022,10757,8,"R$ 2.449,00",3.5
CUST004752,Ester Souza,ESTER.SOUZA@CORREIO.NET,23.0,FEMININO,,SÃO PAULO,21/05/2024,3135,9,2.410,3.4
CUST001437,João Gabriel Pinto,joao.gabriel.pinto@provedor.com.br,50.0,Masculino,Londrina,Paraná,2023-05-15,3.005,7,1.611,3.7
CUST004583,ana vitória aragão,ana.vitoria.aragao@mail.com,32.0,F,,BA ,16/09/2024,1.913,9,2406,5.0
CUST001740,LUIZ MIGUEL DA COSTA, luiz.miguel.da.costa@email.com ,58.0,masc,Duque de Caxias,Rio De Janeiro,24/04/2024,"R$ 3.569,00",9,"R$ 2.358,00",3.9
CUST004092,DRA. MARIA LUIZA GONÇALVES,DRA..MARIA.LUIZA.GONCALVES@CORREIO.NET,150.0,female,Goiânia,GO,05/10/2024,7498,3,"R$ 946,00",3.4
CUST004573,Eduardo Caldeira,EDUARDO.CALDEIRA@WEBMAIL.COM,150.0,M,Juazeiro do Norte,Ceara,14/06/2025,2529,5,1250,
CUST000626,bruno lopes,BRUNO.LOPES@MAIL.COM,18.0,masc,Curitiba,PR,2023/11/16,"R$ 2.131,00",10,1836,3.7
CUST002962,kevin barros,kevin.barros@provedor.com.br,52.0,Não binário,Petrópolis,RJ,07/04/2022,5.434,8,1.502,3.5
CUST004956,Antônio Carvalho,antonio.carvalho@webmail.com,50.0,M,Joinville,Santa Catarina,2023/08/26,3.816,5,"R$ 1.578,00",5.0
CUST000429,Antônio Aragão,antonio.aragao@provedor.com.br,21.0,Masc,Sobral,CE,07-07-2022,"R$ 1.560,00",2,409,5.0
CUST004599,Esther Garcia,esther.garcia@mail.com,33.0,Fem,Niterói,rio de janeiro,2024-06-15,2809,9,1.778,3.9
CUST003311,Isaque Costa,isaque.costa@email.com,56.0,Masculino,Santos,Sao Paulo,23-12-2024,2151,5,1.418,4.1
CUST003642,Larissa Mendonça,larissa. mendonca@webmail.com,29.0,Fem,Uberlândia,mg,07-01-2024,7745,5,1482,
CUST002794,Sofia Pinto,SOFIA.PINTO@CORREIO.NET,49.0,FEMININO,,rio grande do sul,19-01-2025,3689,7,1.953,4.7
CUST002074,maria luiza vasconcelos,maria.luiza.vasconcelos@provedor.com.br,36.0,Feminino,,go,2023-05-15,3010,4,811,3.6
CUST000635,ANA VITÓRIA RIOS,ana.vitoria.rios@mail.com,38.0,fem,Caruaru,PE,2024/12/07,"R$ 6.936,00",11,2901,4.3
CUST003423,JOÃO FELIPE SÁ,JOAO.FELIPE.SA@MAIL.COM,33.0,Masc,Maringá,pr,2024-06-03,2622,3,"R$ 583,00",4.5
CUST003929,Davi Ferreira,davi.ferreira@email.com,62.0,masc,Ribeirão Preto,SÃO PAULO,2024-01-07,"R$ 8.126,00",13,"R$ 5.216,00",3.4
CUST003138,Cauê Caldeira,caue.caldeira@email.com,36.0,Masc,São Paulo,sp,2023-09-24,3737,4,1.330,4.8
CUST001963,Antony Moreira, antony.moreira@mail.com ,50.0,male,Santos,SP,22/06/2025,2496,12,"R$ 2.245,00",4.8
CUST003499,Davi Miguel Macedo,davi.miguel.macedo@correio.net,18.0,masc,Cuiabá,mt,2024/06/05,2.627,5,1278,4.4
CUST002140,Marcela Novais,marcela.novais@provedor.com.br,25.0,FEMININO,Brasília,Distrito Federal,2024/08/19,3244,5,862,3.8
CUST001017,Sr. Cauã Nascimento,sr..caua.nascimento@provedor.com.br,40.0,masc,Porto Alegre,rs,2024-06-21,4.403,368,2847,4.3
CUST003391,dra. ana sampaio,dra..ana.sampaio@provedor.com.br,35.0,fem,Joinville,Santa Catarina,23-06-2024,"R$ 3.012,00",6,"R$ 2.197,00",
CUST001728,André Borges, andre.borges@provedor.com.br ,40.0,male,Santos,SÃO PAULO,23-11-2023,3.621,5,1.098,3.9
CUST002277,SRA. MARIAH FOGAÇA,SRA..MARIAH.FOGACA@MAIL.COM,18.0,Feminino,Curitiba,Paraná,2023-02-06,5.255,6,1.812,2.8
CUST003758,Fernando Rocha,fernando.rocha@mail.com,38.0,M,Salvador,Bahia,07/06/2024,"R$ 1.531,00",6,"R$ 1.290,00",3.1
CUST004089,João Felipe da Costa,JOAO.FELIPE.DA.COSTA@EMAIL.COM,33.0,male,Brasília,Distrito Federal,23/03/2024,2292,7,1.774,3.4
CUST003361,Sr. Joaquim Lima, sr..joaquim.lima@provedor.com.br ,19.0,M,Anápolis,Goiás,2023-04-09,"R$ 3.163,00",5,"R$ 1.091,00",2.8
CUST001124,Ana Cecília Araújo, ana.cecilia.araujo@email.com ,35.0,Feminino,Curitiba,Paraná,04-12-2021,2.872,8,"R$ 1.630,00",4.4
CUST002839,Nathan da Paz,NATHAN.DA.PAZ@PROVEDOR.COM.BR,48.0,Masculino,Ribeirão Preto,SÃO PAULO,25-02-2025,,3,984,2.9
CUST003504,Eloá Araújo,eloa.araujo@email.com,42.0,Feminino,Caxias do Sul,Rio Grande do Sul,2024-04-14,7.964,15,"R$ 4.783,00",4.2
CUST004239,Sra. Heloisa Costa,sra. .heloisa.costa@provedor.com.br,41.0,Fem,Sorocaba,São Paulo,18-03-2021,"R$ 2.220,00",8,1.923,4.7
CUST001478,Dra. Isadora Mendes,dra..isadora.mendes@provedor.com.br,35.0,F,Feira de Santana,bahia,27/01/2024,"R$ 1.657,00",7,2.386,3.4
CUST000598,Maria da Costa, maria.da.costa@mail.com ,,female,Brasília,df,24/01/2025,2399,8,"R$ 2.745,00",3.7
CUST003247,Matteo Azevedo,MATTEO.AZEVEDO@EMAIL.COM,50.0,MASCULINO,Manaus,am,16/07/2024,3.569,7,2525,4.2
CUST003124,Bryan Araújo,bryan.araujo@correio.net,44.0,male,Sorocaba,Sao Paulo,30-01-2023,"R$ 1.221,00",11,2207,3.6
CUST001726,Maria Liz Viana,maria. liz.viana@provedor.com.br,,FEMININO,Campinas,Sao Paulo,19/02/2022,4677,8,2808,5.0
CUST004506,THIAGO SILVEIRA, thiago.silveira@provedor.com.br ,25.0,male,Brasília,df,2023-11-18,2.406,6,"R$ 645,00",4.0
CUST003500,Sra. Lavínia Casa Grande,sra..lavinia.casa.grande@provedor.com.br,50.0,fem,São Paulo,sp,04-12-2024,,7,2668,5.0
CUST004310,Sara Andrade, sara.andrade@webmail.com ,59.0,FEMININO,Sorocaba,São Paulo,2021/12/23,"R$ 2.873,00",6,838,3.4
CUST004598,Dr. Otávio Cunha,dr..otavio.cunha@email.com,29.0,M,Vitória da Conquista,bahia,26-05-2024,"R$ 1.576,00",6,1861,5.0
CUST000588,Jade Cunha,JADE.CUNHA@MAIL.COM,32.0,Feminino,Pelotas,rs,2024-10-15,"R$ 2.363,00",6,"R$ 140.222,00",4.1
CUST000667,Nicolas Oliveira,nicolas.oliveira@provedor.com.br,43.0,M,Uberlândia,mg,29/08/2023,4785,5,1.575,4.2
CUST002467,Sr. Davi Miguel Farias,SR..DAVI.MIGUEL.FARIAS@CORREIO.NET,37.0,M,Rio de Janeiro,Rio de Janeiro,14/03/2024,1.486,5,854,4.5
CUST003173,Srta. Maitê Novaes,srta..maite.novaes@email.com,39.0,N/I,Parintins,amazonas,17/06/2024,3763,14,"R$ 1.611,00",2.0
CUST000018,Maria Cecília Oliveira,MARIA.CECILIA.OLIVEIRA@WEBMAIL.COM,25.0,fem,Juazeiro do Norte,Ceará,2023/11/08,5.811,14,3739,
CUST004504,DAVI LUCCA SOUSA,davi.lucca.sousa@correio.net,26.0,Masculino,Niterói,RJ,08/02/2024,"R$ 2.090,00",10,"R$ 2.189,00",3.6
CUST003286,Maria Luísa Machado, maria.luisa.machado@provedor.com.br ,26.0,fem,Maringá,pr,29-08-2022,3.468,8,2499,4.4
CUST004145,Ana Julia da Cunha,ANA.JULIA.DA.CUNHA@MAIL.COM,41.0,Fem,Joinville,Santa Catarina,15-08-2025,"R$ 4.338,00",6,915,2.6
CUST001956,Luan Freitas,LUAN.FREITAS@PROVEDOR.COM.BR,37.0,Masc,Parintins,amazonas,25-09-2022,3067,5,"R$ 1.588,00",4.8
CUST004275,Sra. Marina Mendes,sra..marina.mendes@correio.net,54.0,Fem,Sobral,ce,07/07/2023,3548,4,"R$ 1.170,00",4.3
CUST003938,valentim sousa,VALENTIM.SOUSA@CORREIO.NET,52.0,Masc,Ananindeua,pa,14/06/2021,2881,8,"R$ 1.761,00",3.6
CUST002654,Vitor Hugo Oliveira,vitor.hugo.oliveira@provedor.com.br,54.0,M,,RJ ,2023/09/20,7.834,10,"R$ 3.579,00",4.2
CUST002113,lara pinto, lara.pinto@email.com ,34.0,outro,Santos,São Paulo,09/07/2023,3361,6,1.613,
CUST001255,Dr. Liam Cavalcanti,dr..liam.cavalcanti@email.com,33.0,M,Ribeirão Preto,SÃO PAULO,10/07/2024,3531,7,"R$ 2.024,00",3.4
CUST002288,Anthony Gabriel Sousa,anthony.gabriel.sousa@webmail.com,36.0,Masculino,Pelotas,RS,2025-02-05,"R$ 4.779,00",6,1.552,4.0
CUST004320,AMANDA PEREIRA,AMANDA.PEREIRA@CORREIO.NET,30.0,F,Ribeirão Preto,São Paulo,13/05/2023,2995,5,"R$ 851,00",4.2
CUST002205,heloisa casa grande,heloisa.casa.grande@correio.net,,female,Campinas,Sao Paulo,27/03/2024,"R$ 2.689,00",4,"R$ 1.024,00",3.1
CUST001498,RENAN SILVA,RENAN.SILVA@MAIL.COM,33.0,MASCULINO,Petrópolis,RJ ,07/04/2024,3.013,9,2.790,5.0
CUST004253,LETÍCIA BRITO,LETICIA.BRITO@CORREIO.NET,18.0,female,Caxias do Sul,Rio Grande do Sul,14/09/2023,1.957,1,"R$ 207,00",3.0
CUST002688,vinícius melo, vinicius.melo@email.com ,27.0,masc,Curitiba,Paraná,2023-10-31,6318,12,2.814,4.9
CUST001344,Benício das Neves,benicio.das.neves@provedor.com.br,28.0,M,Petrópolis,rio de janeiro,27-05-2024,2981,9,2.343,3.3
CUST003229,Sr. Ravy Rezende,SR..RAVY.REZENDE@WEBMAIL.COM,41.0,masc,Brasília,DF,25-03-2022,,10,1.454,3.7
CUST001770,Dra. Esther Monteiro,dra..esther.monteiro@provedor.com.br,33.0,fem,Ribeirão Preto,SÃO PAULO,2024-04-17,1128,6,"R$ 949,00",4.2
CUST002414,Raquel Moraes,raquel.moraes@email.com,39.0,female,Petrópolis,RJ,23-09-2021,2438,8,848,
CUST004888,srta. fernanda mendes, srta..fernanda.mendes@correio.net ,38.0,Feminino,Brasília,distrito federal,2021/12/19,"R$ 2.653,00",6,1.333,4.9
CUST002530,anthony gabriel da paz,anthony.gabriel.da.paz@webmail.com,67.0,masc,Brasília,distrito federal,2024/09/01,3.815,6,1191,5.0
CUST000646,SRA. ISADORA CAMARGO,sra..isadora.camargo@webmail.com,23.0,FEMININO,,SÃO PAULO,20/04/2025,"R$ 1.831,00",6,1263,3.6
CUST000457,Srta. Helena Lopes, srta..helena.lopes@provedor.com.br ,43.0,FEMININO,Santos,São Paulo,13/02/2023,3053,3,645,5.0
CUST002034,Sr. Antony Ferreira,SR..ANTONY.FERREIRA@EMAIL.COM,26.0,M,Brasília,DF,22-12-2023,"R$ 1.214,00",4,864,5.0
CUST004204,Srta. Nicole Leão, srta..nicole.leao@correio.net ,46.0,Fem,Porto Alegre,rs,2023/08/07,"R$ 3.822,00",3,896,3.3
CUST001319,Srta. Aurora Gomes,SRTA..AURORA.GOMES@MAIL.COM,32.0,Fem,Parintins,AM,08-02-2023,4.752,8,1.728,4.2
CUST002645,Sr. Arthur Gabriel Lopes, sr..arthur.gabriel.lopes@email.com ,24.0,N/I,,MG,15/02/2025,2.533,9,"R$ 3.289,00",4.3
CUST001334,juliana freitas, juliana.freitas@email.com ,36.0,Feminino,Maringá,Paraná,2023/08/18,3.307,8,2071,4.3
CUST003486,Giovanna Siqueira,giovanna.siqueira@email.com,39.0,F,Duque de Caxias,Rio De Janeiro,2023-09-16,1.820,6,1213,5.0
CUST000813,Gabrielly Silva, gabrielly.silva@email.com ,44.0,F,Florianópolis,Santa Catarina,07/12/2022,3.527,6,1.897,4.0
CUST000309,Pedro Sousa,pedro.sousa@webmail.com,46.0,Não binário,Duque de Caxias,Rio de Janeiro,16-10-2023,6698,7,2323,
CUST001007,BIANCA ROCHA,BIANCA.ROCHA@PROVEDOR.COM.BR,63.0,Outro,Várzea Grande,mato grosso,2024/08/18,"R$ 3.771,00",9,"R$ 2.171,00",4.8
CUST000065,Sr. Leonardo Guerra,sr..leonardo.guerra@provedor.com.br,43.0,male,Juazeiro do Norte,Ceara,2025-04-28,"R$ 1.507,00",6,1291,4.9
CUST004972,Lucca Marques,lucca. marques@provedor.com.br,46.0,M,Blumenau,Santa Catarina,2024-09-08,3.756,3,"R$ 722,00",4.9
CUST000261,Nathan Sales,NATHAN.SALES@WEBMAIL.COM,21.0,Masc,Florianópolis,SC,04-04-2024,1.917,6,535,4.7
CUST001218,Joaquim Ramos,JOAQUIM.RAMOS@EMAIL.COM,29.0,M,Manaus,amazonas,19-12-2022,"R$ 1.166,00",6,796,4.2
CUST003945,Valentim Castro,valentim.castro@mail.com,49.0,Masc,Florianópolis,Santa Catarina,2024/08/07,6.062,8,3.280,4.1
CUST004419,THOMAS LIMA,THOMAS.LIMA@WEBMAIL.COM,18.0,masc,Curitiba,Parana,07-03-2023,2623,5,"R$ 563,00",4.8
CUST001578,Juan Rezende,juan.rezende@correio.net,35.0,Masc,Goiânia,Goias,2023/01/22,2023,8,"R$ 1.358,00",3.9
CUST004564,AYLLA ARAÚJO, aylla.araujo@provedor.com.br ,37.0,FEMININO,Anápolis,Goiás,2025-04-01,3.527,15,3.578,4.1
CUST002491,Dr. Ryan Pastor,dr. .ryan.pastor@mail.com,,masc,Vila Velha,Espirito Santo,2023-11-24,3014,6,"R$ 1.638,00",3.8
CUST004007,anthony silva,anthony.silva@mail.com,23.0,MASCULINO,Pelotas,Rio Grande do Sul,21/12/2022,"R$ 4.895,00",5,"R$ 1.294,00",3.6
CUST001886,isadora sousa,isadora.sousa@correio.net,45.0,female,Contagem,Minas Gerais,2022/09/28,2.277,3,525,3.8
CUST004307,sr. davi freitas,SR..DAVI.FREITAS@PROVEDOR.COM.BR,42.0,Masc,Contagem,minas gerais,2021/12/17,4.868,8,"R$ 1.972,00",3.8
CUST004259,breno nascimento,breno.nascimento@correio.net,41.0,M,Sobral,Ceará,16-06-2022,4181,8,1.965,4.3
CUST003888,Mariah Moura,MARIAH.MOURA@CORREIO.NET,49.0,female,Sorocaba,SP,2023-04-24,"R$ 1.922,00",8,1642,
CUST002355,Guilherme Cavalcanti,guilherme.cavalcanti@correio.net,62.0,prefer not to say,Sorocaba,SÃO PAULO,02-12-2022,"R$ 8.161,00",7,3.111,4.6
CUST001238,Maria Alice Pastor,maria. alice.pastor@email.com,39.0,F,Serra,Espírito Santo,2023-05-08,3.747,6,"R$ 2.311,00",4.3
CUST001226,Manuella Nunes,manuella.nunes@mail.com,39.0,Fem,Pelotas,rs,2023-07-16,"R$ 3.086,00",4,"R$ 1.140,00",3.7
CUST003200,Maria Liz Porto,MARIA.LIZ.PORTO@PROVEDOR.COM.BR,33.0,F,Ribeirão Preto,São Paulo,2025/01/14,5.048,8,"R$ 1.984,00",4.2
CUST003607,Agatha Sousa,agatha.sousa@correio.net,58.0,female,Belém,pa,11/03/2024,3.286,6,2.140,4.3
CUST004429,Bianca da Conceição,bianca.da.conceicao@mail.com,32.0,F,Contagem,mg,2023-09-08,6.538,9,3.232,2.1
CUST002385,Maria Vitória Cavalcante,maria.vitoria.cavalcante@correio.net,33.0,F,Anápolis,Goiás,2025/01/05,6614,9,"R$ 2.806,00",3.9
CUST000920,Breno Rodrigues, breno.rodrigues@correio.net ,49.0,M,Porto Alegre,rio grande do sul,2024-06-30,,6,1.109,2.7
CUST001929,lorenzo camargo,LORENZO.CAMARGO@MAIL.COM,36.0,MASCULINO,Juazeiro do Norte,Ceará,2022-08-08,,5,"R$ 1.233,00",4.2
CUST001619,Raquel Farias,RAQUEL.FARIAS@EMAIL.COM,43.0,Fem,Goiânia,go,2023-04-11,3400,10,3.688,3.6
CUST000085,Pietro Carvalho,pietro.carvalho@provedor.com.br,57.0,M,Belém,pa,2023/01/30,6.606,7,2174,
CUST003675,aurora caldeira, aurora.caldeira@mail.com ,18.0,outro,Duque de Caxias,Rio de Janeiro,2025/01/25,4.371,10,3206,2.7
CUST003691,Sr. Enzo Macedo,sr. .enzo.macedo@correio.net,58.0,male,Sorocaba,sp,2022/05/11,3.153,5,1.330,3.9
CUST003035,LIAM GARCIA,liam.garcia@mail.com,59.0,male,Cuiabá,Mato Grosso,17/06/2025,2.728,3,"R$ 712,00",4.2
CUST000674,Liz Cavalcante,liz.cavalcante@email.com,23.0,fem,Feira de Santana,Bahia,2024-02-12,2293,6,1072,4.3
CUST000187,dra. nicole aragão,dra..nicole.aragao@provedor.com.br,31.0,Feminino,São Paulo,SP,2024/02/06,2.059,9,"R$ 1.791,00",4.1
CUST004018,Camila Machado,camila.machado@email.com,44.0,F,Brasília,df,2025/01/11,3603,11,2397,
CUST001434,Gabrielly Sales,GABRIELLY.SALES@WEBMAIL.COM,26.0,fem,Petrópolis,Rio De Janeiro,2023/09/06,3457,9,2851,3.5
CUST001836,BELLA DA LUZ,bella.da.luz@mail.com,36.0,Fem,Belo Horizonte,MG,07-08-2024,2851,13,"R$ 791,00",3.4
CUST003251,Ayla Cavalcante,ayla.cavalcante@webmail.com,33.0,FEMININO,Joinville,santa catarina,2024-10-24,,7,2.534,3.8
CUST002940,Marcelo Silva,MARCELO.SILVA@PROVEDOR.COM.BR,47.0,M,Vitória,Espírito Santo,30-04-2024,8168,9,"R$ 2.825,00",5.0
CUST001697,Emanuelly Melo,emanuelly.melo@correio.net,53.0,female,Recife,Pernambuco,2024/01/26,4.132,8,"R$ 1.133,00",
CUST004982,Gabrielly das Neves,gabrielly.das.neves@provedor.com.br,61.0,female,Blumenau,santa catarina,2023/09/20,"R$ 6.141,00",6,"R$ 1.743,00",4.5
CUST001089,Srta. Ana Júlia Gonçalves,srta..ana.julia.goncalves@provedor.com.br,29.0,FEMININO,Fortaleza,ce,19/03/2023,"R$ 4.506,00",9,"R$ 2.061,00",2.8
CUST003148,Clara Casa Grande,CLARA.CASA.GRANDE@MAIL.COM,36.0,fem,Santos,SÃO PAULO,2023-10-03,5.154,6,1.515,4.3
CUST000620,João Gabriel Campos, joao.gabriel.campos@webmail.com ,48.0,MASCULINO,Anápolis,Goias,04/09/2023,7120,10,3640,4.9
CUST004377,Olivia Ribeiro,olivia.ribeiro@correio.net,35.0,Feminino,Ribeirão Preto,sp,05/09/2024,"R$ 3.025,00",7,"R$ 1.836,00",4.2
CUST002129,vitória borges,vitoria.borges@email.com,26.0,prefer not to say,Vitória,Espirito Santo,09-04-2025,,7,2.120,
CUST001215,Hadassa Cirino,hadassa.cirino@email.com,43.0,Fem,Vila Velha,ES,2023-12-16,1004,10,2848,
CUST001703,Augusto Sampaio, augusto.sampaio@provedor.com.br ,32.0,M,Cuiabá,mt,2025/12/06,3.059,6,"R$ 1.548,00",3.2
CUST003676,Dante Aparecida, dante.aparecida@email.com ,18.0,male,Belo Horizonte,MG,20/04/2023,2.305,7,1930,3.1
CUST003265,RENAN CASTRO,renan.castro@provedor.com.br,18.0,Masc,Petrópolis,Rio de Janeiro,2022/08/25,"R$ 2.662,00",8,"R$ 2.602,00",3.4
CUST002066,Renan Carvalho,renan.carvalho@email.com,72.0,Masculino,Petrópolis,rio de janeiro,13-03-2024,4.842,7,"R$ 2.451,00",5.0
CUST000784,José Miguel Silva,jose.miguel.silva@correio.net,66.0,male,São Paulo,SP,2022-01-24,5995,8,"R$ 2.207,00",4.4
CUST004468,Mariah Machado,MARIAH.MACHADO@CORREIO.NET,69.0,F,Blumenau,Santa Catarina,14-04-2024,5.467,8,2819,4.2
CUST004540,SRA. SOPHIE NOVAIS,sra..sophie.novais@provedor.com.br,55.0,F,,sp,2023/05/12,3.849,8,1964,3.6
CUST003892,Marcela Leão,marcela.leao@provedor.com.br,39.0,female,Londrina,Paraná,2024-01-23,,7,"R$ 1.312,00",3.6
CUST001580,Aylla Cavalcante,AYLLA.CAVALCANTE@EMAIL.COM,21.0,fem,Niterói,Rio De Janeiro,26-12-2023,3266,8,"R$ 1.541,00",4.7
CUST004422,Giovanna Lopes, giovanna.lopes@correio.net ,49.0,F,Juiz de Fora,MG,2021/04/29,,6,1.631,3.9
CUST004999,Dante Mendonça, dante.mendonca@mail.com ,29.0,MASCULINO,Florianópolis,SC,20/11/2021,2.445,2,351,3.9
CUST003793,Luiz Otávio Casa Grande, luiz.otavio.casa.grande@correio.net ,43.0,masc,Vitória da Conquista,Bahia,25/11/2023,"R$ 5.794,00",5,1404,3.8
CUST003404,Sr. Miguel Sampaio,sr..miguel.sampaio@webmail.com,35.0,Masc,Santos,SÃO PAULO,08/11/2023,"R$ 1.323,00",13,2.123,4.3
CUST001159,Júlia Barbosa,JULIA.BARBOSA@MAIL.COM,50.0,F,Porto Alegre,RS,2024-04-24,"R$ 3.659,00",579,"R$ 1.079,00",5.0
CUST002396,Ana Carolina Peixoto,ana.carolina.peixoto@mail.com,38.0,Feminino,Anápolis,Goias,2024/01/20,5.174,4,1.105,3.5
CUST003270,Murilo Pereira,MURILO.PEREIRA@PROVEDOR.COM.BR,21.0,masc,Contagem,MG,14-07-2024,3.715,4,963,3.7
CUST000625,antonella siqueira,antonella.siqueira@correio.net,52.0,fem,Caxias do Sul,RS,21-04-2022,3175,0,"R$ 0,00",
CUST003736,alice vieira,alice.vieira@webmail.com,79.0,fem,Fortaleza,Ceará,2024/08/27,5015,6,"R$ 1.184,00",4.0
CUST001366,Raul da Cunha,raul.da.cunha@mail.com,,Masc,Ribeirão Preto,Sao Paulo,21-01-2022,"R$ 3.173,00",6,"R$ 1.254,00",4.9
CUST002895,Maria Liz Mendonça,maria.liz.mendonca@provedor.com.br,33.0,Fem,Brasília,Distrito Federal,05-02-2024,3317,7,1.628,3.7
CUST003004,Cecília Viana,cecilia.viana@provedor.com.br,22.0,Fem,Uberlândia,Minas Gerais,2022/03/18,5.750,7,"R$ 2.123,00",3.0
CUST004154,leonardo cavalcanti,leonardo.cavalcanti@provedor.com.br,41.0,outro,Juazeiro do Norte,Ceara,2024/08/05,2.241,4,"R$ 920,00",4.8
CUST002221,Pedro Viana,pedro.viana@email.com,,masc,Curitiba,PR,2023-02-25,,10,1.741,4.6
CUST002182,Lorenzo Costa, lorenzo.costa@email.com ,23.0,MASCULINO,Campinas,sp,05/12/2023,6083,9,3.333,3.7
CUST004620,Dr. Valentim Albuquerque,DR..VALENTIM.ALBUQUERQUE@EMAIL.COM,35.0,MASCULINO,São Paulo,Sao Paulo,2022-07-31,4628,8,3431,3.9
CUST001001,Rafael Viana, rafael.viana@provedor.com.br ,32.0,male,Sorocaba,sp,2024-02-03,"R$ 3.023,00",6,1.288,3.5
CUST003483,PIETRA PIRES, pietra.pires@mail.com ,67.0,fem,Parintins,amazonas,2023/09/30,3.414,6,"R$ 1.642,00",
CUST004811,Olivia Rodrigues,olivia.rodrigues@provedor.com.br,26.0,fem,Caxias do Sul,rs,23/08/2022,"R$ 1.750,00",6,"R$ 1.105,00",
CUST004216,Dra. Maitê Marques,DRA..MAITE.MARQUES@PROVEDOR.COM.BR,34.0,FEMININO,Recife,pernambuco,2023/06/27,3.589,2,"R$ 547,00",3.9
CUST001085,Caroline Rezende,CAROLINE.REZENDE@CORREIO.NET,38.0,Feminino,Juiz de Fora,MG,2024/03/30,1.313,9,1.948,
CUST000355,dra. clarice monteiro, dra..clarice.monteiro@email.com ,31.0,female,Sorocaba,Sao Paulo,08/06/2024,"R$ 4.975,00",5,"R$ 1.865,00",4.4
CUST003948,Dra. Maria Júlia Teixeira,DRA..MARIA.JULIA.TEIXEIRA@WEBMAIL.COM,44.0,fem,,Pará,23/07/2023,"R$ 3.282,00",10,3.191,4.2
CUST004130,Maria Vitória da Mota,MARIA.VITORIA.DA.MOTA@EMAIL.COM,27.0,Feminino,Belo Horizonte,mg,2024-11-29,6181,7,1.508,
CUST003820,Anthony Sá,anthony.sa@email.com,35.0,Masc,Manaus,AM,2024/08/26,4429,9,2548,4.9
CUST001268,joão costela,joao.costela@provedor.com.br,44.0,male,Sobral,Ceara,02/10/2024,4.523,2,"R$ 415,00",3.2
CUST004389,zoe da cruz,zoe.da.cruz@email.com,49.0,Fem,Rio Verde,go,31/12/2022,3.164,7,1.844,
CUST002919,Ana Luiza Fernandes, ana.luiza.fernandes@mail.com ,31.0,FEMININO,Contagem,minas gerais,2021/07/25,3861,6,1374,3.7
CUST000459,Mirella Guerra, mirella.guerra@provedor.com.br ,54.0,Fem,Santos,Sao Paulo,29-11-2024,8.323,5,"R$ 1.767,00",4.0
CUST003216,Luiz Henrique Barros,luiz.henrique.barros@webmail.com,30.0,Masc,Vitória,Espirito Santo,2023-10-01,"R$ 3.598,00",11,2574,4.7
CUST000009,Melissa Pastor,melissa.pastor@webmail.com,55.0,F,Ribeirão Preto,sp,2022-12-21,3990,7,703,4.3
CUST003490,Alícia Novaes,ALICIA.NOVAES@EMAIL.COM,22.0,fem,Porto Alegre,rio grande do sul,2022-03-06,186.729,4,695,3.3
CUST002167,Daniel Freitas,daniel.freitas@email.com,45.0,Masculino,Rio de Janeiro,rio de janeiro,27-04-2024,"R$ 4.105,00",11,"R$ 3.175,00",
CUST001205,Hellena Cardoso,hellena.cardoso@mail.com,45.0,Feminino,Contagem,minas gerais,23/04/2024,3321,5,1130,4.7
CUST003282,Vitor Gabriel da Rocha,vitor.gabriel.da.rocha@provedor.com.br,58.0,Masculino,Anápolis,Goiás,22/04/2024,7.943,8,"R$ 3.645,00",3.3
CUST001419,VALENTINA FERNANDES,valentina.fernandes@correio.net,43.0,female,Rio de Janeiro,RJ,2025/11/08,"R$ 3.922,00",7,2.477,3.9
CUST004126,Cauê da Mota, caue.da.mota@mail.com ,52.0,MASCULINO,Niterói,RJ ,23-12-2021,3.391,8,"R$ 2.340,00",3.7
CUST002512,Eduardo Abreu,EDUARDO.ABREU@PROVEDOR.COM.BR,47.0,Masc,Ananindeua,PA,09-12-2024,"R$ 306.528,00",5,1761,3.9
CUST002972,Thiago Fogaça,THIAGO.FOGACA@CORREIO.NET,43.0,MASCULINO,Feira de Santana,bahia,2022-03-04,,8,"R$ 1.902,00",4.2
CUST004753,Anna Liz Lopes,anna. liz.lopes@webmail.com,23.0,female,Campinas,São Paulo,2024-07-18,"R$ 199.080,00",3,1.019,2.1
CUST001542,Laura Sales,laura. sales@provedor.com.br,36.0,fem,Petrópolis,RJ ,01/12/2024,"R$ 1.749,00",4,446,4.9
CUST002431,Enzo Gabriel Teixeira,enzo.gabriel.teixeira@email.com,18.0,M,Vitória,ES,2023/12/05,1.161,5,1136,5.0
CUST002586,Srta. Heloísa das Neves,SRTA..HELOISA.DAS.NEVES@PROVEDOR.COM.BR,37.0,Não binário,Londrina,Parana,2021/12/02,5.516,9,"R$ 3.332,00",4.4
CUST000716,Laura Barbosa,laura.barbosa@provedor.com.br,44.0,female,Santos,São Paulo,22-10-2023,6.600,12,4.326,3.9
CUST000444,Rael Montenegro, rael.montenegro@email.com ,43.0,MASCULINO,Cuiabá,MT,2022/08/16,2.304,9,"R$ 2.920,00",3.1
CUST001933,Raquel Correia,raquel.correia@mail.com,21.0,female,Santos,SÃO PAULO,2024/03/15,,11,343,4.9
CUST002939,Eloá Barros,eloa.barros@email.com,38.0,fem,Blumenau,Santa Catarina,29-06-2025,"R$ 2.325,00",4,585,4.9
CUST001062,João Felipe Moraes,joao.felipe.moraes@correio.net,18.0,Masc,Santos,sp,2024/10/04,1.902,9,1.866,3.9
CUST003800,Dra. Alice da Paz,dra. .alice.da.paz@webmail.com,58.0,female,Joinville,santa catarina,2025-09-07,3257,5,1.646,4.4
CUST002059,juliana pereira, juliana.pereira@webmail.com ,18.0,prefer not to say,Ananindeua,pa,03/07/2024,2.304,7,1.612,4.5
CUST002063,Sra. Catarina Montenegro,sra..catarina.montenegro@provedor.com.br,18.0,F,Rio Verde,go,2025/01/07,"R$ 2.374,00",8,1.982,5.0
CUST000192,Emanuel Souza,emanuel. souza@webmail.com,51.0,male,Rio de Janeiro,RJ ,2021/07/09,4.048,8,"R$ 1.673,00",5.0
CUST002097,Sra. Sophia Pimenta,sra..sophia.pimenta@provedor.com.br,30.0,Outro,Brasília,Distrito Federal,2023-11-29,4030,5,"R$ 1.118,00",3.2
CUST000425,Maria Eduarda Nogueira,MARIA.EDUARDA.NOGUEIRA@MAIL.COM,18.0,female,Várzea Grande,MT,2024-03-01,"R$ 1.907,00",3,875,3.9
CUST001073,Agatha Vasconcelos, agatha.vasconcelos@email.com ,,female,Niterói,Rio de Janeiro,2024/04/29,3402,6,"R$ 1.589,00",4.2
CUST001644,João Vitor Carvalho,JOAO.VITOR.CARVALHO@CORREIO.NET,34.0,masc,Rio Verde,go,20-03-2023,2309,8,"R$ 586,00",3.3
CUST002695,Sr. Antony Pires,sr..antony.pires@email.com,45.0,Masculino,Brasília,distrito federal,20-12-2023,2332,3,"R$ 746,00",3.6
CUST001390,Otto Viana,OTTO.VIANA@PROVEDOR.COM.BR,31.0,MASCULINO,Curitiba,PR,08/05/2025,"R$ 3.411,00",6,1685,4.3
CUST000182,Gael Silva,gael.silva@mail.com,46.0,Masc,Joinville,santa catarina,10/08/2024,1242,4,982,3.1
CUST001681,Dra. Ana Cecília Oliveira,DRA..ANA.CECILIA.OLIVEIRA@PROVEDOR.COM.BR,32.0,F,Ribeirão Preto,SÃO PAULO,2024/04/16,"R$ 5.445,00",8,2139,3.6
CUST003852,maria borges, maria.borges@correio.net ,,Fem,Serra,es,16-02-2024,2982,10,"R$ 2.781,00",3.5
CUST002428,Davi Lucas Andrade,davi.lucas.andrade@email.com,23.0,Masculino,Maringá,Parana,2022/11/30,"R$ 5.419,00",10,"R$ 1.830,00",4.4
CUST000788,Dr. Paulo Moraes,dr..paulo.moraes@mail.com,41.0,male,Campinas,São Paulo,14/12/2022,2066,4,1.036,3.9
CUST002629,Mariana Silveira,mariana.silveira@mail.com,38.0,female,Duque de Caxias,RJ,17-11-2024,"R$ 6.674,00",10,2.954,2.3
CUST001351,THIAGO GONÇALVES,thiago.goncalves@webmail.com,25.0,male,Joinville,SC,2023-09-29,2700,6,"R$ 1.175,00",5.0
CUST001491,Allana Caldeira,ALLANA.CALDEIRA@EMAIL.COM,28.0,Não binário,Florianópolis,SC,2023-09-18,2.879,4,1177,4.4
CUST004703,Maria Laura Barbosa,maria.laura.barbosa@email.com,28.0,Feminino,Campinas,SP,2024-06-03,1157,4,747,3.1
CUST003554,Sra. Cecília Nascimento,sra..cecilia.nascimento@provedor.com.br,31.0,F,Vila Velha,ES,2024/02/28,3319,11,"R$ 2.334,00",
CUST003019,LUCCA NOGUEIRA,LUCCA.NOGUEIRA@CORREIO.NET,29.0,MASCULINO,Duque de Caxias,Rio de Janeiro,22-08-2023,3359,6,1353,2.8
CUST001601,srta. olívia castro,SRTA..OLIVIA.CASTRO@CORREIO.NET,22.0,female,Caxias do Sul,RS,2024-07-26,2655,4,581,4.5
CUST004445,MIRELLA PIRES,mirella.pires@mail.com,46.0,fem,Rio de Janeiro,Rio De Janeiro,2025-02-21,2614,19,2399,5.0
CUST003808,CAROLINA SOUZA,carolina.souza@webmail.com,37.0,outro,Olinda,PE,2024/10/20,3854,10,2349,4.7
CUST001223,Dra. Isadora Pires,dra..isadora.pires@webmail.com,60.0,Fem,,ce,28/02/2025,5.368,11,1.078,
CUST003581,Fernando Macedo,fernando. macedo@webmail.com,33.0,MASCULINO,Recife,PE,07-07-2024,1704,6,1031,3.9
CUST004294,Srta. Lavínia Cardoso,srta..lavinia.cardoso@email.com,59.0,Fem,Londrina,PR,01-07-2024,2.602,8,"R$ 1.436,00",4.0
CUST002432,Hellena da Rocha,HELLENA.DA.ROCHA@PROVEDOR.COM.BR,49.0,Feminino,Recife,pernambuco,2023/06/11,4.151,9,"R$ 1.096,00",3.8
CUST000059,Anna Liz Barros,anna. liz.barros@provedor.com.br,41.0,fem,Recife,PE ,16/03/2022,"R$ 5.202,00",7,2.206,3.4
CUST000523,lorenzo pires,LORENZO.PIRES@MAIL.COM,31.0,Masculino,Fortaleza,CE,15/04/2023,1904,4,499,5.0
CUST001901,eduardo freitas,eduardo.freitas@mail.com,53.0,masc,,pernambuco,2022/11/10,4809,8,1807,3.8
CUST002986,Olívia Cunha,olivia.cunha@email.com,18.0,FEMININO,,SÃO PAULO,09-10-2023,"R$ 3.806,00",12,3.265,4.0
CUST004345,Joana Monteiro,joana.monteiro@webmail.com,30.0,female,Caruaru,PE ,2023-03-13,,6,1292,4.5
CUST004178,Sr. Lucas Gabriel Peixoto,SR..LUCAS.GABRIEL.PEIXOTO@EMAIL.COM,32.0,MASCULINO,Joinville,santa catarina,2023-12-26,"R$ 4.742,00",12,3198,5.0
CUST004595,sra. bárbara novais,SRA..BARBARA.NOVAIS@PROVEDOR.COM.BR,,Feminino,Campinas,sp,10-10-2023,3238,9,"R$ 2.423,00",4.4
CUST002275,Olivia Marques,OLIVIA.MARQUES@CORREIO.NET,28.0,FEMININO,Sorocaba,SÃO PAULO,2023/02/13,1.975,8,"R$ 2.536,00",3.4
CUST002602,ALICE MOURA,ALICE.MOURA@PROVEDOR.COM.BR,24.0,Feminino,Uberlândia,mg,2024/09/26,"R$ 5.323,00",5,1339,2.6
CUST000123,DANIELA DA MATA, daniela.da.mata@email.com ,42.0,Feminino,Sobral,ce,2023-01-29,"R$ 2.110,00",5,"R$ 818,00",3.3
CUST001002,Stephany Mendes,stephany.mendes@webmail.com,58.0,female,Niterói,rio de janeiro,2024-02-13,"R$ 3.723,00",7,1488,4.0
CUST001374,Dra. Letícia Correia,DRA..LETICIA.CORREIA@CORREIO.NET,28.0,F,Juazeiro do Norte,ce,17/04/2024,"R$ 4.184,00",7,1882,4.6
CUST000917,Sr. Vinícius Aparecida,sr..vinicius.aparecida@webmail.com,41.0,outro,Santos,São Paulo,11-11-2021,"R$ 3.976,00",9,2.283,2.8
CUST000827,Melissa Garcia,melissa.garcia@provedor.com.br,150.0,F,Santos,sp,27-05-2022,2060,4,699,3.8
CUST000527,LUIZ GUSTAVO MONTENEGRO,luiz.gustavo.montenegro@email.com,58.0,Masculino,Niterói,Rio de Janeiro,10-08-2023,"R$ 3.952,00",6,"R$ 1.739,00",5.0
CUST002423,clara cunha,clara. cunha@webmail.com,66.0,fem,Várzea Grande,Mato Grosso,2024-11-27,2.494,10,"R$ 1.831,00",3.5
CUST002002,Apollo Vargas, apollo.vargas@correio.net ,30.0,male,São Paulo,São Paulo,2022/05/02,4909,13,"R$ 4.495,00",3.9
CUST001547,HENRY GABRIEL PORTO,henry.gabriel.porto@email.com,53.0,masc,Belo Horizonte,MG,14-04-2025,3.057,3,276,3.5
CUST003565,kamilly albuquerque,KAMILLY.ALBUQUERQUE@CORREIO.NET,54.0,fem,Santos,São Paulo,2024/09/07,6916,10,"R$ 3.635,00",3.2
CUST002945,Nicolas Marques,nicolas.marques@webmail.com,39.0,male,Uberlândia,minas gerais,03-08-2023,8.578,12,4.559,3.4
CUST003999,Maria Luísa da Rocha,MARIA.LUISA.DA.ROCHA@CORREIO.NET,40.0,Fem,Sorocaba,SP,2025/05/02,6.996,12,2707,4.6
CUST001137,Ana Laura das Neves,ana. laura.das.neves@correio.net,42.0,female,Brasília,distrito federal,26-04-2024,3076,5,927,5.0
CUST004030,LUARA MONTEIRO,LUARA.MONTEIRO@EMAIL.COM,37.0,Fem,Santos,SP,2022/11/30,5.550,3,850,3.4
CUST003981,henrique alves,henrique.alves@correio.net,18.0,M,Petrópolis,Rio De Janeiro,24-02-2024,5718,6,1.711,3.9
CUST000279,Maysa Fernandes,maysa.fernandes@provedor.com.br,35.0,fem,Feira de Santana,BA ,30/07/2024,2.731,10,1988,4.9
CUST004782,MILENA ROCHA, milena.rocha@provedor.com.br ,19.0,F,Manaus,AM,09/06/2022,"R$ 1.604,00",6,1.533,4.3
CUST000883,Maria Vitória da Rocha,MARIA.VITORIA.DA.ROCHA@MAIL.COM,55.0,fem,Campinas,SP,26/10/2024,2291,1,"R$ 215,00",
CUST000738,srta. ana beatriz oliveira, srta..ana.beatriz.oliveira@webmail.com ,73.0,Fem,Campinas,Sao Paulo,2023-04-26,3817,5,"R$ 1.002,00",4.5
CUST002927,Cauê Viana,CAUE.VIANA@MAIL.COM,22.0,Masculino,Manaus,amazonas,09-10-2022,"R$ 4.942,00",7,2.259,4.3
CUST003615,ANTHONY BRITO,anthony.brito@provedor.com.br,54.0,M,Joinville,sc,2023/12/10,3.146,3,922,4.3
CUST004882,Ana Luiza Cardoso,ana.luiza.cardoso@provedor.com.br,-5.0,Fem,Vila Velha,Espírito Santo,02/02/2022,1.907,6,131.280,5.0
CUST000611,sra. pietra pires,sra. .pietra.pires@provedor.com.br,34.0,FEMININO,Campinas,SP,2021/08/25,6300,7,"R$ 2.184,00",2.3
CUST003407,Maria Vitória Moura,maria.vitoria.moura@email.com,26.0,female,Vitória da Conquista,BA,2024/12/04,241829,8,"R$ 2.335,00",3.6
CUST000295,NICOLAS MACHADO, nicolas.machado@webmail.com ,38.0,Masculino,Belo Horizonte,mg,24-03-2024,2925,9,2263,
CUST000505,Mariane Oliveira,mariane.oliveira@webmail.com,29.0,fem,São Paulo,São Paulo,03-05-2024,3521,6,"R$ 1.436,00",5.0
CUST001660,joão guilherme sousa,JOAO.GUILHERME.SOUSA@MAIL.COM,31.0,MASCULINO,Vitória,Espirito Santo,2024/08/02,"R$ 2.947,00",7,"R$ 2.149,00",
CUST002120,Sra. Emanuelly Marques,SRA..EMANUELLY.MARQUES@CORREIO.NET,23.0,Fem,São Paulo,Sao Paulo,11-05-2023,2.422,8,1386,5.0
CUST001718,Maria Laura Sá,maria.laura.sa@email.com,52.0,Feminino,Joinville,santa catarina,20-06-2023,2035,10,2.002,5.0
CUST004970,Rael Sousa, rael.sousa@provedor.com.br ,36.0,male,Uberlândia,mg,16-11-2024,900,2,460,3.3
CUST004770,Dr. Otto Porto,dr..otto.porto@email.com,39.0,male,Brasília,df,2025/09/03,1883,4,774,
CUST001183,Bento Lopes,BENTO.LOPES@CORREIO.NET,48.0,MASCULINO,Vitória da Conquista,Bahia,21/02/2024,3.519,5,1.183,2.7
CUST003202,gabriela machado,gabriela.machado@mail.com,39.0,fem,Vitória da Conquista,bahia,14/08/2023,1.827,7,244.776,5.0
CUST002032,Vinícius das Neves,VINICIUS.DAS.NEVES@CORREIO.NET,29.0,Masc,Petrópolis,rio de janeiro,04-07-2025,1.703,8,1472,4.3
CUST000548,MATTEO CARDOSO,matteo.cardoso@email.com,43.0,Masc,Caxias do Sul,RS,23-05-2024,2065,4,"R$ 226.513,00",3.0
CUST002757,sr. alexandre guerra,sr..alexandre.guerra@provedor.com.br,46.0,Masc,Santos,SP,2023/10/12,4307,8,"R$ 2.049,00",4.9
CUST000004,DRA. AURORA PASTOR, dra..aurora.pastor@mail.com ,20.0,female,Petrópolis,rio de janeiro,2023/03/07,3.150,8,1460,2.7
CUST000979,Theo Carvalho, theo.carvalho@provedor.com.br ,52.0,Masculino,Sorocaba,São Paulo,22/03/2024,7124,7,2353,3.9
CUST001144,Arthur Farias,arthur.farias@email.com,18.0,MASCULINO,Sorocaba,sp,2024/02/18,5003,2,475,4.2
CUST003485,SRA. ANA LIZ FARIAS, sra..ana.liz.farias@correio.net ,49.0,F,Brasília,distrito federal,23/05/2022,3040,6,1375,3.9
CUST001878,Sara Freitas,SARA.FREITAS@EMAIL.COM,37.0,female,Maringá,pr,14-02-2023,"R$ 2.189,00",5,1102,3.8
CUST001574,Matheus da Cunha,matheus.da.cunha@email.com,63.0,masc,Santos,SÃO PAULO,2021/12/01,"R$ 10.293,00",15,157.545,3.3
CUST003857,asafe fonseca,asafe.fonseca@email.com,40.0,Masc,Caxias do Sul,rs,20/03/2023,4.041,6,2212,3.2
CUST002609,Otávio Cunha,otavio.cunha@webmail.com,41.0,masc,Vitória,Espírito Santo,24/01/2023,,6,1103,4.4
CUST004426,Laura da Mota,laura.da.mota@provedor.com.br,,fem,São Paulo,sp,2024-05-21,"R$ 1.638,00",7,1843,4.3
CUST003653,Antony Pimenta,antony. pimenta@correio.net,38.0,Masc,Caruaru,PE,16-12-2023,"R$ 5.286,00",7,2484,2.8
CUST000836,natália ferreira,natalia.ferreira@webmail.com,43.0,Fem,Londrina,Paraná,2023/01/10,,7,796,3.4
CUST004897,Sabrina Pires,sabrina. pires@mail.com,36.0,female,Olinda,pernambuco,24-05-2023,4317,6,1869,2.7
CUST003147,Dr. Leonardo Pacheco,DR..LEONARDO.PACHECO@MAIL.COM,26.0,male,,bahia,2022-04-18,"R$ 5.072,00",7,1.803,3.2
CUST003255,Larissa Costela,larissa.costela@webmail.com,23.0,Feminino,,São Paulo,2024-09-10,4.266,10,3.130,
CUST003511,Liz Sales,liz. sales@email.com,23.0,Fem,São Paulo,SP,13/10/2024,1.538,7,"R$ 1.844,00",3.1
CUST002893,Dr. Oliver Monteiro, dr..oliver.monteiro@webmail.com ,39.0,masc,Londrina,PR,2024-02-14,6.375,8,2877,3.8
CUST003115,leonardo azevedo,leonardo.azevedo@provedor.com.br,18.0,Masc,,Parana,05/11/2024,,6,2.157,3.6
CUST003019,LUCCA NOGUEIRA,LUCCA.NOGUEIRA@CORREIO.NET,29.0,MASCULINO,Duque de Caxias,Rio de Janeiro,22-08-2023,3359,6,1353,2.8
CUST003415,gael da luz,gael.da.luz@email.com,51.0,male,Belém,Para,21-06-2022,6371,9,"R$ 3.537,00",5.0
CUST000198,Lucas Gabriel Dias,lucas. gabriel.dias@correio.net,29.0,male,São Paulo,SP,2025-01-21,3076,7,1919,3.2
CUST000612,Catarina Azevedo,CATARINA.AZEVEDO@PROVEDOR.COM.BR,18.0,fem,Duque de Caxias,RJ,20/10/2024,7767,10,"R$ 3.485,00",5.0
CUST003220,Ana Sophia Fonseca,ana.sophia.fonseca@provedor.com.br,29.0,fem,Petrópolis,rio de janeiro,02-10-2023,3.839,8,"R$ 2.165,00",4.0
CUST002525,dra. aurora moraes,dra..aurora.moraes@mail.com,27.0,Fem,Caxias do Sul,Rio Grande do Sul,16/07/2023,2178,7,1.949,3.8
CUST004514,Ravy Garcia,ravy.garcia@mail.com,28.0,Masc,Ribeirão Preto,São Paulo,26/01/2024,2249,5,1.398,4.1
CUST001803,FELIPE LEÃO,felipe.leao@mail.com,51.0,M,,PA,2024-09-20,6.353,6,1.162,3.2
CUST001141,vicente moreira, vicente.moreira@mail.com ,59.0,Masc,São Paulo,São Paulo,2022/10/17,8604,12,"R$ 3.724,00",4.7
CUST001022,Bruna Ferreira, bruna.ferreira@mail.com ,35.0,Feminino,,Rio de Janeiro,24/10/2024,"R$ 6.034,00",5,1199,3.5
CUST003709,nicolas pimenta,NICOLAS.PIMENTA@CORREIO.NET,49.0,male,Brasília,distrito federal,2025-01-29,4.115,8,"R$ 1.657,00",4.4
CUST002476,DRA. YASMIN DA ROCHA,dra. .yasmin.da.rocha@provedor.com.br,38.0,outro,Belo Horizonte,Minas Gerais,26/02/2023,4.294,9,1.737,4.6
CUST004607,Isis da Mota,isis.da.mota@correio.net,55.0,female,Caxias do Sul,rio grande do sul,11-11-2024,2404,5,917,4.4
CUST002440,PEDRO HENRIQUE PACHECO,pedro.henrique.pacheco@email.com,18.0,masc,Juiz de Fora,mg,2024/06/05,2.268,2,"R$ 326,00",4.1
CUST001819,João Pedro Martins,JOAO.PEDRO.MARTINS@MAIL.COM,30.0,Masc,Curitiba,pr,2023/10/29,2028,5,1.395,3.5
CUST004135,ALEXIA MONTEIRO, alexia.monteiro@email.com ,51.0,F,Ribeirão Preto,SP,20/04/2024,"R$ 2.283,00",5,1291,5.0
CUST000498,Dante Abreu,DANTE.ABREU@EMAIL.COM,18.0,male,,Goiás,05/03/2024,1.671,8,1957,3.7
CUST002944,Davi Miguel Lima,davi.miguel.lima@email.com,20.0,MASCULINO,Brasília,Distrito Federal,06-01-2022,"R$ 1.398,00",8,"R$ 1.904,00",5.0
CUST005021,RODRIGO FREITAS,RODRIGO.FREITAS@CORREIO.NET,30.0,Masculino,Anápolis,GO,04/03/2024,"R$ 3.701,00",6,1.593,3.9
CUST004070,Bianca Souza,bianca.souza@webmail.com,28.0,FEMININO,,Bahia,2023/12/31,2.365,7,1983,3.3
CUST004609,Rafael Mendonça, rafael.mendonca@email.com ,25.0,masc,,Sao Paulo,2025-04-10,"R$ 1.120,00",8,"R$ 1.861,00",
CUST004725,anna liz cassiano,anna.liz.cassiano@provedor.com.br,69.0,F,,Parana,27/05/2024,4183,3,625,3.8
CUST001865,João Gabriel da Paz,joao.gabriel.da.paz@webmail.com,34.0,male,Juazeiro do Norte,CE,11/12/2024,"R$ 4.134,00",10,2111,3.1
CUST004217,Srta. Lara Viana,SRTA..LARA.VIANA@MAIL.COM,38.0,Fem,Salvador,Bahia,2023-10-15,"R$ 5.929,00",6,1441,5.0
CUST001571,Dr. Pietro da Costa,dr..pietro.da.costa@mail.com,150.0,masc,Brasília,Distrito Federal,2023-06-19,,6,1508,
CUST000063,Vitória Pereira, vitoria.pereira@correio.net ,32.0,female,Olinda,pernambuco,2021-10-09,4.230,7,2.196,4.1
CUST004047,maria sophia porto,maria.sophia.porto@provedor.com.br,29.0,fem,Sorocaba,SÃO PAULO,20-12-2024,3094,2,478,4.4
CUST000714,maria liz aragão,MARIA.LIZ.ARAGAO@MAIL.COM,28.0,fem,Santos,Sao Paulo,2023/07/10,3903,6,"R$ 1.891,00",3.8
CUST000753,Sra. Luiza Mendes, sra..luiza.mendes@correio.net ,25.0,FEMININO,Caxias do Sul,RS,19/04/2024,"R$ 2.176,00",6,"R$ 986,00",2.7
CUST001223,Dra. Isadora Pires,dra..isadora.pires@webmail.com,60.0,Fem,,ce,2024/08/06,5.368,6,1.078,
CUST000971,Dra. Rebeca Oliveira,dra..rebeca.oliveira@mail.com,43.0,F,Olinda,PE,2022/02/07,"R$ 2.845,00",8,"R$ 2.158,00",5.0
CUST000809,Bento Novaes,BENTO.NOVAES@CORREIO.NET,18.0,male,Vitória,es,07-01-2024,2936,514,"R$ 2.046,00",3.9
CUST002106,alexandre pinto,alexandre. pinto@provedor.com.br,70.0,masc,Salvador,BA,2025-02-15,2.195,5,533,5.0
CUST003751,DR. DANIEL MENDONÇA,dr..daniel.mendonca@correio.net,29.0,male,,santa catarina,24/05/2024,6271,7,1963,4.2
CUST003456,Hellena Silveira,hellena.silveira@webmail.com,32.0,FEMININO,Várzea Grande,MT,2023/11/01,2236,7,1626,4.2
CUST003775,thales nascimento, thales.nascimento@webmail.com ,43.0,male,Sorocaba,SÃO PAULO,2025/06/07,"R$ 11.746,00",10,3.399,4.6
CUST001928,João Miguel Duarte,joao.miguel.duarte@webmail.com,45.0,M,Londrina,PR,2024-08-22,,6,1.300,5.0
CUST001189,Bianca Cassiano,bianca. cassiano@mail.com,49.0,Fem,Contagem,mg,2024/12/08,"R$ 4.193,00",4,"R$ 1.071,00",4.8
CUST003130,Laís Garcia,LAIS.GARCIA@MAIL.COM,51.0,female,Ribeirão Preto,sp,2023/06/09,1.984,7,1570,3.6
CUST001971,Letícia Borges,leticia.borges@webmail.com,32.0,fem,Olinda,pernambuco,2025-11-24,"R$ 3.891,00",10,"R$ 1.577,00",4.1
CUST004464,Ryan Mendonça,ryan.mendonca@provedor.com.br,52.0,masc,Joinville,SC,27-02-2022,"R$ 4.668,00",2,"R$ 447,00",3.5
CUST001447,Luísa da Costa,LUISA.DA.COSTA@EMAIL.COM,46.0,F,Recife,pernambuco,2024/07/11,5113,6,2454,4.4
CUST004908,DRA. EMILLY CORREIA,dra..emilly.correia@webmail.com,55.0,female,Sorocaba,SÃO PAULO,2023-11-01,3.731,7,1754,5.0
CUST000717,Thiago Machado,thiago.machado@email.com,29.0,MASCULINO,,santa catarina,2022/09/22,2274,6,"R$ 1.306,00",4.0
CUST001883,Isis Garcia,ISIS.GARCIA@MAIL.COM,48.0,F,Ribeirão Preto,Sao Paulo,2023-08-26,2.016,6,"R$ 736,00",4.3
CUST001300,MARIA HELENA FREITAS,maria.helena.freitas@provedor.com.br,39.0,female,Curitiba,pr,08-03-2025,3.961,9,2478,3.1
CUST001676,Rhavi Costela,rhavi.costela@mail.com,,masc,Caruaru,PE,2025/10/12,2.406,4,678,3.9
CUST000987,sr. cauê vargas,sr..caue.vargas@mail.com,61.0,masc,Uberlândia,Minas Gerais,27/09/2023,"R$ 3.633,00",8,1.649,5.0
CUST004202,LÉO RIOS,LEO.RIOS@WEBMAIL.COM,25.0,Masculino,Juiz de Fora,mg,21/05/2021,900,7,828,4.3
CUST000141,Srta. Isabela Castro,srta..isabela.castro@email.com,57.0,Outro,Caruaru,pernambuco,2025-07-15,,6,1503,3.4
CUST003353,Emilly Macedo,emilly.macedo@email.com,18.0,female,Niterói,RJ,21/11/2021,"R$ 2.696,00",3,644,3.8
CUST001924,Isabella Duarte,isabella.duarte@mail.com,18.0,FEMININO,Rio de Janeiro,Rio de Janeiro,2024-10-27,3212,7,1.171,4.3
CUST003860,Théo Pinto, theo.pinto@email.com ,41.0,Masc,Contagem,Minas Gerais,17/03/2023,3250,8,"R$ 1.808,00",4.4
CUST004373,Sr. Breno Câmara,sr..breno.camara@mail.com,,Masculino,Rio Verde,go,02-09-2023,2412,9,2.043,3.5
CUST001112,Srta. Liz Costela,SRTA..LIZ.COSTELA@MAIL.COM,35.0,Fem,Juazeiro do Norte,ce,06/09/2023,2.921,9,1.474,3.2
CUST000378,Jade Marques,jade.marques@correio.net,40.0,female,Manaus,am,2024-12-13,"R$ 2.508,00",9,"R$ 1.982,00",3.3
CUST001800,Isabela Novais, isabela.novais@correio.net ,41.0,female,Caruaru,PE,07-06-2022,1882,6,901,3.7
CUST002767,Heloisa Almeida,heloisa.almeida@email.com,43.0,FEMININO,Curitiba,pr,21-10-2021,"R$ 2.087,00",6,943,3.7
CUST001637,Ana Vitória Siqueira, ana.vitoria.siqueira@mail.com ,18.0,FEMININO,Cuiabá,mt,2024/06/25,"R$ 3.920,00",8,1.829,3.6
CUST004393,OTTO MONTENEGRO,otto.montenegro@webmail.com,40.0,MASCULINO,Rio de Janeiro,Rio de Janeiro,24/05/2023,"R$ 2.583,00",10,"R$ 2.268,00",4.0
CUST004534,Lorenzo Sales, lorenzo.sales@webmail.com ,28.0,masc,Várzea Grande,mato grosso,2024-12-31,,7,1052,4.6
CUST003295,Antonella Novaes,antonella.novaes@webmail.com,55.0,female,Blumenau,sc,2023-07-28,3762,5,"R$ 1.223,00",4.4
CUST000500,Mateus Nascimento,mateus.nascimento@email.com,55.0,Masc,Campinas,São Paulo,2024-03-25,5.429,7,2246,4.5
CUST002067,gael câmara,GAEL.CAMARA@PROVEDOR.COM.BR,40.0,masc,Caxias do Sul,rio grande do sul,2023-12-26,1517,6,879,4.5
CUST003815,Gael da Mata, gael.da.mata@email.com ,52.0,M,Contagem,mg,10-01-2023,2.759,3,697,4.7
CUST004591,ANNA LIZ PEREIRA,anna.liz.pereira@provedor.com.br,42.0,F,Curitiba,PR,18-02-2024,"R$ 3.757,00",6,"R$ 1.418,00",5.0
CUST004590,STEPHANY DIAS, stephany.dias@webmail.com ,31.0,Feminino,Petrópolis,RJ ,26/02/2024,4434,10,3.142,4.9
CUST001280,Eloá Garcia, eloa.garcia@email.com ,48.0,Fem,Anápolis,go,2024/12/02,3676,3,"R$ 611,00",2.1
CUST000145,Bianca Garcia,BIANCA.GARCIA@PROVEDOR.COM.BR,28.0,F,Ribeirão Preto,sp,2025-05-03,,6,1430,3.5
CUST003432,Luiz Henrique Farias,luiz.henrique.farias@mail.com,50.0,masc,Anápolis,GO,20/08/2024,2.519,3,700,3.7
CUST001145,JOÃO GABRIEL MOURA,joao.gabriel.moura@provedor.com.br,32.0,Masc,Campinas,São Paulo,2024/05/23,7964,7,"R$ 2.983,00",4.2
CUST003083,Pedro Miguel Rocha,pedro.miguel.rocha@email.com,18.0,MASCULINO,Santos,São Paulo,2024/10/04,1.757,7,1.631,3.6
CUST002335,Maria Júlia Cavalcanti,MARIA.JULIA.CAVALCANTI@EMAIL.COM,45.0,N/I,São Paulo,Sao Paulo,2023/05/27,2.145,14,2463,4.7
CUST000367,Dr. Ian Souza,dr..ian.souza@webmail.com,43.0,masc,Anápolis,Goias,2022-12-04,6.066,7,1.964,4.4
CUST004510,Luana Viana,LUANA.VIANA@WEBMAIL.COM,29.0,fem,Serra,es,2021-05-24,"R$ 3.124,00",8,"R$ 1.851,00",4.0
CUST005045,HELOISA SALES,heloisa. sales@email.com,36.0,fem,Juazeiro do Norte,Ceará,25/06/2024,3.707,7,"R$ 2.175,00",3.6
CUST001675,srta. rafaela rocha,srta..rafaela.rocha@provedor.com.br,25.0,Feminino,Caruaru,pernambuco,08-05-2023,3.689,8,"R$ 1.543,00",4.1
CUST002430,nina marques,nina.marques@webmail.com,57.0,FEMININO,Santos,SP,2025/11/07,3988,2,523,3.7
CUST003640,Dr. Paulo Peixoto, dr..paulo.peixoto@email.com ,63.0,male,Ribeirão Preto,sp,2024/03/09,3029,7,"R$ 1.449,00",4.3
CUST003923,Ísis Brito,isis. brito@correio.net,45.0,Feminino,Santos,Sao Paulo,23/12/2024,"R$ 7.993,00",9,2.409,4.4
CUST000967,Sr. Kaique Duarte,sr..kaique.duarte@correio.net,30.0,Masculino,Niterói,RJ,2024/08/02,4.634,10,"R$ 2.701,00",
CUST002226,Calebe Macedo,CALEBE.MACEDO@EMAIL.COM,43.0,masc,Joinville,Santa Catarina,2021/10/25,3.291,9,"R$ 1.865,00",4.6
CUST003272,REBECA MARQUES, rebeca.marques@provedor.com.br ,40.0,FEMININO,Brasília,DF,2025-03-11,,8,1886,3.7
CUST002599,LUIZ GUSTAVO CASTRO,luiz.gustavo.castro@provedor.com.br,26.0,M,Caruaru,PE,2024-02-16,"R$ 1.650,00",8,1851,3.8
CUST000471,SOFIA CUNHA, sofia.cunha@email.com ,19.0,FEMININO,Curitiba,Paraná,30-10-2024,2177,8,1034,4.9
CUST000238,asafe ferreira,ASAFE.FERREIRA@EMAIL.COM,39.0,Masc,Várzea Grande,mato grosso,2023/04/12,2.452,4,978,3.0
CUST004043,mateus da mata,mateus.da.mata@provedor.com.br,53.0,Masc,Belém,pa,29/01/2025,,5,906,4.8
CUST004088,Danilo Aragão, danilo.aragao@mail.com ,28.0,Masculino,Feira de Santana,Bahia,2024/02/13,"R$ 1.271,00",6,1161,2.3
CUST002334,Rebeca Costa,rebeca.costa@webmail.com,46.0,F,Fortaleza,Ceara,07/03/2023,"R$ 7.209,00",8,"R$ 2.922,00",3.4
CUST001019,Natália Camargo, natalia.camargo@correio.net ,25.0,female,São Paulo,São Paulo,12-08-2023,"R$ 4.785,00",9,238.667,5.0
CUST002346,Théo Santos,theo. santos@mail.com,51.0,male,Ribeirão Preto,sp,08/08/2022,2966,6,1564,2.3
CUST004774,DR. PEDRO MIGUEL CASSIANO, dr..pedro.miguel.cassiano@provedor.com.br ,50.0,prefer not to say,Campinas,sp,2024/10/26,3874,8,2069,4.1
CUST004247,Gustavo Henrique Oliveira,gustavo.henrique.oliveira@email.com,,male,Anápolis,go,20/02/2023,3652,5,1.463,3.9
CUST000910,Isabelly Sampaio,isabelly.sampaio@email.com,44.0,Outro,,rio grande do sul,2025-08-02,"R$ 301.348,00",13,"R$ 1.369,00",
CUST001146,joão silva,joao.silva@webmail.com,24.0,male,Porto Alegre,rio grande do sul,19/11/2023,"R$ 3.620,00",7,1.602,3.8
CUST002818,Fernando Cavalcante,fernando.cavalcante@correio.net,41.0,male,Sorocaba,Sao Paulo,2022/07/29,"R$ 2.930,00",3,"R$ 662,00",4.9
CUST000640,dr. luiz miguel gomes, dr..luiz.miguel.gomes@correio.net ,48.0,masc,Porto Alegre,rio grande do sul,01-01-2023,3.460,10,2266,5.0
CUST000306,nathan da mata,nathan.da.mata@mail.com,30.0,Masculino,Contagem,mg,2021/09/01,2194,9,"R$ 2.715,00",3.1
CUST003645,Ester da Cruz,ESTER.DA.CRUZ@PROVEDOR.COM.BR,31.0,prefer not to say,Caxias do Sul,rs,2023-06-26,,9,"R$ 2.321,00",2.1
CUST004768,Hellena Azevedo,hellena.azevedo@email.com,30.0,female,Fortaleza,Ceará,10-07-2022,5.536,8,1.974,4.7
CUST004931,Luan Novais,LUAN.NOVAIS@EMAIL.COM,54.0,MASCULINO,Joinville,sc,2024/09/14,1809,10,2645,4.4
CUST003580,Mariah Santos,mariah.santos@email.com,37.0,Feminino,Santos,SP,2023-06-18,"R$ 2.000,00",2,380,4.6
CUST004571,Jade Novais,jade.novais@email.com,39.0,Outro,Salvador,bahia,2022-02-27,1270,3,"R$ 527,00",3.8
CUST002954,Murilo Rodrigues,murilo.rodrigues@webmail.com,42.0,Masc,Rio de Janeiro,RJ ,2024/09/13,4228,1,107,3.8
CUST004648,Dr. Enzo Gabriel Andrade,dr..enzo.gabriel.andrade@webmail.com,,Masculino,Belo Horizonte,Minas Gerais,07-02-2025,6046,7,2.471,3.7
CUST001454,Ravi Aragão,RAVI.ARAGAO@PROVEDOR.COM.BR,45.0,M,Recife,pernambuco,12/06/2023,1.825,5,794,5.0
CUST004686,ISAAC COSTELA,isaac.costela@webmail.com,30.0,male,Pelotas,rs,25/03/2025,"R$ 1.361,00",5,"R$ 1.123,00",4.5
CUST002492,Dra. Vitória Novaes,dra..vitoria.novaes@provedor.com.br,36.0,fem,,PR,07/09/2023,3.550,7,"R$ 1.547,00",4.8
CUST002319,Larissa da Cunha,LARISSA.DA.CUNHA@CORREIO.NET,75.0,Feminino,Salvador,bahia,25-09-2022,"R$ 3.337,00",7,1143,4.5
CUST001496,Sra. Manuela Fonseca,sra. .manuela.fonseca@email.com,22.0,Fem,Caxias do Sul,rs,2024/01/07,1.891,6,1628,3.8
CUST000890,Yago Mendonça,YAGO.MENDONCA@MAIL.COM,40.0,Masc,Niterói,rio de janeiro,08-01-2025,"R$ 2.808,00",9,"R$ 2.348,00",3.2
CUST004702,Luigi Montenegro,luigi.montenegro@email.com,49.0,Masculino,Ribeirão Preto,SP,2022-04-13,"R$ 2.531,00",4,860,4.0
CUST002538,Lucas Gabriel Azevedo,lucas.gabriel.azevedo@provedor.com.br,46.0,male,Curitiba,Parana,29-08-2023,"R$ 2.647,00",5,1808,3.3
CUST001481,Sr. Thiago Melo,sr..thiago.melo@correio.net,51.0,M,Contagem,MG,2025-09-12,"R$ 4.166,00",473,"R$ 1.221,00",
CUST001427,Ana Carolina Garcia,ana.carolina.garcia@provedor.com.br,44.0,prefer not to say,Maringá,PR,2021-06-01,3.778,7,1507,4.7
CUST003922,NOAH CALDEIRA,NOAH.CALDEIRA@EMAIL.COM,49.0,MASCULINO,Uberlândia,minas gerais,2025-02-14,3.953,5,1237,4.7
CUST001514,SRTA. MARINA PACHECO,srta..marina.pacheco@correio.net,30.0,female,Recife,PE ,14/05/2022,"R$ 6.941,00",8,3681,3.5
CUST000654,PEDRO MIGUEL BORGES,PEDRO.MIGUEL.BORGES@PROVEDOR.COM.BR,39.0,masc,Serra,ES,07/11/2022,5.188,8,1904,3.6
CUST001501,Luiz Gustavo Porto,luiz.gustavo.porto@correio.net,32.0,M,Uberlândia,mg,2023/11/11,,6,"R$ 1.791,00",4.8
CUST003407,Maria Vitória Moura,maria.vitoria.moura@email.com,26.0,female,Vitória da Conquista,BA,2024/12/04,241829,8,"R$ 2.335,00",3.6
CUST003373,Nicole das Neves,NICOLE.DAS.NEVES@PROVEDOR.COM.BR,41.0,fem,Joinville,santa catarina,10-10-2023,2032,8,1718,
CUST000631,Mariane Cavalcante,mariane.cavalcante@mail.com,35.0,female,Vitória,ES,18/02/2023,"R$ 4.130,00",2,"R$ 481,00",
CUST001235,Srta. Hellena Oliveira,srta..hellena.oliveira@webmail.com,23.0,fem,São Paulo,SÃO PAULO,2022-06-17,"R$ 4.444,00",9,"R$ 1.375,00",4.5
CUST004874,zoe barros,ZOE.BARROS@EMAIL.COM,47.0,Feminino,Cuiabá,MT,2025/01/05,3907,10,1.577,4.3
CUST003772,dr. lucas gabriel carvalho,dr..lucas.gabriel.carvalho@correio.net,27.0,masc,Duque de Caxias,RJ ,27/09/2022,"R$ 3.359,00",7,1.408,4.8
CUST002923,Maria Vargas,maria. vargas@webmail.com,21.0,fem,Recife,PE ,2024/01/10,2800,3,"R$ 696,00",4.0
CUST004758,Renan Cunha,renan. cunha@correio.net,49.0,MASCULINO,Duque de Caxias,RJ ,2024-06-17,5881,4,987,3.4
CUST001579,luna moraes,luna.moraes@correio.net,28.0,Feminino,Belo Horizonte,mg,2023-04-07,"R$ 2.127,00",8,"R$ 2.107,00",5.0
CUST004518,dra. sofia da cruz,dra..sofia.da.cruz@correio.net,31.0,female,Petrópolis,Rio de Janeiro,2023/01/09,2.352,0,0,2.7
CUST001804,Catarina Pires,CATARINA.PIRES@PROVEDOR.COM.BR,54.0,F,Florianópolis,SC,06-05-2024,"R$ 1.727,00",7,"R$ 161.817,00",4.8
CUST004234,Arthur Cavalcanti,ARTHUR.CAVALCANTI@EMAIL.COM,26.0,male,Duque de Caxias,Rio De Janeiro,12-08-2024,6.213,8,"R$ 2.480,00",3.8
CUST000786,JUAN NUNES,juan.nunes@mail.com,44.0,masc,Rio Verde,go,2023/11/11,"R$ 2.183,00",9,1840,5.0
CUST004817,Laís Azevedo,lais. azevedo@email.com,44.0,FEMININO,Juazeiro do Norte,CE,05-02-2025,"R$ 1.566,00",7,2022,3.9
CUST004977,Dom da Luz,dom.da.luz@mail.com,32.0,Masc,Sorocaba,sp,10/07/2025,2.448,4,1036,3.4
CUST003061,Rael Aparecida,rael.aparecida@email.com,18.0,Masculino,Pelotas,RS,11-09-2024,3434,0,0,2.7
CUST003278,Marina Marques,marina.marques@correio.net,29.0,FEMININO,Niterói,RJ ,2024-06-03,"R$ 4.722,00",6,1396,
CUST001104,Sr. Dom Jesus,sr..dom.jesus@webmail.com,47.0,masc,Petrópolis,Rio De Janeiro,2023-08-14,,6,1575,4.0
CUST000567,Evelyn Freitas,evelyn.freitas@correio.net,39.0,FEMININO,Londrina,pr,2022-01-30,1.540,4,960,5.0
CUST003514,Maria Helena da Mota, maria.helena.da.mota@webmail.com ,40.0,Feminino,Parintins,Amazonas,2025/07/28,2881,5,"R$ 1.369,00",4.7
CUST001662,Marcos Vinicius Rezende,marcos.vinicius.rezende@mail.com,25.0,M,Sobral,Ceará,02-02-2023,3981,9,"R$ 2.476,00",4.3
CUST001165,Mirella Albuquerque,mirella.albuquerque@correio.net,28.0,fem,Sobral,CE,04/02/2024,4058,6,1234,3.0
CUST003842,Maitê da Rocha,maite. da.rocha@webmail.com,39.0,Feminino,,Parana,2024/05/16,1753,10,771,4.2
CUST001021,Sra. Maria Julia Pimenta,sra. .maria.julia.pimenta@email.com,45.0,F,Ananindeua,Para,01-05-2024,"R$ 2.674,00",10,1.551,4.1
CUST002418,luan da conceição,luan. da.conceicao@email.com,58.0,male,Blumenau,SC,22-04-2025,5.337,5,"R$ 120.641,00",5.0
CUST002819,dra. júlia nunes, dra..julia.nunes@correio.net ,25.0,Fem,Ribeirão Preto,Sao Paulo,28-08-2022,1618,6,1.897,4.3
CUST001612,Ester Câmara,ester. camara@webmail.com,39.0,Fem,São Paulo,SP,2023-07-06,5.053,7,"R$ 2.133,00",5.0
CUST004773,Manuela Fernandes,manuela.fernandes@correio.net,,Feminino,Caruaru,Pernambuco,13-03-2024,"R$ 11.346,00",10,4.441,3.5
CUST000569,Maria Helena Montenegro,maria.helena.montenegro@email.com,27.0,F,Anápolis,GO,06/10/2023,2.182,6,1.979,4.2
CUST002038,Mathias Alves,MATHIAS.ALVES@MAIL.COM,42.0,prefer not to say,Vitória da Conquista,Bahia,28/11/2022,7385,6,1996,2.9
CUST001570,Alexia Camargo,alexia.camargo@email.com,43.0,F,Cuiabá,Mato Grosso,2024/04/14,6768,10,"R$ 3.709,00",4.0
CUST004169,Caio Sá,caio.sa@mail.com,42.0,Masc,Santos,Sao Paulo,20-12-2021,"R$ 4.079,00",4,"R$ 1.514,00",4.6
CUST000826,Mariah Freitas,MARIAH.FREITAS@MAIL.COM,33.0,female,Niterói,RJ,2024-07-04,3356,3,786,
CUST001160,Maria Fernanda Campos,maria.fernanda.campos@provedor.com.br,26.0,Fem,Florianópolis,sc,03-11-2023,"R$ 3.120,00",10,2299,3.6
CUST000096,juan cunha,JUAN.CUNHA@CORREIO.NET,36.0,Masculino,Niterói,RJ ,2024-10-16,"R$ 3.017,00",6,"R$ 1.435,00",
CUST001352,sr. arthur da costa, sr..arthur.da.costa@provedor.com.br ,40.0,Masculino,Pelotas,rs,12/03/2024,"R$ 4.436,00",3,1067,5.0
CUST000223,Ana Júlia Ferreira,ANA.JULIA.FERREIRA@PROVEDOR.COM.BR,52.0,FEMININO,Sobral,Ceará,2024-12-21,4.827,11,2762,
CUST001797,Lara Machado,lara. machado@provedor.com.br,25.0,F,Uberlândia,minas gerais,16-02-2022,3.692,6,"R$ 1.789,00",2.2
CUST002700,Sr. Vicente Costa,SR..VICENTE.COSTA@WEBMAIL.COM,31.0,MASCULINO,Cuiabá,MT,2023/08/06,3.851,8,1841,3.4
CUST001143,Juliana Siqueira,JULIANA.SIQUEIRA@EMAIL.COM,47.0,Feminino,Feira de Santana,Bahia,15/09/2022,"R$ 4.685,00",5,1073,
CUST003245,Davi Miguel Cassiano,DAVI.MIGUEL.CASSIANO@MAIL.COM,37.0,MASCULINO,Porto Alegre,rs,14-12-2023,6.164,715,1.890,4.8
CUST004525,lívia casa grande,LIVIA.CASA.GRANDE@WEBMAIL.COM,42.0,female,Caruaru,PE,17/11/2023,3964,8,1.837,4.5
CUST002090,Maria Sophia Duarte,MARIA.SOPHIA.DUARTE@PROVEDOR.COM.BR,39.0,Feminino,Anápolis,Goias,12/02/2024,2493,5,1210,
CUST004405,DANTE FERNANDES,dante. fernandes@correio.net,30.0,Masculino,,df,16-03-2024,"R$ 1.833,00",403,"R$ 1.090,00",2.9
CUST000965,Maria Helena Farias,maria.helena.farias@correio.net,35.0,female,Joinville,Santa Catarina,2021-04-07,4.444,4,1040,4.9
CUST000900,Maria Sophia Albuquerque,MARIA.SOPHIA.ALBUQUERQUE@PROVEDOR.COM.BR,27.0,FEMININO,Sorocaba,São Paulo,2023/01/17,3.814,5,"R$ 1.124,00",3.6
CUST000250,Mateus Fernandes,MATEUS.FERNANDES@CORREIO.NET,38.0,masc,Maringá,Parana,2024/10/16,4021,6,"R$ 1.998,00",
CUST003797,VITÓRIA SAMPAIO,VITORIA.SAMPAIO@PROVEDOR.COM.BR,31.0,Feminino,Caxias do Sul,rio grande do sul,12-06-2023,,6,1.281,2.3
CUST001805,vitor silveira,VITOR.SILVEIRA@CORREIO.NET,47.0,Masculino,Rio de Janeiro,rio de janeiro,14/09/2022,3.219,7,"R$ 1.443,00",5.0
CUST002913,rebeca brito,rebeca.brito@correio.net,41.0,Fem,Uberlândia,minas gerais,01/01/2023,"R$ 2.023,00",2,336,4.5
CUST002782,SR. OTTO CIRINO,sr..otto.cirino@mail.com,56.0,Masc,Blumenau,sc,2022/04/03,"R$ 2.697,00",6,2.118,4.1
CUST004624,ANTONELLA CAVALCANTI, antonella.cavalcanti@webmail.com ,,female,Feira de Santana,BA,2025/02/23,5.472,9,"R$ 2.119,00",3.9
CUST000462,Maria Fernanda Cassiano,maria.fernanda.cassiano@email.com,62.0,FEMININO,Petrópolis,rio de janeiro,24/12/2024,3660,4,674,4.3
CUST003548,Helena Pastor,helena. pastor@webmail.com,18.0,female,Fortaleza,ce,05-09-2021,1.633,6,1.493,4.2
CUST002683,Julia Aragão,JULIA.ARAGAO@PROVEDOR.COM.BR,55.0,fem,Juiz de Fora,MG,17/04/2021,4.927,11,3.443,3.3
CUST004668,Pedro Henrique Siqueira,pedro.henrique.siqueira@mail.com,52.0,male,Rio de Janeiro,Rio de Janeiro,2024/04/11,5.051,8,2.601,2.9
CUST004579,alexandre viana,alexandre.viana@mail.com,41.0,Outro,Campinas,sp,2023-07-23,4798,11,3278,3.5
CUST002232,SRTA. CLARA RIBEIRO, srta..clara.ribeiro@webmail.com ,22.0,Fem,Caruaru,PE,2025-02-24,4.513,6,1543,5.0
CUST004305,Gabrielly Carvalho, gabrielly.carvalho@mail.com ,46.0,F,Olinda,PE ,2023-04-07,"R$ 3.675,00",6,1.563,4.6
CUST003957,sr. kaique correia, sr..kaique.correia@provedor.com.br ,18.0,Masc,Porto Alegre,rs,11-02-2025,900,5,1008,
CUST001964,LIZ ABREU,liz.abreu@mail.com,33.0,FEMININO,Cuiabá,MT,2021-11-11,"R$ 2.465,00",4,1.163,4.0
CUST003550,Dra. Mariana Barbosa,dra..mariana.barbosa@correio.net,43.0,FEMININO,Caruaru,PE,22-04-2024,2982,9,"R$ 2.057,00",4.1
CUST000889,Maria Cavalcante, maria.cavalcante@email.com ,49.0,F,Belo Horizonte,mg,05/07/2024,,4,882,2.0
CUST000712,DAVI LUIZ DA LUZ,DAVI.LUIZ.DA.LUZ@MAIL.COM,40.0,M,Sorocaba,São Paulo,18-05-2022,1818,2,389,4.1
CUST003313,alice fernandes,ALICE.FERNANDES@EMAIL.COM,35.0,female,Santos,SÃO PAULO,2024-08-13,1.734,6,1.286,3.0
CUST002246,maya nogueira,maya. nogueira@email.com,41.0,FEMININO,Campinas,SP,2023-05-18,2.972,11,2.708,2.0
CUST002350,Sra. Camila Nunes, sra..camila.nunes@webmail.com ,32.0,Outro,Londrina,Paraná,2024/07/09,3645,8,"R$ 2.234,00",2.7
CUST002342,DOM REZENDE,dom.rezende@correio.net,32.0,masc,Rio de Janeiro,RJ ,08-06-2024,"R$ 3.332,00",14,"R$ 4.451,00",4.7
CUST000492,MARINA CAMARGO,MARINA.CAMARGO@CORREIO.NET,18.0,fem,Campinas,sp,2021/02/10,2.585,5,1.546,4.7
CUST003232,Sr. Renan da Conceição, sr..renan.da.conceicao@email.com ,36.0,Masculino,Ribeirão Preto,SP,2024/01/18,4186,8,"R$ 2.047,00",4.3
CUST002702,Clarice Souza, clarice.souza@webmail.com ,20.0,F,Juazeiro do Norte,Ceara,19/01/2025,"R$ 2.853,00",9,1836,4.4
CUST002776,Sabrina Campos,SABRINA.CAMPOS@MAIL.COM,48.0,Feminino,Rio de Janeiro,RJ,18-01-2023,2.678,3,763,3.3
CUST002973,ANA JULIA SÁ,ANA.JULIA.SA@WEBMAIL.COM,42.0,female,Caxias do Sul,rio grande do sul,28/10/2025,"R$ 2.325,00",7,725,4.0
CUST000124,gustavo henrique silva,GUSTAVO.HENRIQUE.SILVA@EMAIL.COM,49.0,masc,Vila Velha,Espirito Santo,07-09-2023,2.570,4,950,3.1
CUST002333,Emanuelly Macedo,EMANUELLY.MACEDO@WEBMAIL.COM,51.0,fem,Belém,pa,2024-12-30,"R$ 2.746,00",6,"R$ 1.167,00",
CUST002807,Eloah Dias,eloah.dias@webmail.com,24.0,Feminino,Feira de Santana,BA,2022/05/08,"R$ 2.732,00",7,1603,4.7
CUST003721,RHAVI BORGES,rhavi.borges@mail.com,51.0,MASCULINO,Duque de Caxias,RJ ,05-10-2024,163241,6,1440,4.9
CUST000618,Esther da Paz,ESTHER.DA.PAZ@CORREIO.NET,18.0,Feminino,Salvador,Bahia,06-07-2021,5478,8,2.373,2.7
CUST003964,João Miguel da Luz,joao.miguel.da.luz@email.com,40.0,Masculino,Olinda,PE ,2024-12-07,3769,6,2169,3.7
CUST001562,dr. vinicius câmara,dr..vinicius.camara@email.com,36.0,Masculino,Parintins,Amazonas,17/02/2023,1335,9,1270,4.6
CUST004883,Liz Araújo,LIZ.ARAUJO@MAIL.COM,52.0,female,Vitória,Espirito Santo,12/01/2024,"R$ 2.789,00",10,2895,4.3
CUST003517,Camila Mendonça,camila.mendonca@correio.net,,Feminino,Sorocaba,SP,03/02/2023,1630,3,862,4.4
CUST001150,Maria Eduarda Castro,maria.eduarda.castro@provedor.com.br,31.0,F,Parintins,Amazonas,04-08-2022,1687,12,"R$ 2.689,00",3.5
CUST003940,Pedro da Costa,PEDRO.DA.COSTA@CORREIO.NET,44.0,Masculino,Campinas,São Paulo,2023-11-22,1794,11,2112,3.4
CUST001977,Mateus Barros,MATEUS.BARROS@MAIL.COM,38.0,Masc,,AM,2024/05/18,"R$ 5.575,00",13,4.598,
CUST003990,Dr. Matteo Caldeira,dr..matteo.caldeira@provedor.com.br,51.0,masc,Niterói,Rio De Janeiro,16-07-2024,5851,7,"R$ 2.055,00",
CUST002734,Renan Rodrigues,RENAN.RODRIGUES@CORREIO.NET,36.0,male,Ribeirão Preto,São Paulo,25-05-2025,6.006,12,3579,3.0
CUST003919,Dr. João Miguel Sampaio,dr..joao.miguel.sampaio@correio.net,37.0,M,Brasília,DF,2024/06/29,"R$ 5.469,00",8,2259,4.7
CUST000562,Augusto Jesus,augusto.jesus@webmail.com,34.0,Masc,Sobral,ce,2022-02-23,"R$ 2.532,00",4,"R$ 1.111,00",2.6
CUST001875,Isabel Borges,isabel.borges@provedor.com.br,37.0,Fem,Brasília,Distrito Federal,26/04/2024,4569,6,"R$ 1.616,00",4.0
CUST001698,ana carolina viana, ana.carolina.viana@correio.net ,48.0,N/I,Londrina,PR,2025/01/22,4.059,5,"R$ 1.367,00",5.0
CUST000765,Sr. Benjamim Brito,SR..BENJAMIM.BRITO@MAIL.COM,50.0,MASCULINO,Vitória da Conquista,BA ,27/07/2023,7.324,2,"R$ 523,00",3.7
CUST002155,Antony Costela,ANTONY.COSTELA@MAIL.COM,47.0,Masc,Petrópolis,Rio De Janeiro,2021-06-19,"R$ 1.964,00",2,"R$ 303,00",4.2
CUST000696,Cauê Dias, caue.dias@mail.com ,52.0,masc,Ribeirão Preto,Sao Paulo,20-01-2024,"R$ 4.601,00",10,"R$ 2.791,00",2.3
CUST003525,Vitor Gabriel Viana,vitor.gabriel.viana@webmail.com,55.0,Masc,Londrina,PR,2025/03/10,3590,4,976,3.7
CUST001267,lucas gabriel machado,lucas.gabriel.machado@correio.net,28.0,Masculino,Curitiba,Paraná,23/09/2025,,12,2.602,3.4
CUST001951,Sra. Bella Cavalcante,SRA..BELLA.CAVALCANTE@PROVEDOR.COM.BR,38.0,Fem,Niterói,RJ,31-07-2024,"R$ 3.139,00",7,"R$ 1.761,00",2.1
CUST004225,Arthur Siqueira,arthur.siqueira@webmail.com,47.0,M,,São Paulo,2024/06/29,"R$ 1.649,00",8,1649,3.3
CUST005000,Dra. Maria Alice Souza,DRA..MARIA.ALICE.SOUZA@WEBMAIL.COM,26.0,fem,Ananindeua,Para,27/06/2024,"R$ 900,00",10,"R$ 2.207,00",2.9
CUST002821,Vinicius Vargas,VINICIUS.VARGAS@CORREIO.NET,19.0,Não binário,Caxias do Sul,RS,2022/08/10,900,2,388,
CUST003908,Alice Freitas,alice.freitas@mail.com,44.0,FEMININO,Uberlândia,Minas Gerais,2024-07-14,10515,5,"R$ 1.351,00",3.0
CUST002109,Sabrina da Costa,sabrina. da.costa@email.com,36.0,Fem,Londrina,Paraná,18/02/2025,"R$ 4.833,00",8,"R$ 2.751,00",4.0
CUST002299,sra. bruna aragão,SRA..BRUNA.ARAGAO@CORREIO.NET,81.0,Fem,Joinville,santa catarina,2022/12/20,,8,2479,3.3
CUST002203,sra. aylla marques, sra..aylla.marques@webmail.com ,21.0,F,,es,2023/10/15,1.735,14,"R$ 2.658,00",4.4
CUST002020,Enzo Gabriel Araújo,enzo.gabriel.araujo@provedor.com.br,46.0,M,Salvador,Bahia,10-06-2021,"R$ 3.896,00",4,1.387,4.6
CUST004269,Ana Carolina Ferreira,ana.carolina.ferreira@webmail.com,24.0,F,Ribeirão Preto,sp,19-12-2022,5.525,10,2510,3.5
CUST004096,dr. joão pedro siqueira, dr..joao.pedro.siqueira@correio.net ,63.0,masc,Niterói,RJ ,2022/05/14,"R$ 7.040,00",10,"R$ 3.402,00",
CUST004371,Arthur Gabriel Ribeiro,ARTHUR.GABRIEL.RIBEIRO@MAIL.COM,30.0,masc,Joinville,Santa Catarina,25-10-2023,3745,8,"R$ 1.633,00",3.2
CUST004436,Mariane Siqueira, mariane.siqueira@mail.com ,24.0,F,Porto Alegre,rio grande do sul,12-05-2023,"R$ 3.917,00",14,"R$ 4.237,00",3.6
CUST003681,Srta. Ana Clara Cardoso,srta..ana.clara.cardoso@correio.net,40.0,female,Caxias do Sul,rio grande do sul,2024/06/18,"R$ 3.678,00",8,"R$ 2.593,00",3.3
CUST000358,BEATRIZ MOURA,beatriz.moura@correio.net,,female,São Paulo,São Paulo,15/03/2025,"R$ 2.480,00",9,1211,4.3
CUST002836,Jade Cavalcanti,JADE.CAVALCANTI@CORREIO.NET,18.0,Fem,Caxias do Sul,RS,29-09-2022,3816,7,1981,2.9
CUST004257,Mathias Santos,mathias. santos@mail.com,21.0,male,Uberlândia,minas gerais,21/07/2022,2861,4,1.233,3.6
CUST004852,DRA. CAROLINA CASA GRANDE, dra..carolina.casa.grande@correio.net ,53.0,female,Curitiba,PR,16-10-2023,2.552,5,654,4.0
CUST002213,Davi Lucas Moraes,DAVI.LUCAS.MORAES@CORREIO.NET,50.0,Masc,Juiz de Fora,mg,2024-02-01,4755,4,1.160,5.0
CUST003516,BÁRBARA CAMARGO, barbara.camargo@mail.com ,,Feminino,Brasília,DF,2025-02-04,"R$ 1.459,00",4,"R$ 936,00",4.6
CUST001559,Ana Júlia Vasconcelos,ana.julia.vasconcelos@mail.com,36.0,Feminino,Ribeirão Preto,Sao Paulo,2024/04/15,1.496,4,"R$ 825,00",5.0
CUST000311,Ian Rocha,ian.rocha@provedor.com.br,23.0,male,Florianópolis,santa catarina,2024-01-12,3.728,10,"R$ 3.115,00",
CUST002046,DAVI LUCCA COSTELA,davi.lucca.costela@provedor.com.br,22.0,male,Sobral,ce,2022-12-12,5.094,8,3.324,5.0
CUST001113,Sophia Correia,SOPHIA.CORREIA@EMAIL.COM,32.0,fem,Santos,SP,08-01-2025,,7,907,4.8
CUST001308,Mathias Moreira, mathias.moreira@correio.net ,35.0,Masculino,Caxias do Sul,rs,17-11-2024,3.273,10,2310,
CUST003320,heitor caldeira,heitor.caldeira@email.com,33.0,MASCULINO,Belo Horizonte,MG,2025-09-18,3851,7,"R$ 1.739,00",
CUST000128,Sra. Kamilly Aparecida,sra..kamilly.aparecida@email.com,29.0,fem,São Paulo,São Paulo,2024/09/09,,8,1924,4.0
CUST004585,Olivia Duarte,olivia.duarte@mail.com,44.0,Feminino,Várzea Grande,mt,15/03/2023,4.255,5,1506,3.3
CUST001831,sr. gustavo henrique cavalcante, sr..gustavo.henrique.cavalcante@email.com ,19.0,male,Pelotas,RS,23-07-2023,2.680,7,1690,3.6
CUST000104,Isadora Pacheco,isadora.pacheco@email.com,39.0,female,Cuiabá,Mato Grosso,2025/07/27,"R$ 3.176,00",8,1.451,5.0
CUST000660,Guilherme Vieira,guilherme.vieira@mail.com,31.0,Masculino,Rio de Janeiro,Rio de Janeiro,05/10/2024,2.591,5,900,4.9
CUST001331,Maria Liz Andrade,maria.liz.andrade@mail.com,26.0,Feminino,Sobral,Ceara,19-05-2025,4.118,4,"R$ 1.046,00",2.2
CUST003687,eloah peixoto,eloah.peixoto@provedor.com.br,53.0,F,Caxias do Sul,RS,24-08-2024,3465,5,"R$ 1.385,00",4.0
CUST003566,marcos vinicius câmara,MARCOS.VINICIUS.CAMARA@EMAIL.COM,28.0,male,Curitiba,pr,2022/11/02,900,4,"R$ 670,00",4.0
CUST001674,Maria Vitória Farias,maria. vitoria.farias@webmail.com,51.0,FEMININO,Joinville,SC,2023/05/29,1.682,6,1975,4.6
CUST002725,Davi Vargas,davi.vargas@correio.net,34.0,M,Goiânia,go,2022-03-06,"R$ 3.314,00",5,1.266,3.8
CUST004003,Maria Alice da Cruz, maria.alice.da.cruz@provedor.com.br ,37.0,FEMININO,Sorocaba,SP,2023-05-17,4.285,13,3.721,3.5
CUST004979,Gabriela Vargas,gabriela.vargas@email.com,69.0,Fem,Maringá,pr,2024-03-07,,9,"R$ 2.567,00",2.7
CUST004120,Stella Siqueira,stella.siqueira@email.com,0.0,FEMININO,Campinas,SÃO PAULO,2023-05-06,2.748,4,"R$ 1.154,00",2.0
CUST001531,MARIA VITÓRIA ROCHA,maria.vitoria.rocha@provedor.com.br,18.0,Feminino,Caruaru,Pernambuco,2024-07-23,5145,10,"R$ 2.751,00",4.7
CUST002713,CATARINA ALVES,CATARINA.ALVES@CORREIO.NET,39.0,FEMININO,Duque de Caxias,RJ ,05/10/2024,"R$ 3.496,00",6,1760,2.0
CUST004710,Dr. Arthur Gabriel da Luz,dr..arthur.gabriel.da.luz@provedor.com.br,59.0,masc,Campinas,sp,2023-04-16,6500,11,"R$ 2.817,00",4.4
CUST000044,RAVI LUCCA MOURA,RAVI.LUCCA.MOURA@PROVEDOR.COM.BR,26.0,MASCULINO,Porto Alegre,RS,21/06/2023,"R$ 2.471,00",7,568,3.4
CUST002505,FRANCISCO COSTELA,francisco.costela@correio.net,24.0,male,Campinas,SP,2025-07-10,1633,5,822,2.5
CUST003980,Henrique Fonseca, henrique.fonseca@webmail.com ,18.0,male,São Paulo,sp,2023/02/09,900,4,584,3.3
CUST004010,ana luiza gomes, ana.luiza.gomes@mail.com ,50.0,Outro,Niterói,RJ,2022-09-29,1.650,5,1.260,3.7
CUST002262,Sarah da Mata,sarah.da.mata@mail.com,46.0,Fem,Ananindeua,pa,2021-10-04,3.034,6,"R$ 2.354,00",
CUST004895,dra. mirella abreu,DRA..MIRELLA.ABREU@PROVEDOR.COM.BR,61.0,FEMININO,Belo Horizonte,MG,12/11/2023,"R$ 5.230,00",10,3.729,4.0
CUST001741,srta. eduarda borges,srta..eduarda.borges@email.com,32.0,F,Goiânia,GO,11-10-2024,2.848,6,"R$ 1.140,00",
CUST003401,Dr. Leandro Siqueira,dr..leandro.siqueira@correio.net,30.0,Masculino,Caxias do Sul,Rio Grande do Sul,29/11/2023,6828,9,3168,4.3
CUST004029,Maria Liz Barros, maria.liz.barros@webmail.com ,57.0,F,Rio Verde,Goias,11/06/2024,5601,8,1.588,4.9
CUST003421,ISABELA MENDES,isabela.mendes@mail.com,25.0,fem,Caxias do Sul,rs,13/09/2022,"R$ 3.069,00",6,"R$ 1.668,00",2.4
CUST004470,Bruna Cavalcanti, bruna.cavalcanti@webmail.com ,54.0,Fem,Porto Alegre,RS,31/01/2022,"R$ 2.679,00",4,885,3.4
CUST001004,Rael Dias,rael.dias@mail.com,33.0,male,Brasília,distrito federal,2024-02-29,3799,11,3096,3.9
CUST001389,HENRY GABRIEL SOUZA,henry.gabriel.souza@mail.com,40.0,MASCULINO,Belo Horizonte,minas gerais,2023-08-09,4169,4,863,4.3
CUST002496,ian mendes,ian.mendes@correio.net,18.0,M,Sorocaba,São Paulo,01/02/2023,5265,5,"R$ 1.520,00",3.4
CUST004840,Srta. Natália Santos,SRTA..NATALIA.SANTOS@EMAIL.COM,150.0,FEMININO,Salvador,BA ,2023/03/31,2055,426,1253,4.7
CUST004438,juan camargo,juan.camargo@webmail.com,39.0,Masculino,Rio de Janeiro,Rio De Janeiro,2024-01-14,"R$ 8.213,00",7,2.540,4.3
CUST002042,VICENTE ROCHA,vicente.rocha@webmail.com,55.0,Masc,,Ceara,17-06-2022,"R$ 3.631,00",7,"R$ 1.364,00",4.4
CUST001184,Srta. Isabela da Rocha,srta..isabela.da.rocha@email.com,36.0,female,Várzea Grande,Mato Grosso,07-08-2024,7843,7,2.044,
CUST002864,Dra. Nicole Cavalcanti,dra..nicole.cavalcanti@mail.com,53.0,fem,Juazeiro do Norte,Ceara,2023/08/04,1592,6,829,4.4
CUST000758,Bruno Ferreira,BRUNO.FERREIRA@MAIL.COM,35.0,Masculino,Curitiba,Paraná,17-08-2024,5.566,7,2561,4.6
CUST001839,João Miguel Macedo,joao.miguel.macedo@webmail.com,36.0,MASCULINO,São Paulo,sp,01/01/2023,2513,5,695,
CUST001917,NINA DA MOTA,NINA.DA.MOTA@EMAIL.COM,42.0,Feminino,Recife,Pernambuco,2024-07-01,1943,6,1.257,
CUST001495,Gabrielly Rezende, gabrielly.rezende@email.com ,24.0,F,,Minas Gerais,2024/01/13,2095,8,1395,3.7
CUST003855,Pedro Miguel Rezende,PEDRO.MIGUEL.REZENDE@MAIL.COM,57.0,M,São Paulo,sp,27-10-2023,"R$ 7.857,00",12,"R$ 3.792,00",3.8
CUST001151,Cauã Oliveira,caua.oliveira@email.com,19.0,male,Porto Alegre,RS,2024/07/10,"R$ 5.513,00",5,1.582,4.8
CUST001285,Pedro Henrique Castro, pedro.henrique.castro@email.com ,38.0,male,Manaus,AM,2022/10/20,2.837,5,1.460,5.0
CUST001599,DR. CAIO DA PAZ,DR..CAIO.DA.PAZ@CORREIO.NET,18.0,masc,Caxias do Sul,Rio Grande do Sul,2022/01/26,1731,5,"R$ 980,00",3.6
CUST004627,Maria Luísa Cavalcanti,maria.luisa.cavalcanti@provedor.com.br,43.0,Feminino,Londrina,pr,31/10/2022,"R$ 2.264,00",7,1.060,5.0
CUST001314,Erick Cavalcante,ERICK.CAVALCANTE@WEBMAIL.COM,34.0,Masc,Belo Horizonte,mg,2024-06-29,4121,8,2.057,5.0
CUST004887,Liam Vieira, liam.vieira@email.com ,0.0,MASCULINO,Pelotas,Rio Grande do Sul,19-05-2021,6345,14,"R$ 4.537,00",4.9
CUST001959,HEITOR GARCIA,heitor.garcia@mail.com,,MASCULINO,Várzea Grande,mt,2023/06/08,4328,11,"R$ 2.772,00",3.3
CUST003171,Fernanda da Paz, fernanda.da.paz@webmail.com ,150.0,Fem,Vitória da Conquista,BA ,15-10-2024,4261,3,903,2.6
CUST002595,Davi Pereira, davi.pereira@webmail.com ,33.0,MASCULINO,Ribeirão Preto,São Paulo,2024/02/22,12.153,8,"R$ 3.402,00",4.7
CUST002128,srta. ana laura caldeira,srta..ana.laura.caldeira@provedor.com.br,44.0,fem,Parintins,AM,2022/04/03,1242,3,"R$ 571,00",3.7
CUST001677,ELISA RAMOS,elisa.ramos@correio.net,51.0,fem,Sorocaba,Sao Paulo,18-01-2024,3.342,10,1261,4.2
CUST004226,IGOR BRITO,IGOR.BRITO@CORREIO.NET,25.0,Masculino,Petrópolis,Rio De Janeiro,25-01-2024,4122,5,"R$ 1.836,00",3.7
CUST000903,theodoro sampaio,THEODORO.SAMPAIO@PROVEDOR.COM.BR,28.0,N/I,Londrina,PR,2022/10/22,"R$ 988,00",5,925,3.1
CUST004181,Sophia Sousa,sophia.sousa@webmail.com,27.0,FEMININO,Niterói,Rio De Janeiro,30-10-2022,"R$ 1.110,00",5,"R$ 1.492,00",4.6
CUST001779,Thales Oliveira,thales.oliveira@mail.com,40.0,Masculino,Vila Velha,ES,2023/05/06,3.374,4,831,2.6
CUST003017,Caio Pinto,caio.pinto@correio.net,60.0,MASCULINO,Maringá,pr,2024-06-30,3099,3,668,4.6
CUST001364,Leandro Silva,leandro.silva@correio.net,37.0,Masculino,Porto Alegre,RS,2025-04-04,"R$ 3.181,00",11,2.353,4.0
CUST002180,leonardo almeida,LEONARDO.ALMEIDA@MAIL.COM,18.0,Masculino,Campinas,São Paulo,12-01-2024,1.289,8,1650,3.8
CUST004016,Sabrina Monteiro,sabrina. monteiro@email.com,23.0,Fem,Campinas,SÃO PAULO,11-02-2025,4.931,5,1.579,4.1
CUST004848,Maria Cecília Silva,maria.cecilia.silva@email.com,60.0,female,Blumenau,santa catarina,20/01/2023,"R$ 10.114,00",9,"R$ 2.846,00",3.9
CUST000650,Pietro Cunha,pietro.cunha@webmail.com,41.0,male,Ananindeua,Para,2023-09-10,"R$ 7.590,00",7,2.058,3.4
CUST002273,Dra. Luana Pimenta, dra..luana.pimenta@email.com ,40.0,fem,,São Paulo,2023-07-27,"R$ 3.068,00",8,"R$ 1.936,00",3.6
CUST003849,Rafael Dias, rafael.dias@provedor.com.br ,38.0,Masc,Sorocaba,sp,06/12/2023,4.055,6,"R$ 1.829,00",4.7
CUST004841,Isabelly Sá, isabelly.sa@provedor.com.br ,33.0,outro,Sorocaba,sp,2021/12/05,"R$ 4.266,00",5,1379,3.4
CUST005046,yuri da rocha,yuri.da.rocha@mail.com,64.0,MASCULINO,São Paulo,SP,23-08-2023,"R$ 5.010,00",3,"R$ 913,00",4.2
CUST001126,DR. OTÁVIO SAMPAIO, dr..otavio.sampaio@webmail.com ,40.0,Masc,Uberlândia,minas gerais,04/07/2023,6795,6,"R$ 1.886,00",3.8
CUST004243,Davi Miguel Abreu,davi.miguel.abreu@mail.com,,Masc,Campinas,SÃO PAULO,20-12-2022,"R$ 2.383,00",8,1309,2.7
CUST004036,Lorenzo Sales,lorenzo.sales@webmail.com,35.0,Masc,Joinville,santa catarina,2023-11-15,"R$ 3.815,00",8,1.927,4.6
CUST003133,Alexia Marques,alexia.marques@webmail.com,38.0,prefer not to say,Manaus,Amazonas,2022-09-23,"R$ 6.282,00",14,4253,4.1
CUST000301,Yago Câmara,YAGO.CAMARA@CORREIO.NET,36.0,masc,Feira de Santana,BA,2022-03-03,2.794,5,1234,5.0
CUST002272,ANA VITÓRIA RODRIGUES,ana.vitoria.rodrigues@provedor.com.br,34.0,prefer not to say,Sobral,ce,06/01/2023,,7,"R$ 1.075,00",3.0
CUST002305,João Pedro Machado,JOAO.PEDRO.MACHADO@CORREIO.NET,46.0,male,Ribeirão Preto,São Paulo,15/11/2021,3752,5,676,4.2
CUST001080,Ryan Viana,ryan. viana@email.com,47.0,male,Caxias do Sul,rs,29/06/2023,4.390,6,"R$ 1.720,00",4.8
CUST004296,sr. breno barbosa,sr..breno.barbosa@correio.net,46.0,masc,Santos,São Paulo,2024/02/20,1.251,2,262,4.8
CUST000480,Murilo Azevedo,murilo. azevedo@correio.net,24.0,Masculino,,es,15-05-2023,3887,6,1431,2.7
CUST003360,Sra. Luana Cavalcante,sra. .luana.cavalcante@email.com,51.0,Fem,Vitória da Conquista,bahia,12/12/2023,"R$ 4.815,00",7,1.827,3.1
CUST000609,Luiz Gustavo Nogueira,luiz. gustavo.nogueira@mail.com,,MASCULINO,Belém,pa,2023-03-30,3098,7,1142,4.3
CUST001340,Sra. Aurora Correia, sra..aurora.correia@correio.net ,22.0,Fem,Sorocaba,São Paulo,2024/08/11,3876,8,1339,4.1
CUST003260,Maria Júlia Castro,MARIA.JULIA.CASTRO@PROVEDOR.COM.BR,38.0,fem,Brasília,Distrito Federal,17/06/2021,2069,8,1378,2.9
CUST004581,Clara Casa Grande,CLARA.CASA.GRANDE@EMAIL.COM,31.0,fem,Sorocaba,SP,05/08/2025,"R$ 3.551,00",12,409,5.0
CUST000513,Sra. Hellena Farias,SRA..HELLENA.FARIAS@MAIL.COM,34.0,Não binário,Uberlândia,Minas Gerais,21/06/2025,4.116,8,2.748,3.6
CUST002968,SRTA. ALÍCIA ALVES,srta..alicia.alves@provedor.com.br,35.0,fem,Contagem,MG,20-01-2024,4864,5,"R$ 935,00",4.4
CUST002460,Anna Liz Pinto,ANNA.LIZ.PINTO@EMAIL.COM,39.0,Fem,Fortaleza,CE,19/03/2024,"R$ 5.490,00",10,2.434,3.0
CUST001436,Carlos Eduardo Ribeiro,carlos.eduardo.ribeiro@provedor.com.br,49.0,M,Recife,Pernambuco,2024/12/23,"R$ 4.012,00",6,"R$ 1.071,00",5.0
CUST001900,Renan Sales, renan.sales@mail.com ,20.0,Masculino,Rio de Janeiro,Rio De Janeiro,17/01/2024,4.816,9,2.668,2.2
CUST001401,Ryan Farias,ryan. farias@email.com,38.0,Masc,Salvador,BA ,16-05-2024,3673,3,573,3.4
CUST002311,Dra. Maria Júlia Martins,DRA..MARIA.JULIA.MARTINS@CORREIO.NET,46.0,female,Várzea Grande,mt,2022-04-15,3033,10,1.851,2.7
CUST003912,Maria Fogaça,MARIA.FOGACA@CORREIO.NET,75.0,F,Sorocaba,SP,2024/09/24,"R$ 5.088,00",14,"R$ 4.347,00",3.6
CUST003731,Cecilia Siqueira,cecilia.siqueira@webmail.com,29.0,outro,Duque de Caxias,Rio De Janeiro,18/07/2023,2.136,9,"R$ 2.199,00",3.9
CUST002885,Diogo Melo,diogo.melo@provedor.com.br,,masc,Duque de Caxias,RJ ,2023/03/16,"R$ 3.952,00",4,1.068,4.9
CUST004274,Thiago Câmara, thiago.camara@email.com ,39.0,masc,Manaus,amazonas,2022-10-03,"R$ 2.766,00",4,978,4.5
CUST004093,CARLOS EDUARDO CÂMARA,carlos.eduardo.camara@mail.com,35.0,Masculino,Juazeiro do Norte,Ceara,2025-04-26,6.146,5,1798,3.5
CUST003053,MARIA LUÍSA PORTO,maria.luisa.porto@webmail.com,35.0,Feminino,Belo Horizonte,MG,28-08-2024,4836,8,"R$ 2.047,00",5.0
CUST003439,Sra. Allana Porto,sra..allana.porto@provedor.com.br,40.0,Fem,Contagem,mg,12-12-2023,1871,5,"R$ 1.682,00",4.0
CUST002178,Aurora Farias,aurora.farias@mail.com,36.0,female,Manaus,AM,2025/03/04,"R$ 3.225,00",8,953,3.8
CUST001815,Vitor Gabriel Cavalcanti,vitor. gabriel.cavalcanti@provedor.com.br,46.0,male,Salvador,Bahia,2024-06-01,4.423,6,1743,3.4
CUST004867,sr. gael henrique fogaça,sr..gael.henrique.fogaca@correio.net,32.0,masc,Contagem,MG,20-07-2024,3534,4,"R$ 746,00",4.3
CUST000292,João Ribeiro,joao. ribeiro@email.com,53.0,N/I,Sorocaba,SÃO PAULO,2023/12/28,2.245,15,"R$ 2.522,00",3.9
CUST000510,Bianca da Cruz,bianca.da.cruz@provedor.com.br,65.0,Outro,Recife,PE ,11-12-2023,"R$ 2.441,00",9,1375,4.4
CUST002504,Sr. Pedro Lucas da Luz,SR..PEDRO.LUCAS.DA.LUZ@MAIL.COM,48.0,Outro,Sorocaba,sp,2024-09-29,2.059,5,"R$ 1.533,00",2.1
CUST001856,dr. rhavi da rosa,dr. .rhavi.da.rosa@provedor.com.br,,Masc,Ananindeua,Para,2021/11/27,,5,1.026,5.0
CUST000067,rael campos,rael. campos@webmail.com,18.0,Masc,Niterói,Rio De Janeiro,28/09/2025,1.413,8,1.127,4.3
CUST000761,João Gabriel Novais,joao.gabriel.novais@correio.net,30.0,Masc,Pelotas,RS,27-08-2024,2555,8,"R$ 2.242,00",3.6
CUST001397,Ana Júlia Cassiano,ana.julia.cassiano@webmail.com,48.0,Outro,Porto Alegre,rs,18/07/2021,2417,8,1849,5.0
CUST001622,Bernardo Correia,BERNARDO.CORREIA@EMAIL.COM,35.0,M,Pelotas,rio grande do sul,2022-12-19,"R$ 3.626,00",4,1.063,4.0
CUST000679,Liz Pimenta, liz.pimenta@mail.com ,41.0,F,Parintins,am,2024-09-25,"R$ 4.163,00",3,623,5.0
CUST002159,VITOR CAVALCANTE,vitor.cavalcante@webmail.com,24.0,masc,Serra,es,2024/10/24,5.611,5,575,5.0
CUST002125,Davi Luiz Campos,davi.luiz.campos@mail.com,54.0,MASCULINO,Anápolis,go,2025-03-19,5912,10,2468,2.8
CUST002119,Felipe Castro,felipe.castro@correio.net,999.0,Masc,Ribeirão Preto,Sao Paulo,18/02/2023,"R$ 6.835,00",7,"R$ 2.664,00",4.2
CUST002221,Pedro Viana,pedro.viana@email.com,,masc,Curitiba,PR,11/12/2023,,19,1.741,4.6
CUST003601,ana júlia lima,ANA.JULIA.LIMA@PROVEDOR.COM.BR,27.0,Fem,Sobral,CE,2023-10-09,3.440,8,915,4.6
CUST001153,Sr. Augusto Albuquerque, sr..augusto.albuquerque@mail.com ,41.0,male,Sorocaba,Sao Paulo,2025-09-04,2254,3,"R$ 734,00",5.0
CUST001716,Dr. José Pedro Nascimento,DR..JOSE.PEDRO.NASCIMENTO@EMAIL.COM,33.0,male,Sorocaba,SP,23/05/2024,2277,9,2614,3.2
CUST000243,Natália Santos,natalia.santos@correio.net,18.0,Feminino,Anápolis,Goiás,28-08-2022,5.630,6,"R$ 1.323,00",3.7
CUST004969,Pedro da Mota,pedro. da.mota@webmail.com,32.0,MASCULINO,Vitória da Conquista,bahia,06/03/2023,5661,9,"R$ 2.649,00",3.0
CUST000215,AMANDA BARROS,AMANDA.BARROS@EMAIL.COM,35.0,female,Londrina,Parana,2023/07/22,4165,9,"R$ 3.012,00",4.9
CUST000453,Dra. Lunna Garcia,dra..lunna.garcia@email.com,31.0,fem,Campinas,São Paulo,29/01/2024,1.551,10,2381,3.6
CUST004548,Mariah Guerra, mariah.guerra@email.com ,50.0,prefer not to say,Ribeirão Preto,Sao Paulo,19-01-2023,2.893,8,"R$ 2.271,00",3.7
CUST001380,Maria Luiza Gomes,MARIA.LUIZA.GOMES@EMAIL.COM,21.0,Fem,Parintins,amazonas,2025-03-16,2.990,8,1.829,2.7
CUST000424,isaac fonseca,isaac.fonseca@provedor.com.br,35.0,Masculino,Ribeirão Preto,São Paulo,2023/11/21,"R$ 6.032,00",6,2194,4.2
CUST002149,Sra. Olívia Andrade,SRA..OLIVIA.ANDRADE@CORREIO.NET,51.0,F,Olinda,Pernambuco,2023/07/14,"R$ 2.820,00",9,"R$ 2.139,00",4.0
CUST004058,Srta. Nina Gomes, srta..nina.gomes@email.com ,32.0,FEMININO,Blumenau,sc,27/05/2023,"R$ 8.544,00",9,"R$ 3.011,00",4.9
CUST004424,Luara Brito,LUARA.BRITO@EMAIL.COM,45.0,outro,Campinas,Sao Paulo,2023-04-08,5.096,8,1.636,4.0
CUST002677,Gustavo Fernandes, gustavo.fernandes@correio.net ,,MASCULINO,Fortaleza,Ceará,12-05-2023,3.602,9,"R$ 1.995,00",5.0
CUST001720,Rodrigo Cavalcanti,rodrigo.cavalcanti@provedor.com.br,,male,Belo Horizonte,MG,23/04/2024,"R$ 2.267,00",7,1624,4.4
CUST004172,Yago Nunes,yago.nunes@correio.net,56.0,M,Joinville,sc,27/03/2022,3.916,4,"R$ 843,00",2.9
CUST000684,João Rezende,joao.rezende@email.com,38.0,Masc,Parintins,AM,19/04/2024,2113,4,"R$ 746,00",3.9
CUST001506,Fernanda Correia,fernanda.correia@email.com,28.0,Fem,Manaus,AM,09/08/2025,,5,1.170,3.7
CUST002179,Ana Clara Caldeira,ANA.CLARA.CALDEIRA@EMAIL.COM,,fem,Vitória da Conquista,bahia,04-08-2024,"R$ 3.400,00",9,1446,4.8
CUST001994,Fernanda Mendonça,FERNANDA.MENDONCA@CORREIO.NET,51.0,F,Salvador,BA ,2022/03/02,3.548,7,2.158,3.1
CUST000666,Pietra Moura,PIETRA.MOURA@MAIL.COM,39.0,FEMININO,Cuiabá,mato grosso,2024/04/22,"R$ 3.075,00",8,2113,3.6
CUST001446,Gustavo Henrique Sales,gustavo.henrique.sales@correio.net,35.0,masc,São Paulo,SÃO PAULO,2023-08-19,3643,6,1289,4.4
CUST001727,Ana Júlia Castro,ANA.JULIA.CASTRO@PROVEDOR.COM.BR,27.0,F,Rio de Janeiro,rio de janeiro,02-08-2024,"R$ 240.054,00",3,"R$ 704,00",2.2
CUST001231,Maria Alice Vargas,maria.alice.vargas@email.com,18.0,fem,Santos,Sao Paulo,28/11/2023,"R$ 3.128,00",5,1236,4.8
CUST003673,isaac rezende,ISAAC.REZENDE@PROVEDOR.COM.BR,40.0,male,Vitória da Conquista,BA ,2022/08/10,,10,"R$ 1.212,00",3.4
CUST002556,Dra. Olívia Sales,DRA..OLIVIA.SALES@EMAIL.COM,28.0,Fem,Londrina,Paraná,2022-12-14,3508,9,"R$ 1.451,00",3.3
CUST004264,Srta. Ana Beatriz Fernandes,srta..ana.beatriz.fernandes@provedor.com.br,43.0,Feminino,São Paulo,SÃO PAULO,2023/05/31,"R$ 7.281,00",6,2398,4.5
CUST002219,EDUARDA MENDES,eduarda.mendes@webmail.com,49.0,fem,,Parana,2022/04/06,3562,4,1.130,3.9
CUST000356,Davi Lucas Montenegro,davi. lucas.montenegro@provedor.com.br,49.0,Masculino,Santos,SÃO PAULO,2023-03-28,4.251,10,"R$ 3.033,00",4.4
CUST001320,Miguel Novaes,MIGUEL.NOVAES@CORREIO.NET,47.0,Masc,Campinas,SÃO PAULO,2024/06/04,"R$ 2.120,00",7,2.412,3.7
CUST001980,Anthony Porto,anthony.porto@webmail.com,18.0,MASCULINO,Vitória da Conquista,BA ,2022-11-20,"R$ 2.290,00",8,2015,3.4
CUST000448,Mariane Rodrigues,mariane. rodrigues@provedor.com.br,33.0,fem,Ananindeua,Para,31-01-2022,2.088,5,676,4.5
CUST002008,Sr. Daniel Sousa, sr..daniel.sousa@mail.com ,25.0,masc,,sp,2022/07/07,3798,3,"R$ 1.006,00",3.0
CUST003708,Julia Silveira, julia.silveira@email.com ,39.0,Fem,,rs,14-08-2023,"R$ 2.362,00",12,"R$ 1.840,00",5.0
CUST000815,Pietro Araújo,pietro.araujo@provedor.com.br,27.0,MASCULINO,Caruaru,Pernambuco,2024-07-07,4.643,7,"R$ 1.640,00",2.7
CUST002685,Ayla Silva,ayla.silva@correio.net,35.0,fem,Porto Alegre,rs,2022/07/25,1754,6,"R$ 996,00",3.8
CUST004153,Beatriz da Luz,BEATRIZ.DA.LUZ@CORREIO.NET,27.0,Fem,Campinas,SÃO PAULO,08-08-2022,4.160,7,1675,4.2
CUST002964,Carolina Moreira,carolina.moreira@correio.net,48.0,FEMININO,Rio Verde,go,17-04-2025,"R$ 6.172,00",6,1.467,4.1
CUST000932,Miguel Vasconcelos,miguel. vasconcelos@webmail.com,25.0,Masculino,Duque de Caxias,RJ ,2023-07-05,2571,12,1.945,3.5
CUST004756,Vitor Hugo Vieira,vitor. hugo.vieira@mail.com,47.0,Masculino,Olinda,PE ,13-01-2023,3.934,12,3555,4.2
CUST004932,gabriela cunha, gabriela.cunha@email.com ,,fem,Pelotas,rio grande do sul,2023/10/24,2282,9,2101,3.4
CUST004925,Benjamin Jesus,BENJAMIN.JESUS@MAIL.COM,32.0,masc,Brasília,distrito federal,16-05-2024,3330,10,"R$ 3.889,00",4.5
CUST003991,Luana Cavalcante, luana.cavalcante@correio.net ,43.0,F,Florianópolis,Santa Catarina,18-10-2023,5083,6,"R$ 1.063,00",4.9
CUST002080,Asafe Novais,asafe.novais@provedor.com.br,38.0,M,Feira de Santana,BA ,2022/03/24,3.363,7,1788,4.3
CUST001603,Dr. Yago da Rocha,dr. .yago.da.rocha@correio.net,47.0,Masculino,Ribeirão Preto,SP,2023-12-27,"R$ 4.388,00",7,1487,4.5
CUST002170,SARAH CASSIANO,sarah.cassiano@correio.net,22.0,fem,Ananindeua,Pará,2023-09-14,4996,13,"R$ 4.268,00",2.3
CUST000743,Ravy Sousa,ravy.sousa@email.com,31.0,Masc,Sorocaba,SP,2024-01-02,"R$ 1.835,00",6,1.125,3.5
CUST004350,Maysa Pacheco,maysa.pacheco@webmail.com,53.0,female,Pelotas,rs,23-02-2024,3.527,7,"R$ 1.308,00",3.7
CUST002886,ALÍCIA CAMARGO,alicia.camargo@correio.net,28.0,outro,São Paulo,Sao Paulo,21/03/2022,5.370,5,1797,3.3
CUST000810,gabriela oliveira,gabriela.oliveira@correio.net,29.0,Fem,Juiz de Fora,MG,03-02-2024,"R$ 5.310,00",8,"R$ 3.014,00",4.9
CUST000595,Antony Pires, antony.pires@webmail.com ,27.0,M,Florianópolis,santa catarina,12/11/2024,2.935,10,2249,
CUST001510,camila vargas,camila.vargas@mail.com,41.0,N/I,Pelotas,RS,2024-03-22,3238,5,1.390,
CUST000381,Pedro Miguel Ferreira,PEDRO.MIGUEL.FERREIRA@PROVEDOR.COM.BR,18.0,Não binário,Caxias do Sul,rs,2023/06/02,"R$ 4.185,00",10,2597,
CUST001884,Camila Vargas, camila.vargas@webmail.com ,38.0,FEMININO,Niterói,RJ ,2025-03-20,"R$ 3.484,00",9,2.551,4.2
CUST003686,theodoro vieira, theodoro.vieira@mail.com ,41.0,Masc,Belo Horizonte,MG,26-05-2023,2.670,5,"R$ 1.191,00",3.7
CUST002534,enrico siqueira,enrico.siqueira@webmail.com,39.0,Masc,Vitória da Conquista,BA,03/02/2023,,6,977,4.9
CUST001827,stephany machado,stephany.machado@mail.com,36.0,female,Vila Velha,ES,2023/04/08,2014,8,"R$ 1.620,00",4.3
CUST001220,Pietra Araújo,pietra.araujo@email.com,51.0,female,Joinville,sc,22/02/2022,"R$ 4.147,00",7,"R$ 1.302,00",3.1
CUST000307,Vitor Hugo Monteiro,vitor.hugo.monteiro@email.com,39.0,Masculino,Recife,pernambuco,07/03/2025,,3,597,3.8
CUST004670,Marcelo Peixoto,marcelo.peixoto@mail.com,19.0,male,Ribeirão Preto,Sao Paulo,11/04/2023,"R$ 2.991,00",8,2369,
CUST002104,João Pedro Pires,JOAO.PEDRO.PIRES@WEBMAIL.COM,18.0,Masculino,Maringá,PR,25-07-2023,2973,8,1.965,
CUST001282,Lucca Peixoto,lucca.peixoto@webmail.com,38.0,Masculino,Olinda,Pernambuco,2022-01-20,1.937,11,"R$ 2.182,00",3.3
CUST001240,Cecília Nunes,cecilia.nunes@email.com,40.0,fem,Rio de Janeiro,RJ,2023/12/28,,4,692,4.2
CUST004910,theodoro das neves,theodoro.das.neves@mail.com,32.0,masc,Petrópolis,RJ ,2023/09/05,"R$ 5.385,00",10,3914,3.1
CUST002990,Julia Pacheco,julia.pacheco@correio.net,50.0,Não binário,Feira de Santana,BA ,15/12/2023,4.141,8,1.195,3.6
CUST002352,Dr. Murilo Araújo,dr..murilo.araujo@correio.net,25.0,male,Vila Velha,Espírito Santo,2025-04-19,"R$ 1.035,00",6,588,4.0
CUST004133,camila lopes, camila.lopes@mail.com ,35.0,Feminino,Anápolis,go,2022/03/19,,8,"R$ 2.780,00",2.7
CUST001796,Maria Fernanda Fonseca,maria.fernanda.fonseca@correio.net,42.0,prefer not to say,Contagem,Minas Gerais,19-08-2023,1901,6,1363,3.0
CUST001799,SRTA. BEATRIZ SILVEIRA,srta..beatriz.silveira@mail.com,61.0,F,Goiânia,go,05-04-2023,3683,5,1.086,3.1
CUST000454,Vitória da Rocha,vitoria.da.rocha@webmail.com,25.0,Feminino,Santos,sp,29/10/2023,2.500,5,"R$ 1.527,00",3.6
CUST001617,Ana Sophia da Rocha,ana.sophia.da.rocha@provedor.com.br,29.0,Fem,Vitória da Conquista,BA ,17-07-2025,2.843,9,1962,4.1
CUST004645,sra. julia borges,sra..julia.borges@webmail.com,52.0,female,Brasília,Distrito Federal,09/02/2024,4.054,5,1.154,4.5
CUST002974,Sr. Pietro da Rosa,SR..PIETRO.DA.ROSA@CORREIO.NET,49.0,male,Várzea Grande,mato grosso,2022-08-31,"R$ 2.530,00",10,2.303,2.4
CUST001707,Jade Mendes, jade.mendes@provedor.com.br ,50.0,Fem,,RS,03-05-2023,"R$ 2.337,00",7,1.686,4.5
CUST004176,Raul Aragão,RAUL.ARAGAO@EMAIL.COM,30.0,masc,Ribeirão Preto,SÃO PAULO,07-09-2021,2.679,1,"R$ 185,00",4.1
CUST000066,Maria Fernanda Macedo,maria.fernanda.macedo@email.com,53.0,Outro,Anápolis,Goiás,2023-04-12,2797,10,167182,3.3
CUST002751,Beatriz Castro, beatriz.castro@provedor.com.br ,38.0,fem,Porto Alegre,RS,2023-04-10,"R$ 2.751,00",7,"R$ 1.456,00",3.7
CUST004308,Srta. Ana Carolina da Costa,srta..ana.carolina.da.costa@provedor.com.br,28.0,female,Porto Alegre,Rio Grande do Sul,19-02-2023,3.143,5,721,
CUST003620,Sra. Heloisa Melo,SRA..HELOISA.MELO@CORREIO.NET,40.0,FEMININO,Niterói,RJ ,2023-03-18,3306,7,1629,2.6
CUST003939,Liam Farias,LIAM.FARIAS@EMAIL.COM,25.0,M,Fortaleza,ce,07-02-2025,4352,9,"R$ 2.109,00",4.2
CUST001062,João Felipe Moraes,joao.felipe.moraes@correio.net,18.0,Masc,Santos,sp,2025/08/19,1.902,19,1.866,3.9
CUST002107,Anthony Gabriel Marques,anthony.gabriel.marques@correio.net,44.0,MASCULINO,Campinas,SP,2024/07/03,4288,6,1.151,3.7
CUST002043,heloísa leão,HELOISA.LEAO@MAIL.COM,25.0,fem,Joinville,sc,2022-12-10,3728,7,1524,4.4
CUST004844,Joana Nunes, joana.nunes@provedor.com.br ,43.0,Feminino,São Paulo,sp,01-03-2025,4.554,8,1.944,4.4
CUST000451,Clara Azevedo, clara.azevedo@mail.com ,34.0,fem,,ce,2023/09/06,1.606,9,2773,4.5
CUST002614,João Pedro Novais, joao.pedro.novais@provedor.com.br ,61.0,male,São Paulo,sp,2021/04/01,4.662,6,1602,4.5
CUST004988,Enrico Lima,ENRICO.LIMA@PROVEDOR.COM.BR,49.0,MASCULINO,Campinas,sp,08/04/2024,"R$ 10.895,00",8,1.503,4.7
CUST000869,Henrique Mendes,henrique.mendes@provedor.com.br,25.0,Masc,Santos,SP,2024-03-17,"R$ 1.753,00",2,"R$ 319,00",3.6
CUST000255,Valentim Correia,valentim.correia@provedor.com.br,67.0,masc,Brasília,Distrito Federal,02/09/2024,3220,11,2.060,3.5
CUST002276,olivia oliveira,olivia.oliveira@webmail.com,61.0,fem,Duque de Caxias,Rio de Janeiro,10-01-2025,"R$ 2.208,00",2,152852,4.0
CUST003090,DR. GAEL BORGES,DR..GAEL.BORGES@MAIL.COM,0.0,Masculino,Recife,PE,24-11-2021,7.424,6,1.631,
CUST003917,Vitor Hugo Lopes, vitor.hugo.lopes@mail.com ,49.0,outro,Londrina,Paraná,04/06/2023,6528,5,1874,3.8
CUST002498,Clara Fogaça,clara. fogaca@email.com,27.0,fem,Caxias do Sul,rio grande do sul,2024-01-27,"R$ 4.305,00",7,"R$ 1.373,00",
CUST003203,Miguel Cunha,miguel. cunha@correio.net,46.0,MASCULINO,Niterói,RJ,18-05-2023,"R$ 2.147,00",3,"R$ 413,00",3.6
CUST000100,Emanuel Araújo, emanuel.araujo@correio.net ,,Masc,Duque de Caxias,Rio De Janeiro,28/01/2024,1887,4,722,4.6
CUST003422,Beatriz Albuquerque,beatriz.albuquerque@mail.com,18.0,Fem,Manaus,am,14/03/2024,1576,6,"R$ 817,00",3.4
CUST002054,Noah Jesus,NOAH.JESUS@EMAIL.COM,47.0,male,Porto Alegre,Rio Grande do Sul,2024/03/11,3.915,1,"R$ 281,00",4.1
CUST002085,Laís Pimenta,LAIS.PIMENTA@EMAIL.COM,43.0,female,Recife,Pernambuco,2024/06/02,4.515,10,2912,3.8
CUST004864,Manuela Câmara,MANUELA.CAMARA@CORREIO.NET,32.0,FEMININO,Contagem,MG,05/10/2023,3510,4,750,3.5
CUST002402,Vitor Hugo Montenegro,vitor.hugo.montenegro@correio.net,46.0,male,Campinas,São Paulo,2024/02/19,3.925,4,1.173,
CUST004986,Lunna Dias,LUNNA.DIAS@CORREIO.NET,42.0,fem,São Paulo,Sao Paulo,2024-07-26,1.587,5,1.119,4.0
CUST002598,Lara Pacheco,LARA.PACHECO@EMAIL.COM,40.0,FEMININO,Caxias do Sul,rio grande do sul,2022-10-05,"R$ 3.826,00",5,"R$ 1.586,00",4.8
CUST001304,ana liz cassiano,ANA.LIZ.CASSIANO@EMAIL.COM,55.0,fem,Belém,PA,22-06-2024,3.581,2,388,3.7
CUST001932,Ana Beatriz Costa,ANA.BEATRIZ.COSTA@PROVEDOR.COM.BR,33.0,fem,Petrópolis,Rio De Janeiro,2024-01-11,"R$ 2.419,00",2,"R$ 215.120,00",5.0
CUST001923,Srta. Allana Pinto,SRTA..ALLANA.PINTO@EMAIL.COM,40.0,Não binário,Feira de Santana,Bahia,2024-11-02,"R$ 2.603,00",8,2.553,3.7
CUST002896,Raquel da Conceição,RAQUEL.DA.CONCEICAO@CORREIO.NET,36.0,fem,Pelotas,Rio Grande do Sul,2024/02/10,,7,2.365,4.1
CUST004629,Luiz Fernando Campos,luiz.fernando.campos@provedor.com.br,36.0,MASCULINO,Contagem,minas gerais,2023/01/21,4440,7,"R$ 2.256,00",3.4
CUST003357,Erick Pastor,erick.pastor@email.com,54.0,Outro,Petrópolis,rio de janeiro,2022-05-29,6.786,10,2761,4.3
CUST003296,Sr. Pedro Lucas Carvalho,sr. .pedro.lucas.carvalho@provedor.com.br,55.0,MASCULINO,Vitória da Conquista,BA ,2022/06/22,4431,11,1.975,3.8
CUST000394,Asafe das Neves,asafe.das.neves@correio.net,46.0,masc,Curitiba,Paraná,16-04-2024,5100,4,1.391,2.2
CUST004329,Mateus Martins,mateus. martins@webmail.com,20.0,MASCULINO,São Paulo,SP,11/11/2023,4400,7,"R$ 2.106,00",3.6
CUST000706,Thiago Marques,THIAGO.MARQUES@CORREIO.NET,36.0,MASCULINO,Contagem,MG,2023-12-27,2394,10,1584,4.4
CUST004700,SR. HENRY PEREIRA, sr..henry.pereira@correio.net ,20.0,male,Olinda,pernambuco,2022/07/25,2850,6,"R$ 1.477,00",3.9
CUST003644,Eduardo Siqueira,eduardo.siqueira@mail.com,36.0,Masculino,Uberlândia,MG,2023/10/19,2.854,9,"R$ 2.714,00",2.9
CUST001537,Dr. Diogo Araújo,dr. .diogo.araujo@webmail.com,47.0,masc,Brasília,distrito federal,16-04-2024,,6,1.153,2.3
CUST002665,LUIZ FERNANDO ARAÚJO,LUIZ.FERNANDO.ARAUJO@WEBMAIL.COM,48.0,Masculino,Uberlândia,mg,2024-05-15,2956,11,2.423,3.0
CUST000616,Théo Gonçalves,THEO.GONCALVES@MAIL.COM,23.0,Masc,Sorocaba,São Paulo,2022/12/20,4.536,6,2192,
CUST000680,Ayla Montenegro,AYLA.MONTENEGRO@WEBMAIL.COM,35.0,Fem,Rio de Janeiro,RJ,2024/09/14,2966,6,1.118,2.8
CUST004934,BIANCA BARBOSA, bianca.barbosa@webmail.com ,43.0,Feminino,Caruaru,PE,2022-01-15,"R$ 8.282,00",5,1.492,3.9
CUST003096,sarah monteiro,sarah.monteiro@mail.com,53.0,fem,Ananindeua,Pará,30-06-2024,2.897,10,"R$ 2.257,00",5.0
CUST002248,Gabriel Novais,GABRIEL.NOVAIS@PROVEDOR.COM.BR,39.0,M,Curitiba,pr,23/04/2024,6.992,2,548,3.5
CUST002704,Benício Porto,benicio. porto@correio.net,38.0,M,Brasília,distrito federal,03-09-2025,"R$ 1.947,00",6,903,5.0
CUST002952,clarice oliveira,CLARICE.OLIVEIRA@EMAIL.COM,33.0,Fem,Fortaleza,ce,2024-08-09,3347,4,699,3.6
CUST005054,DR. DAVI LUCCA PEIXOTO,dr..davi.lucca.peixoto@webmail.com,39.0,Masculino,Vitória,ES,2022/08/02,3.613,4,1111,4.9
CUST002003,Eloá Ferreira, eloa.ferreira@correio.net ,25.0,Fem,São Paulo,São Paulo,19-03-2024,3659,12,4.075,3.2
CUST001402,Sr. Levi Porto, sr..levi.porto@mail.com ,56.0,male,Porto Alegre,rio grande do sul,08-04-2022,"R$ 3.948,00",9,2.424,4.4
CUST002452,Dr. Apollo Marques,dr..apollo.marques@correio.net,28.0,Masculino,Campinas,São Paulo,2022-03-03,3591,8,"R$ 2.485,00",5.0
CUST000226,antônio pinto,antonio.pinto@provedor.com.br,39.0,M,Rio Verde,go,24-04-2024,2277,7,1.703,4.3
CUST000535,Theodoro Cassiano,theodoro.cassiano@provedor.com.br,44.0,Masculino,Pelotas,Rio Grande do Sul,30-04-2023,2.793,7,1.345,2.6
CUST002832,Dra. Caroline Cunha, dra..caroline.cunha@webmail.com ,34.0,fem,Niterói,RJ ,13/02/2025,"R$ 5.015,00",4,860,3.1
CUST003249,cauê farias, caue.farias@webmail.com ,31.0,M,Olinda,pernambuco,29/11/2022,"R$ 1.659,00",4,1042,5.0
CUST001642,Olivia Rezende, olivia.rezende@correio.net ,32.0,N/I,Várzea Grande,mt,07-06-2024,"R$ 4.436,00",5,"R$ 1.193,00",3.9
CUST002133,Sara Moreira,sara. moreira@email.com,47.0,Feminino,,sp,25/04/2025,4.383,5,1498,5.0
CUST002809,DR. BENJAMIM CORREIA,dr..benjamim.correia@mail.com,27.0,M,Niterói,RJ,09/04/2025,4.940,7,1.814,3.6
CUST001074,Sr. Raul Porto,sr..raul.porto@webmail.com,48.0,Masculino,Belo Horizonte,Minas Gerais,20/12/2022,,10,1808,4.3
CUST001413,Sr. Henry Gabriel Sales,SR..HENRY.GABRIEL.SALES@CORREIO.NET,40.0,male,Petrópolis,RJ ,10/03/2024,3343,7,2110,3.4
CUST002866,Maria Vitória Santos,maria.vitoria.santos@provedor.com.br,35.0,fem,Caruaru,Pernambuco,20-02-2024,"R$ 1.841,00",13,3.119,3.4
CUST002838,Gustavo Henrique Castro,GUSTAVO.HENRIQUE.CASTRO@CORREIO.NET,,male,Salvador,bahia,2025/03/26,4538,10,891,4.3
CUST003065,José Rodrigues,jose. rodrigues@webmail.com,44.0,MASCULINO,Brasília,DF,29/07/2025,2758,4,"R$ 1.160,00",4.3
CUST001504,cecilia silva, cecilia.silva@mail.com ,45.0,fem,São Paulo,São Paulo,2023-05-02,"R$ 3.441,00",8,"R$ 1.635,00",3.6
CUST004654,GIOVANNA DA LUZ,GIOVANNA.DA.LUZ@EMAIL.COM,52.0,Fem,Santos,Sao Paulo,2023-02-21,190253,7,"R$ 1.230,00",3.8
CUST003961,ALÍCIA PORTO,alicia.porto@webmail.com,42.0,Fem,Londrina,Paraná,03-10-2024,4452,2,786,
CUST000214,VITOR ALVES,vitor.alves@webmail.com,55.0,MASCULINO,Recife,Pernambuco,01/01/2023,"R$ 4.799,00",10,2.269,
CUST001032,Zoe Sales,zoe.sales@mail.com,51.0,Fem,Vitória da Conquista,bahia,2022-04-12,,9,2316,3.3
CUST003435,CAMILA MOURA,CAMILA.MOURA@EMAIL.COM,24.0,female,Campinas,sp,2024/08/01,4.256,7,"R$ 1.438,00",3.3
CUST002146,Manuela Gonçalves,manuela. goncalves@provedor.com.br,53.0,FEMININO,Brasília,DF,2023/01/27,"R$ 270.567,00",5,1707,3.4
CUST001517,Bella Gomes, bella.gomes@provedor.com.br ,55.0,fem,Porto Alegre,rio grande do sul,2023/09/29,2.636,9,1075,4.6
CUST001638,Allana Montenegro,allana.montenegro@webmail.com,26.0,F,Uberlândia,Minas Gerais,25-11-2023,4.036,8,2.392,3.6
CUST004421,Emanuelly Casa Grande, emanuelly.casa.grande@webmail.com ,43.0,female,Juiz de Fora,Minas Gerais,2023-06-19,,10,2.665,3.1
CUST002045,Lucas Machado, lucas.machado@webmail.com ,56.0,M,Feira de Santana,Bahia,20/09/2025,5.826,8,2.186,4.1
CUST002655,Olívia Novais,olivia. novais@email.com,29.0,Fem,Petrópolis,Rio De Janeiro,18/04/2023,1.538,8,1659,
CUST003495,SRTA. MARIA JÚLIA BRITO, srta..maria.julia.brito@mail.com ,19.0,Feminino,Duque de Caxias,RJ ,15/02/2023,6.260,5,1.264,3.6
CUST004839,Lucas Ramos,lucas.ramos@provedor.com.br,43.0,Masc,Maringá,Parana,2022-03-31,6.406,7,1857,3.1
CUST004333,Maria Laura Andrade,maria.laura.andrade@mail.com,54.0,fem,Serra,Espirito Santo,05-04-2022,3.842,7,1181,5.0
CUST001528,Srta. Sarah Nogueira, srta..sarah.nogueira@provedor.com.br ,49.0,F,Ananindeua,PA,19-04-2022,4776,8,1345,4.2
CUST001715,eduardo lima,eduardo. lima@correio.net,26.0,M,Campinas,SP,11-04-2023,3600,11,3336,3.8
CUST001708,Antonella da Paz,antonella.da.paz@email.com,54.0,Fem,Joinville,SC,12/05/2025,2472,5,"R$ 1.401,00",
CUST000407,Camila Marques,camila.marques@mail.com,28.0,fem,Rio de Janeiro,rio de janeiro,2024-04-19,3.147,11,2355,5.0
CUST004380,Juan da Cruz,JUAN.DA.CRUZ@CORREIO.NET,42.0,Masculino,Vila Velha,Espirito Santo,2023/12/18,"R$ 8.205,00",9,"R$ 2.045,00",2.8
CUST004276,Ian Almeida, ian.almeida@mail.com ,0.0,M,Uberlândia,minas gerais,27-07-2023,2.046,9,"R$ 1.465,00",
CUST000579,Benjamim Gonçalves, benjamim.goncalves@correio.net ,18.0,M,Belo Horizonte,minas gerais,26-08-2023,"R$ 1.061,00",5,1498,4.9
CUST004667,Pedro Lucas Pimenta,pedro.lucas.pimenta@correio.net,41.0,male,Porto Alegre,Rio Grande do Sul,16-04-2024,"R$ 2.222,00",7,2204,5.0
CUST000368,Pedro Henrique Brito,pedro.henrique.brito@correio.net,21.0,male,Juazeiro do Norte,Ceará,2023-10-28,2.903,6,1.448,3.8
CUST002993,sofia cardoso,SOFIA.CARDOSO@MAIL.COM,21.0,Fem,Rio Verde,Goiás,2022-02-10,"R$ 1.520,00",7,1103,5.0
CUST000537,ANTONELLA MONTENEGRO,ANTONELLA.MONTENEGRO@MAIL.COM,50.0,FEMININO,Ribeirão Preto,Sao Paulo,15/10/2023,5.771,9,2.436,4.0
CUST000148,IAN CÂMARA, ian.camara@webmail.com ,22.0,masc,Juazeiro do Norte,ce,2022/09/16,4582,12,2549,5.0
CUST003543,ZOE MORAES,zoe.moraes@mail.com,18.0,fem,Vitória da Conquista,Bahia,2023/12/27,900,3,499,3.8
CUST002001,esther duarte,esther.duarte@mail.com,56.0,Fem,Cuiabá,mt,2024-01-30,"R$ 4.939,00",7,"R$ 2.562,00",5.0
CUST002427,JOÃO GABRIEL COSTA, joao.gabriel.costa@provedor.com.br ,43.0,masc,Pelotas,rio grande do sul,21/01/2024,5.090,6,"R$ 2.300,00",5.0
CUST000651,Laura Sales,laura.sales@email.com,43.0,Fem,Niterói,RJ,28/06/2022,4.603,6,1966,3.7
CUST000194,João Guilherme Vargas, joao.guilherme.vargas@provedor.com.br ,32.0,M,Belém,PA,07-04-2022,1.449,4,"R$ 1.030,00",3.2
CUST001944,HELENA MOREIRA, helena.moreira@correio.net ,60.0,FEMININO,Rio de Janeiro,Rio De Janeiro,2022-01-20,2440,10,"R$ 197.504,00",4.4
CUST000939,Sr. Bryan da Mata,sr..bryan.da.mata@webmail.com,29.0,masc,Caxias do Sul,rio grande do sul,31-03-2024,5208,12,2748,2.6
CUST000167,Dr. Yuri Cardoso,dr..yuri.cardoso@email.com,26.0,masc,Recife,pernambuco,2024-11-20,4.091,4,"R$ 629,00",
CUST000543,ana júlia vieira,ana.julia.vieira@mail.com,37.0,fem,Juiz de Fora,MG,2021-08-07,3.320,9,230.327,4.0
CUST003588,Caleb Cavalcante,caleb.cavalcante@webmail.com,51.0,MASCULINO,São Paulo,SP,16/06/2024,2833,6,1.253,4.2
CUST003804,Rafael Novaes,rafael.novaes@email.com,41.0,M,Blumenau,sc,2023/10/30,"R$ 2.041,00",8,"R$ 1.575,00",5.0
CUST000628,luna caldeira,LUNA.CALDEIRA@WEBMAIL.COM,22.0,fem,Fortaleza,ce,30-11-2023,4166,725,1.657,3.8
CUST002592,Sr. Ravy Campos,sr..ravy.campos@mail.com,39.0,MASCULINO,Maringá,pr,25/12/2023,2543,6,1516,2.9
CUST001102,Anthony Pimenta,anthony. pimenta@webmail.com,44.0,male,Petrópolis,RJ ,2021-09-12,2.397,14,4417,3.8
CUST005040,Danilo Aragão,danilo.aragao@webmail.com,29.0,masc,Feira de Santana,bahia,14-03-2024,1264,5,1232,2.4
CUST000586,Ravy Machado, ravy.machado@webmail.com ,40.0,male,Sorocaba,SÃO PAULO,06/05/2025,1422,6,"R$ 1.196,00",3.4
CUST002766,emilly gonçalves,EMILLY.GONCALVES@CORREIO.NET,26.0,Feminino,Porto Alegre,rs,16/04/2024,"R$ 3.543,00",11,3.126,4.4
CUST000372,Marcelo Lopes,marcelo.lopes@webmail.com,47.0,masc,Campinas,Sao Paulo,2024/07/17,"R$ 3.294,00",8,"R$ 1.363,00",4.6
CUST004517,Rodrigo da Paz,rodrigo.da.paz@correio.net,68.0,Masculino,Porto Alegre,rio grande do sul,2024/03/09,4.498,10,2651,5.0
CUST003618,Maria Sophia Campos,maria. sophia.campos@webmail.com,47.0,female,Belo Horizonte,mg,06-12-2023,4.829,9,"R$ 2.579,00",3.0
CUST001553,Sophie Campos,sophie.campos@webmail.com,18.0,Fem,Vila Velha,ES,2021/12/16,"R$ 3.952,00",6,1305,2.5
CUST001272,Mariah Cavalcante,mariah. cavalcante@webmail.com,50.0,female,Campinas,Sao Paulo,2023-05-19,2135,4,1192,4.1
CUST004442,Sr. Luiz Gustavo Barros,sr..luiz.gustavo.barros@email.com,57.0,M,Juiz de Fora,mg,2022/05/25,3.638,6,1406,
CUST003175,felipe da luz,felipe.da.luz@email.com,29.0,Não binário,Porto Alegre,RS,11/02/2021,2.114,7,"R$ 1.697,00",2.3
CUST004433,Vitor Hugo Nascimento,vitor.hugo.nascimento@correio.net,,Outro,Rio de Janeiro,RJ,19-01-2022,4710,2,695,4.1
CUST002661,carolina fonseca, carolina.fonseca@webmail.com ,25.0,FEMININO,Feira de Santana,BA ,2024/06/24,4705,9,2.528,4.7
CUST002211,RAVI CAVALCANTE,ravi. cavalcante@provedor.com.br,38.0,Masc,Sobral,Ceara,17-03-2024,4.950,8,1980,4.2
CUST003186,paulo porto,paulo.porto@provedor.com.br,30.0,masc,Serra,ES,26-06-2024,8.640,8,2.806,5.0
CUST002768,Ian Borges,ian.borges@correio.net,23.0,Masculino,Rio de Janeiro,Rio De Janeiro,2024/02/09,2583,11,3458,
CUST000904,dr. felipe caldeira,dr..felipe.caldeira@webmail.com,18.0,masc,Juiz de Fora,MG,2024-09-07,2.343,11,2.676,4.0
CUST001635,Anna Liz da Mota,anna.liz.da.mota@webmail.com,32.0,F,Juiz de Fora,Minas Gerais,21-03-2023,"R$ 2.745,00",6,1593,4.3
CUST000556,Eduardo Barbosa,eduardo.barbosa@webmail.com,23.0,male,Juiz de Fora,MG,27-08-2023,2949,9,"R$ 2.016,00",3.7
CUST003603,BRENDA FERNANDES,brenda.fernandes@email.com,28.0,FEMININO,Goiânia,Goias,16/11/2023,7252,9,"R$ 2.919,00",4.5
CUST004608,Sr. Arthur Silva,sr..arthur.silva@webmail.com,43.0,masc,Salvador,BA,2022/09/22,2407,8,"R$ 2.062,00",2.6
CUST004991,Davi Garcia,davi.garcia@email.com,55.0,masc,Brasília,Distrito Federal,07-03-2024,4.714,8,2.789,5.0
CUST003527,Zoe Silva,ZOE.SILVA@CORREIO.NET,,F,Brasília,Distrito Federal,24-09-2021,6557,10,3315,4.1
CUST002479,Anna Liz Gonçalves, anna.liz.goncalves@correio.net ,18.0,Fem,,Bahia,28-05-2025,5390,7,"R$ 1.816,00",4.2
CUST001650,felipe nunes,FELIPE.NUNES@WEBMAIL.COM,31.0,Masculino,Niterói,rio de janeiro,2023/09/28,"R$ 2.497,00",8,1.521,3.3
CUST003416,maysa pires,MAYSA.PIRES@WEBMAIL.COM,29.0,fem,Niterói,RJ,2023/12/13,"R$ 3.460,00",6,"R$ 1.943,00",4.7
CUST000284,Liz Barros,liz.barros@correio.net,37.0,fem,Uberlândia,mg,12-11-2022,3.344,9,1.913,3.4
CUST004102,ALICE RIOS, alice.rios@webmail.com ,30.0,F,Sorocaba,sp,25/02/2024,"R$ 6.005,00",4,1.017,4.9
CUST001445,Ana Cecília Novaes,ana.cecilia.novaes@email.com,38.0,FEMININO,Florianópolis,sc,30-07-2024,"R$ 7.350,00",10,3300,5.0
CUST004997,Thiago Pacheco,thiago. pacheco@webmail.com,38.0,M,Salvador,Bahia,2023/02/02,,4,"R$ 744,00",3.8
CUST002017,Cecília Sales,cecilia. sales@provedor.com.br,35.0,Feminino,Sorocaba,Sao Paulo,02-02-2025,3598,4,"R$ 1.555,00",3.0
CUST003403,Dr. Diego da Mata,DR..DIEGO.DA.MATA@CORREIO.NET,38.0,male,Sorocaba,sp,2024/06/19,"R$ 4.052,00",10,2108,2.5
CUST000676,Manuella Moreira,manuella.moreira@provedor.com.br,22.0,female,Blumenau,SC,2024-03-08,2154,6,402,5.0
CUST004600,Sr. Anthony Costa,SR..ANTHONY.COSTA@EMAIL.COM,18.0,Não binário,Joinville,sc,15/04/2023,2046,4,872,2.8
CUST003348,ian siqueira, ian.siqueira@webmail.com ,48.0,M,,PE,30/03/2025,"R$ 3.535,00",8,"R$ 1.961,00",3.8
CUST002849,CALEB APARECIDA, caleb.aparecida@correio.net ,38.0,male,Belo Horizonte,Minas Gerais,02-01-2022,3057,7,1.927,4.1
CUST001378,Apollo Rezende, apollo.rezende@email.com ,56.0,Masc,Blumenau,santa catarina,08/10/2023,3.581,589,"R$ 3.342,00",4.2
CUST001350,Kamilly Freitas,kamilly.freitas@email.com,44.0,female,Vitória da Conquista,bahia,01/08/2023,4.852,9,2962,3.6
CUST000843,Srta. Maria Liz Macedo,srta..maria.liz.macedo@mail.com,54.0,N/I,Vitória,ES,23/04/2024,"R$ 4.827,00",5,1.020,4.3
CUST001969,CECILIA DA LUZ,cecilia.da.luz@email.com,-5.0,FEMININO,Niterói,RJ,10-04-2023,2538,8,1437,
CUST000071,Alana Barbosa,ALANA.BARBOSA@MAIL.COM,53.0,FEMININO,Pelotas,rio grande do sul,11-08-2024,"R$ 4.220,00",15,3.633,3.3
CUST001664,Srta. Stella da Cunha, srta..stella.da.cunha@mail.com ,46.0,FEMININO,Sorocaba,São Paulo,05-07-2023,2491,3,"R$ 831,00",3.9
CUST000047,MANUELA CAMARGO,manuela.camargo@mail.com,18.0,F,Serra,es,14/01/2025,5012,8,"R$ 2.967,00",4.3
CUST001164,Leonardo Duarte,leonardo. duarte@email.com,51.0,M,Fortaleza,Ceará,22/10/2022,5747,5,"R$ 1.630,00",4.5
CUST002874,Anthony Gabriel Cavalcante,ANTHONY.GABRIEL.CAVALCANTE@CORREIO.NET,28.0,Masc,Belo Horizonte,mg,2022-12-07,2.246,7,1481,4.6
CUST002932,PEDRO MIGUEL TEIXEIRA,pedro.miguel.teixeira@mail.com,46.0,MASCULINO,Belém,Pará,2024/10/15,,5,"R$ 1.690,00",3.5
CUST000785,ANTHONY GABRIEL SOUSA,ANTHONY.GABRIEL.SOUSA@MAIL.COM,29.0,masc,Fortaleza,ce,26-11-2024,"R$ 2.846,00",6,"R$ 1.982,00",4.2
CUST000423,Sra. Helena Macedo, sra..helena.macedo@correio.net ,47.0,fem,Caxias do Sul,rio grande do sul,24-03-2024,"R$ 2.344,00",6,"R$ 1.263,00",5.0
CUST000925,Dr. Breno da Rosa,DR..BRENO.DA.ROSA@CORREIO.NET,68.0,MASCULINO,Várzea Grande,Mato Grosso,21-01-2024,"R$ 6.653,00",7,"R$ 1.412,00",4.4
CUST000926,isabella nunes,isabella.nunes@correio.net,52.0,Fem,Sorocaba,São Paulo,29-01-2024,"R$ 1.969,00",10,2480,3.3
CUST001695,Thiago Rodrigues,THIAGO.RODRIGUES@WEBMAIL.COM,18.0,MASCULINO,Blumenau,santa catarina,2024/02/18,4298,5,1.422,4.6
CUST000817,Mirella Nunes,mirella.nunes@provedor.com.br,,prefer not to say,Duque de Caxias,RJ ,24-03-2025,3402,3,581,4.0
CUST000865,Rael Freitas, rael.freitas@email.com ,27.0,MASCULINO,Juiz de Fora,Minas Gerais,06/12/2022,"R$ 4.024,00",8,2642,4.7
CUST003605,João Vitor da Rosa,JOAO.VITOR.DA.ROSA@WEBMAIL.COM,26.0,M,Recife,pernambuco,2022-10-04,"R$ 2.441,00",4,693,5.0
CUST004678,Dra. Fernanda Nunes,DRA..FERNANDA.NUNES@PROVEDOR.COM.BR,62.0,prefer not to say,Londrina,Paraná,2024-02-16,4420,8,2002,3.7
CUST002121,Dr. Arthur Miguel Borges,DR..ARTHUR.MIGUEL.BORGES@EMAIL.COM,18.0,male,Recife,PE,2024-03-05,3871,6,1292,3.3
CUST003067,Thomas da Paz,THOMAS.DA.PAZ@CORREIO.NET,44.0,outro,Pelotas,rs,2024-02-03,"R$ 7.121,00",9,3.586,3.9
CUST002084,Nicole Cavalcante, nicole.cavalcante@provedor.com.br ,50.0,female,Belo Horizonte,mg,26/12/2021,6182,8,2367,3.5
CUST002407,EMANUEL RIOS,emanuel.rios@correio.net,47.0,masc,Pelotas,rs,2024-08-21,2.546,13,3691,4.5
CUST001459,ALEXIA CARVALHO,ALEXIA.CARVALHO@MAIL.COM,36.0,Fem,Vitória,Espirito Santo,12-04-2022,2.001,9,"R$ 1.518,00",3.2
CUST001717,Luiz Otávio Pimenta,luiz.otavio.pimenta@email.com,150.0,masc,São Paulo,SP,2022-11-03,"R$ 5.950,00",5,1297,5.0
CUST003968,Maria Sophia Barbosa,maria.sophia.barbosa@email.com,50.0,female,Santos,sp,2022/09/01,2.273,6,"R$ 1.178,00",4.1
CUST003928,Danilo Costa,DANILO.COSTA@WEBMAIL.COM,20.0,masc,Sorocaba,SÃO PAULO,09/01/2023,2152,6,"R$ 1.520,00",2.9
CUST001379,JUAN DA LUZ,juan.da.luz@correio.net,31.0,Masc,Manaus,AM,02/09/2025,"R$ 6.431,00",8,"R$ 3.282,00",4.7
CUST004539,luna martins,luna.martins@webmail.com,50.0,Fem,Londrina,pr,2024-07-11,"R$ 4.655,00",2,606,4.3
CUST000989,Dra. Ana Clara Nunes,DRA..ANA.CLARA.NUNES@MAIL.COM,44.0,Fem,Contagem,Minas Gerais,2024/02/09,5.231,2,531,3.5
CUST004025,MAITÊ RAMOS, maite.ramos@webmail.com ,39.0,FEMININO,Belo Horizonte,minas gerais,2024/05/15,2.221,12,"R$ 3.167,00",3.4
CUST002078,RAFAEL APARECIDA,RAFAEL.APARECIDA@EMAIL.COM,33.0,Masc,Salvador,Bahia,2023/01/17,2597,9,2264,5.0
CUST000269,Sr. Gael Cunha,SR..GAEL.CUNHA@MAIL.COM,66.0,Masc,Sorocaba,Sao Paulo,02/10/2023,6329,9,"R$ 2.719,00",3.9
CUST001484,Lara Aragão,LARA.ARAGAO@WEBMAIL.COM,29.0,fem,Salvador,Bahia,2023/08/21,4.277,5,1.542,2.5
CUST004685,Lorena Barros,lorena.barros@email.com,,F,Fortaleza,CE,23-02-2023,5.179,10,"R$ 2.908,00",5.0
CUST000189,catarina martins,catarina. martins@webmail.com,56.0,Não binário,Uberlândia,mg,01/02/2022,5.969,6,1920,4.0
CUST000285,Dante Novais,dante. novais@webmail.com,65.0,Masc,Rio de Janeiro,RJ ,2023-03-24,6673,4,896,4.1
CUST004775,SARA COSTELA,sara. costela@correio.net,18.0,Fem,Pelotas,rs,2025/03/22,6.015,2,616,4.3
CUST004440,Thales da Luz,thales.da.luz@mail.com,,Masculino,Santos,São Paulo,2023/11/09,3848,9,2.738,5.0
CUST003606,Laís da Luz,LAIS.DA.LUZ@MAIL.COM,38.0,Feminino,Niterói,rio de janeiro,06-04-2023,,12,1105,
CUST004104,felipe da luz,felipe.da.luz@webmail.com,31.0,male,Porto Alegre,rio grande do sul,14/02/2022,"R$ 2.856,00",8,1935,4.7
CUST000760,Heitor Costa,HEITOR.COSTA@PROVEDOR.COM.BR,43.0,Masculino,Pelotas,Rio Grande do Sul,09-04-2024,"R$ 6.516,00",4,"R$ 1.488,00",5.0
CUST002062,luiz henrique barros,luiz. henrique.barros@webmail.com,51.0,MASCULINO,Olinda,PE ,2022-04-12,6.068,6,1.489,5.0
CUST003949,Dr. Yuri Castro,DR..YURI.CASTRO@MAIL.COM,43.0,masc,Pelotas,RS,15/02/2024,,5,1.013,4.0
CUST004766,Sra. Aylla Câmara,SRA..AYLLA.CAMARA@CORREIO.NET,38.0,F,Campinas,Sao Paulo,18-11-2021,6.100,7,"R$ 1.371,00",4.6
CUST002158,ANA FERNANDES, ana.fernandes@correio.net ,36.0,Feminino,Belo Horizonte,MG,17-02-2023,"R$ 3.051,00",7,809,4.9
CUST000055,Agatha Peixoto,AGATHA.PEIXOTO@CORREIO.NET,36.0,Fem,São Paulo,Sao Paulo,08-10-2022,"R$ 240.025,00",3,755,3.9
CUST005014,raul albuquerque,RAUL.ALBUQUERQUE@EMAIL.COM,21.0,M,Belém,Pará,21-12-2021,3.882,10,3742,3.2
CUST002279,Liz Siqueira,liz.siqueira@correio.net,30.0,F,Anápolis,Goias,2024/05/25,2.100,393,"R$ 1.217,00",4.0
CUST002555,Pedro Henrique da Luz,pedro.henrique.da.luz@mail.com,34.0,M,Niterói,RJ ,04/09/2024,"R$ 5.663,00",6,"R$ 1.452,00",3.6
CUST003125,Marcos Vinicius Dias,marcos.vinicius.dias@email.com,55.0,Não binário,Juiz de Fora,Minas Gerais,18-08-2021,2564,6,1248,3.9
CUST004735,Emanuelly da Rocha,EMANUELLY.DA.ROCHA@EMAIL.COM,33.0,F,Blumenau,SC,2023/09/03,6113,8,"R$ 2.294,00",3.9
CUST001780,Samuel Cirino,SAMUEL.CIRINO@EMAIL.COM,46.0,M,Belém,pa,2024/11/09,2724,7,1911,2.7
CUST001611,sophie casa grande, sophie.casa.grande@provedor.com.br ,26.0,fem,Petrópolis,Rio de Janeiro,2024-02-17,1720,6,1708,2.7
CUST002012,RAVY ALMEIDA,ravy.almeida@email.com,41.0,MASCULINO,Brasília,DF,10/04/2022,2.341,3,441,3.4
CUST000376,Isabella Monteiro, isabella.monteiro@email.com ,69.0,Outro,Niterói,Rio De Janeiro,31/05/2024,6388,3,1053,4.1
CUST004040,Srta. Joana Viana, srta..joana.viana@mail.com ,48.0,Fem,Rio de Janeiro,Rio de Janeiro,30-11-2022,"R$ 6.359,00",12,"R$ 4.199,00",
CUST001583,Srta. Mariana Caldeira,srta..mariana.caldeira@email.com,42.0,F,Sorocaba,São Paulo,2023/12/31,"R$ 2.122,00",9,1.748,3.8
CUST002245,Maria Helena Guerra,MARIA.HELENA.GUERRA@WEBMAIL.COM,26.0,F,Pelotas,Rio Grande do Sul,2024/04/28,1.660,11,2783,3.5
CUST004712,Stella Caldeira,STELLA.CALDEIRA@CORREIO.NET,30.0,female,Contagem,MG,2025-04-29,"R$ 12.229,00",10,"R$ 3.886,00",3.5
CUST001663,Luiz Otávio Pastor, luiz.otavio.pastor@webmail.com ,34.0,masc,Cuiabá,mt,2025-02-20,4.214,7,2.236,4.4
CUST004161,Marcos Vinicius Viana, marcos.vinicius.viana@correio.net ,36.0,male,Ribeirão Preto,sp,15/07/2024,3.712,4,"R$ 1.174,00",4.5
CUST003672,vitória pereira,vitoria.pereira@webmail.com,39.0,F,Vitória,Espirito Santo,31/08/2021,3351,7,1935,5.0
CUST003168,Bruna Casa Grande,BRUNA.CASA.GRANDE@CORREIO.NET,47.0,fem,Contagem,mg,16/05/2024,"R$ 2.579,00",6,"R$ 1.815,00",4.0
CUST000848,luna da costa,luna.da.costa@mail.com,31.0,N/I,São Paulo,SP,15/11/2023,1.825,8,1351,3.0
CUST003340,Marcelo Monteiro,MARCELO.MONTEIRO@CORREIO.NET,31.0,male,Uberlândia,mg,2022/10/28,3103,6,1.755,3.5
CUST000846,Isabel Siqueira,ISABEL.SIQUEIRA@MAIL.COM,44.0,fem,Serra,Espírito Santo,2025/06/13,5.055,8,1.090,4.4
CUST004235,bianca sampaio,bianca.sampaio@email.com,27.0,FEMININO,Feira de Santana,Bahia,13-01-2025,"R$ 4.683,00",6,2.054,5.0
CUST000484,Leonardo Silveira,LEONARDO.SILVEIRA@WEBMAIL.COM,150.0,Masc,Brasília,Distrito Federal,12/04/2024,6571,7,"R$ 2.201,00",4.6
CUST000236,DRA. ISABELLY CALDEIRA, dra..isabelly.caldeira@email.com ,999.0,fem,Niterói,Rio de Janeiro,2025/04/13,1836,5,1339,5.0
CUST003624,Pedro Lucas Castro,pedro.lucas.castro@provedor.com.br,28.0,male,Goiânia,go,2023/01/20,2026,5,"R$ 1.282,00",3.9
CUST003705,Isadora Costela,isadora. costela@mail.com,51.0,F,Recife,PE,25-02-2025,,6,1.637,3.6
CUST003453,AURORA CALDEIRA,aurora.caldeira@provedor.com.br,34.0,F,Londrina,Parana,2024/06/10,2.546,3,"R$ 701,00",3.0
CUST004681,Cecília Ferreira,CECILIA.FERREIRA@CORREIO.NET,41.0,Fem,Ribeirão Preto,Sao Paulo,2024-12-03,"R$ 1.413,00",6,765,3.3
CUST002433,emanuel vieira,emanuel.vieira@correio.net,22.0,masc,Ribeirão Preto,sp,2025/06/15,916,6,"R$ 1.242,00",3.4
CUST001125,Sofia da Paz,SOFIA.DA.PAZ@EMAIL.COM,39.0,Feminino,Juiz de Fora,MG,02/03/2024,6901,12,3242,2.7
CUST002639,Luan Cassiano,luan.cassiano@email.com,50.0,masc,,Bahia,2021-08-10,7.056,7,2.130,
CUST001357,Sr. João Miguel Alves,sr..joao.miguel.alves@email.com,34.0,M,Joinville,SC,06/07/2023,3185,6,1077,4.5
CUST002224,Sr. Ryan Camargo,SR..RYAN.CAMARGO@PROVEDOR.COM.BR,50.0,Masc,Santos,sp,20-10-2023,"R$ 7.565,00",12,4.368,5.0
CUST002484,Alícia da Rocha,alicia.da.rocha@correio.net,35.0,Outro,Niterói,RJ ,2024-12-03,3.660,8,2479,5.0
CUST000823,Ágatha Araújo,AGATHA.ARAUJO@PROVEDOR.COM.BR,44.0,fem,Manaus,Amazonas,26/06/2024,"R$ 5.471,00",7,"R$ 125.525,00",3.9
CUST000557,Carlos Eduardo Montenegro,CARLOS.EDUARDO.MONTENEGRO@CORREIO.NET,54.0,MASCULINO,Brasília,DF,26-05-2023,5.475,6,2101,2.9
CUST001283,rodrigo santos, rodrigo.santos@webmail.com ,44.0,Masc,Cuiabá,mato grosso,17-10-2024,3.023,4,941,3.5
CUST003723,Felipe Correia,felipe.correia@email.com,18.0,masc,Goiânia,go,2023/04/27,"R$ 5.363,00",7,1.790,5.0
CUST004471,LUIZA RIBEIRO, luiza.ribeiro@email.com ,26.0,FEMININO,Pelotas,rs,2024/10/08,2227,4,"R$ 1.302,00",3.9
CUST000824,RAVY ANDRADE,RAVY.ANDRADE@MAIL.COM,24.0,masc,Belo Horizonte,mg,23-11-2022,2331,4,"R$ 798,00",2.4
CUST003558,Otto Cassiano, otto.cassiano@mail.com ,48.0,Masc,,São Paulo,2024-11-16,7.651,10,"R$ 4.021,00",4.2
CUST002851,Sr. Eduardo Monteiro,sr..eduardo.monteiro@mail.com,22.0,MASCULINO,Pelotas,RS,07/12/2024,2864,3,740,3.6
CUST004179,Lavínia Nunes,lavinia.nunes@webmail.com,18.0,FEMININO,Brasília,DF,02/01/2024,"R$ 3.662,00",8,1686,5.0
CUST003262,Pietra Souza,pietra.souza@provedor.com.br,26.0,female,São Paulo,Sao Paulo,2022/09/12,"R$ 1.598,00",5,1151,3.0
CUST002948,Stella Azevedo,STELLA.AZEVEDO@MAIL.COM,55.0,Feminino,Sorocaba,São Paulo,23-03-2025,2122,9,"R$ 710,00",4.3
CUST001845,Dra. Emanuelly Pastor,dra. .emanuelly.pastor@provedor.com.br,23.0,Feminino,Rio de Janeiro,RJ ,2024-04-30,"R$ 3.485,00",7,1358,3.7
CUST001252,Sra. Beatriz Fernandes, sra..beatriz.fernandes@email.com ,36.0,FEMININO,Florianópolis,SC,19-02-2025,"R$ 2.187,00",11,2451,3.3
CUST000211,Maya Mendonça,maya. mendonca@correio.net,45.0,fem,Niterói,Rio de Janeiro,14-02-2024,4541,6,1505,4.4
CUST001532,DRA. LAURA LIMA, dra..laura.lima@email.com ,47.0,female,Rio Verde,go,2021-05-09,,7,1.749,4.3
CUST001616,Nicole Ramos,nicole.ramos@correio.net,18.0,Feminino,Santos,SÃO PAULO,15/03/2023,3371,5,991,4.8
CUST003776,ian gomes,ian.gomes@email.com,45.0,Masculino,Caxias do Sul,rio grande do sul,2024-03-17,2.768,5,"R$ 1.255,00",4.2
CUST004252,carolina viana, carolina.viana@mail.com ,42.0,F,Contagem,minas gerais,2023/11/08,1280,9,1107,3.9
CUST000140,Maria Luísa Pinto,maria. luisa.pinto@webmail.com,18.0,F,Serra,Espirito Santo,2023-12-03,"R$ 3.970,00",11,2.691,3.3
CUST004283,Maysa Campos,MAYSA.CAMPOS@CORREIO.NET,24.0,female,Ribeirão Preto,sp,15-06-2024,"R$ 2.192,00",4,424,3.9
CUST004065,Rael Pinto,rael.pinto@webmail.com,30.0,masc,São Paulo,sp,28-04-2024,2549,6,"R$ 663,00",5.0
CUST002417,Luan da Conceição,luan.da.conceicao@provedor.com.br,47.0,Outro,Salvador,Bahia,05/01/2025,"R$ 5.254,00",8,"R$ 1.791,00",5.0
CUST002499,Rafael Cavalcante,RAFAEL.CAVALCANTE@WEBMAIL.COM,32.0,M,Florianópolis,santa catarina,2024-11-03,4828,6,1584,
CUST002326,Sr. José da Rocha,SR..JOSE.DA.ROCHA@MAIL.COM,32.0,Masc,Petrópolis,RJ,2023/09/10,3.350,4,1269,3.6
CUST003371,Zoe Cassiano,zoe.cassiano@provedor.com.br,59.0,Feminino,Belém,pa,20-10-2021,"R$ 2.629,00",5,1410,3.7
CUST001922,Sofia Garcia,sofia. garcia@mail.com,40.0,Fem,Pelotas,rs,2025-01-01,"R$ 3.198,00",9,1540,
CUST001054,AURORA MACEDO, aurora.macedo@provedor.com.br ,31.0,FEMININO,Uberlândia,minas gerais,11/11/2024,"R$ 3.266,00",5,1.783,4.3
CUST003655,Maria Luísa Moura,maria. luisa.moura@provedor.com.br,23.0,female,Brasília,DF,2022-05-31,"R$ 2.233,00",9,1714,5.0
CUST002620,GABRIEL AZEVEDO,gabriel.azevedo@email.com,38.0,Masculino,Serra,Espírito Santo,30-11-2021,3174,3,"R$ 976,00",3.5
CUST004905,Ana Luiza Teixeira, ana.luiza.teixeira@webmail.com ,47.0,F,Maringá,pr,05-01-2024,2433,5,1043,5.0
CUST004232,ISIS CAMARGO,ISIS.CAMARGO@PROVEDOR.COM.BR,33.0,fem,Salvador,BA,25-04-2025,5.012,6,"R$ 2.000,00",5.0
CUST002015,Vicente Sá,vicente.sa@correio.net,29.0,male,Anápolis,go,2024/06/04,2685,8,"R$ 1.370,00",4.4
CUST004981,Daniela Correia,daniela.correia@webmail.com,54.0,fem,Caruaru,pernambuco,13-04-2025,3540,4,"R$ 805,00",4.2
CUST000594,Sara Peixoto,SARA.PEIXOTO@CORREIO.NET,44.0,female,Sorocaba,SÃO PAULO,2024/06/04,1638,5,695,4.0
CUST002883,Isaque Lopes,isaque.lopes@correio.net,43.0,Masc,Sorocaba,SÃO PAULO,07/09/2025,"R$ 5.213,00",10,"R$ 1.803,00",3.6
CUST000880,Levi Jesus, levi.jesus@webmail.com ,36.0,Masc,Petrópolis,RJ,07-07-2023,"R$ 3.953,00",2,367,4.3
CUST003636,dr. davi lucca camargo,DR..DAVI.LUCCA.CAMARGO@CORREIO.NET,18.0,M,Duque de Caxias,rio de janeiro,23/03/2024,4448,9,1754,4.5
CUST001033,Srta. Eloah Mendonça,srta..eloah.mendonca@mail.com,52.0,Feminino,Belém,Para,2024-06-07,"R$ 3.236,00",3,587,4.7
CUST000345,Juliana Abreu,juliana.abreu@webmail.com,42.0,F,Serra,Espirito Santo,2023-11-07,9.284,5,1.482,3.3
CUST000842,Benicio da Cruz,benicio.da.cruz@provedor.com.br,51.0,masc,Belo Horizonte,mg,2024/02/24,1991,6,1.038,5.0
CUST004637,Sr. Leandro Rodrigues,sr..leandro.rodrigues@webmail.com,47.0,MASCULINO,Brasília,distrito federal,2023/01/18,"R$ 2.715,00",4,1.072,4.3
CUST002474,Ryan Montenegro, ryan.montenegro@webmail.com ,42.0,M,Serra,Espirito Santo,2022/10/19,,9,1.832,4.6
CUST004148,Dr. Diego Siqueira, dr..diego.siqueira@webmail.com ,30.0,MASCULINO,Belém,Para,2024-07-13,6.899,8,2429,3.7
CUST003253,REBECA ALVES, rebeca.alves@provedor.com.br ,58.0,F,Ananindeua,PA,2023-06-06,"R$ 1.866,00",3,662,
CUST001864,Isaque Moreira, isaque.moreira@webmail.com ,40.0,Masculino,Manaus,am,27/11/2024,6796,5,1887,2.8
CUST004021,João Miguel Almeida,joao. miguel.almeida@email.com,18.0,Masc,,São Paulo,2024-11-11,5.578,6,1821,5.0
CUST003394,Elisa Albuquerque,elisa.albuquerque@provedor.com.br,22.0,female,Uberlândia,MG,2024-02-28,5.538,4,1.263,4.9
CUST003720,maya freitas, maya.freitas@mail.com ,51.0,female,Rio de Janeiro,Rio de Janeiro,15/04/2024,"R$ 2.602,00",2,346,3.5
CUST000145,Bianca Garcia,BIANCA.GARCIA@PROVEDOR.COM.BR,28.0,F,Ribeirão Preto,sp,04/11/2025,,14,1430,3.5
CUST003179,mirella da costa,MIRELLA.DA.COSTA@MAIL.COM,38.0,Feminino,Serra,Espirito Santo,22-04-2023,3218,7,2330,5.0
CUST003789,Mariana Freitas, mariana.freitas@webmail.com ,25.0,FEMININO,Vitória da Conquista,bahia,2024-09-10,3454,12,"R$ 3.414,00",5.0
CUST003448,Theo Vieira,theo.vieira@webmail.com,23.0,MASCULINO,Caruaru,Pernambuco,2022/10/04,4.834,7,2.475,3.6
CUST005059,stephany dias,stephany.dias@correio.net,29.0,Feminino,Ribeirão Preto,sp,07-02-2025,2783,9,1357,4.0
CUST003208,Maria da Conceição,MARIA.DA.CONCEICAO@PROVEDOR.COM.BR,31.0,female,Duque de Caxias,RJ,19-07-2022,4387,9,2.048,3.9
CUST003099,Ana Luiza Cardoso,ana.luiza.cardoso@webmail.com,44.0,Feminino,Sorocaba,SP,14/07/2024,1.644,4,875,2.7
CUST001810,Srta. Milena Souza,srta..milena.souza@provedor.com.br,35.0,FEMININO,Pelotas,RS,2024-04-11,"R$ 7.374,00",6,1.888,3.9
CUST004039,VITOR GABRIEL ABREU,VITOR.GABRIEL.ABREU@PROVEDOR.COM.BR,54.0,M,Londrina,pr,2022/08/26,4.657,5,"R$ 1.860,00",2.5
CUST002910,João Miguel Sales,joao.miguel.sales@mail.com,54.0,male,Santos,Sao Paulo,15/04/2023,4.196,9,"R$ 2.548,00",4.3
CUST003356,srta. gabrielly cardoso,srta. .gabrielly.cardoso@mail.com,26.0,F,Sorocaba,sp,2025-01-15,"R$ 1.350,00",4,771,4.8
CUST001190,enzo machado,ENZO.MACHADO@PROVEDOR.COM.BR,29.0,M,,SP,2024/07/25,1500,4,761,5.0
CUST002235,Melissa Costa,MELISSA.COSTA@MAIL.COM,27.0,F,Juiz de Fora,mg,2024-04-18,5.638,7,"R$ 1.927,00",4.0
CUST004170,Kevin Viana,kevin.viana@email.com,41.0,MASCULINO,Belém,PA,03-10-2025,2919,7,2306,5.0
CUST001359,HADASSA CÂMARA,hadassa. camara@webmail.com,43.0,female,Manaus,Amazonas,20/08/2024,3146,9,2.862,3.5
CUST001490,Sara Souza,sara.souza@provedor.com.br,59.0,Fem,Belo Horizonte,minas gerais,2024/06/03,3885,10,2.883,
CUST003639,Isabela Aragão,isabela.aragao@email.com,37.0,FEMININO,Florianópolis,santa catarina,19-09-2024,"R$ 1.621,00",4,942,4.7
CUST001565,Zoe Guerra, zoe.guerra@provedor.com.br ,31.0,Fem,Serra,es,2023-10-14,"R$ 3.425,00",6,"R$ 1.702,00",3.1
CUST003859,Caroline Macedo,CAROLINE.MACEDO@PROVEDOR.COM.BR,22.0,Fem,Niterói,Rio De Janeiro,2023/12/08,1780,9,1819,3.4
CUST003531,Luara Campos,luara. campos@mail.com,41.0,Feminino,Anápolis,GO,22/04/2023,3544,7,1284,3.8
CUST004385,Luiz Miguel Barros,luiz.miguel.barros@webmail.com,18.0,Masculino,Vitória da Conquista,Bahia,2023-02-06,2.437,6,1166,4.5
CUST002519,Melissa Fogaça, melissa.fogaca@mail.com ,50.0,Feminino,Caruaru,PE,25-02-2024,4.043,4,941,4.1
CUST000126,Sra. Sofia Mendonça,sra..sofia.mendonca@provedor.com.br,27.0,Feminino,Várzea Grande,mato grosso,02/02/2022,2.584,6,1.544,4.6
CUST000365,Dr. Vitor Hugo Andrade,DR..VITOR.HUGO.ANDRADE@WEBMAIL.COM,38.0,Masc,Ribeirão Preto,sp,2025/04/08,3.453,6,"R$ 1.570,00",3.2
CUST000118,LIZ PIMENTA,liz.pimenta@mail.com,60.0,F,Rio de Janeiro,RJ ,2024/10/03,"R$ 3.302,00",5,773,5.0
CUST004692,Dr. Heitor Melo, dr..heitor.melo@email.com ,26.0,MASCULINO,Fortaleza,CE,2022-05-17,3.701,9,"R$ 2.468,00",3.2
CUST000630,LORENA MACHADO,LORENA.MACHADO@PROVEDOR.COM.BR,20.0,Fem,Vitória da Conquista,BA ,27/08/2024,2198,6,1796,4.5
CUST002576,Valentina Nascimento,valentina.nascimento@webmail.com,26.0,Feminino,Juiz de Fora,Minas Gerais,09/11/2025,3219,6,1366,3.6
CUST002756,Sr. Pedro Miguel Vieira,SR..PEDRO.MIGUEL.VIEIRA@MAIL.COM,42.0,Masc,Santos,SP,2024/12/21,2570,7,"R$ 2.147,00",4.6
CUST001686,Ravy Mendes,RAVY.MENDES@WEBMAIL.COM,45.0,M,Ribeirão Preto,SÃO PAULO,2022/12/08,"R$ 7.557,00",9,2062,3.3
CUST002013,GUSTAVO HENRIQUE SOUSA, gustavo.henrique.sousa@provedor.com.br ,36.0,male,Pelotas,Rio Grande do Sul,2022-11-04,3605,7,2047,3.5
CUST001989,Bryan Melo,bryan. melo@correio.net,47.0,M,Rio Verde,go,2024-09-28,"R$ 2.346,00",10,"R$ 2.882,00",4.7
CUST001519,Otto Pereira,otto.pereira@correio.net,31.0,Masc,Florianópolis,Santa Catarina,02-06-2023,"R$ 2.250,00",4,532,
CUST004988,Enrico Lima,ENRICO.LIMA@PROVEDOR.COM.BR,49.0,MASCULINO,Campinas,sp,27/09/2023,"R$ 10.895,00",5,1.503,4.7
CUST001513,Alana Moura,alana.moura@webmail.com,44.0,Outro,Florianópolis,sc,2024/11/27,9.880,12,4.602,3.8
CUST003178,Lucca Costela,lucca.costela@webmail.com,40.0,MASCULINO,Londrina,pr,2024/05/23,"R$ 4.404,00",7,2235,4.8
CUST000976,Amanda Siqueira,amanda.siqueira@email.com,18.0,Fem,Recife,pernambuco,26-04-2023,6767,7,2.191,5.0
CUST004709,Leonardo Gomes,leonardo.gomes@email.com,40.0,M,Londrina,Paraná,2023-07-21,5.632,12,3.216,4.2
CUST003750,LAURA CÂMARA,LAURA.CAMARA@PROVEDOR.COM.BR,45.0,FEMININO,Rio de Janeiro,rio de janeiro,2022/03/06,"R$ 3.863,00",2,515,3.5
CUST004481,Ana Júlia da Mata,ana.julia.da.mata@mail.com,47.0,F,,mg,06-09-2024,1.135,5,785,5.0
CUST004258,bernardo castro,BERNARDO.CASTRO@EMAIL.COM,50.0,male,,mato grosso,08/04/2022,2.664,7,"R$ 1.897,00",4.3
CUST003059,Marcelo Nogueira, marcelo.nogueira@mail.com ,24.0,M,Contagem,mg,2021-12-13,"R$ 2.461,00",4,998,4.2
CUST001736,GUILHERME RIBEIRO,GUILHERME.RIBEIRO@EMAIL.COM,,Masc,Porto Alegre,Rio Grande do Sul,07-09-2023,,3,1.120,3.9
CUST000478,luana fernandes, luana.fernandes@provedor.com.br ,59.0,female,Ribeirão Preto,SÃO PAULO,08-06-2024,4886,4,1133,3.2
CUST001798,Davi Lucca Oliveira,davi.lucca.oliveira@mail.com,40.0,outro,Curitiba,Parana,2023/04/04,1.786,9,"R$ 1.840,00",3.2
CUST001006,Srta. Alícia Fernandes,SRTA..ALICIA.FERNANDES@CORREIO.NET,38.0,fem,Sorocaba,Sao Paulo,01-10-2024,2.385,5,1.226,4.0
CUST000632,DR. LUIZ FERNANDO MACHADO, dr..luiz.fernando.machado@correio.net ,,M,Santos,SP,2024-02-20,3841,9,"R$ 2.140,00",4.5
CUST004630,nina nunes,nina.nunes@correio.net,32.0,FEMININO,Sobral,ce,2021-03-29,2.133,3,801,4.0
CUST002641,vicente vargas,vicente.vargas@provedor.com.br,25.0,male,Rio de Janeiro,RJ,2022/08/05,"R$ 3.633,00",12,2632,3.6
CUST001521,Laís Machado,lais.machado@mail.com,,FEMININO,Porto Alegre,RS,03-02-2024,,6,1506,3.5
CUST004878,Sr. Ian Sales, sr..ian.sales@mail.com ,31.0,male,Sorocaba,sp,2024-08-04,4.295,7,1.911,3.9
CUST001399,Natália Casa Grande,NATALIA.CASA.GRANDE@WEBMAIL.COM,0.0,Fem,Ribeirão Preto,SÃO PAULO,2021-11-02,3595,11,2847,4.8
CUST004215,clarice fogaça, clarice.fogaca@mail.com ,38.0,fem,Brasília,Distrito Federal,06/05/2024,3566,7,1378,4.7
CUST002329,Luna da Cunha, luna.da.cunha@provedor.com.br ,27.0,F,Rio de Janeiro,rio de janeiro,2024/11/23,5.518,13,1376,3.4
CUST004622,Sr. Benício Correia,sr..benicio.correia@provedor.com.br,28.0,masc,Santos,sp,10/12/2023,"R$ 2.860,00",9,"R$ 2.211,00",3.8
CUST002938,Manuela da Paz,manuela.da.paz@correio.net,18.0,F,Sorocaba,Sao Paulo,2023-12-25,2287,7,"R$ 847,00",4.6
CUST004687,Ayla Silveira,ayla.silveira@provedor.com.br,64.0,prefer not to say,Caruaru,PE ,2023/09/29,2.513,2,"R$ 465,00",3.1
CUST002463,MARIA ISIS FONSECA, maria.isis.fonseca@provedor.com.br ,18.0,FEMININO,Maringá,Paraná,2021-08-18,5215,4,"R$ 1.443,00",2.7
CUST004949,João Vitor Sales,joao.vitor.sales@email.com,36.0,MASCULINO,Contagem,Minas Gerais,04-12-2022,4877,4,923,
CUST002997,Maria Eduarda Campos,maria. eduarda.campos@correio.net,19.0,F,Parintins,AM,2023/02/26,"R$ 4.010,00",10,1927,3.6
CUST002918,Erick Montenegro, erick.montenegro@provedor.com.br ,52.0,masc,Sorocaba,SP,19-08-2024,"R$ 2.030,00",4,1.003,4.8
CUST003324,Raul Câmara, raul.camara@mail.com ,48.0,Masc,Maringá,pr,2023-10-03,"R$ 3.982,00",4,"R$ 1.350,00",4.2
CUST002621,Maria Eduarda Cavalcanti,MARIA.EDUARDA.CAVALCANTI@CORREIO.NET,43.0,FEMININO,Campinas,SP,2022-02-15,2.625,6,1373,2.8
CUST001998,LORENZO RODRIGUES,lorenzo.rodrigues@email.com,63.0,MASCULINO,Maringá,Paraná,2023/09/14,5532,8,2.296,4.6
CUST004302,Vitor Hugo Montenegro,vitor. hugo.montenegro@webmail.com,42.0,masc,Joinville,SC,15-04-2023,3.654,4,916,4.5
CUST003118,LUCAS GABRIEL DA CUNHA,lucas.gabriel.da.cunha@webmail.com,61.0,male,Florianópolis,SC,2024-03-24,"R$ 2.519,00",6,"R$ 1.427,00",4.7
CUST001807,Ana Julia Gonçalves,ana.julia.goncalves@mail.com,22.0,fem,Recife,PE,2023/05/16,"R$ 1.445,00",7,"R$ 1.369,00",3.7
CUST004496,Isadora Albuquerque,isadora. albuquerque@mail.com,47.0,FEMININO,Londrina,PR,05-11-2024,2527,5,1411,2.1
CUST001990,ana julia novaes,ana.julia.novaes@correio.net,29.0,Feminino,Santos,SP,08-12-2021,"R$ 3.515,00",7,1803,4.3
CUST001576,Marcelo Moraes,marcelo. moraes@email.com,45.0,masc,Ribeirão Preto,Sao Paulo,2024-06-08,4431,5,"R$ 720,00",3.8
CUST002600,Isabella Montenegro,isabella.montenegro@email.com,20.0,FEMININO,Sorocaba,SP,2024-04-29,1420,9,1.708,4.6
CUST003951,Amanda Lopes,amanda.lopes@correio.net,27.0,Feminino,São Paulo,SÃO PAULO,22/09/2023,"R$ 1.148,00",5,"R$ 448,00",3.3
CUST001199,Benicio Rocha,benicio.rocha@email.com,,Masc,Belo Horizonte,Minas Gerais,2023-10-16,2.274,4,1.070,4.1
CUST002369,SR. IGOR BARBOSA,sr..igor.barbosa@correio.net,18.0,male,Belo Horizonte,MG,2023/01/10,2.473,3,809,3.5
CUST003597,Manuella da Cruz,manuella.da.cruz@provedor.com.br,34.0,F,Caxias do Sul,rio grande do sul,04/02/2024,3401,7,"R$ 1.624,00",4.7
CUST000470,Leonardo Fogaça,LEONARDO.FOGACA@EMAIL.COM,29.0,MASCULINO,Niterói,Rio De Janeiro,2023-03-02,"R$ 3.393,00",7,"R$ 726,00",5.0
CUST004798,Maria Júlia Câmara, maria.julia.camara@webmail.com ,50.0,Fem,Olinda,PE,05/09/2022,8.760,8,"R$ 3.265,00",5.0
CUST004199,yago costa, yago.costa@mail.com ,57.0,M,Campinas,São Paulo,2024/04/11,5069,9,"R$ 1.371,00",2.9
CUST000867,Ana Júlia da Mata,ana.julia.da.mata@provedor.com.br,,FEMININO,Florianópolis,SC,2023-02-22,2.354,13,1.908,
CUST000080,Luiz Gustavo Lima, luiz.gustavo.lima@correio.net ,40.0,masc,Caxias do Sul,Rio Grande do Sul,11/07/2022,360532,2,"R$ 393,00",3.4
CUST000534,Srta. Luna Pereira,srta..luna.pereira@webmail.com,31.0,Feminino,Sorocaba,sp,2022/04/07,"R$ 3.506,00",4,1.225,4.6
CUST001110,Sr. Josué Novaes, sr..josue.novaes@provedor.com.br ,34.0,MASCULINO,Duque de Caxias,RJ,2023/09/14,"R$ 4.490,00",7,2.441,3.5
CUST002339,Dr. Cauã Andrade,dr..caua.andrade@mail.com,18.0,Masc,Contagem,minas gerais,29/12/2022,1843,10,2169,4.7
CUST004467,daniel sá,daniel. sa@webmail.com,34.0,Outro,São Paulo,SÃO PAULO,2024-03-23,"R$ 1.506,00",9,"R$ 1.994,00",3.2
CUST004362,Luan Pereira,luan.pereira@mail.com,39.0,male,Salvador,bahia,09-03-2023,"R$ 4.029,00",8,2.615,5.0
CUST000165,Thiago das Neves,thiago. das.neves@webmail.com,24.0,outro,Florianópolis,Santa Catarina,29/11/2022,4.955,6,1155,2.2
CUST004015,gael henrique costa,GAEL.HENRIQUE.COSTA@CORREIO.NET,57.0,masc,,distrito federal,2024-06-07,3.611,8,"R$ 908,00",
CUST004748,diogo pereira,diogo.pereira@provedor.com.br,28.0,male,Joinville,sc,2023/10/27,1.609,13,2.846,3.8
CUST004570,DR. LÉO PINTO,DR..LEO.PINTO@WEBMAIL.COM,47.0,masc,Brasília,Distrito Federal,21-08-2022,"R$ 3.002,00",6,"R$ 1.525,00",4.2
CUST000876,Luiz Henrique das Neves, luiz.henrique.das.neves@correio.net ,32.0,male,Belém,pa,15-02-2024,"R$ 4.045,00",11,"R$ 2.477,00",3.7
CUST000186,Henry Cavalcanti,HENRY.CAVALCANTI@WEBMAIL.COM,37.0,male,Sobral,Ceara,2023/08/20,"R$ 4.018,00",9,2.475,5.0
CUST002166,valentina da rosa,VALENTINA.DA.ROSA@MAIL.COM,52.0,Fem,São Paulo,Sao Paulo,07-08-2022,2.899,8,"R$ 1.307,00",3.2
CUST002470,Srta. Luna Fogaça, srta..luna.fogaca@provedor.com.br ,52.0,F,Salvador,Bahia,10-12-2023,4.761,2,602,3.3
CUST001476,SR. LUCCA MOREIRA,sr..lucca.moreira@provedor.com.br,28.0,MASCULINO,Blumenau,sc,20-06-2023,3.380,8,1959,3.9
CUST000136,Ana Cecília das Neves, ana.cecilia.das.neves@provedor.com.br ,,F,Joinville,santa catarina,2024/08/08,4395,10,"R$ 2.358,00",3.9
CUST002420,gabriela garcia,gabriela.garcia@mail.com,39.0,fem,Petrópolis,rio de janeiro,18-03-2025,2.882,7,1991,4.1
CUST003937,Daniela Vieira, daniela.vieira@email.com ,32.0,Fem,Rio de Janeiro,Rio de Janeiro,12/05/2024,"R$ 4.599,00",9,1.926,4.4
CUST004682,Miguel Cavalcante, miguel.cavalcante@mail.com ,50.0,masc,Brasília,df,2025/02/15,2098,4,"R$ 626,00",4.8
CUST004423,Lara Oliveira,LARA.OLIVEIRA@CORREIO.NET,43.0,fem,Brasília,Distrito Federal,2022-08-10,10.729,10,4481,4.2
CUST003656,Isabel Câmara,isabel.camara@mail.com,59.0,female,Florianópolis,sc,09-03-2024,2.729,9,"R$ 2.224,00",2.9
CUST004415,emanuelly moraes,EMANUELLY.MORAES@WEBMAIL.COM,47.0,Feminino,Ribeirão Preto,SÃO PAULO,2023/03/14,3.290,6,"R$ 2.125,00",4.1
CUST002892,Anthony Caldeira,ANTHONY.CALDEIRA@PROVEDOR.COM.BR,49.0,Masculino,Brasília,df,26-11-2023,,10,2.216,3.3
CUST002098,marcos vinicius novaes,marcos.vinicius.novaes@provedor.com.br,18.0,M,Brasília,Distrito Federal,06/12/2023,"R$ 1.517,00",2,338,3.7
CUST004929,Dr. Juan Freitas,dr..juan.freitas@provedor.com.br,41.0,Masculino,Ribeirão Preto,SP,04/10/2025,2464,8,2806,4.6
CUST003870,Yasmin Martins,yasmin.martins@provedor.com.br,38.0,FEMININO,Florianópolis,santa catarina,2024-05-11,"R$ 3.040,00",7,"R$ 1.623,00",
CUST002575,Theodoro Câmara,theodoro. camara@webmail.com,38.0,Masculino,Caxias do Sul,RS,2023/04/02,1.507,11,2437,
CUST002501,Laura Cirino,LAURA.CIRINO@MAIL.COM,18.0,FEMININO,Sorocaba,SÃO PAULO,2023/01/22,"R$ 8.125,00",8,"R$ 2.498,00",3.6
CUST004829,Yasmin Silva,yasmin.silva@email.com,28.0,Fem,Belo Horizonte,MG,2022/10/06,3718,6,1.292,2.9
CUST002731,Ana Laura Mendonça,ana.laura.mendonca@correio.net,23.0,fem,Várzea Grande,mato grosso,02-09-2024,5596,4,690,2.3
CUST004559,dr. anthony dias, dr..anthony.dias@webmail.com ,43.0,Masc,Juazeiro do Norte,Ceara,2024/07/18,2693,9,"R$ 2.454,00",4.2
CUST001229,Hellena Alves, hellena.alves@provedor.com.br ,25.0,fem,Belo Horizonte,mg,27/09/2022,4.080,9,"R$ 3.088,00",3.4
CUST000648,Mathias Novais, mathias.novais@email.com ,42.0,Masc,Feira de Santana,bahia,2024/04/16,3321,8,"R$ 1.545,00",3.9
CUST002315,Alexia Rocha,ALEXIA.ROCHA@MAIL.COM,-5.0,Fem,Curitiba,PR,24/11/2024,6725,16,"R$ 2.586,00",4.2
CUST003106,Stella Martins,stella.martins@provedor.com.br,0.0,female,Olinda,PE ,2024-12-29,4217,8,"R$ 2.042,00",4.7
CUST002296,Matheus da Costa,matheus.da.costa@email.com,30.0,male,Niterói,Rio de Janeiro,2023-03-06,7663,7,2.669,5.0
CUST003039,Aurora Cassiano,aurora.cassiano@webmail.com,37.0,F,Juiz de Fora,minas gerais,29/09/2022,"R$ 5.224,00",5,1674,3.3
CUST004706,Pedro Henrique Borges,pedro.henrique.borges@correio.net,18.0,Masc,Sobral,Ceará,22/12/2024,2.848,15,1089,4.7
CUST000692,Gabrielly Fernandes,gabrielly.fernandes@email.com,33.0,F,Petrópolis,RJ,2024-04-12,,10,3.846,5.0
CUST001464,MIRELLA DA MATA,mirella.da.mata@email.com,45.0,female,Ribeirão Preto,SP,2025-03-26,2.401,5,"R$ 1.188,00",4.9
CUST003596,otávio sampaio,otavio.sampaio@provedor.com.br,52.0,male,Belém,pa,23-03-2025,"R$ 4.358,00",9,1.921,4.2
CUST002029,YASMIN BORGES, yasmin.borges@mail.com ,40.0,prefer not to say,Feira de Santana,BA,2024/08/10,2752,7,1.599,2.8
CUST004313,João Lucas Pimenta,JOAO.LUCAS.PIMENTA@PROVEDOR.COM.BR,59.0,Masculino,Sorocaba,sp,2023-12-30,6278,11,"R$ 3.098,00",3.0
CUST001277,Brayan Andrade,BRAYAN.ANDRADE@MAIL.COM,34.0,Masc,Ribeirão Preto,SP,03-03-2024,"R$ 6.127,00",10,3067,4.0
CUST000544,Dr. Benício Farias, dr..benicio.farias@mail.com ,32.0,male,Curitiba,Parana,30/10/2023,"R$ 4.377,00",5,1.499,4.4
CUST002759,Antonella Camargo,antonella.camargo@provedor.com.br,63.0,F,Florianópolis,santa catarina,2023-11-23,2852,8,"R$ 1.465,00",2.5
CUST004067,Gabriel Azevedo,GABRIEL.AZEVEDO@MAIL.COM,56.0,masc,Sorocaba,SÃO PAULO,2023/09/25,4488,10,"R$ 3.388,00",3.9
CUST002487,Antônio da Rocha, antonio.da.rocha@email.com ,44.0,MASCULINO,Rio Verde,go,2022/08/21,"R$ 4.869,00",5,"R$ 1.204,00",4.1
CUST004834,Cauã Casa Grande,caua.casa.grande@webmail.com,38.0,masc,São Paulo,SP,07-06-2024,"R$ 4.133,00",9,2040,5.0
CUST001986,Thiago Borges,thiago.borges@provedor.com.br,41.0,Masculino,Campinas,SÃO PAULO,04-08-2023,"R$ 3.389,00",4,815,4.7
CUST002909,enrico pinto,enrico.pinto@email.com,29.0,Masculino,Juiz de Fora,minas gerais,2022-09-23,"R$ 2.567,00",5,1.142,2.5
CUST002999,Maria Eduarda Oliveira,maria.eduarda.oliveira@correio.net,56.0,FEMININO,,RJ,06-06-2023,5941,4,986,4.0
CUST002375,Rafael Pimenta, rafael.pimenta@correio.net ,56.0,Masc,Santos,São Paulo,22/09/2024,3.643,10,"R$ 3.229,00",3.5
CUST000227,Isaque Cardoso,ISAQUE.CARDOSO@CORREIO.NET,18.0,male,Blumenau,sc,03/03/2025,"R$ 2.032,00",4,725,3.4
CUST000641,Ana Beatriz Pereira,ana.beatriz.pereira@webmail.com,0.0,fem,Niterói,RJ,2023-12-30,"R$ 5.793,00",682,"R$ 1.819,00",4.0
CUST000554,HADASSA FERNANDES,hadassa.fernandes@webmail.com,33.0,Fem,Campinas,São Paulo,08/06/2023,,6,1779,3.4
CUST004158,Yuri Costa, yuri.costa@email.com ,18.0,Masc,São Paulo,sp,2022-10-25,2.643,4,1202,3.3
CUST002933,Sara Siqueira,sara.siqueira@provedor.com.br,34.0,female,Juiz de Fora,Minas Gerais,14-07-2021,"R$ 2.112,00",7,"R$ 1.729,00",
CUST001733,Murilo Pimenta, murilo.pimenta@mail.com ,36.0,MASCULINO,Anápolis,Goias,23/07/2022,7374,6,"R$ 2.331,00",2.6
CUST002060,Isabel Peixoto,isabel.peixoto@email.com,32.0,FEMININO,Campinas,SP,2023-08-16,2219,6,1.415,3.2
CUST002021,Gabriela Vieira,gabriela. vieira@correio.net,32.0,Fem,Rio Verde,go,2024/04/09,2.030,5,1.216,3.7
CUST004004,Henrique Ribeiro,HENRIQUE.RIBEIRO@CORREIO.NET,32.0,Masc,Caxias do Sul,Rio Grande do Sul,2022-07-22,"R$ 1.481,00",6,1313,4.5
CUST003869,Srta. Marcela Martins,srta..marcela.martins@mail.com,53.0,Fem,Feira de Santana,BA,26/10/2024,3.189,6,"R$ 1.762,00",4.9
CUST004978,Lunna Nascimento, lunna.nascimento@email.com ,29.0,Feminino,Joinville,SC,21/04/2024,4.863,9,"R$ 2.354,00",3.9
CUST004890,GAEL HENRIQUE BRITO, gael.henrique.brito@correio.net ,43.0,Masc,Ribeirão Preto,São Paulo,2023/07/28,4346,3,1101,4.6
CUST001840,sr. davi lucca moura,sr..davi.lucca.moura@webmail.com,43.0,Masc,Olinda,Pernambuco,2022/02/17,,11,"R$ 1.583,00",2.9
CUST004545,Danilo Andrade, danilo.andrade@webmail.com ,39.0,male,Joinville,santa catarina,2025-01-02,2805,6,1.426,3.3
CUST002108,Sara Nogueira,sara. nogueira@email.com,50.0,female,Recife,PE,2023/06/14,6462,9,"R$ 3.067,00",3.9
CUST003942,maria júlia aragão,maria.julia.aragao@correio.net,36.0,Fem,Niterói,Rio De Janeiro,2024-04-01,"R$ 2.772,00",8,1.826,3.4
CUST003934,Leandro Vieira,leandro.vieira@correio.net,18.0,masc,Caruaru,Pernambuco,2023-05-13,3002,9,"R$ 2.635,00",4.1
CUST000662,AMANDA FONSECA, amanda.fonseca@provedor.com.br ,48.0,Feminino,Juazeiro do Norte,ce,28/05/2025,4150,6,1.877,4.6
CUST001636,Vitor Gabriel Costa, vitor.gabriel.costa@provedor.com.br ,33.0,MASCULINO,Sorocaba,SP,2022/01/13,2294,5,1309,3.4
CUST000349,Dr. Yuri Teixeira, dr..yuri.teixeira@correio.net ,52.0,prefer not to say,Juiz de Fora,minas gerais,21/11/2024,4241,8,"R$ 2.637,00",4.8
CUST000298,MIRELLA BARBOSA, mirella.barbosa@correio.net ,36.0,FEMININO,Maringá,pr,16-09-2025,2.636,7,"R$ 1.540,00",5.0
CUST002584,Ana Souza,ANA.SOUZA@WEBMAIL.COM,49.0,Fem,Rio Verde,Goias,2024-01-24,5.000,6,1.762,3.2
CUST003619,alana cassiano,alana.cassiano@provedor.com.br,41.0,Fem,Salvador,Bahia,2024/03/07,3504,8,1507,3.0
CUST004301,Vinicius da Mata, vinicius.da.mata@webmail.com ,22.0,Masculino,Duque de Caxias,Rio de Janeiro,30/06/2023,"R$ 2.865,00",10,1.565,
CUST003678,Sra. Beatriz Barbosa,SRA..BEATRIZ.BARBOSA@PROVEDOR.COM.BR,45.0,F,Recife,Pernambuco,2021-12-06,"R$ 9.358,00",12,4706,
CUST002403,Nicole Vargas,nicole.vargas@email.com,36.0,FEMININO,Rio de Janeiro,Rio De Janeiro,24-01-2025,3.224,5,"R$ 1.371,00",3.9
CUST005026,ana vitória aparecida,ana.vitoria.aparecida@correio.net,39.0,F,Uberlândia,minas gerais,21/02/2024,"R$ 4.868,00",7,1.576,4.7
CUST001034,CECILIA CIRINO,cecilia.cirino@webmail.com,,female,Santos,SP,2023/06/13,,3,"R$ 519,00",4.6
CUST004688,Daniela Rodrigues,daniela.rodrigues@provedor.com.br,18.0,Feminino,,rs,11/03/2022,4108,5,912,5.0
CUST003703,Clara da Mota, clara.da.mota@mail.com ,69.0,Fem,,PR,11-10-2023,"R$ 2.099,00",5,"R$ 1.745,00",3.8
CUST003818,LARISSA CASTRO, larissa.castro@webmail.com ,55.0,FEMININO,Uberlândia,mg,2022/12/27,307568,6,"R$ 1.333,00",4.8
CUST001234,Juliana Nascimento,JULIANA.NASCIMENTO@PROVEDOR.COM.BR,18.0,FEMININO,Sorocaba,Sao Paulo,18-07-2024,1.498,3,611,3.6
CUST004980,Luiz Gustavo Silva,luiz.gustavo.silva@provedor.com.br,34.0,Masc,,RS,2023/07/25,3901,4,1.157,3.7
CUST003801,EDUARDO ARAÚJO,EDUARDO.ARAUJO@EMAIL.COM,36.0,MASCULINO,Petrópolis,RJ,20/07/2022,3.210,7,2.101,2.9
CUST001586,SRTA. AMANDA MARQUES,srta..amanda.marques@mail.com,50.0,FEMININO,Caruaru,PE,31-05-2024,4449,4,"R$ 1.032,00",2.8
CUST001947,EVELYN MOURA,evelyn. moura@email.com,45.0,Feminino,Ribeirão Preto,SÃO PAULO,08-08-2025,2.628,7,1466,4.3
CUST001592,PEDRO DIAS,PEDRO.DIAS@CORREIO.NET,43.0,masc,Duque de Caxias,RJ ,11/08/2022,2721,7,1.953,4.5
CUST004218,SRA. MARIA JÚLIA AZEVEDO,SRA..MARIA.JULIA.AZEVEDO@EMAIL.COM,29.0,female,Belém,Pará,2025-08-01,1925,12,2623,5.0
CUST000657,emanuel silva,emanuel.silva@webmail.com,18.0,MASCULINO,Juiz de Fora,MG,2021/08/06,2.872,16,3.122,2.9
CUST002200,Luana Farias, luana.farias@email.com ,29.0,F,Rio Verde,Goiás,2023/11/06,2.490,6,1166,3.7
CUST000162,Sr. Luiz Otávio Lopes,SR..LUIZ.OTAVIO.LOPES@MAIL.COM,27.0,male,Curitiba,Parana,2023/03/14,5181,0,"R$ 0,00",4.0
CUST003185,Marcelo Dias,marcelo.dias@mail.com,24.0,M,São Paulo,Sao Paulo,20/05/2025,"R$ 2.642,00",7,2.290,3.3
CUST001897,Enzo Vieira, enzo.vieira@mail.com ,49.0,male,Anápolis,GO,06-10-2022,,10,3.145,3.9
CUST003559,Pedro Henrique Garcia,pedro.henrique.garcia@correio.net,35.0,Masculino,Santos,Sao Paulo,2023/03/28,,5,"R$ 922,00",4.8
CUST004227,SRTA. SARA ROCHA,srta..sara.rocha@correio.net,24.0,female,Rio Verde,Goiás,17-10-2023,2214,7,"R$ 1.089,00",3.1
CUST001723,Dr. Davi Miguel Ribeiro,dr..davi.miguel.ribeiro@mail.com,45.0,masc,Caruaru,pernambuco,2024/06/29,1996,8,"R$ 1.632,00",
CUST000134,Maria Eduarda Pacheco,MARIA.EDUARDA.PACHECO@CORREIO.NET,,fem,Recife,pernambuco,29-12-2022,3013,7,1801,3.8
CUST004097,aylla cirino, aylla.cirino@webmail.com ,41.0,female,Maringá,pr,19-08-2021,2.149,12,2933,
CUST004348,Srta. Isabel Camargo,srta..isabel.camargo@correio.net,39.0,FEMININO,Serra,Espirito Santo,01/09/2022,4480,6,"R$ 1.516,00",3.3
CUST001888,Srta. Stephany Rios,srta..stephany.rios@provedor.com.br,52.0,Fem,Petrópolis,Rio de Janeiro,2023/02/16,3627,7,1612,3.5
CUST004794,Otto Peixoto,otto. peixoto@provedor.com.br,18.0,Masculino,Juiz de Fora,MG,2023-05-17,,12,3418,
CUST000578,Marcela Alves,marcela.alves@webmail.com,48.0,Não binário,Juazeiro do Norte,CE,02-08-2024,2504,9,2078,4.5
CUST003144,Cecilia Aparecida,CECILIA.APARECIDA@WEBMAIL.COM,43.0,female,Brasília,distrito federal,03-03-2023,"R$ 5.311,00",9,1875,1.7
CUST000239,Mariane Ribeiro,mariane.ribeiro@provedor.com.br,37.0,FEMININO,Manaus,am,2024/04/11,4010,3,507,3.8
CUST002371,Sr. Ravy Pinto, sr..ravy.pinto@correio.net ,47.0,Masculino,Niterói,RJ ,31-05-2024,3277,4,"R$ 861,00",5.0
CUST004767,antony santos,antony.santos@email.com,32.0,Masc,Pelotas,RS,13-11-2022,"R$ 3.525,00",9,"R$ 855,00",2.4
CUST000957,Clara Azevedo,clara.azevedo@email.com,37.0,Feminino,Sorocaba,SP,17/11/2023,"R$ 4.779,00",5,1.383,4.1
CUST001954,Yasmin Peixoto,yasmin.peixoto@provedor.com.br,39.0,FEMININO,Brasília,df,2023-05-14,4.334,7,1.292,
CUST003290,Dr. Mateus Fernandes,DR..MATEUS.FERNANDES@MAIL.COM,41.0,male,Campinas,SP,2024/06/28,2074,3,729,3.8
CUST001879,ARTHUR GABRIEL FARIAS,arthur. gabriel.farias@webmail.com,59.0,MASCULINO,Londrina,Parana,05-04-2023,5103,10,"R$ 2.998,00",3.4
CUST000730,Dr. Kaique Melo,DR..KAIQUE.MELO@PROVEDOR.COM.BR,31.0,Outro,Brasília,distrito federal,2022-11-25,5478,4,"R$ 1.106,00",4.3
CUST004805,OTTO LEÃO,otto. leao@mail.com,44.0,male,Cuiabá,mato grosso,17-10-2021,"R$ 7.622,00",7,239.056,3.7
CUST001010,Paulo Martins, paulo.martins@provedor.com.br ,44.0,male,Campinas,São Paulo,24/01/2023,1738,7,837,
CUST000550,Maria Flor Ramos,maria.flor.ramos@provedor.com.br,50.0,Fem,Petrópolis,Rio De Janeiro,25/03/2023,3339,11,2317,3.0
CUST001360,Sr. Gustavo da Mata,SR..GUSTAVO.DA.MATA@CORREIO.NET,52.0,masc,Vila Velha,Espírito Santo,2024/01/07,3.493,6,420,3.7
CUST003109,Mariah Nascimento,mariah. nascimento@provedor.com.br,23.0,Feminino,Petrópolis,RJ,30/08/2023,2032,5,"R$ 891,00",3.3
CUST004207,Maria Julia Albuquerque,maria.julia.albuquerque@mail.com,38.0,Fem,Recife,Pernambuco,28-12-2023,3372,7,"R$ 2.176,00",3.6
CUST000160,Pedro Henrique Abreu,pedro.henrique.abreu@email.com,48.0,Masculino,Niterói,RJ,21-10-2023,"R$ 3.269,00",8,"R$ 114.869,00",4.8
CUST002937,alana da cruz, alana.da.cruz@correio.net ,22.0,fem,Uberlândia,Minas Gerais,02-11-2023,2.964,6,"R$ 1.935,00",3.5
CUST000610,Erick Vasconcelos,erick.vasconcelos@provedor.com.br,39.0,Masc,Sorocaba,Sao Paulo,2021-11-29,1673,8,2223,3.3
CUST000292,João Ribeiro,joao. ribeiro@email.com,53.0,N/I,Sorocaba,SÃO PAULO,2023/11/19,2.245,11,"R$ 2.522,00",3.9
CUST002975,André Marques,andre.marques@webmail.com,28.0,male,Manaus,AM,2024-10-24,5.401,6,1898,3.4
CUST000746,VINICIUS GARCIA,vinicius. garcia@email.com,45.0,masc,Várzea Grande,mt,12-03-2022,"R$ 3.012,00",411,"R$ 1.949,00",4.2
CUST000776,SABRINA CIRINO,SABRINA.CIRINO@WEBMAIL.COM,22.0,Fem,Campinas,São Paulo,07/02/2023,1.449,6,"R$ 1.586,00",4.3
CUST002747,Sra. Maria Luísa Vieira,SRA..MARIA.LUISA.VIEIRA@EMAIL.COM,42.0,FEMININO,Serra,ES,2024/10/20,"R$ 2.237,00",7,"R$ 1.739,00",3.0
CUST005068,Isaque Silva,ISAQUE.SILVA@CORREIO.NET,23.0,masc,Anápolis,Goiás,05-07-2022,5017,5,"R$ 898,00",4.3
CUST004674,paulo vasconcelos, paulo.vasconcelos@email.com ,29.0,Masculino,Rio Verde,Goias,2021-08-23,2469,9,1625,5.0
CUST001458,Aylla Teixeira,aylla.teixeira@email.com,33.0,female,Sorocaba,São Paulo,2023/01/20,3638,5,"R$ 1.319,00",3.9
CUST003236,Maria Vitória Costela,maria.vitoria.costela@mail.com,38.0,Fem,Juiz de Fora,MG,19/09/2023,3.575,9,3.208,3.7
CUST000264,VINÍCIUS FERREIRA,vinicius.ferreira@provedor.com.br,71.0,Masc,São Paulo,SP,09/01/2023,3.293,3,950,5.0
CUST001256,Dr. Henry Gabriel Rios,dr..henry.gabriel.rios@provedor.com.br,32.0,male,Rio de Janeiro,RJ,2025/03/10,4617,6,1443,3.7
CUST004399,Davi Lucas Andrade,davi. lucas.andrade@correio.net,29.0,M,Caxias do Sul,rs,05/06/2021,3377,8,1.682,3.3
CUST001772,JULIA COSTELA,JULIA.COSTELA@MAIL.COM,43.0,F,Rio de Janeiro,rio de janeiro,03/02/2025,7272,7,2540,3.6
CUST004085,Sabrina Moreira,SABRINA.MOREIRA@CORREIO.NET,34.0,F,Blumenau,SC,14-08-2025,"R$ 2.574,00",6,2.260,5.0
CUST002976,Isaac Souza,isaac.souza@provedor.com.br,43.0,masc,Petrópolis,Rio De Janeiro,2024/02/26,"R$ 6.722,00",11,4.055,2.8
CUST001200,José Pedro Cavalcanti,jose.pedro.cavalcanti@email.com,46.0,male,Cuiabá,MT,2022-06-26,2047,5,1285,5.0
CUST004893,Pedro Camargo, pedro.camargo@provedor.com.br ,55.0,Masculino,Sorocaba,sp,2024/09/27,2576,7,2.005,4.6
CUST004246,Vinícius Monteiro,vinicius. monteiro@provedor.com.br,48.0,male,Manaus,AM,26-10-2024,4.409,3,"R$ 1.000,00",
CUST004168,AMANDA VARGAS,amanda.vargas@correio.net,51.0,outro,,Amazonas,2023-08-18,2790,6,1.551,5.0
CUST000090,Enzo Jesus,enzo.jesus@provedor.com.br,41.0,Não binário,Olinda,PE,2024/06/09,2.533,11,2.668,4.4
CUST004214,DR. THÉO AZEVEDO, dr..theo.azevedo@provedor.com.br ,25.0,MASCULINO,Rio de Janeiro,RJ ,01-04-2024,3.053,7,"R$ 1.335,00",4.6
CUST001512,Sofia Carvalho, sofia.carvalho@correio.net ,48.0,Fem,Curitiba,Paraná,2025-02-10,"R$ 1.711,00",6,977,4.1
CUST002370,Diego Mendonça,diego.mendonca@webmail.com,30.0,prefer not to say,Ribeirão Preto,SÃO PAULO,2023/10/11,"R$ 3.343,00",4,1017,4.6
CUST004954,Maria Cecília Farias,MARIA.CECILIA.FARIAS@PROVEDOR.COM.BR,36.0,Fem,Brasília,df,2024-07-13,3.473,6,1.123,3.7
CUST000460,Calebe Dias,calebe.dias@correio.net,,M,Juazeiro do Norte,CE,30/01/2025,,6,735,
CUST002218,isabella pinto,isabella. pinto@email.com,27.0,FEMININO,Parintins,amazonas,09-11-2024,2306,6,911,
CUST004325,Maria Julia Silveira,MARIA.JULIA.SILVEIRA@MAIL.COM,30.0,fem,Uberlândia,minas gerais,22/03/2024,2.190,6,1283,
CUST003646,Bruna da Luz,BRUNA.DA.LUZ@WEBMAIL.COM,37.0,FEMININO,Santos,SÃO PAULO,25-06-2024,5414,6,"R$ 1.704,00",4.0
CUST004338,MELINA MARTINS, melina.martins@mail.com ,43.0,Fem,Sorocaba,SP,27/06/2022,2.569,6,1487,4.2
CUST001938,Sr. Anthony Gabriel Costela,SR..ANTHONY.GABRIEL.COSTELA@WEBMAIL.COM,47.0,male,Vitória,Espirito Santo,14/02/2024,2.780,6,515,4.0
CUST003028,joão guilherme viana,joao.guilherme.viana@webmail.com,35.0,male,Rio de Janeiro,rio de janeiro,2022/05/09,2526,2,"R$ 332,00",3.3
CUST004095,gustavo ferreira,gustavo.ferreira@email.com,60.0,MASCULINO,,RS,01/05/2021,"R$ 5.650,00",8,2112,4.3
CUST002319,Larissa da Cunha,LARISSA.DA.CUNHA@CORREIO.NET,75.0,Feminino,Salvador,bahia,25-09-2022,"R$ 3.337,00",7,1143,4.5
CUST003184,Gael Nascimento,GAEL.NASCIMENTO@EMAIL.COM,40.0,Masculino,Londrina,Parana,19/03/2023,"R$ 5.133,00",8,"R$ 1.925,00",3.4
CUST003589,Ana Laura Barros,ana.laura.barros@provedor.com.br,38.0,Feminino,Juazeiro do Norte,CE,22/11/2024,"R$ 6.028,00",8,2060,5.0
CUST000497,José Miguel da Rocha,jose. miguel.da.rocha@email.com,67.0,male,Ribeirão Preto,SP,2022-05-09,8.359,5,2031,4.1
CUST000221,José Barros,jose.barros@correio.net,,MASCULINO,Santos,São Paulo,2022-07-20,3.700,5,1.676,4.2
CUST004501,Heloísa Pires,heloisa.pires@email.com,50.0,F,Salvador,BA,2023/04/05,,8,1464,4.9
CUST002926,Maysa Marques,MAYSA.MARQUES@WEBMAIL.COM,26.0,fem,Sobral,ce,2023/11/16,"R$ 2.051,00",4,"R$ 935,00",4.3
CUST000921,Ísis Nunes,ISIS.NUNES@PROVEDOR.COM.BR,47.0,Feminino,Londrina,Parana,17/06/2024,4.912,11,3384,4.7
CUST004886,Zoe Viana,ZOE.VIANA@MAIL.COM,50.0,fem,Niterói,rio de janeiro,14-10-2024,"R$ 2.237,00",6,"R$ 1.857,00",5.0
CUST000985,Dr. Yago Andrade,dr..yago.andrade@email.com,42.0,MASCULINO,Santos,São Paulo,03/12/2022,8.088,8,2544,3.9
CUST004906,Liz Brito,liz. brito@mail.com,36.0,FEMININO,Contagem,MG,2024/04/15,"R$ 2.519,00",9,3.117,3.0
CUST001916,ÍSIS FERREIRA,isis.ferreira@correio.net,30.0,Fem,Salvador,Bahia,2025-08-16,5494,7,2295,3.6
CUST000313,DR. ASAFE TEIXEIRA,dr..asafe.teixeira@correio.net,46.0,Masculino,Caxias do Sul,rs,16/08/2023,"R$ 6.753,00",9,98.235,5.0
CUST003214,Emanuelly Macedo,EMANUELLY.MACEDO@MAIL.COM,51.0,fem,Fortaleza,CE,2024/11/26,2.699,13,3077,3.6
CUST002442,oliver aparecida, oliver.aparecida@provedor.com.br ,18.0,Masculino,Ribeirão Preto,Sao Paulo,2024-07-22,3.146,4,884,4.5
CUST003455,Matheus Vargas,matheus.vargas@correio.net,45.0,Masculino,Feira de Santana,Bahia,23-12-2024,2.557,2,542,2.9
CUST003829,luara sá,LUARA.SA@PROVEDOR.COM.BR,18.0,F,Sobral,Ceará,22/06/2022,942,9,"R$ 1.821,00",5.0
CUST000678,Yuri da Mota,yuri. da.mota@mail.com,44.0,Masculino,Fortaleza,ce,2022-11-19,5.826,8,"R$ 2.746,00",4.5
CUST000166,Dr. Luan Guerra,DR..LUAN.GUERRA@WEBMAIL.COM,54.0,MASCULINO,Contagem,minas gerais,2023/05/08,,9,2.894,4.6
CUST004425,Larissa Cavalcante,LARISSA.CAVALCANTE@CORREIO.NET,36.0,fem,Juiz de Fora,MG,31/08/2024,1401,6,"R$ 292,00",3.9
CUST002134,Dra. Sara Monteiro,dra..sara.monteiro@mail.com,26.0,prefer not to say,Maringá,pr,07/06/2023,"R$ 2.405,00",9,2053,4.5
CUST002132,LUIZ GUSTAVO CARDOSO, luiz.gustavo.cardoso@mail.com ,18.0,Masc,Brasília,DF,04/08/2023,"R$ 1.877,00",2,452,3.3
CUST002255,mirella viana,mirella.viana@provedor.com.br,44.0,FEMININO,,SP,22/05/2023,"R$ 3.320,00",5,1.279,5.0
CUST004200,pietra da rocha,pietra.da.rocha@email.com,41.0,fem,Contagem,minas gerais,2024/10/15,900,6,970,5.0
CUST003267,Sarah Silva,SARAH.SILVA@WEBMAIL.COM,53.0,FEMININO,Ribeirão Preto,Sao Paulo,18-08-2022,3.706,3,793,5.0
CUST000735,IAN SILVEIRA,IAN.SILVEIRA@MAIL.COM,31.0,male,Caxias do Sul,Rio Grande do Sul,2024/02/28,2310,6,891,4.7
CUST003738,Dr. Bryan Costa,dr..bryan.costa@provedor.com.br,60.0,MASCULINO,Duque de Caxias,Rio de Janeiro,11/03/2023,4.151,8,1.562,3.4
CUST000695,Maria Eduarda Moraes,maria.eduarda.moraes@email.com,49.0,female,Feira de Santana,BA ,2022/09/16,4685,11,2.082,2.6
CUST003238,MARCELO CARVALHO,MARCELO.CARVALHO@WEBMAIL.COM,35.0,MASCULINO,Porto Alegre,Rio Grande do Sul,01/01/2022,3.992,6,1.884,3.6
CUST003916,YURI PEIXOTO, yuri.peixoto@mail.com ,32.0,Masculino,Juiz de Fora,mg,01/08/2024,2.751,2,513,4.3
CUST004594,Pedro Miguel Mendonça,pedro. miguel.mendonca@mail.com,19.0,male,,PE ,09/01/2024,"R$ 7.608,00",7,2.411,3.9
CUST004057,Heitor Albuquerque,heitor.albuquerque@email.com,42.0,M,Feira de Santana,BA ,2024/04/09,"R$ 3.714,00",6,1.502,4.4
CUST001349,Maria Cecília Santos,maria.cecilia.santos@provedor.com.br,32.0,female,Ribeirão Preto,SÃO PAULO,25/07/2024,5.683,6,2.241,3.9
CUST004443,Sr. Breno Duarte, sr..breno.duarte@mail.com ,39.0,MASCULINO,Santos,São Paulo,2025/10/17,"R$ 1.296,00",7,"R$ 718,00",
CUST004000,Vinícius Fogaça,VINICIUS.FOGACA@CORREIO.NET,18.0,masc,Santos,SP,2023-12-29,2.111,7,2.026,3.5
CUST002259,maria câmara,maria.camara@webmail.com,,N/I,Contagem,mg,02-11-2023,"R$ 4.248,00",2,523,4.1
CUST002616,Danilo Gomes, danilo.gomes@webmail.com ,50.0,MASCULINO,Duque de Caxias,Rio de Janeiro,06-12-2024,4104,1,307,5.0
CUST000515,Srta. Vitória Moraes,srta..vitoria.moraes@correio.net,25.0,Feminino,Duque de Caxias,RJ ,2025-04-22,"R$ 1.992,00",3,580,3.5
CUST002863,Allana Camargo,allana. camargo@mail.com,52.0,fem,Duque de Caxias,RJ,2022-01-06,2880,10,1.506,4.4
CUST003950,gustavo borges, gustavo.borges@email.com ,48.0,Masc,Curitiba,Paraná,2023-02-14,4.140,9,3.215,4.4
CUST003431,dr. marcos vinicius pimenta,dr..marcos.vinicius.pimenta@webmail.com,37.0,N/I,São Paulo,sp,27-04-2022,2.572,6,1405,3.5
CUST004660,Arthur Gabriel Duarte,arthur.gabriel.duarte@email.com,49.0,male,,PE ,2023/10/03,2.929,9,2798,4.6
CUST004827,José Pedro Silva,JOSE.PEDRO.SILVA@WEBMAIL.COM,37.0,M,Goiânia,GO,2024-02-07,"R$ 3.637,00",8,1533,4.5
CUST001012,ESTER PORTO, ester.porto@mail.com ,33.0,female,Rio de Janeiro,RJ ,2023-01-13,"R$ 1.870,00",8,1984,4.8
CUST000891,Vitor Hugo Ramos, vitor.hugo.ramos@correio.net ,46.0,male,Contagem,minas gerais,07/02/2022,4345,4,1132,3.6
CUST002792,Sr. Ravy Fogaça,sr..ravy.fogaca@webmail.com,43.0,Não binário,Belo Horizonte,mg,2022/12/08,3909,11,3843,4.7
CUST005017,Dr. Thomas Santos,dr..thomas.santos@provedor.com.br,46.0,Masculino,Caruaru,PE,06-10-2022,5.289,8,3.340,3.9
CUST003461,Benício Ramos,BENICIO.RAMOS@PROVEDOR.COM.BR,50.0,Masculino,Juiz de Fora,MG,09/02/2023,8.428,9,2591,5.0
CUST004729,Ravi da Paz,ravi. da.paz@correio.net,49.0,Masc,Ribeirão Preto,sp,25-12-2021,1629,11,3126,4.4
CUST003966,Maria Cecília Costela,maria. cecilia.costela@webmail.com,40.0,F,Fortaleza,Ceara,17-05-2023,"R$ 2.563,00",9,"R$ 1.250,00",5.0
CUST000195,Raquel Pires,raquel.pires@email.com,27.0,Feminino,Ribeirão Preto,São Paulo,11/03/2022,2.140,4,"R$ 1.279,00",4.8
CUST000514,Breno Moraes,breno.moraes@webmail.com,18.0,Masc,Sorocaba,sp,01/12/2023,2.304,4,1026,4.4
CUST001639,Srta. Maria Luiza Vargas,srta. .maria.luiza.vargas@correio.net,41.0,fem,Recife,PE,2024/04/07,4.216,9,1.974,5.0
CUST001456,Maria Cecília Rocha,MARIA.CECILIA.ROCHA@EMAIL.COM,56.0,fem,Feira de Santana,Bahia,2022/02/19,"R$ 3.308,00",11,2627,4.7
CUST004306,Isabel das Neves,ISABEL.DAS.NEVES@PROVEDOR.COM.BR,18.0,Fem,Parintins,amazonas,2022-12-22,3.464,9,2.710,4.7
CUST004045,Bárbara Cardoso,BARBARA.CARDOSO@PROVEDOR.COM.BR,53.0,outro,Contagem,Minas Gerais,02-04-2023,"R$ 3.638,00",5,"R$ 561,00",
CUST000636,SRA. MARIA CLARA MORAES,sra..maria.clara.moraes@provedor.com.br,39.0,female,Recife,Pernambuco,2023-08-03,"R$ 2.801,00",6,1522,4.2
CUST004903,Raquel Abreu, raquel.abreu@correio.net ,20.0,Feminino,Curitiba,Paraná,2024/10/01,3.270,4,"R$ 871,00",3.4
CUST000088,BEATRIZ ARAGÃO,BEATRIZ.ARAGAO@EMAIL.COM,34.0,FEMININO,Goiânia,Goiás,17-04-2025,3808,3,"R$ 745,00",3.2
CUST001370,Dr. Kaique Rodrigues,dr..kaique.rodrigues@correio.net,37.0,M,Sobral,Ceara,20-05-2024,2149,8,1.687,3.1
CUST004567,DRA. HELOISA FERREIRA,dra..heloisa.ferreira@correio.net,37.0,fem,,MG,2024/11/08,3.509,7,1780,4.4
CUST000191,DRA. MARIANE NOVAES,dra..mariane.novaes@webmail.com,36.0,F,Parintins,am,07-04-2024,3532,5,1610,4.8
CUST003825,ANA CLARA ARAGÃO, ana.clara.aragao@email.com ,40.0,Feminino,Cuiabá,Mato Grosso,27/10/2022,4892,15,"R$ 4.421,00",4.6
CUST000179,DIOGO ALVES,diogo.alves@provedor.com.br,22.0,M,Pelotas,rio grande do sul,2025/05/22,4.177,5,1196,
CUST003925,Arthur Gabriel Rios,arthur.gabriel.rios@provedor.com.br,19.0,Masc,Ribeirão Preto,Sao Paulo,2024-06-16,"R$ 4.835,00",9,"R$ 2.435,00",3.8
CUST003841,Melissa Viana, melissa.viana@webmail.com ,30.0,Feminino,,Goiás,07-03-2024,2767,7,"R$ 1.282,00",5.0
CUST002589,breno almeida,breno.almeida@email.com,18.0,Masc,Petrópolis,Rio de Janeiro,22/11/2023,3.628,4,"R$ 876,00",3.9
CUST003465,Caio Camargo,caio.camargo@email.com,57.0,Masc,,Rio Grande do Sul,23-02-2023,3152,10,2.766,4.8
CUST001688,Cecília Vieira, cecilia.vieira@mail.com ,35.0,Feminino,Santos,São Paulo,2023-02-06,3.322,7,"R$ 2.190,00",4.0
CUST003322,MARIA LIZ REZENDE,maria.liz.rezende@correio.net,39.0,FEMININO,Blumenau,SC,2023-08-31,5.951,7,2452,4.0
CUST001129,Lara Barros,LARA.BARROS@WEBMAIL.COM,49.0,Fem,Blumenau,SC,2022-11-28,4497,9,"R$ 2.727,00",4.6
CUST003068,Enrico Sousa,enrico.sousa@correio.net,39.0,MASCULINO,Feira de Santana,Bahia,2024/02/09,2.939,7,1.714,2.8
CUST003146,Maya Moraes,maya.moraes@email.com,37.0,Feminino,Campinas,SP,2022/05/01,4.670,14,3.276,3.5
CUST002560,Nicole Sales,nicole.sales@provedor.com.br,36.0,Feminino,Anápolis,go,2021-09-14,4.486,7,2.018,5.0
CUST001024,letícia pimenta,leticia.pimenta@webmail.com,38.0,FEMININO,Londrina,PR,2025-04-06,,10,2.945,4.6
CUST004568,sr. gael da mota,sr..gael.da.mota@email.com,47.0,M,Feira de Santana,BA ,17-08-2024,3.836,6,"R$ 1.605,00",2.8
CUST000399,VITOR HUGO FONSECA,vitor.hugo.fonseca@webmail.com,26.0,MASCULINO,Contagem,MG,23/01/2023,900,2,481,5.0
CUST000036,josué souza,josue.souza@correio.net,42.0,masc,Curitiba,pr,31-03-2022,"R$ 2.258,00",6,1.057,3.6
CUST002254,Davi Miguel Ramos,DAVI.MIGUEL.RAMOS@WEBMAIL.COM,49.0,M,Manaus,amazonas,21/04/2023,2917,12,2.271,3.1
CUST002657,Julia Monteiro, julia.monteiro@mail.com ,40.0,FEMININO,Sorocaba,São Paulo,24/08/2024,2.407,4,860,2.7
CUST000253,José Pedro Fernandes, jose.pedro.fernandes@webmail.com ,25.0,MASCULINO,São Paulo,SÃO PAULO,2024-06-06,4007,7,2231,4.4
CUST002941,maria cecília pires,maria.cecilia.pires@webmail.com,38.0,FEMININO,Niterói,rio de janeiro,2022-06-25,3115,6,2.015,3.7
CUST001876,Anthony Gabriel Monteiro,ANTHONY.GABRIEL.MONTEIRO@CORREIO.NET,38.0,M,São Paulo,São Paulo,29-11-2024,3.008,4,"R$ 870,00",2.9
CUST000229,nina sampaio,nina.sampaio@email.com,44.0,fem,Curitiba,Paraná,2024-11-25,,4,1774,5.0
CUST003052,Ana Luiza Mendes,ana.luiza.mendes@mail.com,40.0,female,Petrópolis,RJ,23-09-2022,"R$ 2.466,00",11,3131,3.7
CUST001749,Mirella Guerra,mirella.guerra@webmail.com,25.0,Feminino,Ribeirão Preto,Sao Paulo,2024-03-09,4691,5,1.152,4.8
CUST001645,Theodoro Moraes,THEODORO.MORAES@EMAIL.COM,18.0,M,Serra,es,2024-12-21,3538,9,890,3.0
CUST004156,Cecilia Rodrigues,cecilia.rodrigues@email.com,34.0,F,Juiz de Fora,minas gerais,29-10-2024,"R$ 3.873,00",9,"R$ 1.456,00",3.6
CUST001610,Luiz Felipe Cunha,luiz.felipe.cunha@correio.net,30.0,MASCULINO,Uberlândia,MG,2024/04/28,"R$ 2.307,00",5,1124,
CUST002367,Srta. Maria Luiza Campos,srta..maria.luiza.campos@webmail.com,31.0,FEMININO,Maringá,pr,03/11/2021,"R$ 4.505,00",9,2.842,5.0
CUST004726,Lucca Santos,lucca. santos@mail.com,53.0,M,Rio de Janeiro,Rio de Janeiro,2024/02/23,5.406,7,1.622,3.6
CUST001020,rebeca moura,rebeca.moura@correio.net,36.0,Fem,Caruaru,pernambuco,25/09/2024,2749,3,620,5.0
CUST001394,Sr. Ravy Correia, sr..ravy.correia@correio.net ,43.0,male,Santos,sp,2024-11-28,"R$ 7.606,00",20,5437,3.8
CUST002083,Maria Laura da Rosa,maria.laura.da.rosa@webmail.com,29.0,Fem,Londrina,Parana,2024/03/11,"R$ 1.953,00",7,1170,3.3
CUST003995,Maria Isis Lima,MARIA.ISIS.LIMA@EMAIL.COM,35.0,Feminino,Santos,São Paulo,2023-01-28,3301,3,698,5.0
CUST001787,Dr. Levi Sales,dr..levi.sales@provedor.com.br,37.0,Masculino,Santos,Sao Paulo,21/03/2022,1570,6,766,4.2
CUST002124,ANA LUIZA DA ROCHA,ANA.LUIZA.DA.ROCHA@EMAIL.COM,51.0,F,Rio Verde,Goias,2023/05/01,2.261,6,"R$ 1.613,00",4.3
CUST002222,Manuela Nogueira,MANUELA.NOGUEIRA@MAIL.COM,46.0,FEMININO,Ananindeua,Para,17-02-2022,1836,6,1.422,4.5
CUST001198,Srta. Maria Alice Gonçalves,srta..maria.alice.goncalves@correio.net,18.0,fem,Sorocaba,São Paulo,22/09/2023,"R$ 4.765,00",11,1.925,2.2
CUST001076,MARIA LAURA CUNHA,maria.laura.cunha@mail.com,39.0,fem,Sobral,ce,15-11-2024,,8,1.795,4.9
CUST002950,Eloah Lopes,eloah.lopes@provedor.com.br,29.0,Feminino,São Paulo,sp,22/08/2023,2584,9,"R$ 2.994,00",2.9
CUST003861,Maria Fernanda Barros, maria.fernanda.barros@provedor.com.br ,,Feminino,Belo Horizonte,Minas Gerais,13/09/2025,3.991,5,"R$ 1.405,00",4.0
CUST001233,Josué Ribeiro,josue.ribeiro@mail.com,53.0,M,São Paulo,Sao Paulo,2025/09/29,"R$ 6.153,00",6,1.724,2.9
CUST003904,Gabriel Leão,gabriel.leao@provedor.com.br,34.0,Masculino,Vitória da Conquista,BA,01-11-2024,5877,1,419,4.0
CUST001850,CAIO MACEDO,caio.macedo@webmail.com,49.0,MASCULINO,Feira de Santana,bahia,26/03/2024,3.289,5,1.065,4.5
CUST005005,Davi Lucas Moraes, davi.lucas.moraes@correio.net ,38.0,MASCULINO,Londrina,Parana,2024/07/30,"R$ 2.697,00",7,1620,4.1
CUST002796,Sra. Caroline Novais,sra..caroline.novais@webmail.com,48.0,FEMININO,Duque de Caxias,Rio De Janeiro,30-12-2024,5.941,10,3.099,3.3
CUST001076,MARIA LAURA CUNHA,maria.laura.cunha@mail.com,39.0,fem,Sobral,ce,14/01/2025,,15,1.795,4.9
CUST004605,João Gabriel Andrade,JOAO.GABRIEL.ANDRADE@CORREIO.NET,32.0,male,Caxias do Sul,Rio Grande do Sul,2024-08-05,,5,1.473,3.2
CUST004807,Henry Gabriel Carvalho,henry.gabriel.carvalho@webmail.com,39.0,Masculino,Duque de Caxias,Rio De Janeiro,14-10-2023,2572,8,"R$ 2.682,00",3.8
CUST000608,lucas gabriel carvalho,lucas.gabriel.carvalho@correio.net,0.0,male,,ce,13-11-2022,,5,"R$ 711,00",4.8
CUST004484,Hellena Oliveira,hellena.oliveira@webmail.com,42.0,Fem,Uberlândia,minas gerais,2023-05-14,"R$ 2.288,00",12,3.082,
CUST000868,Ana Cecília Barbosa,ana.cecilia.barbosa@mail.com,,female,Sorocaba,São Paulo,07-10-2024,"R$ 2.870,00",12,"R$ 2.827,00",4.4
CUST002800,LUIZA SANTOS,luiza.santos@provedor.com.br,31.0,female,Feira de Santana,BA,2025-03-22,4.004,5,1.274,3.1
CUST004245,Brayan Fernandes,brayan.fernandes@mail.com,40.0,M,Porto Alegre,rio grande do sul,2024-07-28,2778,7,1916,3.0
CUST004850,Leandro Melo,LEANDRO.MELO@WEBMAIL.COM,20.0,male,Fortaleza,Ceará,26/05/2022,1693,10,1.056,3.7
CUST003555,Ana Sophia Pires,ana.sophia.pires@provedor.com.br,18.0,F,Anápolis,Goias,2023-09-01,1.698,6,"R$ 1.310,00",2.8
CUST001274,ísis garcia,isis.garcia@webmail.com,27.0,FEMININO,Belo Horizonte,MG,2024-08-26,1850,7,160859,4.9
CUST004437,Stephany Cardoso,STEPHANY.CARDOSO@WEBMAIL.COM,33.0,prefer not to say,Fortaleza,Ceara,22/02/2023,1.765,4,"R$ 797,00",4.8
CUST001116,Daniel da Costa,DANIEL.DA.COSTA@PROVEDOR.COM.BR,30.0,male,Pelotas,rs,12-05-2023,"R$ 2.634,00",8,2894,3.2
CUST000541,João Miguel Gomes,joao.miguel.gomes@correio.net,25.0,masc,Brasília,DF,09/01/2025,3.835,5,701,
CUST002740,matheus das neves,MATHEUS.DAS.NEVES@MAIL.COM,47.0,MASCULINO,Juazeiro do Norte,ce,2023/07/08,4547,9,"R$ 2.194,00",2.4
CUST003657,paulo mendes, paulo.mendes@provedor.com.br ,25.0,Masc,Parintins,Amazonas,2024/12/28,2191,3,725,4.9
CUST001467,Dra. Ana Liz Castro,dra..ana.liz.castro@correio.net,39.0,fem,Contagem,mg,2024-08-26,"R$ 3.466,00",3,747,4.8
CUST002658,Marcos Vinicius Pimenta,marcos. vinicius.pimenta@correio.net,48.0,MASCULINO,Manaus,Amazonas,2021/11/01,5.233,9,1813,3.3
CUST000281,Danilo Azevedo,danilo. azevedo@email.com,30.0,masc,Recife,PE,2022-12-01,1743,7,2.384,5.0
CUST002459,vitor hugo oliveira,vitor.hugo.oliveira@mail.com,55.0,M,Curitiba,Parana,19-07-2023,2665,4,"R$ 860,00",
CUST000511,Maria Liz Moura,MARIA.LIZ.MOURA@PROVEDOR.COM.BR,18.0,F,Joinville,Santa Catarina,09/06/2022,2.789,7,2.020,2.9
CUST004066,guilherme vasconcelos, guilherme.vasconcelos@email.com ,43.0,Masculino,Salvador,Bahia,18-08-2024,3.370,9,1.918,4.3
CUST005055,dra. bruna abreu, dra..bruna.abreu@mail.com ,33.0,female,Sorocaba,SP,2024-08-10,"R$ 2.819,00",8,1.470,2.8
CUST002606,dr. luiz otávio sampaio,DR..LUIZ.OTAVIO.SAMPAIO@CORREIO.NET,66.0,MASCULINO,Pelotas,RS,26/11/2023,"R$ 3.189,00",4,"R$ 736,00",4.4
CUST003767,Paulo Siqueira,paulo.siqueira@webmail.com,50.0,MASCULINO,Porto Alegre,Rio Grande do Sul,05/12/2024,5.013,9,"R$ 2.282,00",3.3
CUST001515,Thomas Vasconcelos,thomas. vasconcelos@correio.net,65.0,masc,Caxias do Sul,RS,29-03-2023,"R$ 8.158,00",14,5836,4.9
CUST000688,Rodrigo da Cruz,rodrigo.da.cruz@mail.com,,M,Brasília,distrito federal,19-11-2024,2097,5,"R$ 873,00",4.6
CUST000336,BÁRBARA RAMOS,barbara.ramos@provedor.com.br,37.0,Outro,Campinas,SÃO PAULO,20/09/2024,261.798,10,2.404,2.5
CUST004739,Srta. Yasmin Sousa, srta..yasmin.sousa@webmail.com ,48.0,Fem,Rio de Janeiro,RJ ,2024-10-09,5.733,6,1475,4.0
CUST002363,Ágatha Ramos,agatha.ramos@correio.net,59.0,Fem,Maringá,Paraná,2021/05/03,,7,1.637,2.5
CUST002028,Luara Mendonça,luara.mendonca@mail.com,25.0,F,Niterói,Rio De Janeiro,2024/06/21,"R$ 3.310,00",10,2207,5.0
CUST000783,Elisa Siqueira,elisa. siqueira@webmail.com,30.0,fem,Petrópolis,Rio de Janeiro,26-01-2023,4762,5,1160,
CUST004939,ANA LAURA PORTO,ana. laura.porto@correio.net,51.0,Feminino,Cuiabá,MT,2024/08/13,"R$ 4.496,00",7,1476,4.7
CUST005008,cauã barbosa,CAUA.BARBOSA@PROVEDOR.COM.BR,30.0,outro,Belo Horizonte,mg,2023/10/04,6.877,8,3.219,4.8
CUST004718,DRA. MARIA LIZ LIMA, dra..maria.liz.lima@correio.net ,34.0,Feminino,Sorocaba,Sao Paulo,2023-12-07,"R$ 2.110,00",7,"R$ 1.707,00",4.2
CUST003579,Dr. Josué Rocha,DR..JOSUE.ROCHA@MAIL.COM,43.0,MASCULINO,Várzea Grande,mt,13-12-2024,2415,7,1.963,
CUST001158,Maria Vitória Silveira,MARIA.VITORIA.SILVEIRA@CORREIO.NET,59.0,Fem,,BA,11/08/2022,8306,11,4.477,3.9
CUST000835,MATEUS DA CONCEIÇÃO,mateus.da.conceicao@provedor.com.br,45.0,M,Belo Horizonte,minas gerais,2022/09/27,"R$ 151.106,00",8,1.606,3.2
CUST002044,daniela lima,DANIELA.LIMA@CORREIO.NET,48.0,fem,,BA,13-02-2025,1711,3,"R$ 833,00",5.0
CUST004491,Valentim Costela,valentim.costela@correio.net,46.0,MASCULINO,Caxias do Sul,rio grande do sul,2023/07/23,4.748,10,2.613,4.5
CUST002624,Antonella Campos,antonella.campos@correio.net,,female,Juazeiro do Norte,CE,2022/01/17,,5,841,4.3
CUST004033,Srta. Maria Fernanda Pinto, srta..maria.fernanda.pinto@webmail.com ,34.0,Fem,Petrópolis,Rio de Janeiro,2024-05-29,1.196,6,1.199,2.9
CUST002622,REBECA ROCHA,REBECA.ROCHA@EMAIL.COM,31.0,Feminino,Porto Alegre,Rio Grande do Sul,26/02/2022,2990,12,3296,5.0
CUST003351,Isadora Rodrigues,ISADORA.RODRIGUES@PROVEDOR.COM.BR,35.0,prefer not to say,São Paulo,São Paulo,15/06/2022,5523,5,1.559,4.0
CUST002784,joão da costa,joao.da.costa@correio.net,31.0,masc,Várzea Grande,Mato Grosso,2022-03-06,"R$ 2.646,00",5,"R$ 1.281,00",2.8
CUST000950,Luan Gomes,LUAN.GOMES@CORREIO.NET,56.0,M,Serra,Espirito Santo,2023/02/28,,6,"R$ 1.942,00",4.7
CUST001762,Srta. Luara Jesus,srta..luara.jesus@email.com,32.0,fem,São Paulo,SP,21-07-2022,3.254,7,1.329,4.6
CUST004079,ANA JÚLIA MACEDO, ana.julia.macedo@provedor.com.br ,44.0,female,Londrina,Parana,24-05-2025,,10,1841,3.8
CUST002328,joão guilherme vargas,joao.guilherme.vargas@email.com,999.0,Masculino,Pelotas,rs,21-09-2025,3187,12,3.270,3.5
CUST003712,Dr. Felipe da Cunha,dr..felipe.da.cunha@correio.net,46.0,Masculino,Sorocaba,SÃO PAULO,09-08-2022,5157,8,2105,3.3
CUST000338,Sophia Santos,sophia.santos@mail.com,51.0,Feminino,Manaus,amazonas,2025/02/10,3928,7,"R$ 1.495,00",3.0
CUST003771,Mariana Mendes,mariana. mendes@provedor.com.br,55.0,fem,Recife,Pernambuco,2024-07-31,3.869,5,2.004,4.6
CUST002057,bianca cardoso,bianca.cardoso@email.com,28.0,Fem,Rio Verde,go,24/01/2022,"R$ 8.933,00",10,3.166,4.2
CUST005022,sr. bento silva,sr. .bento.silva@correio.net,45.0,Masculino,Florianópolis,Santa Catarina,2024-02-29,4762,5,"R$ 1.557,00",4.8
CUST000294,ANA VITÓRIA CASTRO,ANA.VITORIA.CASTRO@EMAIL.COM,,Feminino,Uberlândia,minas gerais,2024-09-13,"R$ 3.626,00",7,1.709,4.2
CUST002206,Joana Fonseca,joana.fonseca@webmail.com,44.0,Feminino,Maringá,PR,07/09/2024,1.879,5,1.104,1.9
CUST003414,Bento Souza,BENTO.SOUZA@MAIL.COM,18.0,male,São Paulo,São Paulo,2022/09/02,,8,"R$ 1.711,00",3.2
CUST003194,ANA LUIZA CAVALCANTE,ANA.LUIZA.CAVALCANTE@EMAIL.COM,53.0,prefer not to say,Salvador,Bahia,2022-10-06,"R$ 4.529,00",6,"R$ 2.292,00",3.7
CUST002594,Alexia Sá,alexia.sa@webmail.com,40.0,FEMININO,Joinville,Santa Catarina,21/03/2024,"R$ 10.953,00",16,5939,5.0
CUST002073,Raul da Cruz,raul.da.cruz@provedor.com.br,42.0,male,Uberlândia,Minas Gerais,28-08-2023,,4,1448,4.5
CUST000471,SOFIA CUNHA, sofia.cunha@email.com ,19.0,FEMININO,Curitiba,Paraná,30-10-2024,2177,8,1034,4.9
CUST000558,Vinicius Andrade,vinicius. andrade@mail.com,25.0,Masc,Belo Horizonte,Minas Gerais,22/01/2023,"R$ 1.171,00",7,1893,4.2
CUST001263,Cauã Monteiro,caua. monteiro@webmail.com,20.0,MASCULINO,São Paulo,SP,18-10-2024,4.168,9,"R$ 2.184,00",2.6
CUST000364,Dr. Liam Pires,dr..liam.pires@mail.com,40.0,MASCULINO,Sorocaba,São Paulo,08-09-2023,3462,13,2.382,3.5
CUST003237,RAEL NOVAIS,RAEL.NOVAIS@CORREIO.NET,46.0,Masculino,São Paulo,São Paulo,2023-10-19,4.471,3,1001,
CUST001023,RAUL PINTO,raul.pinto@webmail.com,23.0,M,Brasília,df,11/09/2023,1.979,9,1.772,3.2
CUST000121,CATARINA DA LUZ,catarina.da.luz@provedor.com.br,0.0,fem,Várzea Grande,mato grosso,15-04-2023,"R$ 7.238,00",9,2999,
CUST000906,Evelyn Pinto,EVELYN.PINTO@WEBMAIL.COM,19.0,F,Goiânia,Goias,14/01/2024,1.650,2,"R$ 435,00",5.0
CUST003769,Davi Lucas Cirino,davi.lucas.cirino@correio.net,18.0,masc,Contagem,Minas Gerais,24/07/2024,"R$ 5.906,00",6,1.593,4.8
CUST001307,heloísa novaes,heloisa.novaes@correio.net,35.0,Fem,Petrópolis,Rio De Janeiro,25-05-2024,,9,2.442,4.9
CUST003819,Cauê Azevedo,caue. azevedo@email.com,57.0,M,Pelotas,Rio Grande do Sul,23/03/2025,2232,7,1.650,4.7
CUST002559,benjamin casa grande,benjamin.casa.grande@email.com,36.0,outro,Várzea Grande,mt,2023-07-17,4.740,3,393,3.5
CUST001936,Jade Aragão,jade.aragao@webmail.com,38.0,FEMININO,Londrina,Parana,2022-01-08,3371,6,1.584,5.0
CUST003882,OLÍVIA CUNHA,olivia.cunha@mail.com,51.0,Fem,Juiz de Fora,minas gerais,22-11-2023,"R$ 2.573,00",6,"R$ 1.164,00",2.2
CUST003893,Renan Nascimento,renan.nascimento@mail.com,52.0,Masc,Vitória da Conquista,BA ,31/01/2023,"R$ 2.524,00",4,"R$ 767,00",3.4
CUST001094,Heloisa Moreira,HELOISA.MOREIRA@EMAIL.COM,,prefer not to say,São Paulo,Sao Paulo,2023/10/09,3115,4,1373,2.8
CUST003856,Camila Nunes,CAMILA.NUNES@MAIL.COM,18.0,Fem,Brasília,Distrito Federal,10/01/2024,"R$ 3.345,00",7,1695,2.7
CUST004037,Sra. Heloisa Cavalcante,sra..heloisa.cavalcante@correio.net,35.0,Não binário,Sorocaba,SÃO PAULO,21-08-2023,"R$ 5.914,00",13,4041,5.0
CUST000816,Caroline Moraes,caroline.moraes@webmail.com,31.0,fem,Cuiabá,MT,2024-10-27,3.980,5,"R$ 1.538,00",4.0
CUST005028,hadassa monteiro,hadassa.monteiro@mail.com,44.0,fem,Maringá,pr,2023/06/14,1508,10,"R$ 1.937,00",5.0
CUST001083,Eduarda Macedo,eduarda.macedo@provedor.com.br,18.0,Fem,Campinas,SÃO PAULO,05/10/2022,1779,8,"R$ 2.125,00",3.8
CUST001209,sra. carolina borges,SRA..CAROLINA.BORGES@EMAIL.COM,36.0,Feminino,,Pará,2023/05/27,"R$ 2.540,00",15,5.893,3.9
CUST001290,REBECA CASSIANO,rebeca.cassiano@correio.net,61.0,FEMININO,Blumenau,SC,23/01/2024,,7,1.818,4.9
CUST004192,camila da rosa, camila.da.rosa@email.com ,38.0,FEMININO,Cuiabá,mt,2024/07/12,"R$ 3.133,00",7,"R$ 1.640,00",3.4
CUST002429,sr. joão lucas carvalho,SR..JOAO.LUCAS.CARVALHO@WEBMAIL.COM,39.0,masc,Campinas,SÃO PAULO,19-01-2024,2.571,8,1.724,3.6
CUST000605,allana fogaça,allana. fogaca@correio.net,42.0,Fem,Juazeiro do Norte,Ceara,2023-12-27,"R$ 1.619,00",5,"R$ 1.415,00",3.5
CUST002115,Ana Laura Rezende,ana. laura.rezende@correio.net,36.0,female,Uberlândia,mg,2021-12-30,2.644,6,1.126,3.6
CUST000551,Carolina Rios,carolina.rios@webmail.com,34.0,Feminino,Sorocaba,São Paulo,2023/09/16,"R$ 1.484,00",4,1245,5.0
CUST002300,Nicole Guerra,nicole. guerra@mail.com,33.0,Feminino,Campinas,SP,2023-08-14,"R$ 2.058,00",6,"R$ 1.287,00",3.4
CUST000476,Amanda Pereira,amanda.pereira@mail.com,30.0,female,Brasília,Distrito Federal,2024/07/05,5.367,6,1.977,3.6
CUST000213,Dr. Enzo Martins, dr..enzo.martins@email.com ,36.0,male,,mato grosso,04-05-2023,2.576,2,"R$ 503,00",5.0
CUST003513,Dr. Caio Vasconcelos,dr. .caio.vasconcelos@webmail.com,19.0,MASCULINO,Duque de Caxias,RJ ,29/08/2021,"R$ 5.693,00",6,1.475,1.0
CUST003071,Cecilia Silveira,CECILIA.SILVEIRA@PROVEDOR.COM.BR,59.0,FEMININO,Brasília,Distrito Federal,2023-10-29,"R$ 3.032,00",7,1978,4.4
CUST002025,Dr. Cauê Almeida,DR..CAUE.ALMEIDA@EMAIL.COM,25.0,Masc,Caxias do Sul,Rio Grande do Sul,2025-03-07,4.677,8,"R$ 2.253,00",4.9
CUST002481,Enzo da Mota,enzo.da.mota@webmail.com,,male,Joinville,Santa Catarina,06/03/2024,2858,5,549,
CUST000277,srta. rebeca caldeira,SRTA..REBECA.CALDEIRA@WEBMAIL.COM,50.0,F,Cuiabá,mato grosso,2023-09-06,1.577,1,281,5.0
CUST004602,André Pastor, andre.pastor@mail.com ,24.0,Masculino,Anápolis,go,31-08-2021,7607,7,1.905,
CUST004984,Ana Cecília Vasconcelos,ana.cecilia.vasconcelos@mail.com,19.0,F,Fortaleza,Ceara,27/04/2024,1.649,9,2490,4.6
CUST002340,ANA SOPHIA OLIVEIRA,ANA.SOPHIA.OLIVEIRA@MAIL.COM,,fem,Ribeirão Preto,SP,2022-07-10,,5,1321,
CUST000902,Vitor Gabriel da Paz,VITOR.GABRIEL.DA.PAZ@PROVEDOR.COM.BR,19.0,Masculino,Vila Velha,ES,18-06-2025,1.708,3,501,3.2
CUST004545,Danilo Andrade, danilo.andrade@webmail.com ,39.0,male,Joinville,santa catarina,2025-01-02,2805,6,1.426,3.3
CUST001410,Maria Fernanda Albuquerque,MARIA.FERNANDA.ALBUQUERQUE@CORREIO.NET,63.0,female,Brasília,df,29/10/2023,,7,"R$ 1.279,00",5.0
CUST000990,Dr. Lucas Vieira,dr..lucas.vieira@email.com,44.0,Masc,Santos,sp,2024-05-09,2.136,5,1.312,4.2
CUST000304,joão pedro macedo,JOAO.PEDRO.MACEDO@CORREIO.NET,33.0,masc,Campinas,SÃO PAULO,13/09/2024,2.991,5,1186,4.1
CUST003560,Isadora Barbosa,isadora.barbosa@provedor.com.br,18.0,FEMININO,,São Paulo,01/09/2024,"R$ 1.856,00",5,1.302,2.2
CUST004492,Zoe Costa,zoe.costa@webmail.com,32.0,Fem,Belém,Para,05-03-2023,2.823,0,0,2.6
CUST001497,HENRY GABRIEL MARQUES,henry.gabriel.marques@mail.com,33.0,masc,Juiz de Fora,MG,21-05-2024,"R$ 2.829,00",12,831,2.6
CUST001997,BRAYAN DA MATA, brayan.da.mata@mail.com ,38.0,masc,Juazeiro do Norte,CE,2022-09-20,2.665,5,"R$ 1.064,00",
CUST002116,ANA CAROLINA CASA GRANDE,ana.carolina.casa.grande@provedor.com.br,43.0,F,Maringá,Paraná,09-12-2023,"R$ 2.121,00",4,"R$ 647,00",3.7
CUST001902,Isadora Castro,isadora.castro@webmail.com,43.0,Fem,Florianópolis,santa catarina,16/12/2022,4001,8,1426,3.2
CUST000325,Vitor Hugo Martins,VITOR.HUGO.MARTINS@WEBMAIL.COM,49.0,Masc,Vila Velha,Espirito Santo,09-04-2025,3690,10,3.149,
CUST003333,Ana Lívia Farias,ANA.LIVIA.FARIAS@PROVEDOR.COM.BR,36.0,fem,Recife,PE,17/06/2024,"R$ 3.494,00",6,1156,4.6
CUST001155,matheus cassiano,matheus. cassiano@webmail.com,48.0,male,Juiz de Fora,MG,01-08-2022,"R$ 5.098,00",5,1652,3.2
CUST003473,Sr. Vicente Ribeiro,SR..VICENTE.RIBEIRO@MAIL.COM,40.0,Não binário,Uberlândia,minas gerais,2023-04-23,1.752,4,"R$ 887,00",4.1
CUST001474,Benício da Luz,benicio.da.luz@email.com,31.0,masc,Várzea Grande,MT,12/03/2025,"R$ 4.593,00",6,1.512,4.8
CUST003012,Olívia Silveira, olivia.silveira@email.com ,51.0,female,,Rio De Janeiro,2024/07/28,"R$ 221.134,00",5,1795,4.2
CUST000961,thales peixoto,thales.peixoto@correio.net,37.0,masc,Maringá,pr,02-10-2021,3.718,9,1926,3.7
CUST000151,Luiz Fernando Ramos,luiz.fernando.ramos@email.com,23.0,M,Santos,Sao Paulo,2025-01-31,"R$ 2.424,00",5,1.114,4.2
CUST001122,ALLANA PASTOR,allana.pastor@mail.com,65.0,F,Duque de Caxias,Rio de Janeiro,2025/01/07,3.610,10,2.111,4.2
CUST004557,Lucas Souza,lucas.souza@correio.net,49.0,male,Santos,sp,2024-12-01,4120,6,"R$ 1.314,00",4.7
CUST004075,Dante Novaes,DANTE.NOVAES@EMAIL.COM,18.0,M,Duque de Caxias,Rio De Janeiro,01-08-2025,4364,12,3451,5.0
CUST001131,Daniela Nascimento, daniela.nascimento@webmail.com ,37.0,fem,Niterói,RJ ,2024/11/05,"R$ 4.361,00",10,2873,3.7
CUST003955,Sr. Rafael Porto,SR..RAFAEL.PORTO@PROVEDOR.COM.BR,51.0,masc,Vitória,ES,2021/11/02,"R$ 3.428,00",4,897,4.6
CUST002798,Theodoro Monteiro,theodoro.monteiro@provedor.com.br,29.0,M,Duque de Caxias,RJ,29/05/2023,"R$ 4.264,00",6,1907,
CUST002804,Maria Cecília Lopes, maria.cecilia.lopes@mail.com ,45.0,Fem,Caruaru,pernambuco,27/10/2022,"R$ 5.953,00",7,2.061,3.6
CUST001049,Maria Clara Nogueira,maria.clara.nogueira@email.com,64.0,Fem,Olinda,PE ,26/02/2022,3621,3,"R$ 1.042,00",4.4
CUST000812,vicente macedo, vicente.macedo@provedor.com.br ,37.0,M,Cuiabá,MT,24-10-2024,"R$ 2.094,00",5,1.546,5.0
CUST002710,Raquel Novais,raquel.novais@mail.com,18.0,female,Brasília,DF,2023-12-20,3240,7,1.827,
CUST003911,SRA. MIRELLA JESUS,sra..mirella.jesus@provedor.com.br,56.0,fem,,sc,2023/09/02,3908,3,1086,4.3
CUST001558,ANA CECÍLIA CASSIANO,ana.cecilia.cassiano@webmail.com,34.0,female,Ribeirão Preto,sp,13/03/2022,1997,3,777,4.7
CUST001064,ANA LIZ DA MOTA,ANA.LIZ.DA.MOTA@PROVEDOR.COM.BR,42.0,female,Sorocaba,São Paulo,2024/08/08,3224,6,1.964,4.4
CUST003155,GABRIELA VIANA,gabriela.viana@correio.net,34.0,prefer not to say,Sobral,CE,11-04-2024,3057,7,1.050,3.0
CUST002304,Vinícius Lopes,VINICIUS.LOPES@CORREIO.NET,33.0,Masc,Petrópolis,RJ ,01/06/2024,3354,6,2054,3.5
CUST002983,DR. CARLOS EDUARDO CASA GRANDE,dr..carlos.eduardo.casa.grande@email.com,33.0,N/I,Goiânia,go,2025/11/02,1623,5,815,4.6
CUST004966,Théo Borges, theo.borges@webmail.com ,45.0,Masc,Salvador,BA,2021-11-12,"R$ 6.488,00",6,1727,4.2
CUST003671,Luiz Miguel Souza,luiz.miguel.souza@email.com,41.0,Masculino,Blumenau,santa catarina,2024/05/19,"R$ 6.277,00",16,2536,
CUST000893,Benicio Teixeira,benicio.teixeira@correio.net,34.0,masc,Sorocaba,SÃO PAULO,2022/04/25,2397,9,2789,
CUST002922,Raquel da Luz,RAQUEL.DA.LUZ@PROVEDOR.COM.BR,36.0,fem,Petrópolis,Rio De Janeiro,27-08-2024,5.294,9,2.684,4.7
CUST001101,Diego Azevedo,diego.azevedo@correio.net,41.0,male,,Espírito Santo,25/03/2025,"R$ 1.279,00",10,"R$ 2.947,00",3.5
CUST002437,Olívia Martins,OLIVIA.MARTINS@WEBMAIL.COM,35.0,fem,Campinas,sp,2023/09/23,6.908,9,"R$ 2.845,00",4.7
CUST002985,ana liz lima,ana.liz.lima@mail.com,25.0,Fem,Goiânia,Goias,23-12-2022,2465,12,"R$ 3.233,00",3.9
CUST001316,Otávio Barros,otavio.barros@mail.com,43.0,MASCULINO,Ribeirão Preto,SÃO PAULO,23-06-2022,"R$ 2.217,00",4,"R$ 1.252,00",4.8
CUST001649,Cecilia Machado,cecilia.machado@webmail.com,36.0,outro,Maringá,pr,2022/03/07,2.799,8,2337,3.6
CUST003104,Ana Júlia Duarte,ana.julia.duarte@provedor.com.br,41.0,Fem,Parintins,Amazonas,15-02-2022,4.851,7,2.844,4.6
CUST005037,dr. bryan cunha,dr..bryan.cunha@webmail.com,41.0,Masculino,Porto Alegre,rs,2024-04-28,"R$ 2.674,00",5,"R$ 1.380,00",3.5
CUST004343,luara azevedo,luara.azevedo@mail.com,47.0,fem,Anápolis,Goias,31/12/2024,4.558,6,1759,3.6
CUST004242,Aylla Costela,aylla.costela@email.com,50.0,fem,Salvador,Bahia,2024/11/25,4.949,5,1.532,3.8
CUST000796,Dr. Isaac Araújo,dr..isaac.araujo@email.com,44.0,Masculino,Feira de Santana,BA,2023-06-06,4553,3,706,4.1
CUST000590,João Pedro da Costa,joao.pedro.da.costa@email.com,32.0,outro,Londrina,Paraná,2022-11-17,1.245,10,"R$ 2.557,00",3.7
CUST000074,Théo da Costa,theo. da.costa@provedor.com.br,31.0,MASCULINO,,Paraná,2024-09-08,3314,7,1.669,2.4
CUST000461,luara rios, luara.rios@mail.com ,31.0,Feminino,São Paulo,Sao Paulo,2025/05/19,"R$ 4.661,00",6,1377,5.0
CUST000487,Benicio Rocha,BENICIO.ROCHA@WEBMAIL.COM,33.0,M,Sorocaba,Sao Paulo,2022/07/25,1.517,8,"R$ 1.874,00",4.2
CUST004543,ENRICO MOREIRA,enrico.moreira@email.com,36.0,prefer not to say,Salvador,Bahia,24/10/2023,"R$ 2.451,00",11,2.144,4.4
CUST002139,Maria Sophia Aparecida,MARIA.SOPHIA.APARECIDA@WEBMAIL.COM,56.0,F,,Parana,28-03-2025,"R$ 2.382,00",6,1302,
CUST001230,benjamin melo,benjamin.melo@email.com,45.0,Masc,Londrina,Paraná,2023-09-12,"R$ 4.462,00",7,"R$ 2.340,00",5.0
CUST000493,Ryan Moura,RYAN.MOURA@MAIL.COM,27.0,M,Belém,Pará,13-02-2023,,3,788,
CUST004267,Yan Siqueira,yan.siqueira@provedor.com.br,51.0,male,Curitiba,Parana,2022/07/08,3.460,4,1360,4.7
CUST003694,Gabrielly Cirino,GABRIELLY.CIRINO@MAIL.COM,44.0,FEMININO,Várzea Grande,Mato Grosso,2022/05/24,3418,7,1.287,2.5
CUST005067,MARIA VITÓRIA COSTELA,maria. vitoria.costela@mail.com,37.0,female,Juiz de Fora,Minas Gerais,02-10-2023,3.614,8,3.477,3.5
CUST002105,Dante Cardoso, dante.cardoso@webmail.com ,63.0,Masculino,Ribeirão Preto,SP,2024-05-13,6649,10,"R$ 3.058,00",2.7
CUST001266,Eloah Porto,eloah.porto@mail.com,25.0,Fem,Uberlândia,minas gerais,04-06-2024,3093,6,1.785,3.4
CUST003419,Maria Flor Campos,MARIA.FLOR.CAMPOS@CORREIO.NET,,fem,Juazeiro do Norte,Ceara,11/10/2023,5.979,10,"R$ 2.735,00",2.3
CUST000098,Sra. Ana Laura Aragão,sra..ana.laura.aragao@correio.net,41.0,female,Contagem,Minas Gerais,04/04/2024,2.392,6,1383,
CUST003274,Laura Ramos,laura.ramos@correio.net,51.0,fem,São Paulo,Sao Paulo,14/06/2025,"R$ 5.481,00",13,3725,2.9
CUST000765,Sr. Benjamim Brito,SR..BENJAMIM.BRITO@MAIL.COM,50.0,MASCULINO,Vitória da Conquista,BA ,2023/08/10,7.324,11,"R$ 523,00",3.7
CUST002528,Sra. Maria Laura Casa Grande,sra..maria.laura.casa.grande@email.com,58.0,Feminino,Petrópolis,RJ,05-06-2024,3643,5,"R$ 1.275,00",3.6
CUST001773,Guilherme da Cruz,guilherme.da.cruz@webmail.com,51.0,Masc,Belo Horizonte,MG,04/04/2024,4.821,6,1064,4.1
CUST001468,Oliver Pastor,oliver.pastor@correio.net,27.0,masc,São Paulo,SÃO PAULO,29/12/2021,3655,10,2.255,4.4
CUST001750,ANDRÉ DA LUZ,ANDRE.DA.LUZ@EMAIL.COM,45.0,male,Duque de Caxias,rio de janeiro,13-03-2024,2086,2,283,3.9
CUST001479,matheus cassiano,matheus.cassiano@mail.com,46.0,Masculino,Santos,SÃO PAULO,14-09-2025,3.588,6,1494,3.7
CUST001891,ANA CECÍLIA SOUZA,ana.cecilia.souza@correio.net,18.0,F,Uberlândia,mg,2022-09-30,"R$ 5.422,00",14,4.831,4.3
CUST004195,Pedro Lucas Ribeiro,PEDRO.LUCAS.RIBEIRO@CORREIO.NET,34.0,M,Belo Horizonte,minas gerais,2022-11-13,"R$ 5.385,00",4,1429,4.9
CUST003141,JOSÉ MIGUEL FOGAÇA,jose.miguel.fogaca@email.com,36.0,MASCULINO,Sorocaba,São Paulo,04/11/2024,3.052,7,1870,3.7
CUST002345,Sra. Maria Júlia Oliveira,sra..maria.julia.oliveira@webmail.com,28.0,Fem,Caxias do Sul,Rio Grande do Sul,03/10/2022,"R$ 1.738,00",4,687,4.1
CUST004444,Thiago Farias,thiago.farias@mail.com,31.0,Masculino,Salvador,Bahia,2025/01/03,2.285,5,"R$ 1.084,00",4.6
CUST002951,Maria Júlia Teixeira,MARIA.JULIA.TEIXEIRA@PROVEDOR.COM.BR,24.0,Fem,Campinas,Sao Paulo,14-01-2024,"R$ 7.314,00",10,"R$ 1.984,00",4.4
CUST000602,Sofia Novaes,sofia.novaes@webmail.com,35.0,prefer not to say,Ribeirão Preto,São Paulo,2023-11-12,"R$ 4.219,00",7,"R$ 1.311,00",3.0
CUST003943,Paulo Cardoso,paulo. cardoso@correio.net,29.0,Masc,Uberlândia,minas gerais,18-03-2024,3763,10,"R$ 3.403,00",2.6
CUST003222,Gael Henrique Rocha, gael.henrique.rocha@webmail.com ,150.0,Masculino,Porto Alegre,rio grande do sul,2024/04/18,"R$ 6.400,00",4,1340,4.3
CUST000396,Caroline Borges,CAROLINE.BORGES@PROVEDOR.COM.BR,21.0,female,Porto Alegre,rs,2022-07-31,4270,10,2.623,4.4
CUST000427,Gabriel Campos, gabriel.campos@webmail.com ,33.0,male,Belo Horizonte,minas gerais,2023/08/22,6875,11,"R$ 3.136,00",4.7
CUST000022,Mirella Porto, mirella.porto@correio.net ,34.0,Fem,Salvador,Bahia,2022/09/09,"R$ 1.779,00",6,1439,4.7
CUST001039,maria luísa rodrigues,MARIA.LUISA.RODRIGUES@MAIL.COM,47.0,Outro,Sorocaba,sp,03-02-2024,"R$ 6.242,00",8,3194,3.8
CUST002301,KEVIN MELO,kevin.melo@webmail.com,34.0,MASCULINO,São Paulo,SÃO PAULO,2023/12/28,"R$ 2.673,00",10,1859,4.3
CUST000845,davi miguel montenegro,davi. miguel.montenegro@email.com,48.0,M,Petrópolis,Rio De Janeiro,2025/06/13,4058,4,851,3.9
CUST003358,gustavo da costa,GUSTAVO.DA.COSTA@MAIL.COM,42.0,M,Olinda,PE ,18-12-2022,"R$ 2.156,00",7,"R$ 1.251,00",4.1
CUST002894,Dra. Lavínia Andrade,DRA..LAVINIA.ANDRADE@CORREIO.NET,37.0,F,Duque de Caxias,RJ ,17/12/2023,"R$ 3.076,00",9,2830,3.6
CUST002603,Gael da Paz,GAEL.DA.PAZ@MAIL.COM,50.0,masc,Brasília,DF,18-12-2022,5.319,7,2864,5.0
CUST003418,Bruno da Rocha,bruno. da.rocha@webmail.com,57.0,M,Sorocaba,São Paulo,27-04-2024,"R$ 2.712,00",7,1719,2.4
CUST004347,Diogo Pinto,diogo. pinto@email.com,31.0,Masc,Maringá,pr,31/08/2024,6.261,7,"R$ 2.621,00",3.5
CUST004836,Maria Clara Jesus,maria.clara.jesus@correio.net,20.0,fem,,mg,04/04/2023,3.425,7,1.623,3.5
CUST001553,Sophie Campos,sophie.campos@webmail.com,18.0,Fem,Vila Velha,ES,11/10/2022,"R$ 3.952,00",10,1305,2.5
CUST001670,Théo Ramos,theo.ramos@correio.net,28.0,Outro,Fortaleza,ce,07-02-2023,"R$ 923,00",4,774,3.5
CUST003485,SRA. ANA LIZ FARIAS, sra..ana.liz.farias@correio.net ,49.0,F,Brasília,distrito federal,23/05/2022,3040,6,1375,3.9
CUST003503,SR. DIOGO GARCIA, sr..diogo.garcia@email.com ,52.0,MASCULINO,Vitória da Conquista,bahia,2025/02/11,"R$ 2.686,00",9,1.188,3.1
CUST003654,Caleb Aragão,caleb.aragao@webmail.com,41.0,outro,Sorocaba,sp,2024-10-27,2.525,16,2.994,3.6
CUST001315,Evelyn Cardoso,evelyn.cardoso@provedor.com.br,37.0,female,São Paulo,Sao Paulo,15-05-2025,2.599,8,1964,2.9
CUST001847,Dra. Maya Moura,dra..maya.moura@webmail.com,18.0,F,Brasília,df,25/11/2023,4.179,5,1.202,4.3
CUST003089,sr. joão lucas rodrigues, sr..joao.lucas.rodrigues@webmail.com ,18.0,male,Várzea Grande,mato grosso,2024/07/01,6579,8,3453,4.3
CUST000244,Pedro Henrique Cavalcanti,pedro.henrique.cavalcanti@correio.net,22.0,male,Goiânia,go,10/06/2024,"R$ 2.488,00",12,"R$ 2.903,00",5.0
CUST004163,Pedro Miguel Sales,pedro. miguel.sales@webmail.com,49.0,M,Duque de Caxias,Rio De Janeiro,2024-07-23,6.693,12,3.982,4.0
CUST004755,Liz Pimenta,LIZ.PIMENTA@CORREIO.NET,50.0,female,Blumenau,SC,10/03/2023,2.392,8,1226,4.0
CUST000934,Milena Mendonça,MILENA.MENDONCA@MAIL.COM,26.0,Feminino,São Paulo,sp,2021-10-10,6922,8,2.643,4.4
CUST002408,Benjamim Ramos,benjamim. ramos@email.com,34.0,male,Recife,PE ,2024-02-13,"R$ 8.409,00",11,3501,3.8
CUST002144,Luna Vargas,luna. vargas@mail.com,62.0,female,Sorocaba,São Paulo,2023/08/30,"R$ 4.930,00",8,2460,5.0
CUST001529,dra. luna santos,DRA..LUNA.SANTOS@PROVEDOR.COM.BR,36.0,Feminino,Vitória da Conquista,Bahia,2024-10-13,2536,2,430,
CUST001497,HENRY GABRIEL MARQUES,henry.gabriel.marques@mail.com,33.0,masc,Juiz de Fora,MG,2023/09/05,"R$ 2.829,00",3,831,2.6
CUST005047,Letícia Fonseca,LETICIA.FONSECA@EMAIL.COM,35.0,FEMININO,Curitiba,PR,18-11-2021,3524,7,"R$ 2.973,00",4.5
CUST002570,maria casa grande,MARIA.CASA.GRANDE@WEBMAIL.COM,75.0,Não binário,Belo Horizonte,Minas Gerais,2022/02/28,4944,4,1.047,4.4
CUST001555,Julia Cardoso,JULIA.CARDOSO@CORREIO.NET,43.0,female,Belo Horizonte,Minas Gerais,2024-01-06,"R$ 3.083,00",7,"R$ 1.356,00",4.2
CUST003023,Srta. Antonella Correia,srta. .antonella.correia@email.com,18.0,female,Uberlândia,minas gerais,2023-09-04,"R$ 1.953,00",2,"R$ 437,00",
CUST004458,GUSTAVO HENRIQUE SANTOS,gustavo. henrique.santos@mail.com,28.0,male,,DF,2023/05/22,4120,3,"R$ 726,00",4.2
CUST004581,Clara Casa Grande,CLARA.CASA.GRANDE@EMAIL.COM,31.0,fem,Sorocaba,SP,15/09/2024,"R$ 3.551,00",2,409,5.0
CUST003224,Dr. Gabriel Santos, dr..gabriel.santos@email.com ,53.0,male,Juazeiro do Norte,ce,2023-01-17,"R$ 3.632,00",8,1932,4.9
CUST003400,Sarah Nascimento,sarah.nascimento@webmail.com,51.0,fem,Rio de Janeiro,RJ ,2023/02/24,1895,8,2.230,3.7
CUST003329,DRA. ELOÁ DA CUNHA,dra..eloa.da.cunha@provedor.com.br,18.0,female,Juiz de Fora,Minas Gerais,2023-06-03,900,7,1423,4.7
CUST002360,sra. esther carvalho,SRA..ESTHER.CARVALHO@PROVEDOR.COM.BR,55.0,fem,Rio de Janeiro,RJ,17/10/2022,"R$ 3.430,00",4,713,4.1
CUST001809,josé miguel melo,JOSE.MIGUEL.MELO@MAIL.COM,34.0,Masculino,Joinville,SC,2023-04-21,"R$ 3.918,00",10,1.260,
CUST002891,Matteo Aragão,matteo.aragao@email.com,38.0,male,Uberlândia,minas gerais,20-11-2023,6224,3,806,4.3
CUST002462,Maria Clara Aragão,MARIA.CLARA.ARAGAO@PROVEDOR.COM.BR,37.0,Não binário,Curitiba,PR,2024/07/08,5.820,9,3047,
CUST004862,erick mendes, erick.mendes@correio.net ,31.0,male,Fortaleza,Ceara,2022-03-13,4.968,7,2.160,
CUST002507,Luiz Felipe Casa Grande,luiz. felipe.casa.grande@mail.com,46.0,M,Duque de Caxias,Rio de Janeiro,2024-03-28,2594,3,688,4.9
CUST001186,Dra. Lunna Dias, dra..lunna.dias@provedor.com.br ,39.0,Outro,Salvador,BA ,28/07/2022,3035,10,2639,4.8
CUST002388,MARIA FLOR VASCONCELOS,maria.flor.vasconcelos@mail.com,41.0,fem,Porto Alegre,rs,2024/04/08,4754,3,694,5.0
CUST004383,Bruna Sales,bruna.sales@webmail.com,50.0,F,Brasília,Distrito Federal,2024/02/14,4268,5,1.224,4.0
CUST003321,LUNA CAVALCANTI,luna.cavalcanti@webmail.com,34.0,Fem,Petrópolis,Rio De Janeiro,26/05/2024,1772,5,1.775,
CUST002554,Maria Cecília Pacheco, maria.cecilia.pacheco@mail.com ,18.0,Fem,Ribeirão Preto,SÃO PAULO,02/10/2025,"R$ 2.322,00",5,813,3.1
CUST000276,Yuri da Rocha,yuri.da.rocha@webmail.com,65.0,male,São Paulo,SP,03/07/2023,"R$ 4.984,00",5,"R$ 907,00",4.1
CUST004236,MARIA FLOR CARVALHO,maria.flor.carvalho@mail.com,23.0,FEMININO,Caxias do Sul,RS,22-10-2022,"R$ 900,00",5,1104,4.8
CUST003926,otto cunha,otto. cunha@correio.net,34.0,masc,Ananindeua,PA,04/11/2021,8201,2,"R$ 722,00",3.8
CUST004945,LETÍCIA OLIVEIRA,leticia.oliveira@webmail.com,55.0,female,Ribeirão Preto,Sao Paulo,02-10-2023,6935,5,"R$ 1.434,00",3.3
CUST001761,HENRY ROCHA,henry.rocha@mail.com,39.0,masc,Duque de Caxias,Rio de Janeiro,2023-09-25,3.310,5,"R$ 1.215,00",3.7
CUST003280,aylla gonçalves,AYLLA.GONCALVES@PROVEDOR.COM.BR,22.0,female,Pelotas,RS,2024/05/27,"R$ 1.583,00",4,"R$ 572,00",
CUST001966,Sr. João Guilherme Novaes, sr..joao.guilherme.novaes@webmail.com ,33.0,outro,,SÃO PAULO,17/08/2023,3.163,7,1.507,4.5
CUST002949,MAITÊ DIAS,maite.dias@correio.net,32.0,female,,sp,06-03-2024,"R$ 1.197,00",5,1.155,4.5
CUST003143,MELINA CIRINO, melina.cirino@mail.com ,49.0,Feminino,Rio de Janeiro,Rio De Janeiro,2024-07-16,2.994,4,"R$ 1.005,00",4.6
CUST000445,Augusto Siqueira, augusto.siqueira@correio.net ,37.0,masc,Ananindeua,PA,2022/07/07,1.690,11,3.070,4.6
CUST002088,Dra. Brenda Cirino, dra..brenda.cirino@provedor.com.br ,30.0,female,Várzea Grande,MT,03/12/2023,3.177,10,2.935,4.0
CUST001265,Isabela Ferreira, isabela.ferreira@provedor.com.br ,29.0,Feminino,Cuiabá,mt,30/05/2024,"R$ 2.290,00",3,"R$ 968,00",5.0
CUST002754,Dra. Lunna Marques,dra..lunna.marques@mail.com,42.0,F,Juiz de Fora,mg,02-05-2023,3.406,8,1645,3.8
CUST002566,Srta. Aylla Peixoto, srta..aylla.peixoto@webmail.com ,,fem,Ananindeua,pa,2024/01/20,2938,11,2144,4.5
CUST004451,maria flor câmara,MARIA.FLOR.CAMARA@EMAIL.COM,45.0,fem,Brasília,DF,2025-04-09,2.891,7,"R$ 1.891,00",4.5
CUST003930,MARIA SOPHIA RAMOS,maria.sophia.ramos@webmail.com,34.0,FEMININO,Petrópolis,rio de janeiro,2024/05/05,4.474,8,"R$ 1.903,00",4.8
CUST001077,Hadassa Monteiro,hadassa.monteiro@provedor.com.br,-5.0,F,Maringá,Parana,2023-05-04,1586,11,1958,5.0
CUST002888,DR. RYAN MELO,dr. .ryan.melo@mail.com,22.0,Masculino,Cuiabá,mato grosso,12/12/2023,"R$ 2.103,00",5,"R$ 955,00",
CUST003271,Valentina Farias,valentina.farias@email.com,25.0,female,Vitória,Espírito Santo,03/12/2024,3061,5,"R$ 1.018,00",4.4
CUST001228,Fernando Alves,fernando.alves@mail.com,47.0,Masculino,Caxias do Sul,rs,2025-11-15,4389,6,"R$ 1.501,00",2.4
CUST001152,bruna da conceição, bruna.da.conceicao@provedor.com.br ,42.0,N/I,Londrina,PR,2025/06/05,5720,8,1998,4.4
CUST003728,ana sophia lima,ANA.SOPHIA.LIMA@CORREIO.NET,36.0,F,Olinda,PE ,2024/10/12,"R$ 3.310,00",7,"R$ 1.897,00",
CUST004031,Ana Julia Gonçalves,ana. julia.goncalves@webmail.com,26.0,F,Sorocaba,São Paulo,05/06/2025,2.086,5,1.272,4.1
CUST003935,isabella abreu,isabella.abreu@webmail.com,35.0,F,Belo Horizonte,minas gerais,2023-08-20,3.363,4,1.306,5.0
CUST000418,rafael freitas,rafael.freitas@correio.net,,Masculino,Sorocaba,SÃO PAULO,07/06/2023,"R$ 2.982,00",8,2.979,4.3
CUST001764,João da Cruz,joao.da.cruz@correio.net,49.0,male,Santos,São Paulo,01/09/2022,3.296,13,2.085,4.0
CUST001243,Caleb Araújo,CALEB.ARAUJO@MAIL.COM,44.0,male,Goiânia,go,02/07/2024,3509,7,"R$ 1.963,00",4.3
CUST001867,Fernando Carvalho,fernando.carvalho@mail.com,42.0,M,Petrópolis,Rio de Janeiro,20-04-2023,192791,7,1131,3.4
CUST004254,Sara da Conceição,sara.da.conceicao@correio.net,23.0,Feminino,Ribeirão Preto,SP,03-04-2023,5532,7,1692,4.0
CUST003167,SR. BRAYAN FOGAÇA,sr. .brayan.fogaca@correio.net,18.0,Não binário,Fortaleza,CE,2024-10-16,"R$ 3.541,00",12,"R$ 2.795,00",4.5
CUST003664,Dr. Heitor da Paz,DR..HEITOR.DA.PAZ@CORREIO.NET,22.0,Masculino,,Santa Catarina,14/09/2022,3006,5,1703,
CUST003716,yuri costela,YURI.COSTELA@EMAIL.COM,44.0,N/I,Porto Alegre,rs,03/08/2023,1171,6,1.891,4.7
CUST001279,cauã barbosa, caua.barbosa@email.com ,,N/I,Belo Horizonte,mg,2023/08/31,6796,10,2966,4.6
CUST002638,Apollo Cavalcanti, apollo.cavalcanti@provedor.com.br ,40.0,MASCULINO,Juiz de Fora,Minas Gerais,2024/06/19,6.626,1,316,4.1
CUST004857,Dr. Rhavi Pinto,DR..RHAVI.PINTO@CORREIO.NET,18.0,Não binário,Olinda,PE ,20-12-2022,900,8,"R$ 1.009,00",3.1
CUST003111,Evelyn Farias,evelyn.farias@mail.com,35.0,female,Curitiba,Parana,2023-08-03,2420,3,622,4.2
CUST004339,MAYSA ALBUQUERQUE,MAYSA.ALBUQUERQUE@PROVEDOR.COM.BR,40.0,fem,Recife,pernambuco,02-01-2024,13.023,10,2.438,2.6
CUST000885,MATEUS NUNES,MATEUS.NUNES@WEBMAIL.COM,22.0,Masculino,Ribeirão Preto,Sao Paulo,02-02-2024,6.255,15,4.039,4.5
CUST000621,Pedro Henrique Guerra,PEDRO.HENRIQUE.GUERRA@MAIL.COM,48.0,MASCULINO,Vila Velha,es,19-07-2025,2436,9,3256,4.0
CUST002552,Isabelly Alves, isabelly.alves@mail.com ,43.0,fem,Porto Alegre,RS,2021/09/19,2643,7,1.451,3.3
CUST002971,ANA LIZ FREITAS,ana.liz.freitas@webmail.com,60.0,F,São Paulo,sp,2025-03-19,5523,10,3.463,3.8
CUST002208,Dr. Luan Marques,DR..LUAN.MARQUES@PROVEDOR.COM.BR,23.0,M,Joinville,santa catarina,2024/04/30,"R$ 3.599,00",9,2.299,3.9
CUST003467,esther souza, esther.souza@email.com ,36.0,female,Petrópolis,Rio de Janeiro,2024-07-27,5917,5,"R$ 1.431,00",3.6
CUST000538,Srta. Ana Cecília da Cruz,srta..ana.cecilia.da.cruz@webmail.com,47.0,F,Joinville,santa catarina,2025-01-16,,5,"R$ 1.267,00",4.8
CUST003768,Diogo Borges, diogo.borges@mail.com ,49.0,Masc,Brasília,Distrito Federal,2022-09-02,"R$ 2.975,00",9,2531,4.0
CUST002289,EMANUELLA PASTOR,emanuella.pastor@provedor.com.br,18.0,F,Ananindeua,pa,2023-11-20,"R$ 2.475,00",8,"R$ 2.142,00",4.0
CUST000014,Aylla Fogaça,aylla.fogaca@email.com,40.0,FEMININO,Florianópolis,SC,2024-05-17,,2,779,4.4
CUST001682,Ana Laura Cavalcante,ana.laura.cavalcante@mail.com,22.0,fem,Ribeirão Preto,São Paulo,2022/12/30,4203,7,1579,5.0
CUST000741,Noah Sales,NOAH.SALES@WEBMAIL.COM,28.0,Masculino,Ribeirão Preto,Sao Paulo,2025-01-04,2143,9,2.454,4.3
CUST002977,Vitor Peixoto,vitor.peixoto@mail.com,38.0,male,Pelotas,Rio Grande do Sul,2023-09-13,,8,2733,
CUST003387,Maria Eduarda Sampaio,maria.eduarda.sampaio@webmail.com,999.0,Fem,Vitória,es,31-08-2022,"R$ 900,00",9,843,4.4
CUST001386,Ravy Cardoso,ravy. cardoso@webmail.com,42.0,MASCULINO,Pelotas,rs,02-12-2023,2942,11,2981,5.0
CUST002844,Rebeca Machado,rebeca.machado@mail.com,49.0,FEMININO,Contagem,minas gerais,04/08/2024,"R$ 1.356,00",4,793,3.7
CUST002404,sr. joão guilherme aragão,sr..joao.guilherme.aragao@webmail.com,42.0,Masc,Belo Horizonte,minas gerais,2022/04/07,3.183,11,2.164,3.3
CUST000335,Henry Gabriel Camargo,henry.gabriel.camargo@correio.net,38.0,M,Belém,Para,2023/08/31,4235,4,1.536,5.0
CUST002737,dr. leandro almeida,dr..leandro.almeida@mail.com,41.0,masc,Recife,pernambuco,2024/05/17,,7,1373,3.7
CUST004281,Carolina Lopes, carolina.lopes@provedor.com.br ,20.0,female,,Pará,21-02-2022,3990,6,2.364,4.7
CUST004920,LIZ FREITAS, liz.freitas@email.com ,22.0,F,Contagem,MG,2024-01-24,"R$ 2.035,00",8,"R$ 2.357,00",4.3
CUST003496,Lorenzo Sá, lorenzo.sa@email.com ,50.0,masc,Santos,sp,29-03-2022,4.512,3,1028,4.1
CUST002990,Julia Pacheco,julia.pacheco@correio.net,50.0,Não binário,Feira de Santana,BA ,26/05/2023,4.141,5,1.195,3.6
CUST003398,Otávio Cavalcante,OTAVIO.CAVALCANTE@PROVEDOR.COM.BR,18.0,Masculino,Salvador,BA ,28/08/2021,"R$ 1.635,00",4,"R$ 773,00",3.6
CUST003050,João Felipe Araújo,JOAO.FELIPE.ARAUJO@WEBMAIL.COM,34.0,MASCULINO,Várzea Grande,mato grosso,19/01/2025,370.810,8,1.211,3.6
CUST002236,Luiza da Rosa,LUIZA.DA.ROSA@PROVEDOR.COM.BR,150.0,FEMININO,Vitória,Espirito Santo,25/06/2022,1722,3,"R$ 552,00",3.7
CUST000942,Bianca Borges,bianca. borges@email.com,28.0,F,Joinville,santa catarina,31-12-2024,2.019,4,"R$ 876,00",4.3
CUST004381,isabelly vargas,isabelly.vargas@webmail.com,52.0,female,São Paulo,SÃO PAULO,2023-05-17,"R$ 6.358,00",9,3.445,3.2
CUST002948,Stella Azevedo,STELLA.AZEVEDO@MAIL.COM,55.0,Feminino,Sorocaba,São Paulo,2024-06-11,2122,4,"R$ 710,00",4.3
CUST001185,Levi Gonçalves,levi.goncalves@correio.net,20.0,masc,Vitória da Conquista,bahia,2025-05-04,6.841,9,"R$ 2.751,00",3.3
CUST004262,Ana Laura Nogueira, ana.laura.nogueira@webmail.com ,53.0,Feminino,Duque de Caxias,rio de janeiro,2023/03/15,1316,7,"R$ 1.917,00",3.3
CUST002278,João Vitor Cavalcante,joao.vitor.cavalcante@webmail.com,18.0,M,,rio grande do sul,2024/07/12,2870,9,"R$ 1.929,00",3.1
CUST003932,Henry Gabriel Montenegro,henry.gabriel.montenegro@email.com,59.0,Masc,Niterói,RJ ,2024/04/27,,5,"R$ 1.679,00",3.4
CUST001852,Eduardo da Rosa,eduardo. da.rosa@mail.com,38.0,masc,Ribeirão Preto,São Paulo,2023/04/24,3535,9,"R$ 2.051,00",4.6
CUST004138,Elisa da Rosa,elisa.da.rosa@correio.net,41.0,F,,Paraná,2023-02-01,"R$ 3.566,00",8,2.558,3.3
CUST002797,Emanuelly da Luz,emanuelly.da.luz@email.com,31.0,fem,,BA,2023/04/26,5.283,7,1424,5.0
CUST004876,Josué da Cruz,JOSUE.DA.CRUZ@PROVEDOR.COM.BR,54.0,Masculino,Brasília,distrito federal,05/05/2024,4612,11,3.722,4.5
CUST001887,gael henrique marques, gael.henrique.marques@email.com ,35.0,M,Juiz de Fora,minas gerais,2025/03/19,3.404,7,1.668,4.3
CUST003660,LUIZ OTÁVIO DA MOTA, luiz.otavio.da.mota@mail.com ,36.0,masc,Ribeirão Preto,SÃO PAULO,2024-04-21,3.188,6,791,3.8
CUST003616,Rebeca Costa,rebeca.costa@provedor.com.br,33.0,Não binário,Niterói,rio de janeiro,21-07-2024,4.306,7,2179,4.4
CUST003520,Sr. Fernando Gomes,sr..fernando.gomes@provedor.com.br,46.0,MASCULINO,Niterói,RJ ,2022-05-25,"R$ 4.348,00",7,1835,3.9
CUST002398,LIZ FERREIRA,liz.ferreira@webmail.com,27.0,FEMININO,Parintins,AM,05/07/2023,"R$ 1.822,00",5,1182,5.0
CUST002094,Sr. Davi Borges,SR..DAVI.BORGES@CORREIO.NET,62.0,MASCULINO,Cuiabá,MT,21/12/2024,4.274,9,3375,4.5
CUST002157,benício cassiano,benicio. cassiano@correio.net,,Masc,,df,25/08/2023,2.443,5,859,3.1
CUST003690,Srta. Maria Laura Monteiro,srta..maria.laura.monteiro@mail.com,,fem,Niterói,Rio De Janeiro,2025/05/04,1180,5,1.073,3.3
CUST000030,Heloísa Andrade,heloisa.andrade@webmail.com,38.0,fem,Campinas,SÃO PAULO,2023/03/16,4.122,7,2757,3.4
CUST004278,yasmin pereira, yasmin.pereira@email.com ,53.0,F,Juiz de Fora,MG,16-05-2024,2992,7,1.776,5.0
CUST002670,Luan Andrade, luan.andrade@mail.com ,34.0,Masc,Sorocaba,SP,2023-10-20,3.865,7,"R$ 1.258,00",4.4
CUST003492,SRA. MARCELA SÁ,sra..marcela.sa@provedor.com.br,42.0,F,Porto Alegre,rio grande do sul,22/03/2023,2.734,3,598,3.5
CUST004731,Maria Clara Aragão,maria.clara.aragao@provedor.com.br,29.0,Feminino,Anápolis,GO,27-10-2023,"R$ 1.039,00",6,"R$ 1.153,00",4.2
CUST004201,Carlos Eduardo Pastor,carlos.eduardo.pastor@mail.com,59.0,Masc,Caxias do Sul,rio grande do sul,07-04-2025,5812,9,"R$ 3.279,00",5.0
CUST004157,isis carvalho,isis.carvalho@correio.net,52.0,FEMININO,Joinville,santa catarina,23/05/2022,4.636,8,1922,4.4
CUST001108,Levi Vieira,levi.vieira@provedor.com.br,37.0,MASCULINO,Fortaleza,CE,03/06/2022,"R$ 4.841,00",9,3040,4.8
CUST000491,SOPHIE CAMARGO, sophie.camargo@correio.net ,24.0,F,,Ceara,2023/10/28,4.446,4,1086,4.8
CUST000316,Maya Porto,maya.porto@provedor.com.br,23.0,Feminino,Porto Alegre,rs,10-11-2022,"R$ 3.476,00",12,3169,2.3
CUST001475,Sra. Alice Santos,sra. .alice.santos@webmail.com,36.0,Fem,Contagem,mg,12-10-2025,3.893,10,2027,4.0
CUST000382,Kaique Porto,kaique. porto@webmail.com,36.0,M,São Paulo,Sao Paulo,09-02-2024,"R$ 3.660,00",776,847,2.4
CUST004519,allana monteiro,allana.monteiro@correio.net,53.0,Feminino,Niterói,rio de janeiro,2025-03-19,2541,10,"R$ 2.239,00",3.1
CUST005031,VALENTIM DIAS,VALENTIM.DIAS@CORREIO.NET,25.0,Masculino,Cuiabá,mato grosso,16-03-2023,6.529,8,3406,5.0
CUST003812,Pietra Dias,pietra.dias@correio.net,24.0,female,Niterói,RJ ,01/08/2023,5.073,12,"R$ 3.331,00",2.9
CUST003596,otávio sampaio,otavio.sampaio@provedor.com.br,52.0,male,Belém,pa,26-11-2024,"R$ 4.358,00",7,1.921,4.2
CUST000446,DR. RAUL RAMOS,dr..raul.ramos@email.com,22.0,M,Curitiba,Paraná,04/05/2024,2.882,5,1277,3.0
CUST004760,Sr. João Guilherme Montenegro,sr..joao.guilherme.montenegro@correio.net,55.0,M,Contagem,minas gerais,30/12/2024,7301,8,3.207,
CUST003810,Hellena Gonçalves,HELLENA.GONCALVES@CORREIO.NET,36.0,fem,Manaus,amazonas,2023/03/20,"R$ 1.718,00",16,1.566,3.7
CUST002828,Arthur Barros,arthur.barros@provedor.com.br,64.0,Masculino,Caxias do Sul,rs,2022-08-13,6325,7,"R$ 1.488,00",3.0
CUST004073,Renan Ribeiro,renan. ribeiro@email.com,34.0,MASCULINO,,sp,2022/06/08,6.486,5,1889,4.0
CUST000627,Emilly Nogueira,emilly.nogueira@correio.net,21.0,Fem,Olinda,pernambuco,22-06-2023,4668,7,1.625,3.6
CUST001113,Sophia Correia,SOPHIA.CORREIA@EMAIL.COM,32.0,fem,Santos,SP,03-03-2024,,4,907,4.8
CUST001485,Henry Gabriel Novaes,HENRY.GABRIEL.NOVAES@EMAIL.COM,,Masculino,Ribeirão Preto,Sao Paulo,2022-10-18,"R$ 3.277,00",11,2.362,3.7
CUST004365,Ana Castro,ana.castro@correio.net,18.0,FEMININO,Duque de Caxias,RJ,2023/01/02,1974,5,1017,3.9
CUST002978,Luiz Fernando da Rosa,luiz.fernando.da.rosa@correio.net,40.0,masc,Rio de Janeiro,RJ ,05-04-2022,"R$ 2.471,00",5,"R$ 928,00",4.0
CUST003196,Dr. Theo Moreira,dr..theo.moreira@correio.net,33.0,Masculino,Pelotas,rs,2024-07-08,"R$ 2.871,00",462,1868,4.9
CUST003806,sr. otávio castro,sr..otavio.castro@correio.net,43.0,MASCULINO,Belém,Para,29/09/2024,2.009,8,"R$ 1.213,00",4.3
CUST000012,Daniela Cunha,daniela.cunha@provedor.com.br,38.0,Feminino,Curitiba,Paraná,31/03/2025,2.795,6,1133,3.7
CUST004211,Sra. Kamilly Albuquerque,SRA..KAMILLY.ALBUQUERQUE@MAIL.COM,18.0,Fem,Vila Velha,Espírito Santo,15/09/2022,3.314,9,1367,4.9
CUST000844,Vitor Hugo Cunha,vitor. hugo.cunha@provedor.com.br,23.0,Masculino,Santos,sp,14/11/2023,2.010,5,738,5.0
CUST001453,Rafael da Rocha,rafael.da.rocha@mail.com,29.0,MASCULINO,Petrópolis,Rio de Janeiro,2023-12-07,1686,8,1822,3.9
CUST001974,RAFAELA CAVALCANTI,rafaela.cavalcanti@webmail.com,58.0,fem,Maringá,Paraná,27/05/2025,"R$ 3.030,00",7,1.101,4.1
CUST001789,Maria Helena Pacheco,maria.helena.pacheco@mail.com,56.0,fem,São Paulo,SP,2021/10/04,4457,8,1959,4.1
CUST002401,Calebe Pinto, calebe.pinto@email.com ,48.0,male,Juazeiro do Norte,Ceara,24-06-2021,4460,4,1.061,4.4
CUST002701,ravi casa grande,ravi.casa.grande@webmail.com,55.0,Masc,Niterói,Rio De Janeiro,13-07-2024,"R$ 2.988,00",11,2.330,3.6
CUST000774,dra. ana carolina cavalcanti,DRA..ANA.CAROLINA.CAVALCANTI@EMAIL.COM,38.0,F,Curitiba,pr,2021/05/20,1478,8,1060,3.7
CUST004787,Dr. Isaac Garcia,DR..ISAAC.GARCIA@MAIL.COM,18.0,masc,Niterói,rio de janeiro,23/02/2024,"R$ 5.690,00",9,2130,3.5
CUST000791,luna da cruz,luna.da.cruz@provedor.com.br,27.0,fem,São Paulo,SÃO PAULO,2021/09/28,2689,12,2259,3.9
CUST002916,Allana Fogaça, allana.fogaca@provedor.com.br ,46.0,Feminino,Londrina,pr,2022/12/20,5329,7,2147,4.3
CUST004266,Bento Carvalho,bento.carvalho@webmail.com,28.0,MASCULINO,Santos,SP,2025-09-22,4.026,6,"R$ 714,00",
CUST003350,vitor hugo aragão,vitor. hugo.aragao@email.com,21.0,male,Campinas,Sao Paulo,2022-03-17,"R$ 3.146,00",8,1.665,3.9
CUST002122,LORENZO FREITAS,lorenzo.freitas@mail.com,46.0,male,Porto Alegre,rs,03-09-2022,"R$ 4.028,00",4,"R$ 1.504,00",4.7
CUST001554,Ana Cecília Lima,ana.cecilia.lima@mail.com,38.0,Fem,Várzea Grande,MT,28-02-2021,2718,9,2282,4.8
CUST003135,beatriz fernandes,beatriz.fernandes@webmail.com,32.0,fem,Porto Alegre,rs,2025-05-12,2441,5,1441,3.7
CUST004847,Amanda Câmara, amanda.camara@provedor.com.br ,42.0,fem,Uberlândia,Minas Gerais,2024-07-16,4385,11,2.221,4.1
CUST002879,Davi Lucas Carvalho,DAVI.LUCAS.CARVALHO@EMAIL.COM,41.0,male,Rio Verde,Goiás,18/03/2021,2.666,6,"R$ 1.000,00",4.2
CUST001820,Sr. Enzo Porto,SR..ENZO.PORTO@EMAIL.COM,32.0,M,Santos,SÃO PAULO,2022/06/08,1720,8,960,5.0
CUST002811,Ana Carolina Melo,ANA.CAROLINA.MELO@CORREIO.NET,18.0,fem,Brasília,df,2024/11/26,3.946,9,1.736,
CUST000592,otto porto,otto.porto@webmail.com,48.0,Masculino,Brasília,Distrito Federal,2023-07-26,2296,3,799,2.6
CUST004904,Dr. Thales Castro,DR..THALES.CASTRO@EMAIL.COM,66.0,Não binário,Maringá,PR,05-04-2024,10.744,6,3596,4.3
CUST003518,Sr. Antônio Pastor,SR..ANTONIO.PASTOR@CORREIO.NET,44.0,male,Juazeiro do Norte,Ceará,21/12/2023,"R$ 3.805,00",9,678,3.6
CUST001045,Eloá Vasconcelos,ELOA.VASCONCELOS@PROVEDOR.COM.BR,26.0,Feminino,Santos,SÃO PAULO,14-12-2023,2958,7,"R$ 1.664,00",5.0
CUST004041,BRENDA ARAGÃO,BRENDA.ARAGAO@MAIL.COM,44.0,female,Belém,Pará,07/08/2025,2527,3,677,5.0
CUST004749,Dra. Beatriz Garcia, dra..beatriz.garcia@webmail.com ,46.0,fem,Maringá,Paraná,2024/06/28,4141,6,"R$ 1.806,00",5.0
CUST000245,DRA. JÚLIA PIMENTA,dra..julia.pimenta@mail.com,34.0,FEMININO,Belo Horizonte,minas gerais,30-10-2021,,10,1435,4.6
CUST001388,CAIO CÂMARA,CAIO.CAMARA@MAIL.COM,46.0,male,Santos,sp,19/07/2023,"R$ 5.910,00",6,1.991,4.3
CUST002023,alexia azevedo,ALEXIA.AZEVEDO@EMAIL.COM,40.0,F,Manaus,AM,21-06-2024,3326,9,"R$ 2.351,00",4.4
CUST000060,Dr. Bernardo Teixeira,DR..BERNARDO.TEIXEIRA@PROVEDOR.COM.BR,18.0,masc,Curitiba,PR,2021/12/13,1800,9,"R$ 2.272,00",2.8
CUST000177,lucas gabriel borges,lucas.gabriel.borges@mail.com,,Masculino,,SP,25-11-2023,"R$ 3.201,00",6,1307,3.9
CUST000450,BRAYAN BARROS,brayan. barros@mail.com,25.0,MASCULINO,Vitória da Conquista,BA,2025/04/17,1.609,10,"R$ 1.677,00",4.7
CUST004082,GAEL DA ROCHA,gael. da.rocha@email.com,22.0,Masculino,Curitiba,Paraná,08/01/2024,"R$ 2.677,00",10,1.938,3.4
CUST000056,SAMUEL ALMEIDA, samuel.almeida@mail.com ,34.0,masc,Caruaru,Pernambuco,06-02-2025,"R$ 2.683,00",8,1.068,5.0
CUST003458,catarina nascimento,CATARINA.NASCIMENTO@MAIL.COM,60.0,Fem,Várzea Grande,mato grosso,05-09-2023,4.988,11,3.695,3.4
CUST005009,ANTONY DA MATA,antony.da.mata@email.com,23.0,Masc,Duque de Caxias,rio de janeiro,17-06-2023,1987,10,2590,3.3
CUST001769,JULIANA CIRINO,juliana.cirino@mail.com,24.0,Outro,São Paulo,Sao Paulo,2025-02-02,2753,5,1.022,3.8
CUST001738,SOPHIA MOREIRA, sophia.moreira@webmail.com ,18.0,Fem,Salvador,Bahia,2023/12/13,2.918,8,2657,4.3
CUST003241,Maitê Câmara,maite. camara@mail.com,18.0,fem,Goiânia,GO,2021-05-23,,8,166.818,3.1
CUST004738,sr. daniel fogaça,sr..daniel.fogaca@correio.net,,Masc,Ribeirão Preto,Sao Paulo,08/10/2024,"R$ 3.047,00",7,1.439,3.7
